-- ============================================================
-- CANCER DIGITAL TWIN — 100 PATIENT SYNTHETIC DATASET
-- ClickHouse SQL — INSERT statements in dependency order
-- Generated with clinically coherent archetypes
-- ============================================================

-- ============================================================
-- REFERENCE: drug
-- ============================================================
INSERT INTO drug VALUES ('dea8e584-d12c-47bf-a4c0-e739973380b8','letrozole','Femara','DB_PLACEHOLDER','hormone_therapy','Non-steroidal aromatase inhibitor blocking estrogen synthesis','CYP19A1','Estrogen/ER',285.3,'LETROZ',1.95,0);
INSERT INTO drug VALUES ('575b95cc-203f-4d44-93ad-ed7210d66ac5','tamoxifen','Nolvadex','DB_PLACEHOLDER','hormone_therapy','Selective estrogen receptor modulator (SERM), competes with estradiol','ESR1','Estrogen/ER',371.5,'TAMOXI',6.3,1);
INSERT INTO drug VALUES ('ee7cd6f0-c90e-4aa4-be8c-5bd7dbf650f6','trastuzumab','Herceptin','DB_PLACEHOLDER','monoclonal_antibody','Binds HER2 extracellular domain IV, inhibits downstream PI3K/AKT','ERBB2','HER2/PI3K',145531.0,'TRASTU',-2.1,0);
INSERT INTO drug VALUES ('53e05590-a7ee-4799-803d-d566d3916eed','pertuzumab','Perjeta','DB_PLACEHOLDER','monoclonal_antibody','Binds HER2 domain II, blocks HER2/HER3 dimerisation','ERBB2','HER2/PI3K',148000.0,'PERTUZ',-2.3,0);
INSERT INTO drug VALUES ('14234f22-ddb9-4e92-883c-bd55730bb629','palbociclib','Ibrance','DB_PLACEHOLDER','CDK_inhibitor','Inhibits CDK4/6, prevents Rb phosphorylation and G1-S transition','CDK4','CDK4/6-RB',447.5,'PALBOC',1.78,0);
INSERT INTO drug VALUES ('8ed4a385-e60c-4c06-9827-b17fc4f5be7e','doxorubicin','Adriamycin','DB_PLACEHOLDER','cytotoxic_chemotherapy','Intercalates DNA and inhibits topoisomerase II, inducing double-strand breaks','TOP2A','DNA_damage',543.5,'DOXORU',1.27,0);
INSERT INTO drug VALUES ('f32c0bb5-25e2-44f4-b673-e8b6ab5f4282','cyclophosphamide','Cytoxan','DB_PLACEHOLDER','cytotoxic_chemotherapy','Alkylating prodrug activated by CYP2B6 to phosphoramide mustard','DNA','DNA_alkylation',261.1,'CYCLOP',0.63,1);
INSERT INTO drug VALUES ('b0138cdb-b06b-4cbc-bb18-b407b52d1fc8','paclitaxel','Taxol','DB_PLACEHOLDER','cytotoxic_chemotherapy','Stabilises microtubules, prevents depolymerisation and arrests M phase','TUBB','Microtubule',853.9,'PACLIT',3.96,0);
INSERT INTO drug VALUES ('face3483-dbfd-4595-886a-3ffe1e3ab8b0','capecitabine','Xeloda','DB_PLACEHOLDER','cytotoxic_chemotherapy','Oral prodrug of 5-FU; converted by thymidine phosphorylase in tumor','TYMS','Pyrimidine',359.4,'CAPECI',0.43,1);
INSERT INTO drug VALUES ('5064236e-8da1-4500-a3c9-66967faa05a3','pembrolizumab','Keytruda','DB_PLACEHOLDER','immunotherapy_checkpoint','Anti-PD-1 monoclonal antibody restoring T-cell anti-tumour immunity','PDCD1','PD-1/PD-L1',149000.0,'PEMBRO',-2.0,0);
INSERT INTO drug VALUES ('cf77a5a6-dff4-4bc4-a0d1-b5a27abe6042','olaparib','Lynparza','DB_PLACEHOLDER','PARP_inhibitor','Traps PARP1 on DNA breaks, lethal in HR-deficient BRCA-mutant tumors','PARP1','DNA_repair/HR',434.5,'OLAPAR',1.5,0);
INSERT INTO drug VALUES ('6875e431-ad8e-4272-8f17-9b89825e25c6','ado-trastuzumab emtansine','Kadcyla','DB_PLACEHOLDER','antibody_drug_conjugate','HER2-targeted ADC delivering DM1 microtubule inhibitor intracellularly','ERBB2','HER2/Microtubule',148500.0,'ADO-TR',-1.8,0);

-- drug_pk_profile
INSERT INTO drug_pk_profile VALUES ('426ec82d-b289-42c6-8f66-f7d76d60a9c6','dea8e584-d12c-47bf-a4c0-e739973380b8','solid_tumor_adults',0.08,4.0,5.2,48.0,1.87,0.017,98.5677,NULL,'hepatic_CYP3A4');
INSERT INTO drug_pk_profile VALUES ('cb5cddd4-5a86-4f78-a238-2202502e1590','575b95cc-203f-4d44-93ad-ed7210d66ac5','solid_tumor_adults',0.06,5.0,4.8,360.0,12.4,0.01,98.4813,NULL,'hepatic_CYP3A4');
INSERT INTO drug_pk_profile VALUES ('63a77084-7033-4dd3-8356-6ebecae67894','ee7cd6f0-c90e-4aa4-be8c-5bd7dbf650f6','solid_tumor_adults',0.12,3.0,18.4,432.0,0.044,0.0005,0.0,NULL,'non-enzymatic');
INSERT INTO drug_pk_profile VALUES ('3b758c47-bfa6-44b1-aaf8-b8346bcfa8f1','53e05590-a7ee-4799-803d-d566d3916eed','solid_tumor_adults',0.09,3.0,17.1,408.0,0.057,0.0006,2.106,NULL,'non-enzymatic');
INSERT INTO drug_pk_profile VALUES ('aa9e2fd4-072e-4f82-8c96-154952bc1531','14234f22-ddb9-4e92-883c-bd55730bb629','solid_tumor_adults',0.08,6.0,2.8,29.0,2.44,0.098,84.6172,NULL,'hepatic_CYP3A4');
INSERT INTO drug_pk_profile VALUES ('85b6b2c5-0aff-48e8-9034-76ebef62252c','8ed4a385-e60c-4c06-9827-b17fc4f5be7e','solid_tumor_adults',3.4,0.1,25.6,30.0,25.0,0.72,69.5079,NULL,'hepatic_mixed');
INSERT INTO drug_pk_profile VALUES ('3cd81283-27c7-4653-9e3e-bd99ca80d9e6','f32c0bb5-25e2-44f4-b673-e8b6ab5f4282','solid_tumor_adults',10.0,1.0,28.0,7.0,0.67,0.067,14.997,NULL,'hepatic_CYP3A4');
INSERT INTO drug_pk_profile VALUES ('7b00d3b4-f433-4d61-8bff-fef11ec93938','b0138cdb-b06b-4cbc-bb18-b407b52d1fc8','solid_tumor_adults',0.28,2.0,12.4,27.0,32.2,0.41,0.0,NULL,'hepatic_CYP3A4');
INSERT INTO drug_pk_profile VALUES ('b1d59c9b-2bc3-40ca-bf9c-9686a425b4a1','face3483-dbfd-4595-886a-3ffe1e3ab8b0','solid_tumor_adults',6.8,1.5,4.2,0.75,0.43,0.063,53.3491,NULL,'hepatic_mixed');
INSERT INTO drug_pk_profile VALUES ('d55db102-97f6-4b77-8cf8-010142eed1b6','5064236e-8da1-4500-a3c9-66967faa05a3','solid_tumor_adults',0.068,3.0,21.0,528.0,6.0,0.0085,0.3477,NULL,'non-enzymatic');
INSERT INTO drug_pk_profile VALUES ('5186801b-9eed-432f-83c2-888fb561a5e0','cf77a5a6-dff4-4bc4-a0d1-b5a27abe6042','solid_tumor_adults',0.18,1.5,7.2,12.0,0.67,0.073,82.6969,NULL,'hepatic_CYP3A4');
INSERT INTO drug_pk_profile VALUES ('10fe1eab-dcc8-4107-87a9-e0b922cc4cce','6875e431-ad8e-4272-8f17-9b89825e25c6','solid_tumor_adults',1.8,3.0,12.2,168.0,3.13,0.018,3.4907,NULL,'non-enzymatic');

-- drug_resistance_profile
INSERT INTO drug_resistance_profile VALUES ('a6a91911-5387-48e7-8b1f-da9d34fc0d83','dea8e584-d12c-47bf-a4c0-e739973380b8','target_mutation','ESR1','ESR1 D538G / Y537S acquired under aromatase inhibitor pressure',0.3,'fulvestrant+palbociclib');
INSERT INTO drug_resistance_profile VALUES ('a4b4bd23-16d6-4bec-a17a-e50e69178571','575b95cc-203f-4d44-93ad-ed7210d66ac5','target_mutation','ESR1','ESR1 ligand-binding domain mutations conferring ligand-independent activation',0.25,'aromatase inhibitor');
INSERT INTO drug_resistance_profile VALUES ('98b1f329-0078-4804-bdf8-34e3e8a6dbf1','ee7cd6f0-c90e-4aa4-be8c-5bd7dbf650f6','bypass_pathway_activation','PIK3CA','PIK3CA mutation activates PI3K/AKT bypassing HER2 inhibition',0.25,'pertuzumab+trastuzumab+alpelisib');
INSERT INTO drug_resistance_profile VALUES ('1e5a7094-70bd-4dcc-98ff-c4882445c830','14234f22-ddb9-4e92-883c-bd55730bb629','target_amplification','CCND1','CCND1 amplification restores CDK4/6 activity despite inhibition',0.2,'abemaciclib+fulvestrant');
INSERT INTO drug_resistance_profile VALUES ('a6c0ed76-44a7-4050-944b-7f890b897f76','b0138cdb-b06b-4cbc-bb18-b407b52d1fc8','efflux_pump_upregulation','ABCB1','MDR1/P-gp overexpression pumps taxanes out of tumor cells',0.18,'albumin-bound paclitaxel (nab-paclitaxel)');
INSERT INTO drug_resistance_profile VALUES ('b4adc765-9c0a-4118-9e59-cc4958055c74','8ed4a385-e60c-4c06-9827-b17fc4f5be7e','efflux_pump_upregulation','ABCB1','MDR1 overexpression mediates anthracycline efflux',0.15,'pegylated liposomal doxorubicin');
INSERT INTO drug_resistance_profile VALUES ('33958f8c-6a07-435a-9249-b501fbc0a627','5064236e-8da1-4500-a3c9-66967faa05a3','bypass_pathway_activation','STK11','STK11/LKB1 loss creates immunosuppressive TME resistant to PD-1 blockade',0.2,'anti-TIGIT combination');
INSERT INTO drug_resistance_profile VALUES ('2e82a061-bc1d-478f-8f9a-a4e3808014be','cf77a5a6-dff4-4bc4-a0d1-b5a27abe6042','target_mutation','BRCA1','BRCA1 reversion mutations restore HR capacity in PARP inhibitor-treated tumors',0.25,'carboplatin-based regimen');
INSERT INTO drug_resistance_profile VALUES ('1ee264b5-0668-476d-8ded-12bcdeaa006a','face3483-dbfd-4595-886a-3ffe1e3ab8b0','drug_inactivation_enzyme','DPYD','DPYD wild-type with high DPD activity accelerates 5-FU catabolism',0.12,'tegafur-uracil (UFT)');

-- combination_synergy
INSERT INTO combination_synergy VALUES ('7cad8137-785e-4528-abf3-941c81a34d80','14234f22-ddb9-4e92-883c-bd55730bb629','dea8e584-d12c-47bf-a4c0-e739973380b8','HR+ breast','MCF-7',0.34,'Bliss_independence',0,'Monarch-3 / PALOMA-2 clinical evidence');
INSERT INTO combination_synergy VALUES ('4948496a-827f-4da7-9713-67493d47b4c6','53e05590-a7ee-4799-803d-d566d3916eed','ee7cd6f0-c90e-4aa4-be8c-5bd7dbf650f6','HER2+ breast','BT-474',0.42,'Bliss_independence',0,'CLEOPATRA / NeoSphere');
INSERT INTO combination_synergy VALUES ('8564f006-fb15-42ac-b3a5-4a7084d1c49a','cf77a5a6-dff4-4bc4-a0d1-b5a27abe6042','5064236e-8da1-4500-a3c9-66967faa05a3','TNBC','MDA-MB-436',0.28,'Loewe_additivity',0,'MEDIOLA trial');
INSERT INTO combination_synergy VALUES ('49502dc4-1ed3-4ea8-b9bb-669833d106aa','8ed4a385-e60c-4c06-9827-b17fc4f5be7e','f32c0bb5-25e2-44f4-b673-e8b6ab5f4282','TNBC','MDA-MB-231',0.22,'Bliss_independence',0,'AC regimen standard');
INSERT INTO combination_synergy VALUES ('4952d7cf-6333-47fd-ab64-10575d102a91','b0138cdb-b06b-4cbc-bb18-b407b52d1fc8','ee7cd6f0-c90e-4aa4-be8c-5bd7dbf650f6','HER2+ breast','SK-BR-3',0.31,'Bliss_independence',0,'BCIRG 006');

-- drug_interaction
INSERT INTO drug_interaction VALUES ('326b1260-4ca8-4f3e-aceb-301efbf5c007','14234f22-ddb9-4e92-883c-bd55730bb629','dea8e584-d12c-47bf-a4c0-e739973380b8','PD','additive','moderate','Both target ER+ signalling — additive CDK4/6 + ER inhibition',0.0,'FDA label');
INSERT INTO drug_interaction VALUES ('a9c83763-c4ae-4e6f-8849-0c856556bb40','575b95cc-203f-4d44-93ad-ed7210d66ac5','dea8e584-d12c-47bf-a4c0-e739973380b8','PD','antagonistic','major','Sequential but not concurrent — estrogen needed for tamoxifen activity',-40.0,'ATAC trial');
INSERT INTO drug_interaction VALUES ('c21ec0b0-2eb8-4007-8f92-125b8fcd9bd3','b0138cdb-b06b-4cbc-bb18-b407b52d1fc8','8ed4a385-e60c-4c06-9827-b17fc4f5be7e','PK','inhibition','major','Sequence-dependent: doxorubicin before paclitaxel reduces clearance 30%',30.0,'clinical_DDI_study');

-- ============================================================
-- LAYER 1-7: 100 PATIENTS
-- ============================================================

-- Patient 1: HR+/HER2- early
INSERT INTO patient VALUES ('4730b0a4-3f9f-4f53-90a0-2119f858d473','MRN-5465633','1953-12-02','female','East Asian','{"EUR": 0.71, "AFR": 0.05}','2022-09-15','2022-09-15');
INSERT INTO genomic_sample VALUES ('9b223a51-4390-42d9-9c70-41654cc771e6','4730b0a4-3f9f-4f53-90a0-2119f858d473','tumor','C50.4','2022-09-29','TruSight Oncology 500',0.48,0,'FFPE');
INSERT INTO somatic_mutation VALUES ('425566a0-e4a1-41fd-a534-416bacbeb3fd','9b223a51-4390-42d9-9c70-41654cc771e6','CDH1','chr16',68771195,'C','T','SNV','nonsense_variant','p.Gln333Ter',0.3388,256,'oncogenic','COSV52697483','3A','SBS1');
INSERT INTO somatic_mutation VALUES ('0346b510-ee07-47cd-a51b-82491e3af54f','9b223a51-4390-42d9-9c70-41654cc771e6','GATA3','chr10',8115610,'CT','C','indel','frameshift_variant','p.Thr443fs',0.3488,389,'oncogenic','COSV52704812','1','SBS5');
INSERT INTO somatic_mutation VALUES ('3d0c3951-bf5e-44f8-8436-c702580f7386','9b223a51-4390-42d9-9c70-41654cc771e6','ERBB2','chr17',39725084,'A','G','SNV','missense_variant','p.Leu755Ser',0.2784,315,'oncogenic','COSV52735019','1','SBS5');
INSERT INTO somatic_mutation VALUES ('5715b270-c299-4572-ad7c-fdf52b5fe444','9b223a51-4390-42d9-9c70-41654cc771e6','TP53','chr17',7674220,'G','A','SNV','missense_variant','p.Arg248Trp',0.4678,354,'oncogenic','COSV52743007','1','SBS5');
INSERT INTO somatic_mutation VALUES ('bf7e462e-d6e9-4bd5-a5b6-4ffe78d7b9ed','9b223a51-4390-42d9-9c70-41654cc771e6','PTEN','chr10',89692905,'G','A','SNV','missense_variant','p.Arg130Gly',0.426,120,'oncogenic','COSV52731827','1','SBS5');
INSERT INTO copy_number_variant VALUES ('7b771b0d-5721-4c0a-b3a6-d5ddfa39d813','9b223a51-4390-42d9-9c70-41654cc771e6','MYC','chr8',127700000,127800000,3.9,-0.34,'neutral',0);
INSERT INTO copy_number_variant VALUES ('8828d9aa-17b3-4b53-aed8-41045ec9b0a7','9b223a51-4390-42d9-9c70-41654cc771e6','CDKN2A','chr9',21967000,21995000,0.0,-1.84,'shallow_deletion',0);
INSERT INTO gene_expression VALUES ('02e69e04-2f85-40a5-bd1c-57eb74b66a23','9b223a51-4390-42d9-9c70-41654cc771e6','ENSG00000091831','ESR1',791.22,79.12,1978,7.46,99.0);
INSERT INTO gene_expression VALUES ('d82cf945-cc64-4d80-895e-9f2e64ab2a62','9b223a51-4390-42d9-9c70-41654cc771e6','ENSG00000141736','ERBB2',53.73,5.37,134,-0.74,38.9);
INSERT INTO gene_expression VALUES ('7c8f01e2-afda-44f3-a93b-02bf0cdf0734','9b223a51-4390-42d9-9c70-41654cc771e6','ENSG00000148773','MKI67',32.56,3.26,81,-0.97,35.5);
INSERT INTO gene_expression VALUES ('e7421900-b514-4828-9060-ca86b8ee8890','9b223a51-4390-42d9-9c70-41654cc771e6','ENSG00000141510','TP53',69.88,6.18,101,-0.56,41.6);
INSERT INTO gene_expression VALUES ('557a0de2-5dc6-45d4-9905-5b218c269e04','9b223a51-4390-42d9-9c70-41654cc771e6','ENSG00000012048','BRCA1',23.64,7.3,226,-1.07,34.0);
INSERT INTO gene_expression VALUES ('70382241-f649-460c-a541-c89094755cd6','9b223a51-4390-42d9-9c70-41654cc771e6','ENSG00000139618','BRCA2',59.12,7.44,383,-0.68,39.8);
INSERT INTO gene_expression VALUES ('744de05f-2548-40c5-ba1f-5c9ccf8ab2b6','9b223a51-4390-42d9-9c70-41654cc771e6','ENSG00000171862','PTEN',54.0,11.74,133,-0.73,39.0);
INSERT INTO gene_expression VALUES ('fcc0e2d2-9b99-48fe-b89c-fad6a7fe1c11','9b223a51-4390-42d9-9c70-41654cc771e6','ENSG00000136997','MYC',58.08,4.11,330,-0.69,39.6);
INSERT INTO protein_expression VALUES ('176eb7d4-27c3-4c0f-98cb-a4c401e299a6','9b223a51-4390-42d9-9c70-41654cc771e6','ESR1','P03372','IHC',1.05,255.0,6,'NULL');
INSERT INTO protein_expression VALUES ('048ee255-bd90-41ed-8f77-cda95d4c9c2d','9b223a51-4390-42d9-9c70-41654cc771e6','PGR','P06401','IHC',0.63,213.0,5,'NULL');
INSERT INTO protein_expression VALUES ('6745cfc4-994e-42e7-899a-6445d0f4f6be','9b223a51-4390-42d9-9c70-41654cc771e6','ERBB2','P04626','IHC',-0.87,63.0,2,'pY1248');
INSERT INTO protein_expression VALUES ('d33a45dd-7105-456f-a0ae-fb29f0560f0a','9b223a51-4390-42d9-9c70-41654cc771e6','MKI67','P46013','IHC',-1.47,3.0,0,'NULL');
INSERT INTO epigenetic_mark VALUES ('ba5e3194-ca22-464b-8211-34b32edff036','9b223a51-4390-42d9-9c70-41654cc771e6','DNA_methylation','cg15629539',0.075,'-3.624','ESR1','CpG_island',NULL);
INSERT INTO epigenetic_mark VALUES ('148b0f45-7f62-4d8b-89bb-ec503dfe994e','9b223a51-4390-42d9-9c70-41654cc771e6','DNA_methylation','cg27053763',0.036,'-4.743','BRCA1','promoter',NULL);
INSERT INTO epigenetic_mark VALUES ('e2893dd8-8aec-4a68-9c98-3dd6fd1a8c72','9b223a51-4390-42d9-9c70-41654cc771e6','H3K27ac','chr17:37800000-37850000',0.364,NULL,'ERBB2','enhancer','0.674');
INSERT INTO ncrna_profile VALUES ('7707d171-4b43-4831-8292-9848d5a1803c','9b223a51-4390-42d9-9c70-41654cc771e6','miRNA','hsa-miR-21-5p','miR-21-5p',0.93,'["PTEN", "PDCD4"]');
INSERT INTO ncrna_profile VALUES ('9c777caf-2251-4d16-b863-42bf7016e933','9b223a51-4390-42d9-9c70-41654cc771e6','miRNA','hsa-miR-155-5p','miR-155-5p',5.16,'["SHIP1", "SOCS1"]');
INSERT INTO ncrna_profile VALUES ('76ebe0ca-131f-462b-8517-961a7271fbfa','9b223a51-4390-42d9-9c70-41654cc771e6','lncRNA','ENSG00000228630','HOTAIR',3.03,'["SHIP1", "SOCS1"]');
INSERT INTO ncrna_profile VALUES ('480b56ae-3f4a-4b7a-a215-08279444cddc','9b223a51-4390-42d9-9c70-41654cc771e6','lncRNA','ENSG00000251562','MALAT1',41.41,'["SHIP1", "SOCS1"]');
INSERT INTO metabolomics_profile VALUES ('77504a5d-8402-4409-9e37-196dc9433aa4','9b223a51-4390-42d9-9c70-41654cc771e6','Lactate','HMDB0000190','C00186',2.48,'LC-MS','organic_acid',0.32);
INSERT INTO metabolomics_profile VALUES ('8461f6a4-105d-4c66-97d2-25111afb61ec','9b223a51-4390-42d9-9c70-41654cc771e6','Glutamine','HMDB0000641','C00064',0.49,'LC-MS','amino_acid',-1.01);
INSERT INTO metabolomics_profile VALUES ('952e4d18-962b-4ff6-9590-3598f15389b9','9b223a51-4390-42d9-9c70-41654cc771e6','Glucose','HMDB0000122','C00031',6.49,'LC-MS','carbohydrate',2.99);
INSERT INTO metabolomics_profile VALUES ('88a882f1-824a-40f0-b8b5-664782d8d2d4','9b223a51-4390-42d9-9c70-41654cc771e6','Phosphocholine','HMDB0001565','C00588',0.22,'LC-MS','lipid',-1.19);
INSERT INTO tumor_clone VALUES ('c741e5c7-ea75-485d-a732-798d2304cb2f','9b223a51-4390-42d9-9c70-41654cc771e6','clone_A',0.66,'[]',1,1,0.1163);
INSERT INTO tumor_clone VALUES ('98f07cea-c68f-46f1-8974-fbf13714706c','9b223a51-4390-42d9-9c70-41654cc771e6','clone_B',0.34,'[]',0,2,0.0467);
INSERT INTO cell_cycle_state VALUES ('00ff0020-e814-45c4-8d58-61755dd4e563','9b223a51-4390-42d9-9c70-41654cc771e6',0.864,0.01,0.01,0.116,1.0,480.0,0.0);
INSERT INTO apoptosis_marker VALUES ('ad498590-91e4-4e9c-b649-6f55602494dd','9b223a51-4390-42d9-9c70-41654cc771e6',170.0,77.5256,44.0,3.86,0.1346,5.3315,1.158);
INSERT INTO dna_repair_status VALUES ('027d143a-1ad6-404b-bc5e-40e42a104ca7','9b223a51-4390-42d9-9c70-41654cc771e6','wildtype','wildtype','proficient_MMR',0.04,3.9,23.1,0,'wildtype');
INSERT INTO metabolic_phenotype VALUES ('86cf2019-b973-45f4-9270-161db5823813','9b223a51-4390-42d9-9c70-41654cc771e6',0.44,104.5253,0.4072,0.4128,0.1189,1.3758,0.6581);
INSERT INTO stemness_profile VALUES ('a09846ad-2185-4691-9d69-642dc1e7ac36','9b223a51-4390-42d9-9c70-41654cc771e6',118.593,10.6935,23.9306,0.1592,0.317,0.427,0.1967,0.0307);
INSERT INTO drug_resistance_feature VALUES ('341e91d5-f5b0-40df-8955-8f71a6d89df0','9b223a51-4390-42d9-9c70-41654cc771e6',0.81,1.127,0.6633,0.9067,'[]',0.0108);
INSERT INTO immune_infiltration VALUES ('d58adb07-65d0-4a2c-bef2-aa355573cbf9','9b223a51-4390-42d9-9c70-41654cc771e6',11.6,18.8995,4.8347,4.1444,9.4045,7.6615,12.1787,4.1467,3.2761,'CIBERSORT');
INSERT INTO checkpoint_expression VALUES ('ab28fa96-d68b-459a-abef-127b4399a47b','9b223a51-4390-42d9-9c70-41654cc771e6',26.3,47.34,8.6598,8.9519,15.5408,10.0127,15.8503,30.8084);
INSERT INTO cytokine_milieu VALUES ('748dfb93-6bbd-437f-b83f-4bdf5dd735f0','9b223a51-4390-42d9-9c70-41654cc771e6',41.6569,5.4837,7.6336,24.5852,28.4743,13.6,5.0,129.6248);
INSERT INTO stromal_composition VALUES ('9f01580f-8560-461e-af0c-0d6a6501f460','9b223a51-4390-42d9-9c70-41654cc771e6',0.3332,0.126,0.1485,0.3862,2.7827,18.0146);
INSERT INTO ecm_profile VALUES ('c6941196-33b3-4cb0-9538-30c3fb32f964','9b223a51-4390-42d9-9c70-41654cc771e6',12.7817,7.4249,38.1621,0.3583,0.4184,0.2676,0.3725);
INSERT INTO hypoxia_vasculature VALUES ('034fe65b-4642-4117-ade7-f74f7049ba4f','9b223a51-4390-42d9-9c70-41654cc771e6',0.9,1.0344,9.7,0.2165,57.0689,202.8925,106.3737,6.9,7.1);
INSERT INTO organ_function VALUES ('ad087ab3-8fce-44b5-ae9b-f6991444415c','4730b0a4-3f9f-4f53-90a0-2119f858d473','2022-09-15',63.9,1.1668,31.0671,20.6153,14.7993,43.0963,58.5,420.9669,1.0729);
INSERT INTO immune_baseline VALUES ('b2ede477-095b-4384-a232-62d6135250e0','4730b0a4-3f9f-4f53-90a0-2119f858d473','2022-09-15',11.08,1.95,3.84,1.9692,563.436,513.4492,289.497,10.5791);
INSERT INTO hormonal_profile VALUES ('80d45b8d-b6e9-47d2-9903-756156a074de','4730b0a4-3f9f-4f53-90a0-2119f858d473','2022-09-15',43.9,0.5,282.0,73.3896,19.1487,1.6136,8.7164);
INSERT INTO pharmacogenomics VALUES ('48574846-4eb6-462f-8123-c263303a4ca6','4730b0a4-3f9f-4f53-90a0-2119f858d473','NM','NM','PM','*1/*28','normal',0,'NM');
INSERT INTO body_composition VALUES ('68ef601f-981e-4580-9b3e-83b7a8277372','4730b0a4-3f9f-4f53-90a0-2119f858d473','2022-09-15',29.1,30.0,11.5838,99.8135,33.4998,1.7579);
INSERT INTO microbiome_profile VALUES ('cf56d8d7-d686-4e68-b2a8-2ecf92858f80','4730b0a4-3f9f-4f53-90a0-2119f858d473','2022-09-15','gut','16S_rRNA_V4',3.7075,2.1014,0.055,'[{"genus": "Bacteroides", "rel": 0.234}, {"genus": "Faecalibacterium", "rel": 0.092}, {"genus": "Akkermansia", "rel": 0.055}]',0);
INSERT INTO tumor_staging VALUES ('24ee4d1b-fb9c-4c18-b1ec-42cd3fc03332','4730b0a4-3f9f-4f53-90a0-2119f858d473','2022-09-15','8500/3','C50.4','Invasive ductal carcinoma','T4','N3','M0','I',3,'right');
INSERT INTO imaging_measurement VALUES ('fe0d3c10-03e3-4b16-ad3f-65b2d73d38c0','4730b0a4-3f9f-4f53-90a0-2119f858d473','2022-08-21','MRI','L1','primary_left_breast',32.1,17318.6374,4.7213,'SD','{"entropy": 7.88, "sphericity": 0.87}');
INSERT INTO pathology_report VALUES ('ceacc69f-5eda-4ce5-a09e-9bad67e5c9d8','4730b0a4-3f9f-4f53-90a0-2119f858d473','2022-09-15','core_needle_biopsy','R0',3,13,0,0,4.8457);
INSERT INTO performance_status VALUES ('3b241bea-7ba4-42fb-8ca8-c8c262ee3463','4730b0a4-3f9f-4f53-90a0-2119f858d473','2022-09-15',1,98,0,38.2014);
INSERT INTO liquid_biopsy VALUES ('d3d9afe8-a778-4775-9ea4-cf219c446180','4730b0a4-3f9f-4f53-90a0-2119f858d473','2022-09-15',0.0828,37.26,6,'[]','detected',11.499);
INSERT INTO treatment_regimen VALUES ('e1de3fca-061d-44e7-97fe-fe6a991a0eef','4730b0a4-3f9f-4f53-90a0-2119f858d473',1,'Letrozole','adjuvant','2022-10-13','2023-07-06','planned_completion','PR',613);
INSERT INTO treatment_drug_dose VALUES ('876f305e-816c-4b7f-80a5-9b1680c7c44c','e1de3fca-061d-44e7-97fe-fe6a991a0eef','dea8e584-d12c-47bf-a4c0-e739973380b8','2022-10-13',92.0,84.0,8.7,'oral',1,0.7355);
INSERT INTO adverse_event VALUES ('8dfefc21-7fe9-4198-9b2f-21b8a536ba9a','4730b0a4-3f9f-4f53-90a0-2119f858d473','e1de3fca-061d-44e7-97fe-fe6a991a0eef','Diarrhoea',4,'2022-11-16','2022-12-30','probable','dose_reduction');
INSERT INTO adverse_event VALUES ('8419c57a-1cb6-429c-b3ad-8d9e3b119f19','4730b0a4-3f9f-4f53-90a0-2119f858d473','e1de3fca-061d-44e7-97fe-fe6a991a0eef','Nausea',1,'2022-12-28','2023-01-24','probable','none');
INSERT INTO adverse_event VALUES ('7c6163b9-81e4-4bdd-b5b5-fcbf65892b11','4730b0a4-3f9f-4f53-90a0-2119f858d473','e1de3fca-061d-44e7-97fe-fe6a991a0eef','Arthralgia',1,'2022-10-27','2022-12-03','probable','none');
INSERT INTO adverse_event VALUES ('9134d76b-29f6-43da-a179-5062b165fc1d','4730b0a4-3f9f-4f53-90a0-2119f858d473','e1de3fca-061d-44e7-97fe-fe6a991a0eef','Peripheral sensory neuropathy',3,'2022-12-23','2023-02-01','probable','dose_reduction');
INSERT INTO radiation_plan VALUES ('f57c086e-d57f-4929-99c3-b32fea8d7940','4730b0a4-3f9f-4f53-90a0-2119f858d473','photon_EBRT','CTV',51.1234,2.0,25,5,'IMRT',NULL,'{"heart": {"V20Gy_pct": "<25"}, "lung": {"mean_Gy": "<18"}}');
INSERT INTO carcinogen_exposure VALUES ('14d06790-0750-478b-8fd6-64b421c69ea7','4730b0a4-3f9f-4f53-90a0-2119f858d473','former',21.093,3.6736,20.1647,108.0067,'[]',0.0,0);
INSERT INTO diet_nutrition VALUES ('f3fb8474-66b9-4449-9c2d-4a9ece942840','4730b0a4-3f9f-4f53-90a0-2119f858d473','2022-09-15','FFQ',2280.176,68.4792,270.4466,58.2712,17.736,28.6972,10.6748,11.7194,'plant_based');
INSERT INTO physical_activity VALUES ('54b0a10e-0a91-4159-8e9b-21cafefb7884','4730b0a4-3f9f-4f53-90a0-2119f858d473','2022-09-15',520.6852,101.498,237.8192,10.1601,35.3869,1321,31.6647);
INSERT INTO stress_psychology VALUES ('c82f0839-9f29-4134-8b62-ea63f6a5cf76','4730b0a4-3f9f-4f53-90a0-2119f858d473','2022-09-15',17,8,3,31.3486,174.84,7.9055,13);
INSERT INTO environmental_exposure VALUES ('4662dc4a-b28c-4826-a0fc-1172bf4ff4ad','4730b0a4-3f9f-4f53-90a0-2119f858d473','2022-09-15',8.8037,17.8424,44.0398,'negative',NULL,'negative','negative',9.1205,'naive');
INSERT INTO socioeconomic_context VALUES ('ea5ed217-5411-42ef-a038-da164b4c6f9c','4730b0a4-3f9f-4f53-90a0-2119f858d473','2022-09-15',42.5294,'public_Medicare',0.8673,0.7675,51.7733,'employed_full_time',28.979,20);
INSERT INTO circadian_profile VALUES ('2c2c5076-3b5f-4ef7-9130-8a860b1e7777','4730b0a4-3f9f-4f53-90a0-2119f858d473','2022-09-15','morning',73.1504,23.992,'22:07',763.7059,0,9);

-- Patient 2: HR+/HER2- early
INSERT INTO patient VALUES ('dea1db88-a94a-4234-9496-3dcf9041741b','MRN-6899575','1972-02-18','female','Black or African American','{"EUR": 0.5, "AFR": 0.08}','2020-05-12','2020-05-12');
INSERT INTO genomic_sample VALUES ('acf0f965-e214-4d5a-9136-d47dd1860030','dea1db88-a94a-4234-9496-3dcf9041741b','tumor','C50.4','2020-05-14','Illumina NovaSeq 6000 WGS',0.81,0,'FFPE');
INSERT INTO somatic_mutation VALUES ('241ef181-fade-4c2f-b506-bdadd06349c0','acf0f965-e214-4d5a-9136-d47dd1860030','MAP3K1','chr5',56115628,'G','A','SNV','missense_variant','p.Glu1298Lys',0.2553,306,'oncogenic','COSV52721033','3A','SBS1');
INSERT INTO somatic_mutation VALUES ('d81e5a24-2900-4520-aa6d-5cde0e454724','acf0f965-e214-4d5a-9136-d47dd1860030','PIK3CA','chr3',179234297,'C','T','SNV','missense_variant','p.His1047Arg',0.2455,362,'oncogenic','COSV52748762','1','SBS1');
INSERT INTO somatic_mutation VALUES ('ccb17698-7cb2-4773-8e07-d96e412404fd','acf0f965-e214-4d5a-9136-d47dd1860030','MYC','chr8',127735434,'A','G','SNV','missense_variant','p.Thr58Ala',0.2688,137,'oncogenic','COSV52759832','3A','SBS5');
INSERT INTO somatic_mutation VALUES ('41c5e526-1b9d-4268-989d-a2ae6a5fcee6','acf0f965-e214-4d5a-9136-d47dd1860030','ERBB2','chr17',39725084,'A','G','SNV','missense_variant','p.Leu755Ser',0.206,118,'oncogenic','COSV52735019','1','SBS5');
INSERT INTO somatic_mutation VALUES ('e77852a7-9465-4bc2-94a4-9b821b734783','acf0f965-e214-4d5a-9136-d47dd1860030','CDH1','chr16',68771195,'C','T','SNV','nonsense_variant','p.Gln333Ter',0.4665,156,'oncogenic','COSV52697483','3A','SBS1');
INSERT INTO somatic_mutation VALUES ('5641ebc4-d211-4ce1-8411-5e58516445a0','acf0f965-e214-4d5a-9136-d47dd1860030','PTEN','chr10',89692905,'G','A','SNV','missense_variant','p.Arg130Gly',0.2989,359,'oncogenic','COSV52731827','1','SBS5');
INSERT INTO copy_number_variant VALUES ('ccb36ead-220f-4b87-a76d-1b763fcc96a1','acf0f965-e214-4d5a-9136-d47dd1860030','MYC','chr8',127700000,127800000,4.5,0.38,'amplification',0);
INSERT INTO copy_number_variant VALUES ('a261f004-f4a3-4ecc-b202-c833472a3bd6','acf0f965-e214-4d5a-9136-d47dd1860030','CDKN2A','chr9',21967000,21995000,0.0,-0.93,'shallow_deletion',0);
INSERT INTO gene_expression VALUES ('fe6d5192-dc09-4af1-a159-1ca9d024cfea','acf0f965-e214-4d5a-9136-d47dd1860030','ENSG00000091831','ESR1',906.2,90.62,2266,8.74,99.0);
INSERT INTO gene_expression VALUES ('6e7df483-3422-4ecd-b198-94ec940e6ea6','acf0f965-e214-4d5a-9136-d47dd1860030','ENSG00000141736','ERBB2',34.05,3.4,85,-0.96,35.6);
INSERT INTO gene_expression VALUES ('5a9fbbe9-c964-41e7-9698-2ad78289f1f0','acf0f965-e214-4d5a-9136-d47dd1860030','ENSG00000148773','MKI67',106.67,10.67,267,-0.15,47.8);
INSERT INTO gene_expression VALUES ('fac0a890-5061-4fc8-bb12-4f276ec6e766','acf0f965-e214-4d5a-9136-d47dd1860030','ENSG00000141510','TP53',85.03,3.9,336,-0.39,44.1);
INSERT INTO gene_expression VALUES ('63c34637-5caa-4f5b-958a-6a6cc9d7bc46','acf0f965-e214-4d5a-9136-d47dd1860030','ENSG00000012048','BRCA1',23.46,7.33,357,-1.07,34.0);
INSERT INTO gene_expression VALUES ('a224a744-a3de-463e-978e-b66e159e4ff7','acf0f965-e214-4d5a-9136-d47dd1860030','ENSG00000139618','BRCA2',29.67,5.18,161,-1.0,35.0);
INSERT INTO gene_expression VALUES ('44dc38e6-24ea-4902-a025-b903fed96e65','acf0f965-e214-4d5a-9136-d47dd1860030','ENSG00000171862','PTEN',1.2,10.25,241,-1.32,30.2);
INSERT INTO gene_expression VALUES ('62f5e4f8-c843-44ef-abeb-0150cc20b725','acf0f965-e214-4d5a-9136-d47dd1860030','ENSG00000136997','MYC',1.5,5.66,420,-1.32,30.2);
INSERT INTO protein_expression VALUES ('06a39808-4119-4f39-9f28-50877ab81e60','acf0f965-e214-4d5a-9136-d47dd1860030','ESR1','P03372','IHC',0.85,235.0,6,'NULL');
INSERT INTO protein_expression VALUES ('236bfaec-90dd-48b2-b8f8-2521dd665957','acf0f965-e214-4d5a-9136-d47dd1860030','PGR','P06401','IHC',0.38,188.0,5,'NULL');
INSERT INTO protein_expression VALUES ('ef34a0e4-df58-4eff-b567-6f464fa392f8','acf0f965-e214-4d5a-9136-d47dd1860030','ERBB2','P04626','IHC',-1.5,0.0,0,'pY1248');
INSERT INTO protein_expression VALUES ('952e2d01-58e7-46b0-b513-878aa4a7b986','acf0f965-e214-4d5a-9136-d47dd1860030','MKI67','P46013','IHC',-0.99,47.0,0,'NULL');
INSERT INTO epigenetic_mark VALUES ('fb15947d-bc75-4e1d-981a-a5e2855c6998','acf0f965-e214-4d5a-9136-d47dd1860030','DNA_methylation','cg15629539',0.041,'-4.548','ESR1','CpG_island',NULL);
INSERT INTO epigenetic_mark VALUES ('de82646f-b036-40c4-a735-d1d6f4e6a245','acf0f965-e214-4d5a-9136-d47dd1860030','DNA_methylation','cg27053763',0.036,'-4.743','BRCA1','promoter',NULL);
INSERT INTO epigenetic_mark VALUES ('5fd161c3-9492-4072-addc-f304134467f4','acf0f965-e214-4d5a-9136-d47dd1860030','H3K27ac','chr17:37800000-37850000',0.321,NULL,'ERBB2','enhancer','1.105');
INSERT INTO ncrna_profile VALUES ('f786f4ca-7901-4313-8854-11961512b9f0','acf0f965-e214-4d5a-9136-d47dd1860030','miRNA','hsa-miR-21-5p','miR-21-5p',2.66,'["PTEN", "PDCD4"]');
INSERT INTO ncrna_profile VALUES ('d42a9a12-f7cd-48d6-85c9-4873298ce510','acf0f965-e214-4d5a-9136-d47dd1860030','miRNA','hsa-miR-155-5p','miR-155-5p',3.41,'["SHIP1", "SOCS1"]');
INSERT INTO ncrna_profile VALUES ('0cf57f7f-5255-4697-a21a-4718c03a93c3','acf0f965-e214-4d5a-9136-d47dd1860030','lncRNA','ENSG00000228630','HOTAIR',3.79,'["SHIP1", "SOCS1"]');
INSERT INTO ncrna_profile VALUES ('77f41247-bddf-44e0-8476-0846ea20b187','acf0f965-e214-4d5a-9136-d47dd1860030','lncRNA','ENSG00000251562','MALAT1',48.46,'["SHIP1", "SOCS1"]');
INSERT INTO metabolomics_profile VALUES ('a2710713-bd89-4052-a87b-03e5a0c933a0','acf0f965-e214-4d5a-9136-d47dd1860030','Lactate','HMDB0000190','C00186',2.46,'LC-MS','organic_acid',0.31);
INSERT INTO metabolomics_profile VALUES ('ee36eeb9-f94d-4c24-9180-50c7585c436c','acf0f965-e214-4d5a-9136-d47dd1860030','Glutamine','HMDB0000641','C00064',0.68,'LC-MS','amino_acid',-0.88);
INSERT INTO metabolomics_profile VALUES ('d0742bd5-95c1-4083-9514-c50c522a49d9','acf0f965-e214-4d5a-9136-d47dd1860030','Glucose','HMDB0000122','C00031',4.45,'LC-MS','carbohydrate',1.63);
INSERT INTO metabolomics_profile VALUES ('1d9701e4-a6c3-416c-ac0c-2eb29882e2bf','acf0f965-e214-4d5a-9136-d47dd1860030','Phosphocholine','HMDB0001565','C00588',0.27,'LC-MS','lipid',-1.15);
INSERT INTO tumor_clone VALUES ('98e5309e-f4b3-4883-887f-473d0b64ec15','acf0f965-e214-4d5a-9136-d47dd1860030','clone_A',0.77,'[]',1,1,0.1192);
INSERT INTO tumor_clone VALUES ('7743b312-b531-4dd0-8406-6c828756355e','acf0f965-e214-4d5a-9136-d47dd1860030','clone_B',0.23,'[]',0,2,0.0584);
INSERT INTO cell_cycle_state VALUES ('cc506da4-c83d-4c93-ab6a-83285f1e87b0','acf0f965-e214-4d5a-9136-d47dd1860030',0.754,0.065,0.042,0.139,16.8921,480.0,0.3);
INSERT INTO apoptosis_marker VALUES ('25d1dfd3-a941-4bad-b67f-3c21b75f2c82','acf0f965-e214-4d5a-9136-d47dd1860030',127.0,124.9359,88.0,1.44,0.1203,8.5333,0.906);
INSERT INTO dna_repair_status VALUES ('da8e317f-7cd8-4356-aef1-37562dddc27c','acf0f965-e214-4d5a-9136-d47dd1860030','wildtype','wildtype','proficient_MMR',0.04,3.7,35.8,0,'wildtype');
INSERT INTO metabolic_phenotype VALUES ('1e9360b8-594d-49b6-ae2b-45780fa5d42d','acf0f965-e214-4d5a-9136-d47dd1860030',0.453,84.4813,0.2092,0.317,0.2443,0.8893,0.6693);
INSERT INTO stemness_profile VALUES ('8b6f4f9d-b594-4af5-9213-0af83907700a','acf0f965-e214-4d5a-9136-d47dd1860030',48.5009,27.3477,10.9465,0.02,0.372,0.274,0.2547,0.0624);
INSERT INTO drug_resistance_feature VALUES ('e154a3ea-f308-4d08-8945-f122e4e81a67','acf0f965-e214-4d5a-9136-d47dd1860030',0.1,0.6838,0.3679,0.1,'[]',0.2641);
INSERT INTO immune_infiltration VALUES ('ec9b935a-47fa-4b17-8c97-eef8a329e164','acf0f965-e214-4d5a-9136-d47dd1860030',14.1,9.2044,6.6704,3.4597,4.9648,5.3934,16.6422,6.0717,3.3867,'CIBERSORT');
INSERT INTO checkpoint_expression VALUES ('443a8195-db77-44a2-b4fc-b9b01fa33045','acf0f965-e214-4d5a-9136-d47dd1860030',8.0,14.4,11.4298,17.9808,16.6102,3.7045,12.1624,25.7188);
INSERT INTO cytokine_milieu VALUES ('2d6dd75d-5fc1-4d49-a642-c0fe0c7405fe','acf0f965-e214-4d5a-9136-d47dd1860030',34.4797,13.5218,4.0048,18.2118,23.8228,15.9,19.2206,47.2728);
INSERT INTO stromal_composition VALUES ('09304fc1-ef3d-48b3-b34f-9dab3d860be9','acf0f965-e214-4d5a-9136-d47dd1860030',0.3419,0.01,0.1148,0.2047,2.9511,39.5478);
INSERT INTO ecm_profile VALUES ('426ce385-c71d-4288-8ba1-214d523212bf','acf0f965-e214-4d5a-9136-d47dd1860030',10.7032,7.0951,27.5896,0.4174,0.2994,0.853,0.4422);
INSERT INTO hypoxia_vasculature VALUES ('08174de0-ff2d-4150-b584-20043f10e98b','acf0f965-e214-4d5a-9136-d47dd1860030',0.9,0.5584,10.6,0.2302,57.6237,229.4173,76.1048,7.8,7.24);
INSERT INTO organ_function VALUES ('b1e51587-d1df-484d-9ce8-7424f1c0c48a','dea1db88-a94a-4234-9496-3dcf9041741b','2020-05-12',72.7,1.2724,18.3484,22.3321,8.772,30.19,57.2,433.9653,0.922);
INSERT INTO immune_baseline VALUES ('b326b225-217d-4e7b-8284-798bb4b85fa1','dea1db88-a94a-4234-9496-3dcf9041741b','2020-05-12',7.42,1.39,4.82,3.4676,375.4375,267.9273,302.5638,10.4627);
INSERT INTO hormonal_profile VALUES ('34819771-5fe2-4b41-863e-15222475408c','dea1db88-a94a-4234-9496-3dcf9041741b','2020-05-12',172.4,0.75,486.0,45.4085,16.7566,1.5492,10.1661);
INSERT INTO pharmacogenomics VALUES ('28015740-cd64-46a2-bf20-1c5617099782','dea1db88-a94a-4234-9496-3dcf9041741b','NM','NM','NM','*28/*28','low',0,'NM');
INSERT INTO body_composition VALUES ('7dca4674-ac57-4426-9253-b10547a437e2','dea1db88-a94a-4234-9496-3dcf9041741b','2020-05-12',29.1,31.4,42.5412,45.2068,32.7738,1.6417);
INSERT INTO microbiome_profile VALUES ('44af92a0-5c73-417f-8670-9cdb2b0c9d7d','dea1db88-a94a-4234-9496-3dcf9041741b','2020-05-12','gut','16S_rRNA_V4',3.1691,2.2984,0.0476,'[{"genus": "Bacteroides", "rel": 0.254}, {"genus": "Faecalibacterium", "rel": 0.144}, {"genus": "Akkermansia", "rel": 0.0476}]',0);
INSERT INTO tumor_staging VALUES ('48867d02-2176-49f7-8369-c4fdaba409ed','dea1db88-a94a-4234-9496-3dcf9041741b','2020-05-12','8500/3','C50.4','Invasive ductal carcinoma','T2','N1','M0','IIA',2,'right');
INSERT INTO imaging_measurement VALUES ('c21871d6-ab68-45bd-8120-17c7d06ecf17','dea1db88-a94a-4234-9496-3dcf9041741b','2020-05-03','MRI','L1','primary_left_breast',27.6,11008.4423,2.9958,'SD','{"entropy": 4.93, "sphericity": 0.78}');
INSERT INTO pathology_report VALUES ('c6a71c51-aaab-4ef7-92c9-6c738b259760','dea1db88-a94a-4234-9496-3dcf9041741b','2020-05-12','core_needle_biopsy','R0',2,12,0,0,0.0);
INSERT INTO performance_status VALUES ('e6d8c04d-f6c2-4104-b989-77105cc8f3bb','dea1db88-a94a-4234-9496-3dcf9041741b','2020-05-12',1,82,4,38.4571);
INSERT INTO liquid_biopsy VALUES ('3039a7e8-674b-4292-b1c0-5964c87463bf','dea1db88-a94a-4234-9496-3dcf9041741b','2020-05-12',0.0894,40.23,6,'[]','detected',11.8019);
INSERT INTO treatment_regimen VALUES ('a0f3a2b9-0f01-465b-8ed0-92ed4758a771','dea1db88-a94a-4234-9496-3dcf9041741b',1,'Letrozole','adjuvant','2020-06-10','2020-10-11','planned_completion','PR',540);
INSERT INTO treatment_drug_dose VALUES ('ec59f3bd-847d-4dfc-bc37-a5d7882be08c','a0f3a2b9-0f01-465b-8ed0-92ed4758a771','dea8e584-d12c-47bf-a4c0-e739973380b8','2020-06-10',72.0,72.0,0.0,'oral',1,2.2384);
INSERT INTO adverse_event VALUES ('31c8af05-39ea-4a0d-90b0-342f28d36de9','dea1db88-a94a-4234-9496-3dcf9041741b','a0f3a2b9-0f01-465b-8ed0-92ed4758a771','Neutropenia',2,'2020-08-11','2020-09-11','probable','none');
INSERT INTO adverse_event VALUES ('ec2ae67c-63cf-495e-ab9e-1973503c13e6','dea1db88-a94a-4234-9496-3dcf9041741b','a0f3a2b9-0f01-465b-8ed0-92ed4758a771','Diarrhoea',2,'2020-07-30','2020-09-26','probable','none');
INSERT INTO adverse_event VALUES ('a65c79b3-bbbd-4106-84c7-6b11c485e6c6','dea1db88-a94a-4234-9496-3dcf9041741b','a0f3a2b9-0f01-465b-8ed0-92ed4758a771','Nausea',2,'2020-08-07','2020-10-06','probable','none');
INSERT INTO adverse_event VALUES ('878115c2-1a86-42dc-89b8-c82ec3ccb33b','dea1db88-a94a-4234-9496-3dcf9041741b','a0f3a2b9-0f01-465b-8ed0-92ed4758a771','Peripheral sensory neuropathy',3,'2020-08-15','2020-09-30','probable','dose_reduction');
INSERT INTO radiation_plan VALUES ('71f4d2e2-1420-486e-8abc-ec529cedfcee','dea1db88-a94a-4234-9496-3dcf9041741b','photon_EBRT','CTV',47.6073,2.0,25,5,'IMRT',NULL,'{"heart": {"V20Gy_pct": "<25"}, "lung": {"mean_Gy": "<18"}}');
INSERT INTO carcinogen_exposure VALUES ('a8af787a-db1c-4bad-8bbb-0cec628b624c','dea1db88-a94a-4234-9496-3dcf9041741b','former',15.8232,3.569,6.2862,88.1247,'[]',0.0,0);
INSERT INTO diet_nutrition VALUES ('e8dace70-e91a-4c2f-9ed3-79a327753232','dea1db88-a94a-4234-9496-3dcf9041741b','2020-05-12','FFQ',1923.3215,78.5894,186.8509,89.5276,15.5488,98.864,12.7914,22.5143,'Western');
INSERT INTO physical_activity VALUES ('a99dc130-9e8d-4645-9e96-998605ec0e72','dea1db88-a94a-4234-9496-3dcf9041741b','2020-05-12',578.7019,144.8023,278.8785,8.5026,34.497,6199,21.8591);
INSERT INTO stress_psychology VALUES ('82821827-f12a-4b63-bf0a-a74c75420cae','dea1db88-a94a-4234-9496-3dcf9041741b','2020-05-12',9,4,2,49.6045,301.32,6.5716,12);
INSERT INTO environmental_exposure VALUES ('e187dc19-ecae-46d6-aa7f-d4124a2b76aa','dea1db88-a94a-4234-9496-3dcf9041741b','2020-05-12',12.4406,26.3524,67.0835,'negative',NULL,'negative','negative',6.264,'naive');
INSERT INTO socioeconomic_context VALUES ('585e3037-1209-4f51-a029-50475d91473d','dea1db88-a94a-4234-9496-3dcf9041741b','2020-05-12',37.0623,'public_Medicaid',0.7132,0.7938,41.6063,'employed_full_time',21.28,22);
INSERT INTO circadian_profile VALUES ('4d38bee2-4b9f-4b8c-8808-ac281da085bf','dea1db88-a94a-4234-9496-3dcf9041741b','2020-05-12','morning',85.733,21.5793,'22:01',1150.6926,0,13);

-- Patient 3: HR+/HER2- early
INSERT INTO patient VALUES ('e226c7e2-2f12-4a27-a364-c412a8ac0aa7','MRN-8578612','1977-01-27','female','East Asian','{"EUR": 0.76, "AFR": 0.07}','2020-03-23','2020-03-23');
INSERT INTO genomic_sample VALUES ('813397d6-756a-4bb6-aa42-e5b04aabb7d2','e226c7e2-2f12-4a27-a364-c412a8ac0aa7','tumor','C50.4','2020-04-02','Illumina NovaSeq 6000 WGS',0.73,0,'FFPE');
INSERT INTO somatic_mutation VALUES ('c4fb18fb-dec3-4e60-8d51-39840cb88b1c','813397d6-756a-4bb6-aa42-e5b04aabb7d2','ERBB2','chr17',39725084,'A','G','SNV','missense_variant','p.Leu755Ser',0.2143,269,'oncogenic','COSV52735019','1','SBS5');
INSERT INTO somatic_mutation VALUES ('583d19e4-cf81-42fb-afbd-04e0ae9a4393','813397d6-756a-4bb6-aa42-e5b04aabb7d2','PTEN','chr10',89692905,'G','A','SNV','missense_variant','p.Arg130Gly',0.4086,86,'oncogenic','COSV52731827','1','SBS5');
INSERT INTO somatic_mutation VALUES ('376e40b9-f6af-4527-a91b-d7f4f78922ab','813397d6-756a-4bb6-aa42-e5b04aabb7d2','BRCA1','chr17',43094464,'T','A','SNV','missense_variant','p.Cys1697Ser',0.4364,295,'pathogenic','COSV52701256','1','SBS3');
INSERT INTO copy_number_variant VALUES ('07655cbd-31c4-46f2-8e7b-bbf06881cc8e','813397d6-756a-4bb6-aa42-e5b04aabb7d2','MYC','chr8',127700000,127800000,4.4,0.57,'neutral',0);
INSERT INTO copy_number_variant VALUES ('050c1df6-2129-4067-8f79-138bdac961ec','813397d6-756a-4bb6-aa42-e5b04aabb7d2','CDKN2A','chr9',21967000,21995000,0.3,-2.32,'shallow_deletion',0);
INSERT INTO gene_expression VALUES ('f66aacae-9437-457a-901d-7b803847e95c','813397d6-756a-4bb6-aa42-e5b04aabb7d2','ENSG00000091831','ESR1',797.26,79.73,1993,7.53,99.0);
INSERT INTO gene_expression VALUES ('8c387fa4-ba38-4553-8ba0-61fe5567ba20','813397d6-756a-4bb6-aa42-e5b04aabb7d2','ENSG00000141736','ERBB2',5.0,0.5,12,-1.28,30.8);
INSERT INTO gene_expression VALUES ('5ee996a8-1711-4929-b528-7d097ea8c4e2','813397d6-756a-4bb6-aa42-e5b04aabb7d2','ENSG00000148773','MKI67',34.81,3.48,87,-0.95,35.8);
INSERT INTO gene_expression VALUES ('02672ef5-05fb-4dad-bd44-047ef463cb59','813397d6-756a-4bb6-aa42-e5b04aabb7d2','ENSG00000141510','TP53',102.48,2.07,273,-0.19,47.1);
INSERT INTO gene_expression VALUES ('d338d939-eff8-4f4c-813d-64f338e58bfa','813397d6-756a-4bb6-aa42-e5b04aabb7d2','ENSG00000012048','BRCA1',35.48,6.92,205,-0.94,35.9);
INSERT INTO gene_expression VALUES ('a450319a-4e71-484e-96b0-b539515d4497','813397d6-756a-4bb6-aa42-e5b04aabb7d2','ENSG00000139618','BRCA2',16.79,8.35,84,-1.15,32.8);
INSERT INTO gene_expression VALUES ('86d5d4ef-1f98-47f0-bee1-a7120b1d055d','813397d6-756a-4bb6-aa42-e5b04aabb7d2','ENSG00000171862','PTEN',11.57,4.65,535,-1.2,32.0);
INSERT INTO gene_expression VALUES ('ac6f7f16-851b-44af-8f96-a6bffd378e19','813397d6-756a-4bb6-aa42-e5b04aabb7d2','ENSG00000136997','MYC',123.22,1.44,424,0.04,50.6);
INSERT INTO protein_expression VALUES ('50da51ca-54f4-40fd-8450-cd0e4b45548a','813397d6-756a-4bb6-aa42-e5b04aabb7d2','ESR1','P03372','IHC',0.71,221.0,6,'NULL');
INSERT INTO protein_expression VALUES ('5d0f68bd-7137-4455-b109-debb38361913','813397d6-756a-4bb6-aa42-e5b04aabb7d2','PGR','P06401','IHC',1.07,257.0,6,'NULL');
INSERT INTO protein_expression VALUES ('333f6e98-6ba0-4c02-af43-8e5a31daf8da','813397d6-756a-4bb6-aa42-e5b04aabb7d2','ERBB2','P04626','IHC',-1.2,30.0,1,'pY1248');
INSERT INTO protein_expression VALUES ('89b1187a-81a0-46c8-94c1-c938800d6f19','813397d6-756a-4bb6-aa42-e5b04aabb7d2','MKI67','P46013','IHC',-1.34,15.0,0,'NULL');
INSERT INTO epigenetic_mark VALUES ('6ba28071-2adc-4da7-acf2-78efa576947b','813397d6-756a-4bb6-aa42-e5b04aabb7d2','DNA_methylation','cg15629539',0.094,'-3.269','ESR1','CpG_island',NULL);
INSERT INTO epigenetic_mark VALUES ('63c1b526-a0da-41b1-b1d2-7d670df757d9','813397d6-756a-4bb6-aa42-e5b04aabb7d2','DNA_methylation','cg27053763',0.2,'-2.0','BRCA1','promoter',NULL);
INSERT INTO epigenetic_mark VALUES ('59bc54eb-3035-4e4e-b738-cea43fd3cd88','813397d6-756a-4bb6-aa42-e5b04aabb7d2','H3K27ac','chr17:37800000-37850000',0.145,NULL,'ERBB2','enhancer','1.316');
INSERT INTO ncrna_profile VALUES ('1caadc0f-7645-4f2d-b379-e6bdfef4a19b','813397d6-756a-4bb6-aa42-e5b04aabb7d2','miRNA','hsa-miR-21-5p','miR-21-5p',4.8,'["PTEN", "PDCD4"]');
INSERT INTO ncrna_profile VALUES ('87094ce8-358c-429f-88da-35de2be47e33','813397d6-756a-4bb6-aa42-e5b04aabb7d2','miRNA','hsa-miR-155-5p','miR-155-5p',3.19,'["SHIP1", "SOCS1"]');
INSERT INTO ncrna_profile VALUES ('4e7c61c5-5088-4da8-9e50-d9a6b1c1669b','813397d6-756a-4bb6-aa42-e5b04aabb7d2','lncRNA','ENSG00000228630','HOTAIR',2.78,'["SHIP1", "SOCS1"]');
INSERT INTO ncrna_profile VALUES ('643dad7e-72e2-48f1-bfc5-fa585b79f02e','813397d6-756a-4bb6-aa42-e5b04aabb7d2','lncRNA','ENSG00000251562','MALAT1',46.89,'["SHIP1", "SOCS1"]');
INSERT INTO metabolomics_profile VALUES ('a0aa92e4-742b-43b0-aa91-85c622c50db4','813397d6-756a-4bb6-aa42-e5b04aabb7d2','Lactate','HMDB0000190','C00186',2.22,'LC-MS','organic_acid',0.15);
INSERT INTO metabolomics_profile VALUES ('6f5f0fed-38b0-4805-a687-5b0943397b79','813397d6-756a-4bb6-aa42-e5b04aabb7d2','Glutamine','HMDB0000641','C00064',0.4,'LC-MS','amino_acid',-1.07);
INSERT INTO metabolomics_profile VALUES ('90521cbd-e18e-49aa-a078-4c12c14d47d0','813397d6-756a-4bb6-aa42-e5b04aabb7d2','Glucose','HMDB0000122','C00031',4.97,'LC-MS','carbohydrate',1.98);
INSERT INTO metabolomics_profile VALUES ('d9ed5b59-8f8c-4716-b789-e327851581a9','813397d6-756a-4bb6-aa42-e5b04aabb7d2','Phosphocholine','HMDB0001565','C00588',0.11,'LC-MS','lipid',-1.26);
INSERT INTO tumor_clone VALUES ('77e15e83-c479-409e-ab40-14ea9ca76ac8','813397d6-756a-4bb6-aa42-e5b04aabb7d2','clone_A',0.73,'[]',1,1,0.0582);
INSERT INTO tumor_clone VALUES ('eba3ce34-cdcd-40cd-a5fa-bd73a0d2d7c0','813397d6-756a-4bb6-aa42-e5b04aabb7d2','clone_B',0.27,'[]',0,2,0.0517);
INSERT INTO cell_cycle_state VALUES ('52d7ef93-661f-428d-92d2-6ec78459a85c','813397d6-756a-4bb6-aa42-e5b04aabb7d2',0.868,0.02,0.013,0.099,5.2095,480.0,3.7);
INSERT INTO apoptosis_marker VALUES ('02495ad5-b9d1-43f3-8797-e84bf29196a2','813397d6-756a-4bb6-aa42-e5b04aabb7d2',164.0,73.6067,121.0,1.36,0.1965,1.5453,1.0241);
INSERT INTO dna_repair_status VALUES ('08c73862-a0dc-4684-9abc-afad958b9277','813397d6-756a-4bb6-aa42-e5b04aabb7d2','mutated_somatic','mutated_somatic','proficient_MMR',0.04,1.3,36.3,0,'wildtype');
INSERT INTO metabolic_phenotype VALUES ('e0d8a4ac-8d56-43cc-96fb-18204fa2bb96','813397d6-756a-4bb6-aa42-e5b04aabb7d2',0.408,98.5798,0.357,0.434,0.3106,1.3614,0.6249);
INSERT INTO stemness_profile VALUES ('5a93c607-104c-4059-9ec5-f719d2da12ec','813397d6-756a-4bb6-aa42-e5b04aabb7d2',93.7533,9.7707,0.0,0.0855,0.344,0.203,0.2748,0.2795);
INSERT INTO drug_resistance_feature VALUES ('04711938-713a-4f74-880c-a44c9a2e4ddd','813397d6-756a-4bb6-aa42-e5b04aabb7d2',1.13,0.7266,0.6245,1.0693,'[]',0.6999);
INSERT INTO immune_infiltration VALUES ('9af2de00-2ace-4621-917c-08d71d8f99c7','813397d6-756a-4bb6-aa42-e5b04aabb7d2',5.9,17.7426,1.9187,5.2326,3.4847,7.4844,11.0286,4.3499,13.7701,'CIBERSORT');
INSERT INTO checkpoint_expression VALUES ('3543610a-9ef9-4cba-a6c0-569c7876f0fd','813397d6-756a-4bb6-aa42-e5b04aabb7d2',58.1,104.58,10.2647,5.7994,13.0367,8.7262,9.6876,25.7191);
INSERT INTO cytokine_milieu VALUES ('7c90d070-95a9-47e3-8e8b-108c9352b12a','813397d6-756a-4bb6-aa42-e5b04aabb7d2',25.588,15.8069,11.1108,13.5194,36.0809,6.3,55.0172,136.0776);
INSERT INTO stromal_composition VALUES ('c34c358a-4ff8-4e68-b54f-b52a2d57b529','813397d6-756a-4bb6-aa42-e5b04aabb7d2',0.155,0.0471,0.1274,0.5242,2.3764,30.6467);
INSERT INTO ecm_profile VALUES ('da40695c-332a-4875-b671-e6928e4cb9fb','813397d6-756a-4bb6-aa42-e5b04aabb7d2',19.7504,1.0,18.1999,0.6464,0.2279,0.3622,0.4975);
INSERT INTO hypoxia_vasculature VALUES ('3c2819eb-7616-4746-bc88-e34b3256a01e','813397d6-756a-4bb6-aa42-e5b04aabb7d2',0.71,1.0278,9.0,0.2473,97.8887,183.2605,95.7317,7.5,7.31);
INSERT INTO organ_function VALUES ('247427be-d8ea-4aaa-bc38-1ee986db79d7','e226c7e2-2f12-4a27-a364-c412a8ac0aa7','2020-03-23',59.7,1.1164,20.5119,24.9098,10.3348,31.9938,64.1,383.6874,1.0847);
INSERT INTO immune_baseline VALUES ('b08c930c-3243-4a02-98aa-6ee78d2a6279','e226c7e2-2f12-4a27-a364-c412a8ac0aa7','2020-03-23',10.01,1.31,2.95,2.2519,425.1144,466.5969,245.9225,7.7178);
INSERT INTO hormonal_profile VALUES ('6caf979b-c454-4bd6-b65b-1526f4161e08','e226c7e2-2f12-4a27-a364-c412a8ac0aa7','2020-03-23',168.0,0.91,338.0,77.7696,19.3065,1.629,10.2207);
INSERT INTO pharmacogenomics VALUES ('6816cc88-54d0-49aa-a377-790b0249f3eb','e226c7e2-2f12-4a27-a364-c412a8ac0aa7','NM','NM','NM','*1/*28','normal',0,'NM');
INSERT INTO body_composition VALUES ('9a699d7d-db43-4c9e-92cf-4b66b25114b2','e226c7e2-2f12-4a27-a364-c412a8ac0aa7','2020-03-23',23.4,30.4,22.6649,74.8961,29.0037,1.5838);
INSERT INTO microbiome_profile VALUES ('a55ae3ca-d7c5-4d59-b726-c38940e13fd9','e226c7e2-2f12-4a27-a364-c412a8ac0aa7','2020-03-23','gut','16S_rRNA_V4',3.5364,1.5389,0.0541,'[{"genus": "Bacteroides", "rel": 0.168}, {"genus": "Faecalibacterium", "rel": 0.194}, {"genus": "Akkermansia", "rel": 0.0541}]',0);
INSERT INTO tumor_staging VALUES ('0c6b641f-36f6-4398-94ae-36a84298b82a','e226c7e2-2f12-4a27-a364-c412a8ac0aa7','2020-03-23','8500/3','C50.4','Invasive ductal carcinoma','T2','N1','M0','IIB',2,'left');
INSERT INTO imaging_measurement VALUES ('54e2f995-6f4c-475b-bf6b-7f5939add5f8','e226c7e2-2f12-4a27-a364-c412a8ac0aa7','2020-03-02','MRI','L1','primary_left_breast',25.4,8580.2466,2.7052,'SD','{"entropy": 6.61, "sphericity": 0.87}');
INSERT INTO pathology_report VALUES ('bf413ce6-8bd8-496a-9bf9-d42edb7c2641','e226c7e2-2f12-4a27-a364-c412a8ac0aa7','2020-03-23','core_needle_biopsy','R0',7,11,0,0,18.9853);
INSERT INTO performance_status VALUES ('c726d72e-aa2c-4b61-a377-f21d44dd5b39','e226c7e2-2f12-4a27-a364-c412a8ac0aa7','2020-03-23',0,91,0,41.0098);
INSERT INTO liquid_biopsy VALUES ('5445a9a6-63e9-492e-bbb7-3defb29e997f','e226c7e2-2f12-4a27-a364-c412a8ac0aa7','2020-03-23',0.108,48.6,7,'[]','detected',9.9079);
INSERT INTO treatment_regimen VALUES ('c2dd08c9-bbe1-4d51-a8a9-e7fe3e389014','e226c7e2-2f12-4a27-a364-c412a8ac0aa7',1,'Letrozole','adjuvant','2020-04-15','2021-07-18','planned_completion','PR',590);
INSERT INTO treatment_drug_dose VALUES ('97b0a54e-f5aa-4399-8076-e933862f143b','c2dd08c9-bbe1-4d51-a8a9-e7fe3e389014','dea8e584-d12c-47bf-a4c0-e739973380b8','2020-04-15',80.0,70.0,12.5,'oral',1,1.0829);
INSERT INTO adverse_event VALUES ('bd655511-4955-4b63-bcd5-b9a09ff1c380','e226c7e2-2f12-4a27-a364-c412a8ac0aa7','c2dd08c9-bbe1-4d51-a8a9-e7fe3e389014','Nausea',3,'2020-06-26','2020-07-03','probable','dose_reduction');
INSERT INTO adverse_event VALUES ('3f1bc3b8-5255-428a-8bd5-cb0cd0c71978','e226c7e2-2f12-4a27-a364-c412a8ac0aa7','c2dd08c9-bbe1-4d51-a8a9-e7fe3e389014','Arthralgia',2,'2020-06-30','2020-07-10','probable','none');
INSERT INTO adverse_event VALUES ('92d757d9-4bd9-4877-8439-211c82e2a07c','e226c7e2-2f12-4a27-a364-c412a8ac0aa7','c2dd08c9-bbe1-4d51-a8a9-e7fe3e389014','Neutropenia',2,'2020-05-16','2020-07-01','probable','none');
INSERT INTO carcinogen_exposure VALUES ('d72491a3-5e5f-4786-b98d-4542b86bce2a','e226c7e2-2f12-4a27-a364-c412a8ac0aa7','former',20.4337,5.1693,19.9197,5.0,'[]',0.0,0);
INSERT INTO diet_nutrition VALUES ('f5b17e1e-cf8b-42dd-8886-e02512a2814a','e226c7e2-2f12-4a27-a364-c412a8ac0aa7','2020-03-23','FFQ',1596.7807,46.5132,236.4084,106.995,33.1525,40.6698,12.3913,12.1327,'plant_based');
INSERT INTO physical_activity VALUES ('5933c308-1624-4469-852f-80117fafd64d','e226c7e2-2f12-4a27-a364-c412a8ac0aa7','2020-03-23',813.4828,84.1493,211.1888,8.7332,25.1157,9204,25.17);
INSERT INTO stress_psychology VALUES ('a2ac3253-4ea8-4269-8375-990e22767bb2','e226c7e2-2f12-4a27-a364-c412a8ac0aa7','2020-03-23',23,16,5,60.1161,209.56,5.7113,12);
INSERT INTO environmental_exposure VALUES ('2504b85a-254f-4e2b-a049-a3affdfc05c3','e226c7e2-2f12-4a27-a364-c412a8ac0aa7','2020-03-23',5.4721,19.5349,55.1956,'negative',NULL,'negative','negative',9.7389,'naive');
INSERT INTO socioeconomic_context VALUES ('2c0a45ba-9aaa-49df-9e9f-5603a788bdde','e226c7e2-2f12-4a27-a364-c412a8ac0aa7','2020-03-23',17.8129,'private',0.5457,0.7292,62.9037,'unable_to_work_disability',26.4624,14);
INSERT INTO circadian_profile VALUES ('2dcf0275-09a5-4260-9088-869cd6efeae1','e226c7e2-2f12-4a27-a364-c412a8ac0aa7','2020-03-23','morning',93.898,21.3099,'22:37',1050.8022,0,14);

-- Patient 4: HR+ metastatic
INSERT INTO patient VALUES ('636705ee-b297-4394-b14b-aa524841efaf','MRN-4472424','1965-01-12','female','East Asian','{"EUR": 0.85, "AFR": 0.26}','2023-06-07','2023-06-07');
INSERT INTO genomic_sample VALUES ('62deba8a-83e4-405b-875d-45b73cdc68fb','636705ee-b297-4394-b14b-aa524841efaf','tumor','C50.4','2023-06-15','Guardant360',0.56,0,'FFPE');
INSERT INTO somatic_mutation VALUES ('0dcc3249-e6c0-4424-a382-f34f81cf5a6d','62deba8a-83e4-405b-875d-45b73cdc68fb','GATA3','chr10',8115610,'CT','C','indel','frameshift_variant','p.Thr443fs',0.3603,157,'oncogenic','COSV52704812','1','SBS5');
INSERT INTO somatic_mutation VALUES ('9ed6a095-c2bb-48e4-8899-c22d7ccd4ce6','62deba8a-83e4-405b-875d-45b73cdc68fb','BRCA1','chr17',43094464,'T','A','SNV','missense_variant','p.Cys1697Ser',0.3696,333,'pathogenic','COSV52701256','1','SBS3');
INSERT INTO somatic_mutation VALUES ('35ea9881-14d5-4858-a1ca-6d89906fd42a','62deba8a-83e4-405b-875d-45b73cdc68fb','PIK3CA','chr3',179234297,'C','T','SNV','missense_variant','p.His1047Arg',0.2804,382,'oncogenic','COSV52748762','1','SBS1');
INSERT INTO somatic_mutation VALUES ('dfda5d8d-1fd4-460f-a3e4-b25ff6a8f845','62deba8a-83e4-405b-875d-45b73cdc68fb','ERBB2','chr17',39725084,'A','G','SNV','missense_variant','p.Leu755Ser',0.2732,249,'oncogenic','COSV52735019','1','SBS5');
INSERT INTO somatic_mutation VALUES ('6dd2c8c0-e145-48c6-9218-011a49dd4efb','62deba8a-83e4-405b-875d-45b73cdc68fb','BRCA2','chr13',32338709,'A','T','SNV','stop_gained','p.Lys1690Ter',0.5035,305,'pathogenic','COSV52712043','1','SBS3');
INSERT INTO somatic_mutation VALUES ('31c3b0fb-135e-425b-92c4-b49f35194a8a','62deba8a-83e4-405b-875d-45b73cdc68fb','PTEN','chr10',89692905,'G','A','SNV','missense_variant','p.Arg130Gly',0.2408,131,'oncogenic','COSV52731827','1','SBS5');
INSERT INTO copy_number_variant VALUES ('0d905ece-aa30-4e03-b1d9-88880f9bde36','62deba8a-83e4-405b-875d-45b73cdc68fb','MYC','chr8',127700000,127800000,1.0,0.23,'neutral',0);
INSERT INTO copy_number_variant VALUES ('13c3048f-3c15-406c-95be-7919e1f32e68','62deba8a-83e4-405b-875d-45b73cdc68fb','CDKN2A','chr9',21967000,21995000,0.6,-1.34,'shallow_deletion',0);
INSERT INTO gene_expression VALUES ('4a89bf36-fc65-4849-b162-c40620a80b15','62deba8a-83e4-405b-875d-45b73cdc68fb','ENSG00000091831','ESR1',1028.45,102.84,2571,10.09,99.0);
INSERT INTO gene_expression VALUES ('d667c551-cc94-47fa-a356-d581a440e296','62deba8a-83e4-405b-875d-45b73cdc68fb','ENSG00000141736','ERBB2',19.02,1.9,48,-1.12,33.2);
INSERT INTO gene_expression VALUES ('0f7c263d-e326-4704-abf3-fa1e1f443f9c','62deba8a-83e4-405b-875d-45b73cdc68fb','ENSG00000148773','MKI67',46.82,4.68,117,-0.81,37.9);
INSERT INTO gene_expression VALUES ('69a419ca-6323-4da7-a697-0f9a11639f05','62deba8a-83e4-405b-875d-45b73cdc68fb','ENSG00000141510','TP53',14.04,8.47,489,-1.18,32.3);
INSERT INTO gene_expression VALUES ('56b69d21-023e-47ef-ba23-b9d207362799','62deba8a-83e4-405b-875d-45b73cdc68fb','ENSG00000012048','BRCA1',6.44,0.1,360,-1.26,31.1);
INSERT INTO gene_expression VALUES ('08a9c326-8ddc-4205-a55b-144b100a9606','62deba8a-83e4-405b-875d-45b73cdc68fb','ENSG00000139618','BRCA2',33.68,4.28,317,-0.96,35.6);
INSERT INTO gene_expression VALUES ('9d90d66c-824a-4579-8b12-465c5d49a35c','62deba8a-83e4-405b-875d-45b73cdc68fb','ENSG00000171862','PTEN',6.78,6.23,354,-1.26,31.1);
INSERT INTO gene_expression VALUES ('3eae3079-c38c-484b-bcfa-a8c3fcc23eee','62deba8a-83e4-405b-875d-45b73cdc68fb','ENSG00000136997','MYC',81.54,9.84,524,-0.43,43.5);
INSERT INTO protein_expression VALUES ('0e2ef9e2-094c-4786-bd7b-3dafb3eec46b','62deba8a-83e4-405b-875d-45b73cdc68fb','ESR1','P03372','IHC',0.89,239.0,6,'NULL');
INSERT INTO protein_expression VALUES ('9166033e-2148-49b6-bbe7-25563700716a','62deba8a-83e4-405b-875d-45b73cdc68fb','PGR','P06401','IHC',0.97,247.0,6,'NULL');
INSERT INTO protein_expression VALUES ('cd1ba933-6faa-4c4d-aa13-f9ec8f29f471','62deba8a-83e4-405b-875d-45b73cdc68fb','ERBB2','P04626','IHC',-1.37,13.0,0,'pY1248');
INSERT INTO protein_expression VALUES ('7afa47ea-2527-484b-8386-017d31312734','62deba8a-83e4-405b-875d-45b73cdc68fb','MKI67','P46013','IHC',-1.27,22.0,0,'NULL');
INSERT INTO epigenetic_mark VALUES ('7c399a8f-75ea-4181-a8e4-47d457cd1072','62deba8a-83e4-405b-875d-45b73cdc68fb','DNA_methylation','cg15629539',0.073,'-3.667','ESR1','CpG_island',NULL);
INSERT INTO epigenetic_mark VALUES ('9ec1e13c-d32b-4574-a522-1265ede6d97d','62deba8a-83e4-405b-875d-45b73cdc68fb','DNA_methylation','cg27053763',0.115,'-2.944','BRCA1','promoter',NULL);
INSERT INTO epigenetic_mark VALUES ('4c194aca-0b64-4372-8606-791fefa97323','62deba8a-83e4-405b-875d-45b73cdc68fb','H3K27ac','chr17:37800000-37850000',0.338,NULL,'ERBB2','enhancer','1.439');
INSERT INTO ncrna_profile VALUES ('da5313a9-c79b-4d63-999a-de64c8686049','62deba8a-83e4-405b-875d-45b73cdc68fb','miRNA','hsa-miR-21-5p','miR-21-5p',4.41,'["PTEN", "PDCD4"]');
INSERT INTO ncrna_profile VALUES ('9677c6f9-bdeb-4a1c-94ac-6b95b4425d62','62deba8a-83e4-405b-875d-45b73cdc68fb','miRNA','hsa-miR-155-5p','miR-155-5p',5.39,'["SHIP1", "SOCS1"]');
INSERT INTO ncrna_profile VALUES ('fa37d8ed-cb3c-4cb9-8306-6d8951648742','62deba8a-83e4-405b-875d-45b73cdc68fb','lncRNA','ENSG00000228630','HOTAIR',3.6,'["SHIP1", "SOCS1"]');
INSERT INTO ncrna_profile VALUES ('c55079f9-88ee-4d4d-8688-46cd7ecab82c','62deba8a-83e4-405b-875d-45b73cdc68fb','lncRNA','ENSG00000251562','MALAT1',49.1,'["SHIP1", "SOCS1"]');
INSERT INTO metabolomics_profile VALUES ('c41abe71-60cd-49dc-bc4f-22442dd32171','62deba8a-83e4-405b-875d-45b73cdc68fb','Lactate','HMDB0000190','C00186',1.36,'LC-MS','organic_acid',-0.43);
INSERT INTO metabolomics_profile VALUES ('56ee5f1c-72be-4e99-af66-42631dbfb551','62deba8a-83e4-405b-875d-45b73cdc68fb','Glutamine','HMDB0000641','C00064',0.46,'LC-MS','amino_acid',-1.03);
INSERT INTO metabolomics_profile VALUES ('c33abd7e-b1fd-4472-ad09-667ddfa07ae6','62deba8a-83e4-405b-875d-45b73cdc68fb','Glucose','HMDB0000122','C00031',4.33,'LC-MS','carbohydrate',1.55);
INSERT INTO metabolomics_profile VALUES ('b42bd15b-adb9-4994-a5e1-0c3e741e8aae','62deba8a-83e4-405b-875d-45b73cdc68fb','Phosphocholine','HMDB0001565','C00588',0.23,'LC-MS','lipid',-1.18);
INSERT INTO tumor_clone VALUES ('f28dc972-6e12-4252-abf0-8a5636430830','62deba8a-83e4-405b-875d-45b73cdc68fb','clone_A',0.75,'[]',1,1,0.1837);
INSERT INTO tumor_clone VALUES ('17ddc20f-a544-453a-9657-1e045d9e0910','62deba8a-83e4-405b-875d-45b73cdc68fb','clone_B',0.25,'[]',0,2,0.0497);
INSERT INTO cell_cycle_state VALUES ('ff8e23b7-8d22-4eec-8695-6c9675f24ddf','62deba8a-83e4-405b-875d-45b73cdc68fb',0.886,0.031,0.017,0.066,7.7659,480.0,0.2);
INSERT INTO apoptosis_marker VALUES ('f8fcbdad-2dab-4c11-a284-11b3a8ca402b','62deba8a-83e4-405b-875d-45b73cdc68fb',155.0,77.9473,69.0,2.25,0.0316,2.8919,0.8535);
INSERT INTO dna_repair_status VALUES ('f3360223-cec4-45d5-a71e-c3acd93ef24c','62deba8a-83e4-405b-875d-45b73cdc68fb','mutated_somatic','mutated_somatic','proficient_MMR',0.04,3.7,26.6,0,'wildtype');
INSERT INTO metabolic_phenotype VALUES ('cff2399e-1188-40c8-a65f-71ef8ad8c80a','62deba8a-83e4-405b-875d-45b73cdc68fb',0.755,66.9987,0.2067,0.6724,0.1795,0.893,0.4965);
INSERT INTO stemness_profile VALUES ('0bcae6b6-fa35-4dc3-b0c7-d3e2d06186cd','62deba8a-83e4-405b-875d-45b73cdc68fb',48.6512,6.6845,14.3964,0.1147,0.349,0.716,0.5973,0.4797);
INSERT INTO drug_resistance_feature VALUES ('164948fb-1a22-4a29-869b-8565fe8f23ba','62deba8a-83e4-405b-875d-45b73cdc68fb',1.06,0.6697,0.5155,1.0445,'[]',0.3757);
INSERT INTO immune_infiltration VALUES ('6be7ac0e-3426-444f-9df5-cefad984d81d','62deba8a-83e4-405b-875d-45b73cdc68fb',18.8,8.0384,8.6726,8.571,6.3142,10.9115,13.9669,6.5179,7.4967,'CIBERSORT');
INSERT INTO checkpoint_expression VALUES ('902e3a5f-55ae-4ff5-92b7-420dc2fc39f5','62deba8a-83e4-405b-875d-45b73cdc68fb',12.6,22.68,3.4932,16.476,13.3699,9.2103,8.3891,28.6258);
INSERT INTO cytokine_milieu VALUES ('f3acd6d5-0f89-48d4-bb8f-1d7a578e63a6','62deba8a-83e4-405b-875d-45b73cdc68fb',25.4711,10.2465,9.1954,27.9992,15.1298,17.5,73.4526,103.5599);
INSERT INTO stromal_composition VALUES ('a1c16a2c-ff44-43a2-9aaa-c628f35f178f','62deba8a-83e4-405b-875d-45b73cdc68fb',0.3219,0.0203,0.0886,0.4858,3.1323,32.7491);
INSERT INTO ecm_profile VALUES ('22b0cf89-bca1-405e-8f37-d954b3088e73','62deba8a-83e4-405b-875d-45b73cdc68fb',20.242,4.2942,28.551,0.4245,0.5287,0.3136,0.3735);
INSERT INTO hypoxia_vasculature VALUES ('56e96375-eb96-4293-b60d-6fcbd68e6598','62deba8a-83e4-405b-875d-45b73cdc68fb',0.83,0.3855,8.5,0.1665,51.49,102.7241,120.5585,2.0,7.31);
INSERT INTO organ_function VALUES ('41f95312-f310-4e88-aeb8-11569465862d','636705ee-b297-4394-b14b-aa524841efaf','2023-06-07',70.1,1.2412,17.0559,23.3742,14.7363,40.6882,61.2,409.9128,0.9876);
INSERT INTO immune_baseline VALUES ('bd610af3-1db5-4884-83ec-0d9a33711548','636705ee-b297-4394-b14b-aa524841efaf','2023-06-07',5.32,2.38,2.96,1.2437,679.9769,256.8818,299.8258,11.0531);
INSERT INTO hormonal_profile VALUES ('98384e96-a411-4b0c-b29d-0720620a993a','636705ee-b297-4394-b14b-aa524841efaf','2023-06-07',2.0,0.38,346.0,54.7391,13.8003,1.7496,3.7647);
INSERT INTO pharmacogenomics VALUES ('fb1f49ec-7f68-4aae-a800-b233e0672628','636705ee-b297-4394-b14b-aa524841efaf','PM','IM','NM','*1/*1','normal',0,'NM');
INSERT INTO body_composition VALUES ('37855bb5-08b8-4482-acda-8e0a68fca5db','636705ee-b297-4394-b14b-aa524841efaf','2023-06-07',28.6,37.9,32.9474,112.0885,33.6694,1.7427);
INSERT INTO microbiome_profile VALUES ('d2456cd9-e9aa-4b49-8534-eaee5729f4c8','636705ee-b297-4394-b14b-aa524841efaf','2023-06-07','gut','16S_rRNA_V4',3.7484,1.6191,0.0,'[{"genus": "Bacteroides", "rel": 0.267}, {"genus": "Faecalibacterium", "rel": 0.159}, {"genus": "Akkermansia", "rel": 0.0}]',0);
INSERT INTO tumor_staging VALUES ('71a3332c-cb65-4720-aa06-6a2fcf768702','636705ee-b297-4394-b14b-aa524841efaf','2023-06-07','8500/3','C50.4','Invasive ductal carcinoma','T4','N3','M1','IV',3,'right');
INSERT INTO imaging_measurement VALUES ('195a7815-72b7-43ca-931e-1773f154e4e9','636705ee-b297-4394-b14b-aa524841efaf','2023-05-22','MRI','L1','primary_left_breast',16.0,2144.6606,3.1381,'SD','{"entropy": 4.87, "sphericity": 0.68}');
INSERT INTO pathology_report VALUES ('093aaa00-ec07-4f16-a57a-255abc883c6c','636705ee-b297-4394-b14b-aa524841efaf','2023-06-07','core_needle_biopsy','R0',6,13,1,0,0.0);
INSERT INTO performance_status VALUES ('46adcff4-5334-43ab-8b9f-8b78e6cd0c6b','636705ee-b297-4394-b14b-aa524841efaf','2023-06-07',0,82,2,33.4328);
INSERT INTO liquid_biopsy VALUES ('c6505229-4256-4b87-850e-74144966e9cb','636705ee-b297-4394-b14b-aa524841efaf','2023-06-07',0.0894,40.23,7,'[]','detected',13.4232);
INSERT INTO treatment_regimen VALUES ('3effc950-3278-4061-b9ac-d72f8ff3cb2d','636705ee-b297-4394-b14b-aa524841efaf',1,'Palbociclib+Let','palliative','2023-06-23','2024-09-24','planned_completion','PR',397);
INSERT INTO treatment_drug_dose VALUES ('0b1a3e9f-f360-4cf3-a468-4c2971e5e765','3effc950-3278-4061-b9ac-d72f8ff3cb2d','14234f22-ddb9-4e92-883c-bd55730bb629','2023-06-23',67.0,59.0,11.9,'IV',1,2.3712);
INSERT INTO adverse_event VALUES ('d5f2a73d-60ce-467d-9aa9-d9a3dbd7ea37','636705ee-b297-4394-b14b-aa524841efaf','3effc950-3278-4061-b9ac-d72f8ff3cb2d','Peripheral sensory neuropathy',1,'2023-09-10','2023-11-09','probable','none');
INSERT INTO adverse_event VALUES ('03b7f9a7-9c56-4fad-8e5d-e82c0c8045f6','636705ee-b297-4394-b14b-aa524841efaf','3effc950-3278-4061-b9ac-d72f8ff3cb2d','Arthralgia',1,'2023-09-08','2023-09-28','probable','none');
INSERT INTO carcinogen_exposure VALUES ('c090914c-4a93-415e-8fbc-6e5ea45f882b','636705ee-b297-4394-b14b-aa524841efaf','former',20.3522,5.7359,48.5892,71.7108,'[]',0.0,0);
INSERT INTO diet_nutrition VALUES ('16bbcf38-3ebf-4030-aa72-c4c35dfcabf5','636705ee-b297-4394-b14b-aa524841efaf','2023-06-07','FFQ',1401.8134,60.642,337.5433,94.3698,21.4144,58.621,12.4758,10.1313,'Western');
INSERT INTO physical_activity VALUES ('19919480-3f64-4975-930b-f0b43cc44827','636705ee-b297-4394-b14b-aa524841efaf','2023-06-07',492.9687,130.9957,122.8768,7.6467,31.8746,9626,31.192);
INSERT INTO stress_psychology VALUES ('f9114a24-9bef-47f1-a645-966edd18759f','636705ee-b297-4394-b14b-aa524841efaf','2023-06-07',8,7,0,45.0959,214.52,6.2732,10);
INSERT INTO environmental_exposure VALUES ('00ae757a-3329-496a-80d5-740632683810','636705ee-b297-4394-b14b-aa524841efaf','2023-06-07',2.0,17.5347,78.3147,'negative',NULL,'negative','negative',9.6118,'naive');
INSERT INTO socioeconomic_context VALUES ('6617b70a-f57e-4bc3-a0b5-987868e60eab','636705ee-b297-4394-b14b-aa524841efaf','2023-06-07',56.6549,'public_Medicare',0.5579,0.6266,69.0425,'unable_to_work_disability',38.8403,11);
INSERT INTO circadian_profile VALUES ('19f1fbc5-0286-4b58-b748-4550aa4f3d03','636705ee-b297-4394-b14b-aa524841efaf','2023-06-07','intermediate',75.0943,20.9863,'22:57',525.2439,1,9);

-- Patient 5: HR+/HER2- early
INSERT INTO patient VALUES ('e3511834-6f2c-4a75-9729-05c44f3751a9','MRN-0660458','1957-05-03','female','White','{"EUR": 0.58, "AFR": 0.03}','2021-08-24','2021-08-24');
INSERT INTO genomic_sample VALUES ('d4292afa-bee4-42e5-bbc7-25235e89fed9','e3511834-6f2c-4a75-9729-05c44f3751a9','tumor','C50.4','2021-08-28','Guardant360',0.55,0,'FFPE');
INSERT INTO somatic_mutation VALUES ('0de60e52-f627-4315-b168-2fe70898b0ae','d4292afa-bee4-42e5-bbc7-25235e89fed9','BRCA1','chr17',43094464,'T','A','SNV','missense_variant','p.Cys1697Ser',0.365,292,'pathogenic','COSV52701256','1','SBS3');
INSERT INTO somatic_mutation VALUES ('91410c5a-9aa6-4e74-b7a2-8e2f60be3198','d4292afa-bee4-42e5-bbc7-25235e89fed9','BRCA2','chr13',32338709,'A','T','SNV','stop_gained','p.Lys1690Ter',0.4759,128,'pathogenic','COSV52712043','1','SBS3');
INSERT INTO somatic_mutation VALUES ('cdcc8ba0-a6ab-4380-927d-d5f273fe2d3b','d4292afa-bee4-42e5-bbc7-25235e89fed9','GATA3','chr10',8115610,'CT','C','indel','frameshift_variant','p.Thr443fs',0.2901,210,'oncogenic','COSV52704812','1','SBS5');
INSERT INTO somatic_mutation VALUES ('96b0d7f9-6ae2-4d6d-8174-b90d8348d5ea','d4292afa-bee4-42e5-bbc7-25235e89fed9','CCND1','chr11',69465258,'G','T','SNV','missense_variant','p.Pro241Leu',0.288,271,'oncogenic','COSV52718943','3A','SBS1');
INSERT INTO copy_number_variant VALUES ('0b57b743-c46d-4ebc-b167-4d7e4e0bcb12','d4292afa-bee4-42e5-bbc7-25235e89fed9','MYC','chr8',127700000,127800000,1.5,0.89,'amplification',0);
INSERT INTO copy_number_variant VALUES ('4acaae20-a780-4f00-ba72-1004b855b50b','d4292afa-bee4-42e5-bbc7-25235e89fed9','CDKN2A','chr9',21967000,21995000,0.0,-1.46,'shallow_deletion',0);
INSERT INTO gene_expression VALUES ('4bbc3b28-1ab3-4335-8183-d6c49769c224','d4292afa-bee4-42e5-bbc7-25235e89fed9','ENSG00000091831','ESR1',776.44,77.64,1941,7.29,99.0);
INSERT INTO gene_expression VALUES ('ab6858b4-4bc8-4f6f-ac23-9eff5e62bb42','d4292afa-bee4-42e5-bbc7-25235e89fed9','ENSG00000141736','ERBB2',85.46,8.55,214,-0.38,44.3);
INSERT INTO gene_expression VALUES ('a3c200d1-9dd4-4cc2-b7bb-18eb933ded3a','d4292afa-bee4-42e5-bbc7-25235e89fed9','ENSG00000148773','MKI67',100.19,10.02,250,-0.22,46.7);
INSERT INTO gene_expression VALUES ('22eb4883-5780-455a-a086-7e9316988d36','d4292afa-bee4-42e5-bbc7-25235e89fed9','ENSG00000141510','TP53',77.81,1.34,260,-0.47,43.0);
INSERT INTO gene_expression VALUES ('b1546969-4f4e-4a9b-872c-dbe2fca3c309','d4292afa-bee4-42e5-bbc7-25235e89fed9','ENSG00000012048','BRCA1',28.99,2.69,256,-1.01,34.9);
INSERT INTO gene_expression VALUES ('ffa819f3-89b8-4adc-a218-4f167139f46d','d4292afa-bee4-42e5-bbc7-25235e89fed9','ENSG00000139618','BRCA2',76.46,8.22,187,-0.48,42.8);
INSERT INTO gene_expression VALUES ('b0119081-c0f8-49c4-a522-8c5af22fda40','d4292afa-bee4-42e5-bbc7-25235e89fed9','ENSG00000171862','PTEN',22.82,3.1,579,-1.08,33.8);
INSERT INTO gene_expression VALUES ('b61bf0ac-54f4-4b15-bb06-0e0a070e78d5','d4292afa-bee4-42e5-bbc7-25235e89fed9','ENSG00000136997','MYC',54.93,6.15,309,-0.72,39.2);
INSERT INTO protein_expression VALUES ('ec36f786-65a2-49d6-8ae1-907f036ba1c0','d4292afa-bee4-42e5-bbc7-25235e89fed9','ESR1','P03372','IHC',1.33,283.0,7,'NULL');
INSERT INTO protein_expression VALUES ('1de93757-27dd-41d4-a875-bc49b9bd27e4','d4292afa-bee4-42e5-bbc7-25235e89fed9','PGR','P06401','IHC',0.51,201.0,5,'NULL');
INSERT INTO protein_expression VALUES ('78b2331f-8930-42e1-93bf-ff208a3f176f','d4292afa-bee4-42e5-bbc7-25235e89fed9','ERBB2','P04626','IHC',-1.5,0.0,0,'pY1248');
INSERT INTO protein_expression VALUES ('65639e40-f978-4ab6-a812-985298a52bd6','d4292afa-bee4-42e5-bbc7-25235e89fed9','MKI67','P46013','IHC',-1.39,11.0,0,'NULL');
INSERT INTO epigenetic_mark VALUES ('58277eb4-9b57-4c92-9b61-c4280c198fd7','d4292afa-bee4-42e5-bbc7-25235e89fed9','DNA_methylation','cg15629539',0.057,'-4.048','ESR1','CpG_island',NULL);
INSERT INTO epigenetic_mark VALUES ('1dff5961-f853-4531-b4d8-f4a13c895110','d4292afa-bee4-42e5-bbc7-25235e89fed9','DNA_methylation','cg27053763',0.136,'-2.667','BRCA1','promoter',NULL);
INSERT INTO epigenetic_mark VALUES ('a25d82e0-ca3a-421a-b184-9866b3cbe124','d4292afa-bee4-42e5-bbc7-25235e89fed9','H3K27ac','chr17:37800000-37850000',0.335,NULL,'ERBB2','enhancer','0.998');
INSERT INTO ncrna_profile VALUES ('d5b82859-af52-4fc0-b583-c822b95495b9','d4292afa-bee4-42e5-bbc7-25235e89fed9','miRNA','hsa-miR-21-5p','miR-21-5p',1.36,'["PTEN", "PDCD4"]');
INSERT INTO ncrna_profile VALUES ('9a81c10d-1039-45eb-b811-b772cae5c13c','d4292afa-bee4-42e5-bbc7-25235e89fed9','miRNA','hsa-miR-155-5p','miR-155-5p',6.1,'["SHIP1", "SOCS1"]');
INSERT INTO ncrna_profile VALUES ('2c9dd52e-610b-468e-8d5d-bff102504b4f','d4292afa-bee4-42e5-bbc7-25235e89fed9','lncRNA','ENSG00000228630','HOTAIR',2.94,'["SHIP1", "SOCS1"]');
INSERT INTO ncrna_profile VALUES ('d47523f1-6b28-40d5-9b1f-db9f6e4b2947','d4292afa-bee4-42e5-bbc7-25235e89fed9','lncRNA','ENSG00000251562','MALAT1',28.57,'["SHIP1", "SOCS1"]');
INSERT INTO metabolomics_profile VALUES ('a820a99e-8195-43a0-bc6d-44510e9df002','d4292afa-bee4-42e5-bbc7-25235e89fed9','Lactate','HMDB0000190','C00186',1.44,'LC-MS','organic_acid',-0.37);
INSERT INTO metabolomics_profile VALUES ('4be77d06-ed36-4c45-8cb0-574583ae90f8','d4292afa-bee4-42e5-bbc7-25235e89fed9','Glutamine','HMDB0000641','C00064',0.28,'LC-MS','amino_acid',-1.15);
INSERT INTO metabolomics_profile VALUES ('7dff660a-fd7f-4d92-8ec6-403a5840f547','d4292afa-bee4-42e5-bbc7-25235e89fed9','Glucose','HMDB0000122','C00031',4.42,'LC-MS','carbohydrate',1.61);
INSERT INTO metabolomics_profile VALUES ('02b5261f-f063-463a-94ba-1b3c4c70ee36','d4292afa-bee4-42e5-bbc7-25235e89fed9','Phosphocholine','HMDB0001565','C00588',0.12,'LC-MS','lipid',-1.25);
INSERT INTO tumor_clone VALUES ('b71ccf18-5eab-4d0d-be3a-7c1ada337add','d4292afa-bee4-42e5-bbc7-25235e89fed9','clone_A',0.71,'[]',1,1,0.1364);
INSERT INTO tumor_clone VALUES ('2215b7eb-f7a1-4c9e-9265-0aae4827e527','d4292afa-bee4-42e5-bbc7-25235e89fed9','clone_B',0.29,'[]',0,2,0.0701);
INSERT INTO cell_cycle_state VALUES ('b26c4dfe-9c98-4b06-a5b7-331195667fba','d4292afa-bee4-42e5-bbc7-25235e89fed9',0.869,0.022,0.011,0.098,3.7888,480.0,1.5);
INSERT INTO apoptosis_marker VALUES ('b4698980-3bed-4430-9a9c-0fd0442a0713','d4292afa-bee4-42e5-bbc7-25235e89fed9',173.0,105.4545,82.0,2.11,0.0,6.5618,1.0011);
INSERT INTO dna_repair_status VALUES ('4ddc0749-f302-4dd4-a12d-069bf9a5a783','d4292afa-bee4-42e5-bbc7-25235e89fed9','mutated_somatic','mutated_somatic','proficient_MMR',0.04,1.3,29.3,0,'wildtype');
INSERT INTO metabolic_phenotype VALUES ('6192124b-eccf-424e-9f2b-b92c53860c59','d4292afa-bee4-42e5-bbc7-25235e89fed9',0.477,97.9969,0.1712,0.6352,0.05,0.8554,0.7137);
INSERT INTO stemness_profile VALUES ('11e51938-ac70-4b19-bfe9-2be4b54139e3','d4292afa-bee4-42e5-bbc7-25235e89fed9',63.8071,3.1918,11.675,0.0853,0.359,0.447,0.1711,0.2386);
INSERT INTO drug_resistance_feature VALUES ('09a0799e-2394-452f-b4fe-f449c83a9e71','d4292afa-bee4-42e5-bbc7-25235e89fed9',1.6,0.6181,0.5801,0.5246,'[]',0.7186);
INSERT INTO immune_infiltration VALUES ('d3f317f0-440e-4f89-9abf-f6952df91dab','d4292afa-bee4-42e5-bbc7-25235e89fed9',3.8,12.9129,12.8239,3.8496,6.1836,6.5297,18.2757,5.2043,5.5695,'CIBERSORT');
INSERT INTO checkpoint_expression VALUES ('defcecd3-454f-44e5-a33e-184557561003','d4292afa-bee4-42e5-bbc7-25235e89fed9',15.8,28.44,8.666,11.4595,11.4119,4.4594,7.3932,21.8762);
INSERT INTO cytokine_milieu VALUES ('46547422-90a4-4d36-90cc-ffcd84267a64','d4292afa-bee4-42e5-bbc7-25235e89fed9',35.9806,11.7324,4.7922,18.8813,18.6044,22.3,21.825,129.0825);
INSERT INTO stromal_composition VALUES ('6b4d91fe-1dc0-494e-b83a-469263df2645','d4292afa-bee4-42e5-bbc7-25235e89fed9',0.1738,0.1042,0.11,0.4985,3.6803,26.9644);
INSERT INTO ecm_profile VALUES ('c7403ec2-1e11-4786-91ed-7c929ac862a1','d4292afa-bee4-42e5-bbc7-25235e89fed9',16.2027,6.9233,19.1914,0.3179,0.3277,0.583,0.3084);
INSERT INTO hypoxia_vasculature VALUES ('47628fc9-0215-4775-8a8c-670239ffae55','d4292afa-bee4-42e5-bbc7-25235e89fed9',0.96,0.8877,11.2,0.2185,67.3116,183.6262,86.3765,24.2,7.2);
INSERT INTO organ_function VALUES ('73aff99f-8a6f-4a17-b346-7cd5eb90db56','e3511834-6f2c-4a75-9729-05c44f3751a9','2021-08-24',48.1,0.9772,26.7788,31.3681,6.0187,46.114,57.4,403.7854,1.0142);
INSERT INTO immune_baseline VALUES ('e256b36d-ad21-47d8-ba18-dc968c3de71a','e3511834-6f2c-4a75-9729-05c44f3751a9','2021-08-24',8.31,2.08,4.52,2.1731,611.2901,382.0475,248.3854,11.8113);
INSERT INTO hormonal_profile VALUES ('22e3b4dd-69e9-4ba1-8cd1-2394c60e4c40','e3511834-6f2c-4a75-9729-05c44f3751a9','2021-08-24',2.0,0.35,443.0,44.1077,14.3802,2.9471,4.6683);
INSERT INTO pharmacogenomics VALUES ('ccec7b49-5028-4038-8c36-e265ee8899b4','e3511834-6f2c-4a75-9729-05c44f3751a9','NM','NM','NM','*28/*28','low',0,'NM');
INSERT INTO body_composition VALUES ('26135b55-aff8-48d0-9e88-d134ee0362bf','e3511834-6f2c-4a75-9729-05c44f3751a9','2021-08-24',30.6,40.7,29.9111,142.7305,41.7978,1.6116);
INSERT INTO microbiome_profile VALUES ('37048c1c-ce97-4f78-8257-ae7dfc727e6a','e3511834-6f2c-4a75-9729-05c44f3751a9','2021-08-24','gut','16S_rRNA_V4',3.8467,1.3595,0.0705,'[{"genus": "Bacteroides", "rel": 0.316}, {"genus": "Faecalibacterium", "rel": 0.062}, {"genus": "Akkermansia", "rel": 0.0705}]',0);
INSERT INTO tumor_staging VALUES ('f74ca737-30a3-4ca0-91bb-8fa8420ddde7','e3511834-6f2c-4a75-9729-05c44f3751a9','2021-08-24','8500/3','C50.4','Invasive ductal carcinoma','T2','N1','M0','IIB',3,'right');
INSERT INTO imaging_measurement VALUES ('6345fbb7-9d52-470c-bf3f-212cffed9bc5','e3511834-6f2c-4a75-9729-05c44f3751a9','2021-07-27','MRI','L1','primary_left_breast',7.6,229.8473,2.2392,'SD','{"entropy": 7.58, "sphericity": 0.68}');
INSERT INTO pathology_report VALUES ('8025f751-4e08-4370-9c93-9d6d5860d203','e3511834-6f2c-4a75-9729-05c44f3751a9','2021-08-24','core_needle_biopsy','R0',6,12,0,0,24.0072);
INSERT INTO performance_status VALUES ('5793d2f9-7ba5-43e6-9fa7-cb125baa2fb9','e3511834-6f2c-4a75-9729-05c44f3751a9','2021-08-24',1,96,2,36.2763);
INSERT INTO liquid_biopsy VALUES ('50d20777-e56e-4925-b27f-5349f4218913','e3511834-6f2c-4a75-9729-05c44f3751a9','2021-08-24',0.1009,45.405,2,'[]','detected',11.8609);
INSERT INTO treatment_regimen VALUES ('98657aa9-1d76-4a84-9363-29d23fa63eaf','e3511834-6f2c-4a75-9729-05c44f3751a9',1,'Letrozole','adjuvant','2021-09-08','2022-05-12','planned_completion','PR',628);
INSERT INTO treatment_drug_dose VALUES ('ab62e8ea-f285-4f82-8bd7-869291c48fb4','98657aa9-1d76-4a84-9363-29d23fa63eaf','dea8e584-d12c-47bf-a4c0-e739973380b8','2021-09-08',87.0,82.0,5.7,'oral',1,1.1332);
INSERT INTO adverse_event VALUES ('ea577e12-7809-4b47-b77a-3a47f7dda891','e3511834-6f2c-4a75-9729-05c44f3751a9','98657aa9-1d76-4a84-9363-29d23fa63eaf','Arthralgia',1,'2021-11-30','2022-01-16','probable','none');
INSERT INTO adverse_event VALUES ('44481c59-ae08-48a3-bc23-554ddf70419e','e3511834-6f2c-4a75-9729-05c44f3751a9','98657aa9-1d76-4a84-9363-29d23fa63eaf','Neutropenia',1,'2021-12-06','2022-01-03','probable','none');
INSERT INTO adverse_event VALUES ('b2612eec-3312-4a60-805a-b4cdb127ed48','e3511834-6f2c-4a75-9729-05c44f3751a9','98657aa9-1d76-4a84-9363-29d23fa63eaf','Peripheral sensory neuropathy',2,'2021-09-27','2021-10-28','probable','none');
INSERT INTO radiation_plan VALUES ('58b656f0-1a6e-4969-a5b3-a487714360a2','e3511834-6f2c-4a75-9729-05c44f3751a9','photon_EBRT','CTV',48.7892,2.0,25,5,'IMRT',NULL,'{"heart": {"V20Gy_pct": "<25"}, "lung": {"mean_Gy": "<18"}}');
INSERT INTO carcinogen_exposure VALUES ('905ce536-053e-445f-8c0a-d0e170416643','e3511834-6f2c-4a75-9729-05c44f3751a9','former',31.2489,3.7948,30.8991,72.0249,'[]',0.0,0);
INSERT INTO diet_nutrition VALUES ('3471c711-5532-4b6a-8853-c439d7e5d1ca','e3511834-6f2c-4a75-9729-05c44f3751a9','2021-08-24','FFQ',1451.449,39.3611,185.7085,96.4373,20.3465,43.8149,16.7085,5.5594,'plant_based');
INSERT INTO physical_activity VALUES ('cc0874b9-ed69-4daf-a00f-c143417ffa6b','e3511834-6f2c-4a75-9729-05c44f3751a9','2021-08-24',301.5724,194.349,226.0678,5.4531,33.4597,3030,25.1042);
INSERT INTO stress_psychology VALUES ('c95d28e6-9428-4c6e-ba11-031575f923d3','e3511834-6f2c-4a75-9729-05c44f3751a9','2021-08-24',10,5,4,34.6403,274.66,7.5967,11);
INSERT INTO environmental_exposure VALUES ('10a1d8da-e27a-49aa-b39b-c90ba749277d','e3511834-6f2c-4a75-9729-05c44f3751a9','2021-08-24',15.7724,26.7387,41.2914,'negative',NULL,'negative','negative',8.4397,'naive');
INSERT INTO socioeconomic_context VALUES ('87bfc0fe-b5d8-42dd-91c4-525f8730050e','e3511834-6f2c-4a75-9729-05c44f3751a9','2021-08-24',51.6868,'private',0.63,0.9034,53.3345,'employed_full_time',33.5186,20);
INSERT INTO circadian_profile VALUES ('39d61d86-36d4-48a4-9243-783a139e9c46','e3511834-6f2c-4a75-9729-05c44f3751a9','2021-08-24','intermediate',89.9166,18.1104,'22:38',700.9233,0,9);

-- Patient 6: HER2+ HR-
INSERT INTO patient VALUES ('64733487-38e1-47eb-a4ab-5947ac170372','MRN-3364709','1946-12-17','female','White','{"EUR": 0.29, "AFR": 0.13}','2022-08-10','2022-08-10');
INSERT INTO genomic_sample VALUES ('65fbca07-0bd3-4494-8088-92d4086b8a28','64733487-38e1-47eb-a4ab-5947ac170372','tumor','C50.4','2022-08-20','Foundation One CDx',0.62,0,'FFPE');
INSERT INTO somatic_mutation VALUES ('5a51dcdd-45f6-4c46-be43-7e45e26467d4','65fbca07-0bd3-4494-8088-92d4086b8a28','MAP3K1','chr5',56115628,'G','A','SNV','missense_variant','p.Glu1298Lys',0.115,372,'oncogenic','COSV52721033','3A','SBS1');
INSERT INTO somatic_mutation VALUES ('f2ae04b9-584e-40ad-8d75-0933b90c6d6c','65fbca07-0bd3-4494-8088-92d4086b8a28','BRCA2','chr13',32338709,'A','T','SNV','stop_gained','p.Lys1690Ter',0.4865,224,'pathogenic','COSV52712043','1','SBS3');
INSERT INTO somatic_mutation VALUES ('3b3a1ea7-51bd-44e2-b8c3-a96ff78fe608','65fbca07-0bd3-4494-8088-92d4086b8a28','GATA3','chr10',8115610,'CT','C','indel','frameshift_variant','p.Thr443fs',0.3035,275,'oncogenic','COSV52704812','1','SBS5');
INSERT INTO somatic_mutation VALUES ('051f738f-d9d9-4024-8421-8af15487c6de','65fbca07-0bd3-4494-8088-92d4086b8a28','ERBB2','chr17',39725084,'A','G','SNV','missense_variant','p.Leu755Ser',0.2175,162,'oncogenic','COSV52735019','1','SBS5');
INSERT INTO copy_number_variant VALUES ('c4a02750-37f7-46c8-9c57-507ab0af7d94','65fbca07-0bd3-4494-8088-92d4086b8a28','ERBB2','chr17',37800000,38200000,13.9,3.64,'amplification',1);
INSERT INTO copy_number_variant VALUES ('caef8984-dede-4425-8cec-f8b1ac7a7baa','65fbca07-0bd3-4494-8088-92d4086b8a28','MYC','chr8',127700000,127800000,3.5,0.81,'neutral',0);
INSERT INTO copy_number_variant VALUES ('d5b90cc3-06ff-4688-9893-0dfaafe1b050','65fbca07-0bd3-4494-8088-92d4086b8a28','CDKN2A','chr9',21967000,21995000,0.0,-1.03,'shallow_deletion',0);
INSERT INTO gene_expression VALUES ('b4697bba-67b8-491b-8513-7a9c5085afee','65fbca07-0bd3-4494-8088-92d4086b8a28','ENSG00000091831','ESR1',247.41,24.74,619,1.42,71.3);
INSERT INTO gene_expression VALUES ('a411759c-104a-47a8-a8ec-b6ba7f8aa317','65fbca07-0bd3-4494-8088-92d4086b8a28','ENSG00000141736','ERBB2',508.36,50.84,1271,4.32,99.0);
INSERT INTO gene_expression VALUES ('d7c8c8ad-cecc-4536-9c18-38c75f72f29c','65fbca07-0bd3-4494-8088-92d4086b8a28','ENSG00000148773','MKI67',340.18,34.02,850,2.45,86.8);
INSERT INTO gene_expression VALUES ('36b2f9fd-0aaf-4c8b-8714-c7c25049096f','65fbca07-0bd3-4494-8088-92d4086b8a28','ENSG00000141510','TP53',53.84,2.97,312,-0.74,38.9);
INSERT INTO gene_expression VALUES ('cb7f2f8c-a983-4332-a235-89d198d284e9','65fbca07-0bd3-4494-8088-92d4086b8a28','ENSG00000012048','BRCA1',56.05,7.6,153,-0.71,39.4);
INSERT INTO gene_expression VALUES ('b916700a-69c6-4fc3-9ee3-1f8823bf383e','65fbca07-0bd3-4494-8088-92d4086b8a28','ENSG00000139618','BRCA2',68.11,0.1,53,-0.58,41.3);
INSERT INTO gene_expression VALUES ('87557e3c-327c-4ddb-8bd9-fd2b04274a90','65fbca07-0bd3-4494-8088-92d4086b8a28','ENSG00000171862','PTEN',33.35,6.63,442,-0.96,35.6);
INSERT INTO gene_expression VALUES ('605818cc-815e-452f-b0a2-97d4d8707a14','65fbca07-0bd3-4494-8088-92d4086b8a28','ENSG00000136997','MYC',90.09,14.2,463,-0.33,45.0);
INSERT INTO protein_expression VALUES ('87902494-1f41-48e5-9fba-d6709a64cf36','65fbca07-0bd3-4494-8088-92d4086b8a28','ESR1','P03372','IHC',-1.38,12.0,0,'NULL');
INSERT INTO protein_expression VALUES ('71c5b8c1-7670-431d-855a-195dd6b99cd5','65fbca07-0bd3-4494-8088-92d4086b8a28','PGR','P06401','IHC',-1.09,41.0,1,'NULL');
INSERT INTO protein_expression VALUES ('8aacb986-c5d6-4663-96b4-213faf9296f9','65fbca07-0bd3-4494-8088-92d4086b8a28','ERBB2','P04626','IHC',1.49,299.0,7,'pY1248');
INSERT INTO protein_expression VALUES ('5ad65522-b2dd-43db-8068-ea55fb4e65cc','65fbca07-0bd3-4494-8088-92d4086b8a28','MKI67','P46013','IHC',-0.15,126.0,0,'NULL');
INSERT INTO epigenetic_mark VALUES ('1857575e-6f76-4976-8634-56b2ab51827e','65fbca07-0bd3-4494-8088-92d4086b8a28','DNA_methylation','cg15629539',0.696,'1.195','ESR1','CpG_island',NULL);
INSERT INTO epigenetic_mark VALUES ('42d9ad7b-cc71-41ba-8d0a-e0e2bb9f6089','65fbca07-0bd3-4494-8088-92d4086b8a28','DNA_methylation','cg27053763',0.127,'-2.781','BRCA1','promoter',NULL);
INSERT INTO epigenetic_mark VALUES ('50c04fde-be8d-4280-9bbc-ea656a0bcd8e','65fbca07-0bd3-4494-8088-92d4086b8a28','H3K27ac','chr17:37800000-37850000',0.51,NULL,'ERBB2','enhancer','4.587');
INSERT INTO ncrna_profile VALUES ('8714e1ec-a8af-4da9-85f9-a84d732d23f0','65fbca07-0bd3-4494-8088-92d4086b8a28','miRNA','hsa-miR-21-5p','miR-21-5p',3.9,'["PTEN", "PDCD4"]');
INSERT INTO ncrna_profile VALUES ('9f259de8-54a8-46b3-9fdd-7e482ed70a5a','65fbca07-0bd3-4494-8088-92d4086b8a28','miRNA','hsa-miR-155-5p','miR-155-5p',1.76,'["SHIP1", "SOCS1"]');
INSERT INTO ncrna_profile VALUES ('03cd18c1-06f8-4884-81d4-1115ba7a2382','65fbca07-0bd3-4494-8088-92d4086b8a28','lncRNA','ENSG00000228630','HOTAIR',1.49,'["SHIP1", "SOCS1"]');
INSERT INTO ncrna_profile VALUES ('5bb397e3-d1c1-4955-ae19-8382b3c84e7b','65fbca07-0bd3-4494-8088-92d4086b8a28','lncRNA','ENSG00000251562','MALAT1',45.95,'["SHIP1", "SOCS1"]');
INSERT INTO metabolomics_profile VALUES ('641fd92e-cbab-4603-a3ef-edaa63983df5','65fbca07-0bd3-4494-8088-92d4086b8a28','Lactate','HMDB0000190','C00186',1.0,'LC-MS','organic_acid',-0.67);
INSERT INTO metabolomics_profile VALUES ('e116cc28-6097-4931-8acc-8e34a01c43a1','65fbca07-0bd3-4494-8088-92d4086b8a28','Glutamine','HMDB0000641','C00064',0.22,'LC-MS','amino_acid',-1.19);
INSERT INTO metabolomics_profile VALUES ('d82e3cb5-1e48-4a20-9348-9ebb68c2084a','65fbca07-0bd3-4494-8088-92d4086b8a28','Glucose','HMDB0000122','C00031',4.24,'LC-MS','carbohydrate',1.49);
INSERT INTO metabolomics_profile VALUES ('d183e670-ba55-413a-ba0e-c77a815e8c49','65fbca07-0bd3-4494-8088-92d4086b8a28','Phosphocholine','HMDB0001565','C00588',0.22,'LC-MS','lipid',-1.19);
INSERT INTO tumor_clone VALUES ('047e1b7a-7a71-43e1-a9d7-057012f8dbc6','65fbca07-0bd3-4494-8088-92d4086b8a28','clone_A',0.73,'[]',1,1,0.2341);
INSERT INTO tumor_clone VALUES ('1329c98e-5e7d-4f58-bac2-757d7932d07d','65fbca07-0bd3-4494-8088-92d4086b8a28','clone_B',0.27,'[]',0,2,0.1566);
INSERT INTO cell_cycle_state VALUES ('41426127-8fe1-4885-b0fa-143df9797c86','65fbca07-0bd3-4494-8088-92d4086b8a28',0.606,0.173,0.095,0.126,44.9942,332.2,6.7);
INSERT INTO apoptosis_marker VALUES ('99bbfd07-0ca4-4108-9b43-98952921d797','65fbca07-0bd3-4494-8088-92d4086b8a28',78.0,77.8976,68.0,1.15,0.3206,5.9638,1.1282);
INSERT INTO dna_repair_status VALUES ('ad4ae65d-d03a-479c-8a80-d25660b1b99e','65fbca07-0bd3-4494-8088-92d4086b8a28','mutated_somatic','mutated_somatic','proficient_MMR',0.04,7.0,14.4,0,'wildtype');
INSERT INTO metabolic_phenotype VALUES ('ac897c27-42aa-4e9a-b001-637170552d7a','65fbca07-0bd3-4494-8088-92d4086b8a28',0.304,82.0671,0.2024,0.4919,0.2209,1.0046,0.5923);
INSERT INTO stemness_profile VALUES ('7ec8d752-ec9c-4546-9fb2-956403e51b96','65fbca07-0bd3-4494-8088-92d4086b8a28',12.428,37.825,0.0,0.1116,0.214,0.208,0.2595,0.1985);
INSERT INTO drug_resistance_feature VALUES ('4e74bb9c-8e60-4841-8c4f-3e2f235cfcb3','65fbca07-0bd3-4494-8088-92d4086b8a28',1.03,0.636,0.3535,1.3892,'[]',0.6148);
INSERT INTO immune_infiltration VALUES ('636cdb09-8a54-4e15-8486-f004bc58af5e','65fbca07-0bd3-4494-8088-92d4086b8a28',3.3,6.1459,5.5174,6.2466,7.7323,6.7267,20.0924,5.1027,3.0111,'CIBERSORT');
INSERT INTO checkpoint_expression VALUES ('8ef3525c-2ace-4c28-a06c-1d2e64c3f663','65fbca07-0bd3-4494-8088-92d4086b8a28',28.2,50.76,11.3986,14.314,12.8887,11.961,7.4768,4.563);
INSERT INTO cytokine_milieu VALUES ('8ec8a407-d14d-4dff-8a1f-fcc7b7c86516','65fbca07-0bd3-4494-8088-92d4086b8a28',34.5298,12.7726,9.5963,5.8878,15.9292,20.4,45.7889,120.9987);
INSERT INTO stromal_composition VALUES ('efc23033-4715-4cc1-b0bc-962ff81b9431','65fbca07-0bd3-4494-8088-92d4086b8a28',0.3787,0.0719,0.1218,0.3205,2.6763,29.6219);
INSERT INTO ecm_profile VALUES ('15340619-c5e5-4723-b972-2fed36bb0d6e','65fbca07-0bd3-4494-8088-92d4086b8a28',11.0461,6.662,16.6975,0.499,0.2575,0.3932,0.4959);
INSERT INTO hypoxia_vasculature VALUES ('b14f97a6-de83-4299-8204-449433063648','65fbca07-0bd3-4494-8088-92d4086b8a28',1.15,0.778,8.1,0.3332,54.9716,246.1293,94.042,8.7,7.04);
INSERT INTO organ_function VALUES ('3f68a961-19d6-41e2-b115-004e323d74bd','64733487-38e1-47eb-a4ab-5947ac170372','2022-08-10',63.0,1.156,25.8783,24.4141,11.9223,37.4946,57.3,418.0607,1.0185);
INSERT INTO immune_baseline VALUES ('57bd09e0-5e69-4e01-813e-3ed1bab9b8b4','64733487-38e1-47eb-a4ab-5947ac170372','2022-08-10',8.53,0.9,4.84,5.3778,615.0164,464.432,158.1686,10.588);
INSERT INTO hormonal_profile VALUES ('da757dfe-fe25-4021-825c-264e32c845fb','64733487-38e1-47eb-a4ab-5947ac170372','2022-08-10',43.2,0.45,315.0,78.22,18.4428,1.8343,5.7325);
INSERT INTO pharmacogenomics VALUES ('71e2765e-aaca-457f-8f8d-d349bdea22fc','64733487-38e1-47eb-a4ab-5947ac170372','NM','UM','PM','*28/*28','low',0,'NM');
INSERT INTO body_composition VALUES ('0d602b13-7ff5-4f8c-a1dc-f065418eea53','64733487-38e1-47eb-a4ab-5947ac170372','2022-08-10',22.7,49.1,40.5516,76.5608,30.2341,1.6898);
INSERT INTO microbiome_profile VALUES ('3a92be11-4325-4182-8b32-717d0264c8a6','64733487-38e1-47eb-a4ab-5947ac170372','2022-08-10','gut','16S_rRNA_V4',3.6345,2.5576,0.021,'[{"genus": "Bacteroides", "rel": 0.271}, {"genus": "Faecalibacterium", "rel": 0.152}, {"genus": "Akkermansia", "rel": 0.021}]',0);
INSERT INTO tumor_staging VALUES ('2c61c14c-3c18-4fbb-a97f-8c16c8245cbd','64733487-38e1-47eb-a4ab-5947ac170372','2022-08-10','8500/3','C50.4','Invasive ductal carcinoma','T4','N2','M0','IIIB',3,'right');
INSERT INTO imaging_measurement VALUES ('4bc8baaa-52db-4787-81dc-600ee0e2baf4','64733487-38e1-47eb-a4ab-5947ac170372','2022-07-25','MRI','L1','primary_left_breast',22.6,6043.9928,2.2712,'SD','{"entropy": 5.0, "sphericity": 0.55}');
INSERT INTO pathology_report VALUES ('2107c9f3-a99b-43d2-9177-3a811d1979a1','64733487-38e1-47eb-a4ab-5947ac170372','2022-08-10','core_needle_biopsy','R0',8,11,0,0,50.5809);
INSERT INTO performance_status VALUES ('fdc9c0bf-8c3a-40df-9eb9-2d4e3fecaef9','64733487-38e1-47eb-a4ab-5947ac170372','2022-08-10',0,94,2,36.8124);
INSERT INTO liquid_biopsy VALUES ('9792841e-c676-4176-921c-3180f46af345','64733487-38e1-47eb-a4ab-5947ac170372','2022-08-10',0.0467,21.015,4,'[]','detected',8.2446);
INSERT INTO treatment_regimen VALUES ('38e20160-e6b7-4ee5-a47c-8c63216eb785','64733487-38e1-47eb-a4ab-5947ac170372',1,'Pertuzumab+Tras','neoadjuvant','2022-08-30','2023-02-28','planned_completion','PR',318);
INSERT INTO treatment_drug_dose VALUES ('f6c2420a-302b-4610-8fc4-656eb78a01b0','38e20160-e6b7-4ee5-a47c-8c63216eb785','ee7cd6f0-c90e-4aa4-be8c-5bd7dbf650f6','2022-08-30',41.0,41.0,0.0,'IV',1,1.0621);
INSERT INTO adverse_event VALUES ('bae9a773-281c-4e73-92fa-2771b1d41828','64733487-38e1-47eb-a4ab-5947ac170372','38e20160-e6b7-4ee5-a47c-8c63216eb785','Diarrhoea',2,'2022-10-20','2022-12-01','probable','none');
INSERT INTO adverse_event VALUES ('99554855-09e1-4c45-80e2-8876e3fb8bef','64733487-38e1-47eb-a4ab-5947ac170372','38e20160-e6b7-4ee5-a47c-8c63216eb785','Fatigue',1,'2022-11-14','2022-12-10','probable','none');
INSERT INTO adverse_event VALUES ('f3d0f103-a57e-4a4e-8fce-ec6bb56db2d9','64733487-38e1-47eb-a4ab-5947ac170372','38e20160-e6b7-4ee5-a47c-8c63216eb785','Alopecia',2,'2022-09-26','2022-11-16','probable','none');
INSERT INTO adverse_event VALUES ('f8af3593-dcee-4684-8a65-0281f13d15cb','64733487-38e1-47eb-a4ab-5947ac170372','38e20160-e6b7-4ee5-a47c-8c63216eb785','Peripheral sensory neuropathy',1,'2022-11-26','2022-12-26','probable','none');
INSERT INTO radiation_plan VALUES ('ba719c25-a93c-4593-8d8a-706b293b6ff7','64733487-38e1-47eb-a4ab-5947ac170372','photon_EBRT','CTV',53.5292,2.0,25,5,'IMRT',NULL,'{"heart": {"V20Gy_pct": "<25"}, "lung": {"mean_Gy": "<18"}}');
INSERT INTO carcinogen_exposure VALUES ('ed0aca2b-ef54-4249-8a7a-c0e0599136e9','64733487-38e1-47eb-a4ab-5947ac170372','never',0.0,4.3387,16.6531,63.066,'[]',0.0,0);
INSERT INTO diet_nutrition VALUES ('5d09535c-84d6-4664-9e64-38b4496d2ee2','64733487-38e1-47eb-a4ab-5947ac170372','2022-08-10','FFQ',1497.2097,60.6137,233.5915,70.9889,23.6529,48.8699,2.7066,13.6919,'Western');
INSERT INTO physical_activity VALUES ('e02dd9b0-be65-4b45-b44b-11e86f007d44','64733487-38e1-47eb-a4ab-5947ac170372','2022-08-10',208.1848,103.4845,193.9248,7.4988,37.8872,5655,19.3849);
INSERT INTO stress_psychology VALUES ('c96e40ab-85c4-4c50-ac04-dcfe3fa2917f','64733487-38e1-47eb-a4ab-5947ac170372','2022-08-10',18,3,14,45.2411,195.3,5.2564,14);
INSERT INTO environmental_exposure VALUES ('9525cf4f-09ff-490c-9dff-70885a3e99cb','64733487-38e1-47eb-a4ab-5947ac170372','2022-08-10',26.2155,3.0,64.2553,'negative',NULL,'negative','negative',9.6521,'naive');
INSERT INTO socioeconomic_context VALUES ('1cb51186-586f-4ece-85a5-71815adb861e','64733487-38e1-47eb-a4ab-5947ac170372','2022-08-10',45.1622,'private',0.6843,0.7341,81.8337,'retired',31.7202,11);
INSERT INTO circadian_profile VALUES ('ca4c7314-0cab-43af-9125-47160c6db992','64733487-38e1-47eb-a4ab-5947ac170372','2022-08-10','intermediate',88.6276,31.4461,'22:17',987.9875,0,9);

-- Patient 7: TNBC
INSERT INTO patient VALUES ('5e64f07d-9c45-494d-a715-0b5e91b1c7b3','MRN-0447552','1971-01-18','female','East Asian','{"EUR": 0.77, "AFR": 0.17}','2019-09-24','2019-09-24');
INSERT INTO genomic_sample VALUES ('f68dd00c-22b0-4521-9729-f169c3f7f7c6','5e64f07d-9c45-494d-a715-0b5e91b1c7b3','tumor','C50.4','2019-09-25','Guardant360',0.92,0,'FFPE');
INSERT INTO somatic_mutation VALUES ('4f2c4140-b50a-45ec-819a-4cd44d88c722','f68dd00c-22b0-4521-9729-f169c3f7f7c6','TP53','chr17',7674220,'G','A','SNV','missense_variant','p.Arg248Trp',0.5214,334,'oncogenic','COSV52743007','1','SBS5');
INSERT INTO somatic_mutation VALUES ('5ee15b2e-4734-4f1b-83b6-6830cdc7d4a0','f68dd00c-22b0-4521-9729-f169c3f7f7c6','GATA3','chr10',8115610,'CT','C','indel','frameshift_variant','p.Thr443fs',0.3678,234,'oncogenic','COSV52704812','1','SBS5');
INSERT INTO somatic_mutation VALUES ('1d97b65e-f74a-4f3a-9ae9-aaa87a64ed45','f68dd00c-22b0-4521-9729-f169c3f7f7c6','ESR1','chr6',152098794,'T','C','SNV','missense_variant','p.Tyr537Cys',0.1316,327,'oncogenic','COSV52744551','1','SBS1');
INSERT INTO somatic_mutation VALUES ('aa901750-a870-4d03-b020-795e7317bc4b','f68dd00c-22b0-4521-9729-f169c3f7f7c6','BRCA1','chr17',43094464,'T','A','SNV','missense_variant','p.Cys1697Ser',0.4035,287,'pathogenic','COSV52701256','1','SBS3');
INSERT INTO somatic_mutation VALUES ('d1fd0928-5264-4563-a8bd-6c943f67b005','f68dd00c-22b0-4521-9729-f169c3f7f7c6','PIK3CA','chr3',179234297,'C','T','SNV','missense_variant','p.His1047Arg',0.3588,232,'oncogenic','COSV52748762','1','SBS1');
INSERT INTO copy_number_variant VALUES ('31ac76d5-923d-481c-9b13-932be0438676','f68dd00c-22b0-4521-9729-f169c3f7f7c6','PTEN','chr10',89600000,89900000,0.0,-1.92,'deep_deletion',1);
INSERT INTO copy_number_variant VALUES ('5ddcbb40-08fc-47ce-b40a-dedeb0d4f9d8','f68dd00c-22b0-4521-9729-f169c3f7f7c6','MYC','chr8',127700000,127800000,4.3,1.37,'amplification',0);
INSERT INTO copy_number_variant VALUES ('9b2930b9-b427-40bd-a2f1-4f9dab05abfe','f68dd00c-22b0-4521-9729-f169c3f7f7c6','CDKN2A','chr9',21967000,21995000,0.6,-2.14,'shallow_deletion',0);
INSERT INTO gene_expression VALUES ('ac6a6139-1cd8-4a62-9928-32ede7833366','f68dd00c-22b0-4521-9729-f169c3f7f7c6','ENSG00000091831','ESR1',198.58,19.86,496,0.87,63.0);
INSERT INTO gene_expression VALUES ('ea050762-4598-4d7d-bfdb-657c4dcb7868','f68dd00c-22b0-4521-9729-f169c3f7f7c6','ENSG00000141736','ERBB2',31.7,3.17,79,-0.98,35.3);
INSERT INTO gene_expression VALUES ('96e24fc5-1e32-47eb-a64f-e7bdd2e38c06','f68dd00c-22b0-4521-9729-f169c3f7f7c6','ENSG00000148773','MKI67',456.92,45.69,1142,3.74,99.0);
INSERT INTO gene_expression VALUES ('7401bf0e-e080-4e45-8763-ee5e2641f605','f68dd00c-22b0-4521-9729-f169c3f7f7c6','ENSG00000141510','TP53',80.14,3.88,173,-0.44,43.4);
INSERT INTO gene_expression VALUES ('118eb7d4-c062-4072-96f8-10a4506ee505','f68dd00c-22b0-4521-9729-f169c3f7f7c6','ENSG00000012048','BRCA1',40.6,3.04,166,-0.88,36.8);
INSERT INTO gene_expression VALUES ('d6e24099-c04d-41ec-b351-7f3d835b1b4b','f68dd00c-22b0-4521-9729-f169c3f7f7c6','ENSG00000139618','BRCA2',50.96,5.77,236,-0.77,38.5);
INSERT INTO gene_expression VALUES ('d6a9f5ff-a0bc-42f7-a589-396d9728be9a','f68dd00c-22b0-4521-9729-f169c3f7f7c6','ENSG00000171862','PTEN',70.78,7.12,223,-0.55,41.8);
INSERT INTO gene_expression VALUES ('a2894132-baa2-45c6-a437-1fd5cb6851d7','f68dd00c-22b0-4521-9729-f169c3f7f7c6','ENSG00000136997','MYC',45.06,7.73,400,-0.83,37.5);
INSERT INTO protein_expression VALUES ('84fcf3de-3ed1-4e34-9174-3a7f77b72638','f68dd00c-22b0-4521-9729-f169c3f7f7c6','ESR1','P03372','IHC',-1.5,0.0,0,'NULL');
INSERT INTO protein_expression VALUES ('639d63ca-0e79-4138-b23b-d5ed75634a7e','f68dd00c-22b0-4521-9729-f169c3f7f7c6','PGR','P06401','IHC',-1.35,15.0,0,'NULL');
INSERT INTO protein_expression VALUES ('28653846-bc7e-43b3-9d8c-5342fa59d5b7','f68dd00c-22b0-4521-9729-f169c3f7f7c6','ERBB2','P04626','IHC',-1.14,36.0,1,'pY1248');
INSERT INTO protein_expression VALUES ('5dc912ea-87ff-4c55-ac4a-76de9122a10c','f68dd00c-22b0-4521-9729-f169c3f7f7c6','MKI67','P46013','IHC',0.37,174.0,0,'NULL');
INSERT INTO epigenetic_mark VALUES ('5dca42fd-64df-4604-9062-4865b7380942','f68dd00c-22b0-4521-9729-f169c3f7f7c6','DNA_methylation','cg15629539',0.706,'1.264','ESR1','CpG_island',NULL);
INSERT INTO epigenetic_mark VALUES ('f3caf711-a93e-4bfe-a175-34267c05fb66','f68dd00c-22b0-4521-9729-f169c3f7f7c6','DNA_methylation','cg27053763',0.148,'-2.525','BRCA1','promoter',NULL);
INSERT INTO epigenetic_mark VALUES ('9741e52c-8159-40ac-ae40-dbe63ca06733','f68dd00c-22b0-4521-9729-f169c3f7f7c6','H3K27ac','chr17:37800000-37850000',0.153,NULL,'ERBB2','enhancer','1.78');
INSERT INTO ncrna_profile VALUES ('2f3d82a4-f8b9-48e8-8686-3cdfde7699b7','f68dd00c-22b0-4521-9729-f169c3f7f7c6','miRNA','hsa-miR-21-5p','miR-21-5p',9.47,'["PTEN", "PDCD4"]');
INSERT INTO ncrna_profile VALUES ('10fa4ae5-a787-45a7-9e14-1c595edf648d','f68dd00c-22b0-4521-9729-f169c3f7f7c6','miRNA','hsa-miR-155-5p','miR-155-5p',6.06,'["SHIP1", "SOCS1"]');
INSERT INTO ncrna_profile VALUES ('fb579453-20a2-4bc4-b48c-e0ff4c3a298f','f68dd00c-22b0-4521-9729-f169c3f7f7c6','lncRNA','ENSG00000228630','HOTAIR',0.56,'["SHIP1", "SOCS1"]');
INSERT INTO ncrna_profile VALUES ('5d63e83b-bb1e-48ff-8423-762a2b4ef512','f68dd00c-22b0-4521-9729-f169c3f7f7c6','lncRNA','ENSG00000251562','MALAT1',47.56,'["SHIP1", "SOCS1"]');
INSERT INTO metabolomics_profile VALUES ('9e1d6b83-d377-4da1-a095-cf26d1d04b1a','f68dd00c-22b0-4521-9729-f169c3f7f7c6','Lactate','HMDB0000190','C00186',3.58,'LC-MS','organic_acid',1.05);
INSERT INTO metabolomics_profile VALUES ('f0460633-7a0c-42c0-ac5c-d14496586e21','f68dd00c-22b0-4521-9729-f169c3f7f7c6','Glutamine','HMDB0000641','C00064',0.4,'LC-MS','amino_acid',-1.07);
INSERT INTO metabolomics_profile VALUES ('143bda12-4539-4204-8a8e-a017c31ae098','f68dd00c-22b0-4521-9729-f169c3f7f7c6','Glucose','HMDB0000122','C00031',4.94,'LC-MS','carbohydrate',1.96);
INSERT INTO metabolomics_profile VALUES ('06cc1081-5971-4c28-8fe1-d03bba3c5440','f68dd00c-22b0-4521-9729-f169c3f7f7c6','Phosphocholine','HMDB0001565','C00588',0.26,'LC-MS','lipid',-1.16);
INSERT INTO tumor_clone VALUES ('2b888d4a-9417-4aac-92fc-51c17c4fb0d5','f68dd00c-22b0-4521-9729-f169c3f7f7c6','clone_A',0.8,'[]',1,1,0.0752);
INSERT INTO tumor_clone VALUES ('9001c084-5d32-4426-9e07-9d6d230f61c5','f68dd00c-22b0-4521-9729-f169c3f7f7c6','clone_B',0.2,'[]',0,2,0.0789);
INSERT INTO cell_cycle_state VALUES ('314bb2ab-eb80-419b-ae1e-71a6b751859e','f68dd00c-22b0-4521-9729-f169c3f7f7c6',0.406,0.286,0.171,0.137,62.2149,249.0,9.7);
INSERT INTO apoptosis_marker VALUES ('701835a8-177e-482a-a8bd-99d93ef88c3f','f68dd00c-22b0-4521-9729-f169c3f7f7c6',51.0,146.5647,94.0,0.54,0.2125,3.4279,1.6882);
INSERT INTO dna_repair_status VALUES ('2dc87f28-55ba-4550-8d74-a3f7bf31573e','f68dd00c-22b0-4521-9729-f169c3f7f7c6','mutated_somatic','mutated_somatic','deficient_MMR',0.32,9.1,63.6,0,'wildtype');
INSERT INTO metabolic_phenotype VALUES ('be629c8f-7cac-4b03-88b8-ece649cc1066','f68dd00c-22b0-4521-9729-f169c3f7f7c6',0.796,62.6131,0.5017,0.3395,0.5294,1.2879,0.5273);
INSERT INTO stemness_profile VALUES ('3e45d5b9-8c14-468d-9f8e-7f8fba4fd2f0','f68dd00c-22b0-4521-9729-f169c3f7f7c6',192.5192,30.2768,21.9193,0.4018,0.513,0.667,0.8141,0.5386);
INSERT INTO drug_resistance_feature VALUES ('00b84f38-911b-4932-b2f3-8a07e78255b4','f68dd00c-22b0-4521-9729-f169c3f7f7c6',0.75,0.5309,0.4862,1.3289,'[]',0.3817);
INSERT INTO immune_infiltration VALUES ('5df8d4e3-735d-49a2-b248-44134daf213f','f68dd00c-22b0-4521-9729-f169c3f7f7c6',22.0,7.5147,4.4219,4.8903,2.7901,9.2461,13.0955,4.0432,6.2938,'CIBERSORT');
INSERT INTO checkpoint_expression VALUES ('902069ec-c8ab-4997-b7de-e69b2c23699c','f68dd00c-22b0-4521-9729-f169c3f7f7c6',46.5,83.7,9.2613,11.2884,13.7175,16.5258,5.3858,18.7265);
INSERT INTO cytokine_milieu VALUES ('d5a64629-1c8a-457d-8744-3dd709180d04','f68dd00c-22b0-4521-9729-f169c3f7f7c6',18.2163,11.2887,12.3594,32.3539,16.6224,26.3,85.9133,102.8596);
INSERT INTO stromal_composition VALUES ('be3dd323-63e7-497f-889c-16e9db3874b7','f68dd00c-22b0-4521-9729-f169c3f7f7c6',0.1711,0.0845,0.1076,0.1762,2.1159,38.1562);
INSERT INTO ecm_profile VALUES ('899222e3-a33e-44a2-915d-7bdbead4f243','f68dd00c-22b0-4521-9729-f169c3f7f7c6',12.2556,11.9067,20.4077,0.3571,0.2635,0.6179,0.3508);
INSERT INTO hypoxia_vasculature VALUES ('7c545f53-8ebf-4357-bd7a-0f8f6b62c466','f68dd00c-22b0-4521-9729-f169c3f7f7c6',1.94,1.4953,3.1,0.2671,93.6174,168.9323,60.9332,22.3,6.91);
INSERT INTO organ_function VALUES ('f25485fc-2f4c-4317-8ce9-2f9ead997263','5e64f07d-9c45-494d-a715-0b5e91b1c7b3','2019-09-24',59.7,1.1164,31.1264,19.9058,5.0,45.0055,61.2,388.493,1.0748);
INSERT INTO immune_baseline VALUES ('9ec8cacf-7a1a-4fac-af13-879b372a69e6','5e64f07d-9c45-494d-a715-0b5e91b1c7b3','2019-09-24',4.61,1.54,5.42,3.5195,415.9964,403.3266,220.8401,6.051);
INSERT INTO hormonal_profile VALUES ('07322e52-e4ed-4d28-94ed-997da7687cdf','5e64f07d-9c45-494d-a715-0b5e91b1c7b3','2019-09-24',187.5,0.57,486.0,115.6987,12.8966,2.2658,3.3932);
INSERT INTO pharmacogenomics VALUES ('97bca960-40b5-4149-85db-34cd4ee680f7','5e64f07d-9c45-494d-a715-0b5e91b1c7b3','UM','NM','NM','*1/*28','normal',0,'NM');
INSERT INTO body_composition VALUES ('c2500830-5623-4bbd-8a16-54d24fb2506c','5e64f07d-9c45-494d-a715-0b5e91b1c7b3','2019-09-24',17.4,38.8,30.8327,50.6746,17.8446,1.6956);
INSERT INTO microbiome_profile VALUES ('4a347a9d-f879-4a38-8e97-f65e82f0caa3','5e64f07d-9c45-494d-a715-0b5e91b1c7b3','2019-09-24','gut','16S_rRNA_V4',4.4033,2.4257,0.0297,'[{"genus": "Bacteroides", "rel": 0.305}, {"genus": "Faecalibacterium", "rel": 0.072}, {"genus": "Akkermansia", "rel": 0.0297}]',1);
INSERT INTO tumor_staging VALUES ('1b42e5fd-416a-4dc6-874e-571d236309d9','5e64f07d-9c45-494d-a715-0b5e91b1c7b3','2019-09-24','8500/3','C50.4','Invasive ductal carcinoma, triple negative','T3','N2','M0','IIIA',3,'left');
INSERT INTO imaging_measurement VALUES ('0c751aac-7ff8-42f2-937c-8664c23ab646','5e64f07d-9c45-494d-a715-0b5e91b1c7b3','2019-09-02','MRI','L1','primary_left_breast',24.9,8083.4483,2.6449,'SD','{"entropy": 5.08, "sphericity": 0.72}');
INSERT INTO pathology_report VALUES ('471a1161-854b-4003-9c19-63671a3b09ee','5e64f07d-9c45-494d-a715-0b5e91b1c7b3','2019-09-24','core_needle_biopsy','R0',3,14,1,0,35.391);
INSERT INTO performance_status VALUES ('748869e1-c4ea-49bc-92f3-1cb469b4eb7c','5e64f07d-9c45-494d-a715-0b5e91b1c7b3','2019-09-24',2,77,1,39.9324);
INSERT INTO liquid_biopsy VALUES ('6751c18e-7ce2-4b76-a2bd-9591596eaa58','5e64f07d-9c45-494d-a715-0b5e91b1c7b3','2019-09-24',0.1289,58.005,7,'[]','detected',13.0034);
INSERT INTO treatment_regimen VALUES ('89655d4f-87dd-456f-ac50-70281a691b65','5e64f07d-9c45-494d-a715-0b5e91b1c7b3',1,'AC-T','neoadjuvant','2019-10-11','2021-01-21','planned_completion','PR',320);
INSERT INTO treatment_drug_dose VALUES ('e29a4cdb-dd02-42cd-a769-8532b3fbbaf8','89655d4f-87dd-456f-ac50-70281a691b65','8ed4a385-e60c-4c06-9827-b17fc4f5be7e','2019-10-11',88.0,84.0,4.5,'IV',1,1.9612);
INSERT INTO adverse_event VALUES ('a7aa2d79-0997-4d22-9af0-14ac99789918','5e64f07d-9c45-494d-a715-0b5e91b1c7b3','89655d4f-87dd-456f-ac50-70281a691b65','Diarrhoea',1,'2019-11-23','2020-01-10','probable','none');
INSERT INTO adverse_event VALUES ('785d45a7-0a19-4c8c-932a-420d03256918','5e64f07d-9c45-494d-a715-0b5e91b1c7b3','89655d4f-87dd-456f-ac50-70281a691b65','Alopecia',3,'2019-10-25','2019-11-06','probable','dose_reduction');
INSERT INTO adverse_event VALUES ('a7972b9d-72af-4a2e-9cbb-d75885c81421','5e64f07d-9c45-494d-a715-0b5e91b1c7b3','89655d4f-87dd-456f-ac50-70281a691b65','Nausea',2,'2020-01-09','2020-02-19','probable','none');
INSERT INTO radiation_plan VALUES ('c6382896-2933-4577-87be-7458bafa7848','5e64f07d-9c45-494d-a715-0b5e91b1c7b3','photon_EBRT','CTV',49.1191,2.0,25,5,'IMRT',NULL,'{"heart": {"V20Gy_pct": "<25"}, "lung": {"mean_Gy": "<18"}}');
INSERT INTO carcinogen_exposure VALUES ('8df911be-20a1-4ca3-94cc-b07d264c2f8d','5e64f07d-9c45-494d-a715-0b5e91b1c7b3','current',23.3046,3.7131,33.5109,49.4232,'[]',0.0,0);
INSERT INTO diet_nutrition VALUES ('4f59dd1c-f0da-4908-a80e-86e0faaa13dd','5e64f07d-9c45-494d-a715-0b5e91b1c7b3','2019-09-24','FFQ',2779.4473,43.1407,168.0123,84.6937,36.1508,30.1895,39.9506,2.4978,'Mediterranean');
INSERT INTO physical_activity VALUES ('93c0722b-329c-43e5-b314-f6f609620791','5e64f07d-9c45-494d-a715-0b5e91b1c7b3','2019-09-24',490.4954,197.7927,245.0891,7.4149,18.3856,7091,15.5593);
INSERT INTO stress_psychology VALUES ('d621a69a-1e2b-4065-868e-7a4ef1b0fced','5e64f07d-9c45-494d-a715-0b5e91b1c7b3','2019-09-24',14,11,11,38.8785,301.32,8.7804,7);
INSERT INTO environmental_exposure VALUES ('76b06182-577f-43c0-9905-b2241f7c2151','5e64f07d-9c45-494d-a715-0b5e91b1c7b3','2019-09-24',20.5017,10.4012,24.9929,'negative',NULL,'negative','negative',10.9098,'naive');
INSERT INTO socioeconomic_context VALUES ('144544cc-48e4-4e53-bab8-534697426068','5e64f07d-9c45-494d-a715-0b5e91b1c7b3','2019-09-24',43.4426,'public_Medicare',0.4442,0.5457,85.3284,'unable_to_work_disability',48.059,16);
INSERT INTO circadian_profile VALUES ('87271351-b0a3-4d55-aa60-8222a4904f73','5e64f07d-9c45-494d-a715-0b5e91b1c7b3','2019-09-24','evening',78.1919,25.5729,'22:06',881.4127,0,10);

-- Patient 8: HR+/HER2- early
INSERT INTO patient VALUES ('f7ba4f49-afaa-445a-b4ea-efbffa9305bf','MRN-8657318','1962-03-17','female','White','{"EUR": 0.86, "AFR": 0.09}','2020-08-22','2020-08-22');
INSERT INTO genomic_sample VALUES ('cae77cd5-d4e4-4b45-a4ad-898da8d03fbd','f7ba4f49-afaa-445a-b4ea-efbffa9305bf','tumor','C50.4','2020-09-10','Foundation One CDx',0.82,0,'FFPE');
INSERT INTO somatic_mutation VALUES ('af45b44f-4848-43ff-af75-bf1b321087bf','cae77cd5-d4e4-4b45-a4ad-898da8d03fbd','MYC','chr8',127735434,'A','G','SNV','missense_variant','p.Thr58Ala',0.2963,237,'oncogenic','COSV52759832','3A','SBS5');
INSERT INTO somatic_mutation VALUES ('89132e66-b82e-4a9f-9271-eb58879eaa0e','cae77cd5-d4e4-4b45-a4ad-898da8d03fbd','TP53','chr17',7674220,'G','A','SNV','missense_variant','p.Arg248Trp',0.4991,239,'oncogenic','COSV52743007','1','SBS5');
INSERT INTO somatic_mutation VALUES ('6fac225d-f9fa-4d1c-b378-ff650f6b961f','cae77cd5-d4e4-4b45-a4ad-898da8d03fbd','BRCA2','chr13',32338709,'A','T','SNV','stop_gained','p.Lys1690Ter',0.497,140,'pathogenic','COSV52712043','1','SBS3');
INSERT INTO copy_number_variant VALUES ('0200b8d8-8f42-47dc-8f3a-54d0d4dd105c','cae77cd5-d4e4-4b45-a4ad-898da8d03fbd','MYC','chr8',127700000,127800000,3.1,1.1,'neutral',0);
INSERT INTO copy_number_variant VALUES ('acc02508-c93d-4965-a6f3-408d8575b8a2','cae77cd5-d4e4-4b45-a4ad-898da8d03fbd','CDKN2A','chr9',21967000,21995000,0.1,-1.72,'shallow_deletion',0);
INSERT INTO gene_expression VALUES ('2f8db6d1-04f5-43a1-bab5-4cf7eb83ef79','cae77cd5-d4e4-4b45-a4ad-898da8d03fbd','ENSG00000091831','ESR1',1042.98,104.3,2607,10.26,99.0);
INSERT INTO gene_expression VALUES ('0fe5fcb0-aae7-463d-b340-d6ff7aecadf3','cae77cd5-d4e4-4b45-a4ad-898da8d03fbd','ENSG00000141736','ERBB2',31.87,3.19,80,-0.98,35.3);
INSERT INTO gene_expression VALUES ('b98c3084-12dd-4603-b662-74401684889f','cae77cd5-d4e4-4b45-a4ad-898da8d03fbd','ENSG00000148773','MKI67',124.77,12.48,312,0.05,50.8);
INSERT INTO gene_expression VALUES ('d8a1dbab-bd18-4a83-ab81-74b65d1246fc','cae77cd5-d4e4-4b45-a4ad-898da8d03fbd','ENSG00000141510','TP53',1.0,5.43,472,-1.32,30.2);
INSERT INTO gene_expression VALUES ('aa9349ba-1d5c-4072-a819-72b5ef92b3f6','cae77cd5-d4e4-4b45-a4ad-898da8d03fbd','ENSG00000012048','BRCA1',1.33,5.62,345,-1.32,30.2);
INSERT INTO gene_expression VALUES ('4f25e594-b1df-46d1-8af0-81d82b9d8539','cae77cd5-d4e4-4b45-a4ad-898da8d03fbd','ENSG00000139618','BRCA2',65.43,6.01,268,-0.61,40.9);
INSERT INTO gene_expression VALUES ('34252b00-e077-4d57-87cd-7d62738810f2','cae77cd5-d4e4-4b45-a4ad-898da8d03fbd','ENSG00000171862','PTEN',52.46,2.59,174,-0.75,38.8);
INSERT INTO gene_expression VALUES ('c6c50f64-bd17-4a32-a286-267f8ae8da0a','cae77cd5-d4e4-4b45-a4ad-898da8d03fbd','ENSG00000136997','MYC',70.99,8.46,597,-0.54,41.9);
INSERT INTO protein_expression VALUES ('87a12c21-409f-4c8a-bc93-69f51bce9b4c','cae77cd5-d4e4-4b45-a4ad-898da8d03fbd','ESR1','P03372','IHC',1.04,254.0,6,'NULL');
INSERT INTO protein_expression VALUES ('ad954e15-076f-472c-9169-d3b135715b72','cae77cd5-d4e4-4b45-a4ad-898da8d03fbd','PGR','P06401','IHC',0.45,195.0,5,'NULL');
INSERT INTO protein_expression VALUES ('1e66aae6-762b-4804-a587-984bf116ab34','cae77cd5-d4e4-4b45-a4ad-898da8d03fbd','ERBB2','P04626','IHC',-0.94,56.0,1,'pY1248');
INSERT INTO protein_expression VALUES ('424d3c7c-ebf9-4383-9947-c8d66a9b200b','cae77cd5-d4e4-4b45-a4ad-898da8d03fbd','MKI67','P46013','IHC',-0.96,51.0,0,'NULL');
INSERT INTO epigenetic_mark VALUES ('a35a8ffd-a808-49e3-8327-819648049929','cae77cd5-d4e4-4b45-a4ad-898da8d03fbd','DNA_methylation','cg15629539',0.13,'-2.743','ESR1','CpG_island',NULL);
INSERT INTO epigenetic_mark VALUES ('cf5689e2-4f16-4fc3-a382-500c25b440bd','cae77cd5-d4e4-4b45-a4ad-898da8d03fbd','DNA_methylation','cg27053763',0.285,'-1.327','BRCA1','promoter',NULL);
INSERT INTO epigenetic_mark VALUES ('7c428e0b-5e0b-4070-a235-153d83c04dc7','cae77cd5-d4e4-4b45-a4ad-898da8d03fbd','H3K27ac','chr17:37800000-37850000',0.315,NULL,'ERBB2','enhancer',NULL);
INSERT INTO ncrna_profile VALUES ('58992e2c-4616-47c6-955f-0a5016a8e67a','cae77cd5-d4e4-4b45-a4ad-898da8d03fbd','miRNA','hsa-miR-21-5p','miR-21-5p',2.74,'["PTEN", "PDCD4"]');
INSERT INTO ncrna_profile VALUES ('0a8da66f-ab46-436f-ae0d-d6ac2b2e9b63','cae77cd5-d4e4-4b45-a4ad-898da8d03fbd','miRNA','hsa-miR-155-5p','miR-155-5p',3.06,'["SHIP1", "SOCS1"]');
INSERT INTO ncrna_profile VALUES ('d1692696-fc9b-4abb-a72f-0e2f04438f53','cae77cd5-d4e4-4b45-a4ad-898da8d03fbd','lncRNA','ENSG00000228630','HOTAIR',3.59,'["SHIP1", "SOCS1"]');
INSERT INTO ncrna_profile VALUES ('851dd98b-c6a0-42b6-a806-189fcaddc3c6','cae77cd5-d4e4-4b45-a4ad-898da8d03fbd','lncRNA','ENSG00000251562','MALAT1',37.47,'["SHIP1", "SOCS1"]');
INSERT INTO metabolomics_profile VALUES ('6cd6a2c6-29d7-42f7-aa9c-034971986018','cae77cd5-d4e4-4b45-a4ad-898da8d03fbd','Lactate','HMDB0000190','C00186',2.3,'LC-MS','organic_acid',0.2);
INSERT INTO metabolomics_profile VALUES ('a5f1ea80-4997-430f-b940-29d732844779','cae77cd5-d4e4-4b45-a4ad-898da8d03fbd','Glutamine','HMDB0000641','C00064',0.44,'LC-MS','amino_acid',-1.04);
INSERT INTO metabolomics_profile VALUES ('59834e73-a7e0-46bb-9111-31315d0f366d','cae77cd5-d4e4-4b45-a4ad-898da8d03fbd','Glucose','HMDB0000122','C00031',4.43,'LC-MS','carbohydrate',1.62);
INSERT INTO metabolomics_profile VALUES ('a09af3a3-ccdb-4217-9a70-436ced5ab956','cae77cd5-d4e4-4b45-a4ad-898da8d03fbd','Phosphocholine','HMDB0001565','C00588',0.22,'LC-MS','lipid',-1.19);
INSERT INTO tumor_clone VALUES ('a0533884-29ce-4cdd-bfeb-5db8126ec573','cae77cd5-d4e4-4b45-a4ad-898da8d03fbd','clone_A',0.58,'[]',1,1,0.1176);
INSERT INTO tumor_clone VALUES ('b88fc681-6bd8-4a2a-bec3-824e43a67a70','cae77cd5-d4e4-4b45-a4ad-898da8d03fbd','clone_B',0.42,'[]',0,2,0.077);
INSERT INTO cell_cycle_state VALUES ('2c657f13-911d-4087-b441-b2ea0f744025','cae77cd5-d4e4-4b45-a4ad-898da8d03fbd',0.747,0.084,0.045,0.124,18.0593,480.0,3.0);
INSERT INTO apoptosis_marker VALUES ('f4f79e55-c74a-47b4-8677-e96ca1c5a38b','cae77cd5-d4e4-4b45-a4ad-898da8d03fbd',132.0,99.7751,108.0,1.22,0.1728,9.1051,0.2587);
INSERT INTO dna_repair_status VALUES ('067a547b-2e59-4853-bf37-6613441f6e2e','cae77cd5-d4e4-4b45-a4ad-898da8d03fbd','mutated_somatic','mutated_somatic','proficient_MMR',0.04,1.2,21.7,0,'wildtype');
INSERT INTO metabolic_phenotype VALUES ('8edabf31-04b0-429b-86cf-f7d4bb05db05','cae77cd5-d4e4-4b45-a4ad-898da8d03fbd',0.448,93.786,0.1778,0.2293,0.3144,1.0954,0.7046);
INSERT INTO stemness_profile VALUES ('7e6f8ccb-40e8-4f03-9d74-199adbeac0d9','cae77cd5-d4e4-4b45-a4ad-898da8d03fbd',45.4664,42.1072,20.4648,0.1801,0.404,0.197,0.2242,0.2482);
INSERT INTO drug_resistance_feature VALUES ('03ca4a9c-2809-4697-bb20-8e3662631f1d','cae77cd5-d4e4-4b45-a4ad-898da8d03fbd',0.67,0.9995,0.491,1.2799,'[]',0.8002);
INSERT INTO immune_infiltration VALUES ('f0bb692d-2264-430a-a407-6fd3e4198387','cae77cd5-d4e4-4b45-a4ad-898da8d03fbd',12.3,7.8766,6.4269,5.9938,4.5926,9.4266,17.8455,6.8344,7.0746,'CIBERSORT');
INSERT INTO checkpoint_expression VALUES ('a7025921-571e-401c-b1e4-5695158187a4','cae77cd5-d4e4-4b45-a4ad-898da8d03fbd',0.0,0.0,7.2359,11.3059,7.3305,17.7236,6.5466,28.2188);
INSERT INTO cytokine_milieu VALUES ('024948e4-c280-4ccd-ae85-51de29948996','cae77cd5-d4e4-4b45-a4ad-898da8d03fbd',31.7262,7.4823,6.1841,14.3636,7.2608,26.8,30.199,102.026);
INSERT INTO stromal_composition VALUES ('16f50b60-2414-45d8-93f3-8e5c333695c9','cae77cd5-d4e4-4b45-a4ad-898da8d03fbd',0.176,0.094,0.1219,0.1725,4.8163,47.5714);
INSERT INTO ecm_profile VALUES ('7aa2b2fb-31b1-4f4a-a556-861e6c36f961','cae77cd5-d4e4-4b45-a4ad-898da8d03fbd',12.8854,14.6505,12.677,0.3594,0.4113,0.2209,0.4402);
INSERT INTO hypoxia_vasculature VALUES ('67bf37db-f270-4501-9236-e391794bebb8','cae77cd5-d4e4-4b45-a4ad-898da8d03fbd',1.61,0.5673,10.3,0.1651,95.3651,117.2841,84.7274,9.2,7.07);
INSERT INTO organ_function VALUES ('1f8414e9-50aa-4a48-9bc9-cd413fff975e','f7ba4f49-afaa-445a-b4ea-efbffa9305bf','2020-08-22',74.3,1.2916,17.588,11.9605,15.5174,39.0672,58.9,399.0449,0.9886);
INSERT INTO immune_baseline VALUES ('37ed278c-8f8e-4276-968a-f3ac186c417b','f7ba4f49-afaa-445a-b4ea-efbffa9305bf','2020-08-22',4.45,1.66,3.35,2.0181,605.2275,425.1367,370.9523,9.8608);
INSERT INTO hormonal_profile VALUES ('fd5a26a9-fde0-43e9-b864-abae8030f0bf','f7ba4f49-afaa-445a-b4ea-efbffa9305bf','2020-08-22',29.4,0.67,385.0,61.965,18.3966,1.3915,7.991);
INSERT INTO pharmacogenomics VALUES ('bc9321fe-2a07-4a33-805a-909422dcb31a','f7ba4f49-afaa-445a-b4ea-efbffa9305bf','NM','IM','IM','*1/*28','normal',0,'NM');
INSERT INTO body_composition VALUES ('46c486ba-9b50-4662-ae64-d8b49d3f3785','f7ba4f49-afaa-445a-b4ea-efbffa9305bf','2020-08-22',25.7,40.1,24.6758,83.9649,24.753,1.7046);
INSERT INTO microbiome_profile VALUES ('3c9def93-2234-44ac-9094-31a83db9b3f6','f7ba4f49-afaa-445a-b4ea-efbffa9305bf','2020-08-22','gut','16S_rRNA_V4',3.424,1.4734,0.0197,'[{"genus": "Bacteroides", "rel": 0.158}, {"genus": "Faecalibacterium", "rel": 0.061}, {"genus": "Akkermansia", "rel": 0.0197}]',0);
INSERT INTO tumor_staging VALUES ('328abc73-a205-4974-b0ef-aa2b4d96f6c5','f7ba4f49-afaa-445a-b4ea-efbffa9305bf','2020-08-22','8500/3','C50.4','Invasive ductal carcinoma','T2','N1','M0','IIA',1,'right');
INSERT INTO imaging_measurement VALUES ('893ec387-336a-4ad8-b3bf-d6ddd7bfbe5f','f7ba4f49-afaa-445a-b4ea-efbffa9305bf','2020-08-17','MRI','L1','primary_left_breast',29.9,13996.266,2.6736,'SD','{"entropy": 4.85, "sphericity": 0.58}');
INSERT INTO pathology_report VALUES ('e2a723c0-7770-40aa-bf2c-69ef2f7227e2','f7ba4f49-afaa-445a-b4ea-efbffa9305bf','2020-08-22','core_needle_biopsy','R0',8,9,0,0,0.0);
INSERT INTO performance_status VALUES ('f09250d8-1494-4cd6-8d75-86d17b967720','f7ba4f49-afaa-445a-b4ea-efbffa9305bf','2020-08-22',0,80,2,32.2214);
INSERT INTO liquid_biopsy VALUES ('b4e03a95-4045-4319-82e3-08f4721f8e2a','f7ba4f49-afaa-445a-b4ea-efbffa9305bf','2020-08-22',0.0348,15.66,5,'[]','detected',14.5253);
INSERT INTO treatment_regimen VALUES ('a6fbea6c-3d14-4bad-b0dc-e1bae6254813','f7ba4f49-afaa-445a-b4ea-efbffa9305bf',1,'Letrozole','adjuvant','2020-09-14','2021-05-25','planned_completion','PR',548);
INSERT INTO treatment_drug_dose VALUES ('dd795aa8-e381-46e5-9554-1c12b25509ef','a6fbea6c-3d14-4bad-b0dc-e1bae6254813','dea8e584-d12c-47bf-a4c0-e739973380b8','2020-09-14',63.0,59.0,6.3,'oral',1,2.6485);
INSERT INTO adverse_event VALUES ('183ed397-0f08-4bbe-a6b6-64d82e9803cb','f7ba4f49-afaa-445a-b4ea-efbffa9305bf','a6fbea6c-3d14-4bad-b0dc-e1bae6254813','Alopecia',1,'2020-10-31','2020-12-13','probable','none');
INSERT INTO adverse_event VALUES ('175ad0a2-9aeb-4c95-a96b-3869b3be5065','f7ba4f49-afaa-445a-b4ea-efbffa9305bf','a6fbea6c-3d14-4bad-b0dc-e1bae6254813','Nausea',2,'2020-10-19','2020-10-27','probable','none');
INSERT INTO adverse_event VALUES ('4d2691c3-df28-4685-b057-a7976e096274','f7ba4f49-afaa-445a-b4ea-efbffa9305bf','a6fbea6c-3d14-4bad-b0dc-e1bae6254813','Peripheral sensory neuropathy',2,'2020-10-24','2020-12-07','probable','none');
INSERT INTO radiation_plan VALUES ('b6511074-f535-4f0d-b5b2-5cf7d0a45fef','f7ba4f49-afaa-445a-b4ea-efbffa9305bf','photon_EBRT','CTV',53.2767,2.0,25,5,'IMRT',NULL,'{"heart": {"V20Gy_pct": "<25"}, "lung": {"mean_Gy": "<18"}}');
INSERT INTO carcinogen_exposure VALUES ('b9412017-3b65-46e8-959f-354b4d66ee3e','f7ba4f49-afaa-445a-b4ea-efbffa9305bf','never',0.0,5.9593,36.1852,41.6014,'[]',0.0,0);
INSERT INTO diet_nutrition VALUES ('b73f5945-1aac-48de-b6c2-92fdbdb66bef','f7ba4f49-afaa-445a-b4ea-efbffa9305bf','2020-08-22','FFQ',1717.9636,33.8494,176.2535,56.022,30.6834,15.0126,19.3746,7.5643,'plant_based');
INSERT INTO physical_activity VALUES ('7bf83b5f-111d-4688-b809-9b353790bd33','f7ba4f49-afaa-445a-b4ea-efbffa9305bf','2020-08-22',335.9912,130.1891,133.2118,7.7706,20.0372,8583,24.2597);
INSERT INTO stress_psychology VALUES ('07e66bf6-b338-4bc7-ae1e-911e7d2144da','f7ba4f49-afaa-445a-b4ea-efbffa9305bf','2020-08-22',15,7,15,46.9019,238.7,8.338,8);
INSERT INTO environmental_exposure VALUES ('d9d44e6e-6b12-441b-9413-c1b2930a8adf','f7ba4f49-afaa-445a-b4ea-efbffa9305bf','2020-08-22',12.5567,9.7838,55.1735,'negative',NULL,'negative','negative',6.381,'naive');
INSERT INTO socioeconomic_context VALUES ('ea02fc24-e48c-4af1-b297-5b923ca4ef07','f7ba4f49-afaa-445a-b4ea-efbffa9305bf','2020-08-22',41.3514,'public_Medicaid',0.6965,0.599,73.4455,'unable_to_work_disability',33.2312,18);
INSERT INTO circadian_profile VALUES ('70a56ef2-3c22-467b-bdf5-4882aaa70bea','f7ba4f49-afaa-445a-b4ea-efbffa9305bf','2020-08-22','evening',80.8006,21.3764,'22:46',847.1904,0,11);

-- Patient 9: HR+/HER2- early
INSERT INTO patient VALUES ('c936e10b-42f0-4138-949c-6f509c925f6a','MRN-6033514','1976-04-21','female','Hispanic or Latino','{"EUR": 0.52, "AFR": 0.07}','2022-10-30','2022-10-30');
INSERT INTO genomic_sample VALUES ('cca9bfb7-5273-4a25-b1f8-0ede64f3a1ff','c936e10b-42f0-4138-949c-6f509c925f6a','tumor','C50.4','2022-11-19','Guardant360',0.58,0,'FFPE');
INSERT INTO somatic_mutation VALUES ('a9db793e-228d-4833-a85a-44f8886bde94','cca9bfb7-5273-4a25-b1f8-0ede64f3a1ff','ERBB2','chr17',39725084,'A','G','SNV','missense_variant','p.Leu755Ser',0.3443,204,'oncogenic','COSV52735019','1','SBS5');
INSERT INTO somatic_mutation VALUES ('e5f11283-5eae-4462-801c-2375e0bea4a3','cca9bfb7-5273-4a25-b1f8-0ede64f3a1ff','MAP3K1','chr5',56115628,'G','A','SNV','missense_variant','p.Glu1298Lys',0.2032,195,'oncogenic','COSV52721033','3A','SBS1');
INSERT INTO somatic_mutation VALUES ('13698586-2fa6-41ee-ac5b-fa07b5add1d9','cca9bfb7-5273-4a25-b1f8-0ede64f3a1ff','BRCA1','chr17',43094464,'T','A','SNV','missense_variant','p.Cys1697Ser',0.3652,121,'pathogenic','COSV52701256','1','SBS3');
INSERT INTO somatic_mutation VALUES ('7dfe9320-ffec-4538-ab06-260320abe1f0','cca9bfb7-5273-4a25-b1f8-0ede64f3a1ff','TP53','chr17',7674220,'G','A','SNV','missense_variant','p.Arg248Trp',0.5571,96,'oncogenic','COSV52743007','1','SBS5');
INSERT INTO somatic_mutation VALUES ('21e373c5-6b78-429d-8b69-44ab9f99fe9b','cca9bfb7-5273-4a25-b1f8-0ede64f3a1ff','CCND1','chr11',69465258,'G','T','SNV','missense_variant','p.Pro241Leu',0.2888,362,'oncogenic','COSV52718943','3A','SBS1');
INSERT INTO copy_number_variant VALUES ('3e782b30-30cc-40e3-b859-477ead8777e0','cca9bfb7-5273-4a25-b1f8-0ede64f3a1ff','MYC','chr8',127700000,127800000,2.6,0.06,'neutral',0);
INSERT INTO copy_number_variant VALUES ('14d49da9-c301-44d6-9294-8ccfb036ccb4','cca9bfb7-5273-4a25-b1f8-0ede64f3a1ff','CDKN2A','chr9',21967000,21995000,0.3,-2.08,'shallow_deletion',0);
INSERT INTO gene_expression VALUES ('fa1c84fd-5d95-43d2-8c93-1e8765c55574','cca9bfb7-5273-4a25-b1f8-0ede64f3a1ff','ENSG00000091831','ESR1',708.3,70.83,1771,6.54,99.0);
INSERT INTO gene_expression VALUES ('4dbc807d-8f94-4651-a8b2-8f180516bf17','cca9bfb7-5273-4a25-b1f8-0ede64f3a1ff','ENSG00000141736','ERBB2',360.65,36.07,902,2.67,90.0);
INSERT INTO gene_expression VALUES ('c97bee83-49ea-4518-aae9-9b53e4fbbf95','cca9bfb7-5273-4a25-b1f8-0ede64f3a1ff','ENSG00000148773','MKI67',123.03,12.3,308,0.03,50.5);
INSERT INTO gene_expression VALUES ('2a965605-d201-496d-aa4c-c1133f3ee7fc','cca9bfb7-5273-4a25-b1f8-0ede64f3a1ff','ENSG00000141510','TP53',101.57,1.34,167,-0.2,47.0);
INSERT INTO gene_expression VALUES ('a9b3e708-c043-489b-a29a-fe554b85133a','cca9bfb7-5273-4a25-b1f8-0ede64f3a1ff','ENSG00000012048','BRCA1',52.42,10.67,330,-0.75,38.8);
INSERT INTO gene_expression VALUES ('b59ac6f0-5d1d-451b-887f-3c771ebd558e','cca9bfb7-5273-4a25-b1f8-0ede64f3a1ff','ENSG00000139618','BRCA2',39.11,5.33,78,-0.9,36.5);
INSERT INTO gene_expression VALUES ('61e4c60a-b8b6-4eec-8e9a-d72c03ff3632','cca9bfb7-5273-4a25-b1f8-0ede64f3a1ff','ENSG00000171862','PTEN',51.48,3.12,93,-0.76,38.6);
INSERT INTO gene_expression VALUES ('1be9f3f9-f6ae-4085-aed9-e43e758970c6','cca9bfb7-5273-4a25-b1f8-0ede64f3a1ff','ENSG00000136997','MYC',113.16,10.13,96,-0.08,48.8);
INSERT INTO protein_expression VALUES ('72897b4f-a292-4639-a952-7fabef13ec13','cca9bfb7-5273-4a25-b1f8-0ede64f3a1ff','ESR1','P03372','IHC',1.29,279.0,7,'NULL');
INSERT INTO protein_expression VALUES ('05febb9f-c433-4cb9-a492-f67952ce78e2','cca9bfb7-5273-4a25-b1f8-0ede64f3a1ff','PGR','P06401','IHC',0.17,167.0,4,'NULL');
INSERT INTO protein_expression VALUES ('d8e77a86-7b29-4f46-947c-d21500eb90c8','cca9bfb7-5273-4a25-b1f8-0ede64f3a1ff','ERBB2','P04626','IHC',-1.29,21.0,1,'pY1248');
INSERT INTO protein_expression VALUES ('22793c1d-0f0b-4000-9dfb-d4b1b942bc13','cca9bfb7-5273-4a25-b1f8-0ede64f3a1ff','MKI67','P46013','IHC',-1.0,47.0,0,'NULL');
INSERT INTO epigenetic_mark VALUES ('f26cd1b3-b6d5-4f27-895f-a67c96724a8a','cca9bfb7-5273-4a25-b1f8-0ede64f3a1ff','DNA_methylation','cg15629539',0.001,'-9.964','ESR1','CpG_island',NULL);
INSERT INTO epigenetic_mark VALUES ('eb38ef63-4570-4750-8ea4-e13468e68e4b','cca9bfb7-5273-4a25-b1f8-0ede64f3a1ff','DNA_methylation','cg27053763',0.124,'-2.821','BRCA1','promoter',NULL);
INSERT INTO epigenetic_mark VALUES ('12e80d18-bf49-4e62-9833-e67f62f97944','cca9bfb7-5273-4a25-b1f8-0ede64f3a1ff','H3K27ac','chr17:37800000-37850000',0.297,NULL,'ERBB2','enhancer','1.291');
INSERT INTO ncrna_profile VALUES ('7a692f31-a62c-4a03-b574-ad2d280a2568','cca9bfb7-5273-4a25-b1f8-0ede64f3a1ff','miRNA','hsa-miR-21-5p','miR-21-5p',4.05,'["PTEN", "PDCD4"]');
INSERT INTO ncrna_profile VALUES ('4b6df770-f983-4bab-8532-41e7424cfe9a','cca9bfb7-5273-4a25-b1f8-0ede64f3a1ff','miRNA','hsa-miR-155-5p','miR-155-5p',6.01,'["SHIP1", "SOCS1"]');
INSERT INTO ncrna_profile VALUES ('74d96b5e-8b9c-4ea6-a350-065f2b91c257','cca9bfb7-5273-4a25-b1f8-0ede64f3a1ff','lncRNA','ENSG00000228630','HOTAIR',2.03,'["SHIP1", "SOCS1"]');
INSERT INTO ncrna_profile VALUES ('6bbc9179-5d0d-4aea-a843-28b5c385882d','cca9bfb7-5273-4a25-b1f8-0ede64f3a1ff','lncRNA','ENSG00000251562','MALAT1',53.78,'["SHIP1", "SOCS1"]');
INSERT INTO metabolomics_profile VALUES ('4f22e18e-05d3-4fc7-a78e-935a3b6947d7','cca9bfb7-5273-4a25-b1f8-0ede64f3a1ff','Lactate','HMDB0000190','C00186',1.47,'LC-MS','organic_acid',-0.35);
INSERT INTO metabolomics_profile VALUES ('8e629a2e-7fd1-4c45-9644-e6047cf88a2d','cca9bfb7-5273-4a25-b1f8-0ede64f3a1ff','Glutamine','HMDB0000641','C00064',0.42,'LC-MS','amino_acid',-1.05);
INSERT INTO metabolomics_profile VALUES ('44b378e9-739b-4d63-9e70-d2bb5f466b12','cca9bfb7-5273-4a25-b1f8-0ede64f3a1ff','Glucose','HMDB0000122','C00031',4.77,'LC-MS','carbohydrate',1.85);
INSERT INTO metabolomics_profile VALUES ('c18837f7-2e40-4c8e-932e-4cba3e017566','cca9bfb7-5273-4a25-b1f8-0ede64f3a1ff','Phosphocholine','HMDB0001565','C00588',0.28,'LC-MS','lipid',-1.15);
INSERT INTO tumor_clone VALUES ('7af70ea9-d31c-43bb-b46a-95bf0caf2bd1','cca9bfb7-5273-4a25-b1f8-0ede64f3a1ff','clone_A',0.71,'[]',1,1,0.05);
INSERT INTO tumor_clone VALUES ('12b8f53d-1768-4416-b864-e760eaf666e3','cca9bfb7-5273-4a25-b1f8-0ede64f3a1ff','clone_B',0.29,'[]',0,2,0.0795);
INSERT INTO cell_cycle_state VALUES ('b1fb3ac7-46bd-4f90-a3b7-d69c1cbbf13c','cca9bfb7-5273-4a25-b1f8-0ede64f3a1ff',0.721,0.089,0.046,0.144,16.8163,480.0,2.7);
INSERT INTO apoptosis_marker VALUES ('125c581a-3216-4251-b8ee-59c70b2e2269','cca9bfb7-5273-4a25-b1f8-0ede64f3a1ff',93.0,141.2517,56.0,1.66,0.2428,4.7958,1.1481);
INSERT INTO dna_repair_status VALUES ('125f81f9-fb97-4a1b-821c-3a67a9c048d0','cca9bfb7-5273-4a25-b1f8-0ede64f3a1ff','mutated_somatic','mutated_somatic','proficient_MMR',0.04,3.8,2.4,0,'wildtype');
INSERT INTO metabolic_phenotype VALUES ('43ad56c8-e7f2-4403-af4a-97ae25b70079','cca9bfb7-5273-4a25-b1f8-0ede64f3a1ff',0.645,60.2911,0.3752,0.353,0.1842,0.8214,0.4987);
INSERT INTO stemness_profile VALUES ('4caba46f-b5c3-4ee8-b69c-687cd2c31d5b','cca9bfb7-5273-4a25-b1f8-0ede64f3a1ff',86.7856,30.6007,0.0,0.0522,0.28,0.269,0.2614,0.265);
INSERT INTO drug_resistance_feature VALUES ('f199781a-2f00-4503-a936-61cadb921204','cca9bfb7-5273-4a25-b1f8-0ede64f3a1ff',1.41,0.7084,0.399,0.8834,'[]',0.9327);
INSERT INTO immune_infiltration VALUES ('97870340-77ac-4a6a-9615-f9aad4c1ea0c','cca9bfb7-5273-4a25-b1f8-0ede64f3a1ff',10.4,10.9259,9.0533,3.5543,4.7207,7.128,16.7424,3.5194,7.8179,'CIBERSORT');
INSERT INTO checkpoint_expression VALUES ('0eba6f92-7169-44fd-b539-4fb9809079d9','cca9bfb7-5273-4a25-b1f8-0ede64f3a1ff',0.0,0.0,13.2957,8.6832,17.162,9.2876,10.4216,36.5666);
INSERT INTO cytokine_milieu VALUES ('c0400f5a-db5b-4dbf-8f20-bcfa9b170c58','cca9bfb7-5273-4a25-b1f8-0ede64f3a1ff',33.4433,15.2415,6.9164,22.1249,12.2475,21.2,38.3441,74.0744);
INSERT INTO stromal_composition VALUES ('ffb71e27-673b-40ee-aa20-4c78fb5b858f','cca9bfb7-5273-4a25-b1f8-0ede64f3a1ff',0.2836,0.0798,0.1501,0.2661,2.4405,29.2767);
INSERT INTO ecm_profile VALUES ('b245b008-3b14-47cd-afcc-02ae810c7509','cca9bfb7-5273-4a25-b1f8-0ede64f3a1ff',13.7925,5.537,40.3668,0.3469,0.5252,0.6036,0.3188);
INSERT INTO hypoxia_vasculature VALUES ('9599424f-6622-49c6-9a6c-d6241bfb5167','cca9bfb7-5273-4a25-b1f8-0ede64f3a1ff',0.43,1.1153,10.9,0.0528,99.4215,213.1857,108.9312,9.0,7.12);
INSERT INTO organ_function VALUES ('e7ae7b5c-cb5b-4740-8d26-ecda40a330c9','c936e10b-42f0-4138-949c-6f509c925f6a','2022-10-30',72.4,1.2688,41.0188,25.6989,11.3517,36.4242,56.9,390.3195,0.997);
INSERT INTO immune_baseline VALUES ('b34831a1-c5a5-4f4e-b348-373bb2352519','c936e10b-42f0-4138-949c-6f509c925f6a','2022-10-30',6.58,1.01,5.75,5.6931,503.8456,407.5774,181.3533,9.0154);
INSERT INTO hormonal_profile VALUES ('139cf072-4b7e-45ce-b16a-98248d1bffdc','c936e10b-42f0-4138-949c-6f509c925f6a','2022-10-30',136.5,0.51,232.0,54.2184,10.3777,2.3999,5.109);
INSERT INTO pharmacogenomics VALUES ('a643d9f6-7be6-40f1-bfef-ecc6f49bffd3','c936e10b-42f0-4138-949c-6f509c925f6a','UM','PM','IM','*1/*28','normal',0,'NM');
INSERT INTO body_composition VALUES ('e6d621c4-1d28-4554-87b9-19b1dd48d81e','c936e10b-42f0-4138-949c-6f509c925f6a','2022-10-30',27.8,35.0,27.5741,49.1852,29.5091,1.6134);
INSERT INTO microbiome_profile VALUES ('e38ff947-a7af-4751-b235-3c3066c897b3','c936e10b-42f0-4138-949c-6f509c925f6a','2022-10-30','gut','16S_rRNA_V4',3.2658,1.8757,0.0,'[{"genus": "Bacteroides", "rel": 0.251}, {"genus": "Faecalibacterium", "rel": 0.188}, {"genus": "Akkermansia", "rel": 0.0}]',0);
INSERT INTO tumor_staging VALUES ('e774e164-8dcf-40be-a321-e3a9915ce367','c936e10b-42f0-4138-949c-6f509c925f6a','2022-10-30','8500/3','C50.4','Invasive ductal carcinoma','T4','N3','M0','I',2,'left');
INSERT INTO imaging_measurement VALUES ('5484a122-8951-4e15-91db-f4fadcc3c376','c936e10b-42f0-4138-949c-6f509c925f6a','2022-09-30','MRI','L1','primary_left_breast',4.6,50.965,2.0898,'SD','{"entropy": 4.34, "sphericity": 0.81}');
INSERT INTO pathology_report VALUES ('28cf3816-4304-4269-916a-ed3fcaf9f16a','c936e10b-42f0-4138-949c-6f509c925f6a','2022-10-30','core_needle_biopsy','R0',3,17,0,1,0.0);
INSERT INTO performance_status VALUES ('3030586d-4f98-4987-b493-4c93544066b0','c936e10b-42f0-4138-949c-6f509c925f6a','2022-10-30',2,91,3,43.2691);
INSERT INTO liquid_biopsy VALUES ('45c2853e-50cc-4b05-a7a7-0f41b5808465','c936e10b-42f0-4138-949c-6f509c925f6a','2022-10-30',0.0707,31.815,6,'[]','detected',13.0751);
INSERT INTO treatment_regimen VALUES ('e46a7fcf-1298-483c-a8db-e81ce64a3b76','c936e10b-42f0-4138-949c-6f509c925f6a',1,'Letrozole','adjuvant','2022-11-20','2023-12-06','planned_completion','PR',711);
INSERT INTO treatment_drug_dose VALUES ('669789bc-6e60-4f47-8aa4-25d20dcdc962','e46a7fcf-1298-483c-a8db-e81ce64a3b76','dea8e584-d12c-47bf-a4c0-e739973380b8','2022-11-20',78.0,67.0,14.1,'oral',1,1.2282);
INSERT INTO adverse_event VALUES ('80114b67-e3d4-4980-85af-c94092a2620c','c936e10b-42f0-4138-949c-6f509c925f6a','e46a7fcf-1298-483c-a8db-e81ce64a3b76','Diarrhoea',2,'2023-01-16','2023-03-07','probable','none');
INSERT INTO adverse_event VALUES ('3337d65a-8769-4c20-b1a5-d0e8de1dfe1d','c936e10b-42f0-4138-949c-6f509c925f6a','e46a7fcf-1298-483c-a8db-e81ce64a3b76','Peripheral sensory neuropathy',2,'2023-02-10','2023-02-26','probable','none');
INSERT INTO radiation_plan VALUES ('4b0bdc82-8ead-4e24-ab4b-230203fc0a90','c936e10b-42f0-4138-949c-6f509c925f6a','photon_EBRT','CTV',48.3361,2.0,25,5,'IMRT',NULL,'{"heart": {"V20Gy_pct": "<25"}, "lung": {"mean_Gy": "<18"}}');
INSERT INTO carcinogen_exposure VALUES ('57ba7dd5-d0bf-427a-9199-61c36210bb17','c936e10b-42f0-4138-949c-6f509c925f6a','current',18.9042,11.475,39.6291,58.5465,'[]',0.0,0);
INSERT INTO diet_nutrition VALUES ('54319375-727d-4108-88fc-321c8a1fc69b','c936e10b-42f0-4138-949c-6f509c925f6a','2022-10-30','FFQ',1526.1609,53.4984,275.7186,55.4894,21.2655,87.7096,29.0527,5.8616,'Mediterranean');
INSERT INTO physical_activity VALUES ('9f891d15-9670-42b7-a0cc-a0f9fcec47a1','c936e10b-42f0-4138-949c-6f509c925f6a','2022-10-30',604.1502,130.9544,143.2353,9.8867,19.7862,5617,24.7747);
INSERT INTO stress_psychology VALUES ('342ce61d-d0e7-4efa-98cd-4f1ca671da98','c936e10b-42f0-4138-949c-6f509c925f6a','2022-10-30',20,8,8,48.3057,143.84,4.2193,6);
INSERT INTO environmental_exposure VALUES ('4a357cc7-0bbd-47d1-9c18-065edb7041f4','c936e10b-42f0-4138-949c-6f509c925f6a','2022-10-30',12.6956,26.0998,58.3066,'negative',NULL,'negative','negative',12.1323,'naive');
INSERT INTO socioeconomic_context VALUES ('420a1239-f173-40b7-8936-4f7eb78154e5','c936e10b-42f0-4138-949c-6f509c925f6a','2022-10-30',38.0108,'public_Medicaid',0.7381,0.7716,61.0139,'unable_to_work_disability',24.4303,13);
INSERT INTO circadian_profile VALUES ('6fbe9732-bef0-4666-8a3f-6eecd2ed7c71','c936e10b-42f0-4138-949c-6f509c925f6a','2022-10-30','intermediate',90.0353,22.1063,'22:04',310.7824,0,9);

-- Patient 10: HR+/HER2- early
INSERT INTO patient VALUES ('1c5bbd29-a7c6-420d-814f-5457d69e264a','MRN-4568419','1953-11-03','female','East Asian','{"EUR": 0.35, "AFR": 0.12}','2023-02-18','2023-02-18');
INSERT INTO genomic_sample VALUES ('85fea9fa-184e-45ad-8e0e-19495bd871a4','1c5bbd29-a7c6-420d-814f-5457d69e264a','tumor','C50.4','2023-03-03','Guardant360',0.48,0,'FFPE');
INSERT INTO somatic_mutation VALUES ('196f163a-088d-4a8c-a016-04e788972992','85fea9fa-184e-45ad-8e0e-19495bd871a4','ERBB2','chr17',39725084,'A','G','SNV','missense_variant','p.Leu755Ser',0.1986,232,'oncogenic','COSV52735019','1','SBS5');
INSERT INTO somatic_mutation VALUES ('c3604734-6696-4a88-a2cd-d712f5340ff6','85fea9fa-184e-45ad-8e0e-19495bd871a4','CCND1','chr11',69465258,'G','T','SNV','missense_variant','p.Pro241Leu',0.166,394,'oncogenic','COSV52718943','3A','SBS1');
INSERT INTO somatic_mutation VALUES ('8d868783-2058-4382-88a4-c5d3b764d595','85fea9fa-184e-45ad-8e0e-19495bd871a4','BRCA2','chr13',32338709,'A','T','SNV','stop_gained','p.Lys1690Ter',0.3444,240,'pathogenic','COSV52712043','1','SBS3');
INSERT INTO copy_number_variant VALUES ('96216683-ce48-4d53-919b-4329bcea1f48','85fea9fa-184e-45ad-8e0e-19495bd871a4','MYC','chr8',127700000,127800000,4.5,1.39,'neutral',0);
INSERT INTO copy_number_variant VALUES ('1d0dd7c2-acff-4765-a12b-0dfbaf913e94','85fea9fa-184e-45ad-8e0e-19495bd871a4','CDKN2A','chr9',21967000,21995000,0.8,-2.04,'shallow_deletion',0);
INSERT INTO gene_expression VALUES ('1b107b4b-81be-498d-af77-284990d9181b','85fea9fa-184e-45ad-8e0e-19495bd871a4','ENSG00000091831','ESR1',903.53,90.35,2259,8.71,99.0);
INSERT INTO gene_expression VALUES ('b97552db-bb5a-4156-942a-324ceb93f0de','85fea9fa-184e-45ad-8e0e-19495bd871a4','ENSG00000141736','ERBB2',5.0,0.5,12,-1.28,30.8);
INSERT INTO gene_expression VALUES ('20d28da3-ad0e-456f-b82c-8ba09ad52380','85fea9fa-184e-45ad-8e0e-19495bd871a4','ENSG00000148773','MKI67',55.64,5.56,139,-0.72,39.2);
INSERT INTO gene_expression VALUES ('6faa40c8-1605-4f3d-bbf3-423aa0e8f01c','85fea9fa-184e-45ad-8e0e-19495bd871a4','ENSG00000141510','TP53',23.63,1.96,380,-1.07,34.0);
INSERT INTO gene_expression VALUES ('50a5c364-a380-4ba5-89bf-6ed68cc0ee23','85fea9fa-184e-45ad-8e0e-19495bd871a4','ENSG00000012048','BRCA1',54.13,4.47,125,-0.73,39.0);
INSERT INTO gene_expression VALUES ('3f16cc94-a697-4549-beeb-a5904dfdc334','85fea9fa-184e-45ad-8e0e-19495bd871a4','ENSG00000139618','BRCA2',32.98,5.3,201,-0.97,35.5);
INSERT INTO gene_expression VALUES ('bf34b7b6-d575-40a9-bc1e-a059f6c88854','85fea9fa-184e-45ad-8e0e-19495bd871a4','ENSG00000171862','PTEN',87.91,1.94,427,-0.36,44.6);
INSERT INTO gene_expression VALUES ('fd28f954-43ee-4229-9ac9-9a49c1d50986','85fea9fa-184e-45ad-8e0e-19495bd871a4','ENSG00000136997','MYC',124.15,4.24,279,0.05,50.8);
INSERT INTO protein_expression VALUES ('60a2a0fd-4b76-41e6-8136-af02bc4176f8','85fea9fa-184e-45ad-8e0e-19495bd871a4','ESR1','P03372','IHC',1.21,271.0,7,'NULL');
INSERT INTO protein_expression VALUES ('eba777dc-fd2f-43a5-adae-87a284790e35','85fea9fa-184e-45ad-8e0e-19495bd871a4','PGR','P06401','IHC',-0.65,85.0,2,'NULL');
INSERT INTO protein_expression VALUES ('997ab7c4-c7cc-451c-b2cd-8e46d6515eab','85fea9fa-184e-45ad-8e0e-19495bd871a4','ERBB2','P04626','IHC',-1.5,0.0,0,'pY1248');
INSERT INTO protein_expression VALUES ('1c224f38-c232-4c62-aa9e-073eb3c276d9','85fea9fa-184e-45ad-8e0e-19495bd871a4','MKI67','P46013','IHC',-1.34,15.0,0,'NULL');
INSERT INTO epigenetic_mark VALUES ('cbb9a0c8-6296-4031-a6e5-bea10f76dd07','85fea9fa-184e-45ad-8e0e-19495bd871a4','DNA_methylation','cg15629539',0.078,'-3.563','ESR1','CpG_island',NULL);
INSERT INTO epigenetic_mark VALUES ('4a8f498c-f59a-4d43-988b-90f7a5b7419a','85fea9fa-184e-45ad-8e0e-19495bd871a4','DNA_methylation','cg27053763',0.117,'-2.916','BRCA1','promoter',NULL);
INSERT INTO epigenetic_mark VALUES ('7d13d9e3-cde4-480a-8802-c90501f751db','85fea9fa-184e-45ad-8e0e-19495bd871a4','H3K27ac','chr17:37800000-37850000',0.324,NULL,'ERBB2','enhancer','0.34');
INSERT INTO ncrna_profile VALUES ('3bb0c430-55bd-49cf-abf2-ada75367e29c','85fea9fa-184e-45ad-8e0e-19495bd871a4','miRNA','hsa-miR-21-5p','miR-21-5p',1.63,'["PTEN", "PDCD4"]');
INSERT INTO ncrna_profile VALUES ('9b50687d-2e8b-49fe-8cbf-57915e929893','85fea9fa-184e-45ad-8e0e-19495bd871a4','miRNA','hsa-miR-155-5p','miR-155-5p',5.49,'["SHIP1", "SOCS1"]');
INSERT INTO ncrna_profile VALUES ('64b81914-143c-40ee-a311-a84edd75e1e9','85fea9fa-184e-45ad-8e0e-19495bd871a4','lncRNA','ENSG00000228630','HOTAIR',2.91,'["SHIP1", "SOCS1"]');
INSERT INTO ncrna_profile VALUES ('c83f257d-3979-4fc6-85e9-ba63a880a627','85fea9fa-184e-45ad-8e0e-19495bd871a4','lncRNA','ENSG00000251562','MALAT1',45.89,'["SHIP1", "SOCS1"]');
INSERT INTO metabolomics_profile VALUES ('fe3df658-69e7-40bb-bfb8-2a2486ab88d5','85fea9fa-184e-45ad-8e0e-19495bd871a4','Lactate','HMDB0000190','C00186',1.24,'LC-MS','organic_acid',-0.51);
INSERT INTO metabolomics_profile VALUES ('c146d7ee-e2c6-45af-a11d-851a830ac932','85fea9fa-184e-45ad-8e0e-19495bd871a4','Glutamine','HMDB0000641','C00064',0.4,'LC-MS','amino_acid',-1.07);
INSERT INTO metabolomics_profile VALUES ('a1238e4f-e02c-4a4a-a1c2-27349991b185','85fea9fa-184e-45ad-8e0e-19495bd871a4','Glucose','HMDB0000122','C00031',5.84,'LC-MS','carbohydrate',2.56);
INSERT INTO metabolomics_profile VALUES ('a71b127b-4dc4-411b-a21b-530dc9a32ad1','85fea9fa-184e-45ad-8e0e-19495bd871a4','Phosphocholine','HMDB0001565','C00588',0.21,'LC-MS','lipid',-1.19);
INSERT INTO tumor_clone VALUES ('a87f2452-a80e-45fe-a5f4-ab88077e80b1','85fea9fa-184e-45ad-8e0e-19495bd871a4','clone_A',0.82,'[]',1,1,0.1452);
INSERT INTO tumor_clone VALUES ('dec3737b-e520-4a10-80ca-7b4b16145ed7','85fea9fa-184e-45ad-8e0e-19495bd871a4','clone_B',0.18,'[]',0,2,0.0119);
INSERT INTO cell_cycle_state VALUES ('28f35818-23bf-4499-9b06-32c576795ac6','85fea9fa-184e-45ad-8e0e-19495bd871a4',0.78,0.022,0.013,0.185,5.3501,480.0,1.5);
INSERT INTO apoptosis_marker VALUES ('81f18baf-2171-475f-943e-d9988114a0f2','85fea9fa-184e-45ad-8e0e-19495bd871a4',150.0,102.1481,93.0,1.61,0.1605,2.033,0.9392);
INSERT INTO dna_repair_status VALUES ('fb3edc5e-2fd0-4dc7-bda4-b0a9b4566f05','85fea9fa-184e-45ad-8e0e-19495bd871a4','mutated_somatic','mutated_somatic','proficient_MMR',0.04,3.9,29.7,0,'wildtype');
INSERT INTO metabolic_phenotype VALUES ('42934c79-c402-442a-80b7-1706647ad6a2','85fea9fa-184e-45ad-8e0e-19495bd871a4',0.245,64.7143,0.7376,0.2744,0.2488,1.2594,0.5218);
INSERT INTO stemness_profile VALUES ('f2416e30-c9d8-48a0-88bd-4aefb1d54d76','85fea9fa-184e-45ad-8e0e-19495bd871a4',64.4844,36.8206,0.0898,0.111,0.313,0.487,0.2309,0.02);
INSERT INTO drug_resistance_feature VALUES ('c1387ea9-5fa0-4801-9429-a75a6f5a025e','85fea9fa-184e-45ad-8e0e-19495bd871a4',1.07,0.8419,0.5367,0.8967,'[]',0.8151);
INSERT INTO immune_infiltration VALUES ('4b393374-785d-4df9-9a78-68cfd0f586d5','85fea9fa-184e-45ad-8e0e-19495bd871a4',9.7,11.2282,10.2944,8.6531,0.338,8.4232,11.9803,6.5611,5.7795,'CIBERSORT');
INSERT INTO checkpoint_expression VALUES ('e6160928-d3a3-442e-ad98-62cf21e35d6f','85fea9fa-184e-45ad-8e0e-19495bd871a4',14.4,25.92,16.1871,7.3605,13.398,8.4548,10.5153,22.3486);
INSERT INTO cytokine_milieu VALUES ('925a10f8-0b42-4429-824d-a98b87c160a4','85fea9fa-184e-45ad-8e0e-19495bd871a4',23.4897,2.8859,8.3245,10.0166,10.142,27.8,31.7374,85.146);
INSERT INTO stromal_composition VALUES ('c898e1bb-189d-45fd-a902-468f6702d7f7','85fea9fa-184e-45ad-8e0e-19495bd871a4',0.3724,0.0394,0.1368,0.4187,2.9581,21.5709);
INSERT INTO ecm_profile VALUES ('b426ca8e-e7e4-4c91-985a-d62e06179bca','85fea9fa-184e-45ad-8e0e-19495bd871a4',11.6836,10.652,19.01,0.5771,0.3471,0.8605,0.4232);
INSERT INTO hypoxia_vasculature VALUES ('6bbbfc6b-6243-4fa4-88c8-0d3a7321c414','85fea9fa-184e-45ad-8e0e-19495bd871a4',0.73,0.1719,6.1,0.2505,79.3138,194.0638,79.9379,6.5,7.31);
INSERT INTO organ_function VALUES ('c44e1972-ccc7-409a-af16-7e4c5b60e2ad','1c5bbd29-a7c6-420d-814f-5457d69e264a','2023-02-18',56.2,1.0744,24.3616,18.4729,19.4586,35.2477,58.9,430.1386,0.9656);
INSERT INTO immune_baseline VALUES ('2edea072-d67d-4e4c-be83-b1ee1fe75273','1c5bbd29-a7c6-420d-814f-5457d69e264a','2023-02-18',6.36,1.3,5.71,4.3923,602.4387,392.3456,298.7564,8.1734);
INSERT INTO hormonal_profile VALUES ('9964a8e9-dd67-4c00-8999-aa3c02fc2ef6','1c5bbd29-a7c6-420d-814f-5457d69e264a','2023-02-18',50.1,0.88,417.0,68.2387,21.2457,1.9598,6.3596);
INSERT INTO pharmacogenomics VALUES ('e3a7ac9a-6b8f-4cb0-b2c2-4c75a7ddd6e5','1c5bbd29-a7c6-420d-814f-5457d69e264a','UM','NM','NM','*1/*1','normal',0,'NM');
INSERT INTO body_composition VALUES ('7c49cf69-ba0f-4d90-b2b5-b8dfcb8b58d2','1c5bbd29-a7c6-420d-814f-5457d69e264a','2023-02-18',24.4,48.7,36.186,113.5246,30.6631,1.6216);
INSERT INTO microbiome_profile VALUES ('8f547418-f9ef-48ad-bc2d-15fc1ca0ddc6','1c5bbd29-a7c6-420d-814f-5457d69e264a','2023-02-18','gut','16S_rRNA_V4',2.3706,2.3863,0.0057,'[{"genus": "Bacteroides", "rel": 0.236}, {"genus": "Faecalibacterium", "rel": 0.064}, {"genus": "Akkermansia", "rel": 0.0057}]',1);
INSERT INTO tumor_staging VALUES ('d65c4195-bf34-439b-a575-8552f030e6a9','1c5bbd29-a7c6-420d-814f-5457d69e264a','2023-02-18','8500/3','C50.4','Invasive ductal carcinoma','T2','N1','M0','IIB',3,'right');
INSERT INTO imaging_measurement VALUES ('62ed2cc9-623d-42eb-96c6-2d2a5922615d','1c5bbd29-a7c6-420d-814f-5457d69e264a','2023-01-23','MRI','L1','primary_left_breast',28.1,11617.6311,3.1042,'SD','{"entropy": 5.37, "sphericity": 0.55}');
INSERT INTO pathology_report VALUES ('cf2383c6-184e-41f3-806a-84ef676a2ab8','1c5bbd29-a7c6-420d-814f-5457d69e264a','2023-02-18','core_needle_biopsy','R0',3,19,0,1,5.7749);
INSERT INTO performance_status VALUES ('611754a1-d5b4-4602-8277-e4b8c76ce3a8','1c5bbd29-a7c6-420d-814f-5457d69e264a','2023-02-18',0,95,0,42.5778);
INSERT INTO liquid_biopsy VALUES ('48675231-5417-4b65-9cfb-56b2b4b25b91','1c5bbd29-a7c6-420d-814f-5457d69e264a','2023-02-18',0.1089,49.005,4,'[]','detected',15.3667);
INSERT INTO treatment_regimen VALUES ('8662e4fd-abde-46ba-a070-6afbed9a909b','1c5bbd29-a7c6-420d-814f-5457d69e264a',1,'Letrozole','adjuvant','2023-03-28','2023-10-02','planned_completion','PR',326);
INSERT INTO treatment_drug_dose VALUES ('59271c6b-fad7-4a8f-9d75-af7be80ec8d0','8662e4fd-abde-46ba-a070-6afbed9a909b','dea8e584-d12c-47bf-a4c0-e739973380b8','2023-03-28',88.0,88.0,0.0,'oral',1,1.7682);
INSERT INTO adverse_event VALUES ('9b41a891-ea88-4859-837e-a20a4d0fdb77','1c5bbd29-a7c6-420d-814f-5457d69e264a','8662e4fd-abde-46ba-a070-6afbed9a909b','Peripheral sensory neuropathy',2,'2023-06-23','2023-07-26','probable','none');
INSERT INTO adverse_event VALUES ('be0bffe1-43fd-47fd-8709-cef9e5416ec2','1c5bbd29-a7c6-420d-814f-5457d69e264a','8662e4fd-abde-46ba-a070-6afbed9a909b','Neutropenia',2,'2023-06-21','2023-07-11','probable','none');
INSERT INTO adverse_event VALUES ('5458f725-2d76-444c-a5c1-9135259f5961','1c5bbd29-a7c6-420d-814f-5457d69e264a','8662e4fd-abde-46ba-a070-6afbed9a909b','Diarrhoea',3,'2023-04-15','2023-04-30','probable','dose_reduction');
INSERT INTO adverse_event VALUES ('9a101c28-67a3-4398-bc91-09970a4db30a','1c5bbd29-a7c6-420d-814f-5457d69e264a','8662e4fd-abde-46ba-a070-6afbed9a909b','Nausea',2,'2023-04-19','2023-05-20','probable','none');
INSERT INTO radiation_plan VALUES ('8ff8d605-e057-4dc1-a620-d9a90ac3a23c','1c5bbd29-a7c6-420d-814f-5457d69e264a','photon_EBRT','CTV',49.5672,2.0,25,5,'IMRT',NULL,'{"heart": {"V20Gy_pct": "<25"}, "lung": {"mean_Gy": "<18"}}');
INSERT INTO carcinogen_exposure VALUES ('d50afda3-893b-4a36-9182-05394759dfb5','1c5bbd29-a7c6-420d-814f-5457d69e264a','never',0.0,7.0176,41.1512,81.2351,'[]',0.0,0);
INSERT INTO diet_nutrition VALUES ('191f0808-50a8-4ac4-b8e7-9e220a7a76ae','1c5bbd29-a7c6-420d-814f-5457d69e264a','2023-02-18','FFQ',1465.9059,55.9395,222.4752,44.8887,27.0744,25.0731,13.3789,14.8681,'plant_based');
INSERT INTO physical_activity VALUES ('843c2669-904c-478a-93c6-26c36ba18dcb','1c5bbd29-a7c6-420d-814f-5457d69e264a','2023-02-18',662.4896,175.4392,94.9998,5.4185,29.4063,4634,24.6406);
INSERT INTO stress_psychology VALUES ('2622abca-52e5-4932-a391-fb6287b0e8db','1c5bbd29-a7c6-420d-814f-5457d69e264a','2023-02-18',18,7,6,43.4312,258.54,6.6897,8);
INSERT INTO environmental_exposure VALUES ('c81de993-be99-4836-b034-e5350810796f','1c5bbd29-a7c6-420d-814f-5457d69e264a','2023-02-18',16.0098,6.4156,70.4497,'negative',NULL,'negative','negative',4.8848,'naive');
INSERT INTO socioeconomic_context VALUES ('b0617a38-5182-41e8-89d6-d14c7f9e8feb','1c5bbd29-a7c6-420d-814f-5457d69e264a','2023-02-18',52.7953,'private',0.7557,0.2784,72.3512,'employed_full_time',32.5443,10);
INSERT INTO circadian_profile VALUES ('33984d71-8f67-4802-a3af-ebd8b0835473','1c5bbd29-a7c6-420d-814f-5457d69e264a','2023-02-18','intermediate',85.8652,30.8395,'22:50',635.6111,0,13);

-- Patient 11: HR+/HER2+
INSERT INTO patient VALUES ('9bb8e163-a339-4ac9-9874-596dbdfb2044','MRN-0645767','1963-01-17','female','White','{"EUR": 0.59, "AFR": 0.08}','2018-12-04','2018-12-04');
INSERT INTO genomic_sample VALUES ('0b0167ee-a9a1-4c42-846e-e8c9a580853e','9bb8e163-a339-4ac9-9874-596dbdfb2044','tumor','C50.4','2018-12-14','Foundation One CDx',0.9,0,'FFPE');
INSERT INTO somatic_mutation VALUES ('b712b0a3-c943-49eb-8248-31965db02390','0b0167ee-a9a1-4c42-846e-e8c9a580853e','BRCA1','chr17',43094464,'T','A','SNV','missense_variant','p.Cys1697Ser',0.4644,202,'pathogenic','COSV52701256','1','SBS3');
INSERT INTO somatic_mutation VALUES ('4f31bc12-fcb3-4803-9a9d-91bd1c321c62','0b0167ee-a9a1-4c42-846e-e8c9a580853e','ESR1','chr6',152098794,'T','C','SNV','missense_variant','p.Tyr537Cys',0.2038,302,'oncogenic','COSV52744551','1','SBS1');
INSERT INTO somatic_mutation VALUES ('f3414863-cf3f-44d6-99a0-d3921f2c67f1','0b0167ee-a9a1-4c42-846e-e8c9a580853e','TP53','chr17',7674220,'G','A','SNV','missense_variant','p.Arg248Trp',0.4591,139,'oncogenic','COSV52743007','1','SBS5');
INSERT INTO somatic_mutation VALUES ('991103e1-27b9-4a40-bfd8-deaa43ae79a8','0b0167ee-a9a1-4c42-846e-e8c9a580853e','MAP3K1','chr5',56115628,'G','A','SNV','missense_variant','p.Glu1298Lys',0.1413,238,'oncogenic','COSV52721033','3A','SBS1');
INSERT INTO somatic_mutation VALUES ('e7b62c96-9806-4bfc-a99d-ee028828efbf','0b0167ee-a9a1-4c42-846e-e8c9a580853e','CCND1','chr11',69465258,'G','T','SNV','missense_variant','p.Pro241Leu',0.2637,169,'oncogenic','COSV52718943','3A','SBS1');
INSERT INTO copy_number_variant VALUES ('aa64a571-df8e-4d0d-b60e-2ca426405f08','0b0167ee-a9a1-4c42-846e-e8c9a580853e','ERBB2','chr17',37800000,38200000,18.6,3.84,'amplification',1);
INSERT INTO copy_number_variant VALUES ('2c9270d8-8923-4d86-ad30-8f5e86d5e73a','0b0167ee-a9a1-4c42-846e-e8c9a580853e','MYC','chr8',127700000,127800000,3.5,0.74,'neutral',0);
INSERT INTO copy_number_variant VALUES ('66b22244-46e0-4f55-8ea3-fa80e29ff189','0b0167ee-a9a1-4c42-846e-e8c9a580853e','CDKN2A','chr9',21967000,21995000,0.4,-2.1,'shallow_deletion',0);
INSERT INTO gene_expression VALUES ('40f8d9e3-1dc0-420b-9088-a856e6d9753a','0b0167ee-a9a1-4c42-846e-e8c9a580853e','ENSG00000091831','ESR1',1093.51,109.35,2734,10.82,99.0);
INSERT INTO gene_expression VALUES ('02430090-fab2-4566-8a71-0d14be35bdec','0b0167ee-a9a1-4c42-846e-e8c9a580853e','ENSG00000141736','ERBB2',599.69,59.97,1499,5.33,99.0);
INSERT INTO gene_expression VALUES ('00e3e55d-b988-4daa-8038-428995e2dcb4','0b0167ee-a9a1-4c42-846e-e8c9a580853e','ENSG00000148773','MKI67',263.81,26.38,660,1.6,74.0);
INSERT INTO gene_expression VALUES ('e67e9d3d-6c66-4fbd-9808-5b333c4f099e','0b0167ee-a9a1-4c42-846e-e8c9a580853e','ENSG00000141510','TP53',110.0,5.29,463,-0.11,48.4);
INSERT INTO gene_expression VALUES ('e3aa53f4-78ee-4382-8302-0949340fb328','0b0167ee-a9a1-4c42-846e-e8c9a580853e','ENSG00000012048','BRCA1',36.18,2.12,174,-0.93,36.0);
INSERT INTO gene_expression VALUES ('c8fdf07f-db82-48dd-9b80-8e0527eaaffd','0b0167ee-a9a1-4c42-846e-e8c9a580853e','ENSG00000139618','BRCA2',59.98,4.34,79,-0.67,40.0);
INSERT INTO gene_expression VALUES ('1bd0bf57-0c84-4d8a-a24e-f7e415a73d42','0b0167ee-a9a1-4c42-846e-e8c9a580853e','ENSG00000171862','PTEN',19.57,1.85,116,-1.12,33.2);
INSERT INTO gene_expression VALUES ('cea8e508-2d4e-4492-b1b0-d000fac6ae9f','0b0167ee-a9a1-4c42-846e-e8c9a580853e','ENSG00000136997','MYC',79.21,1.58,456,-0.45,43.2);
INSERT INTO protein_expression VALUES ('0c42e1a1-43bd-44ab-ac6b-102a69d2b4ac','0b0167ee-a9a1-4c42-846e-e8c9a580853e','ESR1','P03372','IHC',0.9,240.0,6,'NULL');
INSERT INTO protein_expression VALUES ('6035dd0b-b494-4779-bebf-102d8e009389','0b0167ee-a9a1-4c42-846e-e8c9a580853e','PGR','P06401','IHC',0.68,218.0,5,'NULL');
INSERT INTO protein_expression VALUES ('652c08e3-8788-4b74-9be1-bc53ae46ca3a','0b0167ee-a9a1-4c42-846e-e8c9a580853e','ERBB2','P04626','IHC',1.5,300.0,8,'pY1248');
INSERT INTO protein_expression VALUES ('3c218d06-dd31-4329-bf72-551ea27c486c','0b0167ee-a9a1-4c42-846e-e8c9a580853e','MKI67','P46013','IHC',-0.48,95.0,0,'NULL');
INSERT INTO epigenetic_mark VALUES ('3d2102f9-424c-4377-83c1-4b4c43cd6d71','0b0167ee-a9a1-4c42-846e-e8c9a580853e','DNA_methylation','cg15629539',0.139,'-2.631','ESR1','CpG_island',NULL);
INSERT INTO epigenetic_mark VALUES ('a33385d2-20ea-49c9-be9a-a0845e5ade86','0b0167ee-a9a1-4c42-846e-e8c9a580853e','DNA_methylation','cg27053763',0.076,'-3.604','BRCA1','promoter',NULL);
INSERT INTO epigenetic_mark VALUES ('1294b51b-2b29-4996-81c5-da38d202acc8','0b0167ee-a9a1-4c42-846e-e8c9a580853e','H3K27ac','chr17:37800000-37850000',0.381,NULL,'ERBB2','enhancer','5.184');
INSERT INTO ncrna_profile VALUES ('163f7b16-6427-47b9-b198-4b14e2a8a3f4','0b0167ee-a9a1-4c42-846e-e8c9a580853e','miRNA','hsa-miR-21-5p','miR-21-5p',6.07,'["PTEN", "PDCD4"]');
INSERT INTO ncrna_profile VALUES ('4448c859-eaf3-4d00-b1bb-b2dbc20889e2','0b0167ee-a9a1-4c42-846e-e8c9a580853e','miRNA','hsa-miR-155-5p','miR-155-5p',5.16,'["SHIP1", "SOCS1"]');
INSERT INTO ncrna_profile VALUES ('2ab91ca3-c084-4a6b-91fc-b813664e6e8a','0b0167ee-a9a1-4c42-846e-e8c9a580853e','lncRNA','ENSG00000228630','HOTAIR',3.08,'["SHIP1", "SOCS1"]');
INSERT INTO ncrna_profile VALUES ('c3e700e3-8ee8-4a6f-8f92-8282b3c5274a','0b0167ee-a9a1-4c42-846e-e8c9a580853e','lncRNA','ENSG00000251562','MALAT1',45.48,'["SHIP1", "SOCS1"]');
INSERT INTO metabolomics_profile VALUES ('d3bca7b1-56dd-4fdb-a2b0-c5d86df9027a','0b0167ee-a9a1-4c42-846e-e8c9a580853e','Lactate','HMDB0000190','C00186',0.72,'LC-MS','organic_acid',-0.85);
INSERT INTO metabolomics_profile VALUES ('dfc3576c-babd-4542-9cd0-514fb7ec134c','0b0167ee-a9a1-4c42-846e-e8c9a580853e','Glutamine','HMDB0000641','C00064',0.62,'LC-MS','amino_acid',-0.92);
INSERT INTO metabolomics_profile VALUES ('f62a8a69-5a36-44f1-9749-e937e011a474','0b0167ee-a9a1-4c42-846e-e8c9a580853e','Glucose','HMDB0000122','C00031',5.76,'LC-MS','carbohydrate',2.51);
INSERT INTO metabolomics_profile VALUES ('84e0ad3a-2505-4f3e-82b3-886e3cd21d47','0b0167ee-a9a1-4c42-846e-e8c9a580853e','Phosphocholine','HMDB0001565','C00588',0.32,'LC-MS','lipid',-1.12);
INSERT INTO tumor_clone VALUES ('776811ed-a33a-422a-9944-c00c4d5edc99','0b0167ee-a9a1-4c42-846e-e8c9a580853e','clone_A',0.9,'[]',1,1,0.1738);
INSERT INTO tumor_clone VALUES ('215f5a59-555b-4531-a55c-e7fcaa596f6b','0b0167ee-a9a1-4c42-846e-e8c9a580853e','clone_B',0.1,'[]',0,2,0.0669);
INSERT INTO cell_cycle_state VALUES ('377392c8-1d10-428b-868d-c48239d09c68','0b0167ee-a9a1-4c42-846e-e8c9a580853e',0.642,0.114,0.087,0.157,33.8965,475.4,3.4);
INSERT INTO apoptosis_marker VALUES ('48c648e1-6da9-46d1-84bb-ab705da09ca1','0b0167ee-a9a1-4c42-846e-e8c9a580853e',201.0,142.8283,61.0,3.3,0.2616,5.8443,0.8693);
INSERT INTO dna_repair_status VALUES ('2a027477-f932-412f-896a-3cf089dc9ba3','0b0167ee-a9a1-4c42-846e-e8c9a580853e','mutated_somatic','mutated_somatic','proficient_MMR',0.04,4.9,29.6,0,'wildtype');
INSERT INTO metabolic_phenotype VALUES ('d446a7ac-b0c2-40cb-8ff5-71c88a05b4fb','0b0167ee-a9a1-4c42-846e-e8c9a580853e',0.22,106.486,0.4378,0.2258,0.2042,1.2486,0.5276);
INSERT INTO stemness_profile VALUES ('dd95ecd1-6118-48fe-82a7-2e53b3c9a4f8','0b0167ee-a9a1-4c42-846e-e8c9a580853e',110.7764,14.4145,0.5616,0.02,0.275,0.311,0.6935,0.4594);
INSERT INTO drug_resistance_feature VALUES ('1fa4ef20-00bf-4133-b968-2ef589f4204a','0b0167ee-a9a1-4c42-846e-e8c9a580853e',0.89,0.6585,0.25,1.2488,'[]',0.4245);
INSERT INTO immune_infiltration VALUES ('9024e3cd-b1ef-4042-8794-ffe7916134c1','0b0167ee-a9a1-4c42-846e-e8c9a580853e',9.0,11.4792,5.4236,7.9036,3.0833,12.4445,12.802,4.9509,10.1128,'CIBERSORT');
INSERT INTO checkpoint_expression VALUES ('03c22eba-de69-4571-a80c-90e7d5412bcb','0b0167ee-a9a1-4c42-846e-e8c9a580853e',16.6,29.88,7.6685,28.0117,9.4098,12.0284,10.8958,34.9821);
INSERT INTO cytokine_milieu VALUES ('dc8a38a4-ccd6-4d7c-824f-71bf01a6e7cf','0b0167ee-a9a1-4c42-846e-e8c9a580853e',29.9763,14.9147,5.4441,29.0208,13.9461,7.0,29.6519,127.2611);
INSERT INTO stromal_composition VALUES ('1cc3c713-d09c-4efe-9487-8803392c9092','0b0167ee-a9a1-4c42-846e-e8c9a580853e',0.1519,0.0785,0.0778,0.479,4.2899,32.4971);
INSERT INTO ecm_profile VALUES ('3171a88f-ced5-4a1e-89a1-07c4b9fd8417','0b0167ee-a9a1-4c42-846e-e8c9a580853e',14.2632,9.8238,32.8162,0.1742,0.2027,0.7618,0.3593);
INSERT INTO hypoxia_vasculature VALUES ('5df284da-bec9-48dc-9819-8646c7b25697','0b0167ee-a9a1-4c42-846e-e8c9a580853e',1.19,1.3155,8.9,0.31,117.355,198.3034,101.5753,8.2,7.09);
INSERT INTO organ_function VALUES ('9cf60d26-8b69-42b5-826f-ce74297a93ce','9bb8e163-a339-4ac9-9874-596dbdfb2044','2018-12-04',65.1,1.1812,27.4692,24.5358,12.559,33.6491,63.4,375.7141,1.0857);
INSERT INTO immune_baseline VALUES ('3ee5dbe6-d17e-494f-8440-b1f905f3a330','9bb8e163-a339-4ac9-9874-596dbdfb2044','2018-12-04',9.95,2.39,3.57,1.4937,726.6594,330.1094,246.3522,10.3276);
INSERT INTO hormonal_profile VALUES ('6530825d-01a2-48aa-bf90-7f8d59665ff0','9bb8e163-a339-4ac9-9874-596dbdfb2044','2018-12-04',2.0,0.47,216.0,63.4667,18.9611,1.6524,10.6844);
INSERT INTO pharmacogenomics VALUES ('64f971f8-30dc-4c3d-9022-2602943836a0','9bb8e163-a339-4ac9-9874-596dbdfb2044','IM','PM','UM','*1/*28','normal',0,'NM');
INSERT INTO body_composition VALUES ('751552be-6caa-40c1-996c-0ca1bda9a05e','9bb8e163-a339-4ac9-9874-596dbdfb2044','2018-12-04',26.5,33.5,17.9683,87.7925,32.3554,1.7364);
INSERT INTO microbiome_profile VALUES ('1e00a6a4-faf8-47aa-9fce-0f6a2f7e58fe','9bb8e163-a339-4ac9-9874-596dbdfb2044','2018-12-04','gut','16S_rRNA_V4',2.7086,1.5747,0.0,'[{"genus": "Bacteroides", "rel": 0.315}, {"genus": "Faecalibacterium", "rel": 0.106}, {"genus": "Akkermansia", "rel": 0.0}]',0);
INSERT INTO tumor_staging VALUES ('4d435052-c435-4907-b1d6-1c3391ade690','9bb8e163-a339-4ac9-9874-596dbdfb2044','2018-12-04','8500/3','C50.4','Invasive ductal carcinoma','T3','N2','M0','IIIA',2,'left');
INSERT INTO imaging_measurement VALUES ('1b757349-7e47-4b9d-a53b-94b04d8448e7','9bb8e163-a339-4ac9-9874-596dbdfb2044','2018-11-23','MRI','L1','primary_left_breast',49.4,63121.8137,4.4436,'SD','{"entropy": 7.61, "sphericity": 0.68}');
INSERT INTO pathology_report VALUES ('fb35501e-694d-47b8-98b5-5579e5f5720a','9bb8e163-a339-4ac9-9874-596dbdfb2044','2018-12-04','core_needle_biopsy','R0',2,10,0,0,2.393);
INSERT INTO performance_status VALUES ('914aee94-3875-4e87-a734-372c8c3a82f2','9bb8e163-a339-4ac9-9874-596dbdfb2044','2018-12-04',0,75,4,39.5448);
INSERT INTO liquid_biopsy VALUES ('2b7f6ba6-5199-4a8f-b8c1-8ca828e0201d','9bb8e163-a339-4ac9-9874-596dbdfb2044','2018-12-04',0.0067,3.015,7,'[]','detected',13.964);
INSERT INTO treatment_regimen VALUES ('df121ddc-b767-4f31-aecb-785dcd86abca','9bb8e163-a339-4ac9-9874-596dbdfb2044',1,'T-DM1','adjuvant','2018-12-18','2019-10-29','planned_completion','PR',616);
INSERT INTO treatment_drug_dose VALUES ('e5bb5463-2853-4e6f-abc8-12d88b8f87e2','df121ddc-b767-4f31-aecb-785dcd86abca','6875e431-ad8e-4272-8f17-9b89825e25c6','2018-12-18',78.0,77.0,1.3,'IV',1,1.6559);
INSERT INTO adverse_event VALUES ('db8c4a39-da91-4d5c-aca4-917e0d505bac','9bb8e163-a339-4ac9-9874-596dbdfb2044','df121ddc-b767-4f31-aecb-785dcd86abca','Fatigue',2,'2019-03-14','2019-05-01','probable','none');
INSERT INTO adverse_event VALUES ('2ac44523-1c3c-4145-82d7-68fd97460d2d','9bb8e163-a339-4ac9-9874-596dbdfb2044','df121ddc-b767-4f31-aecb-785dcd86abca','Hand-foot syndrome',2,'2019-01-31','2019-03-14','probable','none');
INSERT INTO radiation_plan VALUES ('99096fad-a3bd-4512-aac1-dc6843ee9af0','9bb8e163-a339-4ac9-9874-596dbdfb2044','photon_EBRT','CTV',51.4959,2.0,25,5,'IMRT',NULL,'{"heart": {"V20Gy_pct": "<25"}, "lung": {"mean_Gy": "<18"}}');
INSERT INTO carcinogen_exposure VALUES ('741cd135-4bb1-4c71-8c36-80a33f65627c','9bb8e163-a339-4ac9-9874-596dbdfb2044','never',0.0,6.7362,34.078,89.4371,'[]',0.0,0);
INSERT INTO diet_nutrition VALUES ('24c57e24-8d5e-49d4-b689-a7acbec15857','9bb8e163-a339-4ac9-9874-596dbdfb2044','2018-12-04','FFQ',1560.8452,49.6088,150.6852,87.094,8.0,59.6974,6.9073,1.3596,'plant_based');
INSERT INTO physical_activity VALUES ('d25bc709-cdda-447e-b905-b8269ea21267','9bb8e163-a339-4ac9-9874-596dbdfb2044','2018-12-04',510.0611,60.5101,178.8072,8.9481,33.5477,7105,40.5183);
INSERT INTO stress_psychology VALUES ('bf8d86d6-dd13-41ff-a0ed-22586498ad17','9bb8e163-a339-4ac9-9874-596dbdfb2044','2018-12-04',16,7,12,41.2164,133.92,7.26,0);
INSERT INTO environmental_exposure VALUES ('c2c7d925-1f57-46bc-9ac3-5876a8a40c89','9bb8e163-a339-4ac9-9874-596dbdfb2044','2018-12-04',14.7195,17.4019,40.1718,'negative',NULL,'negative','negative',6.231,'naive');
INSERT INTO socioeconomic_context VALUES ('55d61698-dda8-49ac-aae3-9aec3ab71b66','9bb8e163-a339-4ac9-9874-596dbdfb2044','2018-12-04',58.2567,'private',0.3525,0.6821,35.6903,'unable_to_work_disability',24.6402,12);
INSERT INTO circadian_profile VALUES ('44b94fb5-028d-4d18-9291-028fc4e4c915','9bb8e163-a339-4ac9-9874-596dbdfb2044','2018-12-04','morning',94.0972,22.2954,'22:47',1064.1001,0,7);

-- Patient 12: HER2+ HR-
INSERT INTO patient VALUES ('747bde50-f2c0-40ef-80c4-c197f4870240','MRN-0761961','1960-10-10','female','White','{"EUR": 0.53, "AFR": 0.05}','2019-08-06','2019-08-06');
INSERT INTO genomic_sample VALUES ('c1487263-be4d-4473-b35d-537f3b99b346','747bde50-f2c0-40ef-80c4-c197f4870240','tumor','C50.4','2019-08-08','Illumina NovaSeq 6000 WGS',0.95,0,'FFPE');
INSERT INTO somatic_mutation VALUES ('ddcf7fef-e55a-40de-bdce-00cad8f2f5b8','c1487263-be4d-4473-b35d-537f3b99b346','GATA3','chr10',8115610,'CT','C','indel','frameshift_variant','p.Thr443fs',0.3779,249,'oncogenic','COSV52704812','1','SBS5');
INSERT INTO somatic_mutation VALUES ('85fa9c0f-2e18-4673-9014-5d0e3eae5213','c1487263-be4d-4473-b35d-537f3b99b346','ESR1','chr6',152098794,'T','C','SNV','missense_variant','p.Tyr537Cys',0.1885,394,'oncogenic','COSV52744551','1','SBS1');
INSERT INTO somatic_mutation VALUES ('0b017f1a-5e73-4c51-b90d-cda7f0d52c36','c1487263-be4d-4473-b35d-537f3b99b346','CCND1','chr11',69465258,'G','T','SNV','missense_variant','p.Pro241Leu',0.2495,170,'oncogenic','COSV52718943','3A','SBS1');
INSERT INTO copy_number_variant VALUES ('9f9c8009-4424-4008-8250-078aefab93c9','c1487263-be4d-4473-b35d-537f3b99b346','ERBB2','chr17',37800000,38200000,16.0,4.21,'amplification',1);
INSERT INTO copy_number_variant VALUES ('e81d4ea0-002f-430b-8b80-623fd381818d','c1487263-be4d-4473-b35d-537f3b99b346','MYC','chr8',127700000,127800000,4.4,0.63,'neutral',0);
INSERT INTO copy_number_variant VALUES ('96e4e0a4-a290-4da8-b2a7-e34c3733bf7d','c1487263-be4d-4473-b35d-537f3b99b346','CDKN2A','chr9',21967000,21995000,0.1,-1.23,'shallow_deletion',0);
INSERT INTO gene_expression VALUES ('c1d137f4-699f-4f9f-b21a-8edf49273ebf','c1487263-be4d-4473-b35d-537f3b99b346','ENSG00000091831','ESR1',1.0,0.1,2,-1.32,30.2);
INSERT INTO gene_expression VALUES ('108bf527-4319-44e8-850f-8dec1d5c4085','c1487263-be4d-4473-b35d-537f3b99b346','ENSG00000141736','ERBB2',562.52,56.25,1406,4.92,99.0);
INSERT INTO gene_expression VALUES ('c7c3a5c0-0e08-48d0-84bb-3ffd0cdf21bf','c1487263-be4d-4473-b35d-537f3b99b346','ENSG00000148773','MKI67',420.94,42.09,1052,3.34,99.0);
INSERT INTO gene_expression VALUES ('dfd98967-a99e-4370-a04b-b498fa07a752','c1487263-be4d-4473-b35d-537f3b99b346','ENSG00000141510','TP53',78.25,4.2,101,-0.46,43.1);
INSERT INTO gene_expression VALUES ('7dfbde20-f35d-4f62-9392-86488c548d4f','c1487263-be4d-4473-b35d-537f3b99b346','ENSG00000012048','BRCA1',31.37,7.32,120,-0.98,35.3);
INSERT INTO gene_expression VALUES ('8187c63a-d558-4c12-9b28-06b6134f2169','c1487263-be4d-4473-b35d-537f3b99b346','ENSG00000139618','BRCA2',43.81,2.22,367,-0.85,37.2);
INSERT INTO gene_expression VALUES ('e68ddd19-8863-4360-a0e6-6090533e89c1','c1487263-be4d-4473-b35d-537f3b99b346','ENSG00000171862','PTEN',109.56,4.21,238,-0.12,48.2);
INSERT INTO gene_expression VALUES ('13445e89-b662-4241-8e64-64c06d9285a2','c1487263-be4d-4473-b35d-537f3b99b346','ENSG00000136997','MYC',63.66,1.73,708,-0.63,40.5);
INSERT INTO protein_expression VALUES ('f58a3a94-8190-4664-9064-a086631cf6d3','c1487263-be4d-4473-b35d-537f3b99b346','ESR1','P03372','IHC',-1.37,13.0,0,'NULL');
INSERT INTO protein_expression VALUES ('ee840e12-af93-4951-b293-0f43725bcc12','c1487263-be4d-4473-b35d-537f3b99b346','PGR','P06401','IHC',-1.5,0.0,0,'NULL');
INSERT INTO protein_expression VALUES ('239580a2-a7ba-4287-9d24-62262c3ab3c6','c1487263-be4d-4473-b35d-537f3b99b346','ERBB2','P04626','IHC',0.94,244.0,6,'pY1248');
INSERT INTO protein_expression VALUES ('c6bf8a6c-53dd-41be-955e-a5747445d12a','c1487263-be4d-4473-b35d-537f3b99b346','MKI67','P46013','IHC',0.11,150.0,0,'NULL');
INSERT INTO epigenetic_mark VALUES ('7503e7f2-062e-42cd-aef7-490c3e8dd78c','c1487263-be4d-4473-b35d-537f3b99b346','DNA_methylation','cg15629539',0.634,'0.793','ESR1','CpG_island',NULL);
INSERT INTO epigenetic_mark VALUES ('8de16b79-2a15-474e-8fa9-9afab0ec69bb','c1487263-be4d-4473-b35d-537f3b99b346','DNA_methylation','cg27053763',0.107,'-3.061','BRCA1','promoter',NULL);
INSERT INTO epigenetic_mark VALUES ('9d8acae9-e51b-4f56-9792-efa57ff926e2','c1487263-be4d-4473-b35d-537f3b99b346','H3K27ac','chr17:37800000-37850000',0.385,NULL,'ERBB2','enhancer','5.345');
INSERT INTO ncrna_profile VALUES ('efe1c971-f1d9-4b45-9b46-a135c128a3a2','c1487263-be4d-4473-b35d-537f3b99b346','miRNA','hsa-miR-21-5p','miR-21-5p',4.84,'["PTEN", "PDCD4"]');
INSERT INTO ncrna_profile VALUES ('73cd937a-d8e5-45f0-bf2e-eca8af5242e7','c1487263-be4d-4473-b35d-537f3b99b346','miRNA','hsa-miR-155-5p','miR-155-5p',9.26,'["SHIP1", "SOCS1"]');
INSERT INTO ncrna_profile VALUES ('89fae8df-6e22-4477-a70f-d2234f03a0be','c1487263-be4d-4473-b35d-537f3b99b346','lncRNA','ENSG00000228630','HOTAIR',0.51,'["SHIP1", "SOCS1"]');
INSERT INTO ncrna_profile VALUES ('f5303dcb-c6ea-4c31-86fe-dfaffd22ef45','c1487263-be4d-4473-b35d-537f3b99b346','lncRNA','ENSG00000251562','MALAT1',15.24,'["SHIP1", "SOCS1"]');
INSERT INTO metabolomics_profile VALUES ('f6ffbe0b-0f4f-45d3-8127-cbb83e8d57cd','c1487263-be4d-4473-b35d-537f3b99b346','Lactate','HMDB0000190','C00186',3.52,'LC-MS','organic_acid',1.01);
INSERT INTO metabolomics_profile VALUES ('aaf80ed0-1147-494e-b0da-aea81c11c346','c1487263-be4d-4473-b35d-537f3b99b346','Glutamine','HMDB0000641','C00064',0.45,'LC-MS','amino_acid',-1.03);
INSERT INTO metabolomics_profile VALUES ('63f04ffb-de75-4bba-a933-d9f4c6cf3c36','c1487263-be4d-4473-b35d-537f3b99b346','Glucose','HMDB0000122','C00031',5.07,'LC-MS','carbohydrate',2.05);
INSERT INTO metabolomics_profile VALUES ('94faa886-adaf-4b3f-87ba-780b6de93633','c1487263-be4d-4473-b35d-537f3b99b346','Phosphocholine','HMDB0001565','C00588',0.07,'LC-MS','lipid',-1.29);
INSERT INTO tumor_clone VALUES ('4c4690e8-769e-4216-a1d0-77c54841841c','c1487263-be4d-4473-b35d-537f3b99b346','clone_A',0.58,'[]',1,1,0.1915);
INSERT INTO tumor_clone VALUES ('26ee6f0d-74b8-4b7d-ab31-9e075facb638','c1487263-be4d-4473-b35d-537f3b99b346','clone_B',0.42,'[]',0,2,0.0743);
INSERT INTO cell_cycle_state VALUES ('83b640f9-9800-40f9-9509-73ea273c4dbb','c1487263-be4d-4473-b35d-537f3b99b346',0.575,0.149,0.104,0.172,53.5066,317.1,7.1);
INSERT INTO apoptosis_marker VALUES ('534ff614-4e55-497c-ad36-6cc1d9a38e70','c1487263-be4d-4473-b35d-537f3b99b346',159.0,164.308,116.0,1.37,0.2867,6.1625,1.0982);
INSERT INTO dna_repair_status VALUES ('f37234b5-d7f8-46ba-92a8-c52164be5950','c1487263-be4d-4473-b35d-537f3b99b346','wildtype','wildtype','proficient_MMR',0.04,1.4,16.1,0,'wildtype');
INSERT INTO metabolic_phenotype VALUES ('6f53053e-39ca-4195-befc-d030a599621b','c1487263-be4d-4473-b35d-537f3b99b346',0.451,85.0195,0.345,0.3776,0.2678,1.3969,0.6208);
INSERT INTO stemness_profile VALUES ('f6039370-c96e-411e-b881-8fe938959b57','c1487263-be4d-4473-b35d-537f3b99b346',86.1665,5.72,0.0,0.2194,0.058,0.245,0.4837,0.302);
INSERT INTO drug_resistance_feature VALUES ('90031804-1805-4c88-9661-f56b2f7328c5','c1487263-be4d-4473-b35d-537f3b99b346',1.47,0.3718,0.4542,1.035,'[]',1.0);
INSERT INTO immune_infiltration VALUES ('6f0f9ab8-61fc-40ff-aa77-f3f72b892825','c1487263-be4d-4473-b35d-537f3b99b346',12.3,13.8675,10.5518,4.7157,2.8738,10.0637,12.6797,2.282,4.6953,'CIBERSORT');
INSERT INTO checkpoint_expression VALUES ('2a33a6ba-ba02-4f49-8330-f85cb5a8a00b','c1487263-be4d-4473-b35d-537f3b99b346',14.3,25.74,7.2516,15.1358,14.2468,9.1501,10.3497,24.2663);
INSERT INTO cytokine_milieu VALUES ('bea2a676-fc17-4bca-b4ba-5547218a36f5','c1487263-be4d-4473-b35d-537f3b99b346',33.4566,14.0154,9.7075,33.4972,16.303,24.7,5.0,176.8851);
INSERT INTO stromal_composition VALUES ('9d58bc76-38d7-474b-bdbd-558af15fb7fd','c1487263-be4d-4473-b35d-537f3b99b346',0.3528,0.0807,0.1327,0.1733,2.5327,32.3097);
INSERT INTO ecm_profile VALUES ('c0eff621-ade0-4526-9198-08f3b592503e','c1487263-be4d-4473-b35d-537f3b99b346',15.1111,5.7487,24.9361,0.3433,0.2417,0.5628,0.446);
INSERT INTO hypoxia_vasculature VALUES ('6dcf79cf-465b-4622-bcc0-7ee0c7c4df6a','c1487263-be4d-4473-b35d-537f3b99b346',0.96,1.1031,9.6,0.2959,75.9788,226.9844,62.7146,11.9,7.08);
INSERT INTO organ_function VALUES ('883dadd0-299d-41dc-90f6-9488418a2890','747bde50-f2c0-40ef-80c4-c197f4870240','2019-08-06',76.2,1.3144,27.4333,25.7977,19.6402,35.037,67.3,424.306,1.0425);
INSERT INTO immune_baseline VALUES ('57a0ea0c-c262-45a2-8146-80085afbf65c','747bde50-f2c0-40ef-80c4-c197f4870240','2019-08-06',9.21,1.87,5.14,2.7487,735.6123,436.7824,263.2147,9.2485);
INSERT INTO hormonal_profile VALUES ('fdeaa214-7220-4ab5-b645-e6bb033a0e87','747bde50-f2c0-40ef-80c4-c197f4870240','2019-08-06',2.0,0.81,525.0,63.6024,8.9532,1.5932,7.7548);
INSERT INTO pharmacogenomics VALUES ('d3da8be3-20a1-49b2-8cc8-6d3f1f414dad','747bde50-f2c0-40ef-80c4-c197f4870240','NM','NM','IM','*1/*28','normal',0,'NM');
INSERT INTO body_composition VALUES ('3999a219-a71d-4341-bce3-9a346c5a7b3c','747bde50-f2c0-40ef-80c4-c197f4870240','2019-08-06',22.5,41.6,32.4821,113.8997,20.4268,1.638);
INSERT INTO microbiome_profile VALUES ('231e58cb-16d5-4648-b8f7-d6831ba0f598','747bde50-f2c0-40ef-80c4-c197f4870240','2019-08-06','gut','16S_rRNA_V4',2.5751,2.7717,0.0,'[{"genus": "Bacteroides", "rel": 0.174}, {"genus": "Faecalibacterium", "rel": 0.164}, {"genus": "Akkermansia", "rel": 0.0}]',0);
INSERT INTO tumor_staging VALUES ('29dd618f-8798-4e12-a994-8bd068285908','747bde50-f2c0-40ef-80c4-c197f4870240','2019-08-06','8500/3','C50.4','Invasive ductal carcinoma','T3','N2','M0','IIIA',1,'right');
INSERT INTO imaging_measurement VALUES ('1da030d9-e364-4049-b581-222ecfd90638','747bde50-f2c0-40ef-80c4-c197f4870240','2019-07-19','MRI','L1','primary_left_breast',45.4,48996.6267,4.2688,'SD','{"entropy": 4.81, "sphericity": 0.83}');
INSERT INTO pathology_report VALUES ('bd78477b-df6f-4ed7-841b-01f9c0b9eaf4','747bde50-f2c0-40ef-80c4-c197f4870240','2019-08-06','core_needle_biopsy','R0',5,10,0,0,47.901);
INSERT INTO performance_status VALUES ('494a63ab-2ece-4c99-aa0e-5afa5b8b2d87','747bde50-f2c0-40ef-80c4-c197f4870240','2019-08-06',1,72,3,30.8678);
INSERT INTO liquid_biopsy VALUES ('1600e2ce-20fa-43e1-bbe4-d0bd46ad358d','747bde50-f2c0-40ef-80c4-c197f4870240','2019-08-06',0.058,26.1,4,'[]','detected',5.3552);
INSERT INTO treatment_regimen VALUES ('ef179ec5-4901-40ff-9479-023319d12160','747bde50-f2c0-40ef-80c4-c197f4870240',1,'Pertuzumab+Tras','neoadjuvant','2019-08-20','2021-01-23','planned_completion','PR',715);
INSERT INTO treatment_drug_dose VALUES ('cc4daa04-2717-4a61-994a-3645caa74104','ef179ec5-4901-40ff-9479-023319d12160','ee7cd6f0-c90e-4aa4-be8c-5bd7dbf650f6','2019-08-20',72.0,69.0,4.2,'IV',1,1.2605);
INSERT INTO adverse_event VALUES ('e2c6e652-b1a6-45a2-ad42-32198b7ce985','747bde50-f2c0-40ef-80c4-c197f4870240','ef179ec5-4901-40ff-9479-023319d12160','Peripheral sensory neuropathy',2,'2019-11-10','2019-11-23','probable','none');
INSERT INTO adverse_event VALUES ('c60a2550-10d1-4469-a67c-3624f9550795','747bde50-f2c0-40ef-80c4-c197f4870240','ef179ec5-4901-40ff-9479-023319d12160','Hand-foot syndrome',2,'2019-09-09','2019-09-22','probable','none');
INSERT INTO carcinogen_exposure VALUES ('972aa20a-4548-4e40-a78f-4bfffdd98939','747bde50-f2c0-40ef-80c4-c197f4870240','former',32.9616,0.0,26.4475,105.5822,'[]',0.0,0);
INSERT INTO diet_nutrition VALUES ('d6167676-e68c-464d-aef7-53b3941dc71f','747bde50-f2c0-40ef-80c4-c197f4870240','2019-08-06','FFQ',1494.2401,60.5759,231.463,88.1409,15.3219,29.4419,8.1787,11.4874,'Western');
INSERT INTO physical_activity VALUES ('9d7c2304-5d16-417f-bf1c-1ecd3229b8ae','747bde50-f2c0-40ef-80c4-c197f4870240','2019-08-06',554.4598,102.2399,117.4923,8.4453,23.5782,7635,29.4026);
INSERT INTO stress_psychology VALUES ('5c1e7688-cf55-4080-9fe0-8787a079ee02','747bde50-f2c0-40ef-80c4-c197f4870240','2019-08-06',12,12,0,29.1963,325.5,4.0947,10);
INSERT INTO environmental_exposure VALUES ('5dfa3d33-0636-4f2c-8ec9-71703d0ebf79','747bde50-f2c0-40ef-80c4-c197f4870240','2019-08-06',17.0239,17.456,16.9789,'negative',NULL,'negative','negative',6.1126,'naive');
INSERT INTO socioeconomic_context VALUES ('898f6dfb-2220-4304-b2b3-3d53c7efc4b2','747bde50-f2c0-40ef-80c4-c197f4870240','2019-08-06',68.2433,'public_Medicaid',0.6491,0.5733,78.7162,'unable_to_work_disability',48.4747,22);
INSERT INTO circadian_profile VALUES ('3d91d32c-349d-4855-8f6f-dfef6852364c','747bde50-f2c0-40ef-80c4-c197f4870240','2019-08-06','evening',91.9659,16.5023,'22:32',846.5892,0,13);

-- Patient 13: HR+/HER2- early
INSERT INTO patient VALUES ('6fc39ce6-58ac-499f-b8fa-fe6ee37cf80b','MRN-5472770','1968-07-08','female','East Asian','{"EUR": 0.77, "AFR": 0.07}','2018-04-29','2018-04-29');
INSERT INTO genomic_sample VALUES ('295f95d7-e825-4361-98fa-ef9d7efd2586','6fc39ce6-58ac-499f-b8fa-fe6ee37cf80b','tumor','C50.4','2018-05-14','Foundation One CDx',0.75,0,'FFPE');
INSERT INTO somatic_mutation VALUES ('10b3b0e8-63b6-4a93-bece-9d0a6f6f54a2','295f95d7-e825-4361-98fa-ef9d7efd2586','ERBB2','chr17',39725084,'A','G','SNV','missense_variant','p.Leu755Ser',0.2977,95,'oncogenic','COSV52735019','1','SBS5');
INSERT INTO somatic_mutation VALUES ('da5de6c9-c598-4117-9ebb-aec3cae2da9a','295f95d7-e825-4361-98fa-ef9d7efd2586','BRCA2','chr13',32338709,'A','T','SNV','stop_gained','p.Lys1690Ter',0.4235,308,'pathogenic','COSV52712043','1','SBS3');
INSERT INTO somatic_mutation VALUES ('757e1658-6d0c-415c-adf0-8542d2dde908','295f95d7-e825-4361-98fa-ef9d7efd2586','PTEN','chr10',89692905,'G','A','SNV','missense_variant','p.Arg130Gly',0.3994,170,'oncogenic','COSV52731827','1','SBS5');
INSERT INTO somatic_mutation VALUES ('f5ff74e5-49c9-4fad-bbc3-3362f2350920','295f95d7-e825-4361-98fa-ef9d7efd2586','BRCA1','chr17',43094464,'T','A','SNV','missense_variant','p.Cys1697Ser',0.466,362,'pathogenic','COSV52701256','1','SBS3');
INSERT INTO somatic_mutation VALUES ('d73e06e1-58c1-4a56-9fef-4919526390d6','295f95d7-e825-4361-98fa-ef9d7efd2586','TP53','chr17',7674220,'G','A','SNV','missense_variant','p.Arg248Trp',0.4333,259,'oncogenic','COSV52743007','1','SBS5');
INSERT INTO copy_number_variant VALUES ('fc116c1f-9e9c-4576-addd-eceb1eaf3bc1','295f95d7-e825-4361-98fa-ef9d7efd2586','MYC','chr8',127700000,127800000,6.0,-0.1,'amplification',0);
INSERT INTO copy_number_variant VALUES ('a61d3233-c028-45d8-bd38-84f5da0429b5','295f95d7-e825-4361-98fa-ef9d7efd2586','CDKN2A','chr9',21967000,21995000,0.5,-1.77,'shallow_deletion',0);
INSERT INTO gene_expression VALUES ('b107c7dc-dbc3-449d-b02b-99f84ec16805','295f95d7-e825-4361-98fa-ef9d7efd2586','ENSG00000091831','ESR1',1061.22,106.12,2653,10.46,99.0);
INSERT INTO gene_expression VALUES ('6d4f4c50-e43f-43fb-9b8e-1f4177f4a22a','295f95d7-e825-4361-98fa-ef9d7efd2586','ENSG00000141736','ERBB2',5.0,0.5,12,-1.28,30.8);
INSERT INTO gene_expression VALUES ('5675cceb-b71b-4408-9e6a-466634dbc60c','295f95d7-e825-4361-98fa-ef9d7efd2586','ENSG00000148773','MKI67',66.54,6.65,166,-0.59,41.1);
INSERT INTO gene_expression VALUES ('c2a15288-e680-4752-9428-28645f6c49cf','295f95d7-e825-4361-98fa-ef9d7efd2586','ENSG00000141510','TP53',71.31,5.5,383,-0.54,41.9);
INSERT INTO gene_expression VALUES ('c586763a-8e62-4976-88a6-b05c0c8665b5','295f95d7-e825-4361-98fa-ef9d7efd2586','ENSG00000012048','BRCA1',56.66,4.72,389,-0.7,39.5);
INSERT INTO gene_expression VALUES ('72e62567-9de6-4ab7-adf5-8033327443e2','295f95d7-e825-4361-98fa-ef9d7efd2586','ENSG00000139618','BRCA2',49.53,11.36,371,-0.78,38.3);
INSERT INTO gene_expression VALUES ('0d64e67d-843f-4ab4-aee4-94c97cb90fbd','295f95d7-e825-4361-98fa-ef9d7efd2586','ENSG00000171862','PTEN',66.54,7.53,289,-0.59,41.1);
INSERT INTO gene_expression VALUES ('1fc5df17-992f-4de2-8f7b-d948b9fc59cc','295f95d7-e825-4361-98fa-ef9d7efd2586','ENSG00000136997','MYC',144.84,5.12,392,0.28,54.2);
INSERT INTO protein_expression VALUES ('f600542a-9505-4b53-a9ad-1d3f430cda27','295f95d7-e825-4361-98fa-ef9d7efd2586','ESR1','P03372','IHC',1.44,294.0,7,'NULL');
INSERT INTO protein_expression VALUES ('e6ac06e5-013d-4661-954e-faa7c5c180d0','295f95d7-e825-4361-98fa-ef9d7efd2586','PGR','P06401','IHC',0.15,165.0,4,'NULL');
INSERT INTO protein_expression VALUES ('ca9bbeb0-7781-4531-802b-b7568a293660','295f95d7-e825-4361-98fa-ef9d7efd2586','ERBB2','P04626','IHC',-1.5,0.0,0,'pY1248');
INSERT INTO protein_expression VALUES ('50b3658a-807b-45f0-8426-024cff79e38a','295f95d7-e825-4361-98fa-ef9d7efd2586','MKI67','P46013','IHC',-1.27,22.0,0,'NULL');
INSERT INTO epigenetic_mark VALUES ('93e50942-73e5-4c1c-b803-8ef64d065072','295f95d7-e825-4361-98fa-ef9d7efd2586','DNA_methylation','cg15629539',0.063,'-3.895','ESR1','CpG_island',NULL);
INSERT INTO epigenetic_mark VALUES ('cd9a69dc-25d3-4a7d-b989-38f0ce01e8ac','295f95d7-e825-4361-98fa-ef9d7efd2586','DNA_methylation','cg27053763',0.318,'-1.101','BRCA1','promoter',NULL);
INSERT INTO epigenetic_mark VALUES ('4ba01e19-aa2d-4673-9c61-d3b931ed8bad','295f95d7-e825-4361-98fa-ef9d7efd2586','H3K27ac','chr17:37800000-37850000',0.143,NULL,'ERBB2','enhancer','1.628');
INSERT INTO ncrna_profile VALUES ('8c520d5d-69fd-4dab-a2cd-aaf6b4e597c3','295f95d7-e825-4361-98fa-ef9d7efd2586','miRNA','hsa-miR-21-5p','miR-21-5p',3.35,'["PTEN", "PDCD4"]');
INSERT INTO ncrna_profile VALUES ('b5e98e0a-9bef-46e6-93d4-87bba3c94af3','295f95d7-e825-4361-98fa-ef9d7efd2586','miRNA','hsa-miR-155-5p','miR-155-5p',6.6,'["SHIP1", "SOCS1"]');
INSERT INTO ncrna_profile VALUES ('27293698-f500-417a-b98c-99eb80ddfb85','295f95d7-e825-4361-98fa-ef9d7efd2586','lncRNA','ENSG00000228630','HOTAIR',1.55,'["SHIP1", "SOCS1"]');
INSERT INTO ncrna_profile VALUES ('9d14a379-f6b1-4a43-92cb-da3ab42edcf7','295f95d7-e825-4361-98fa-ef9d7efd2586','lncRNA','ENSG00000251562','MALAT1',43.03,'["SHIP1", "SOCS1"]');
INSERT INTO metabolomics_profile VALUES ('6e4ec368-68e5-4ab1-b559-b5bc208f8c46','295f95d7-e825-4361-98fa-ef9d7efd2586','Lactate','HMDB0000190','C00186',1.82,'LC-MS','organic_acid',-0.12);
INSERT INTO metabolomics_profile VALUES ('b3045e53-d97b-4166-a089-1cf3276094d4','295f95d7-e825-4361-98fa-ef9d7efd2586','Glutamine','HMDB0000641','C00064',0.41,'LC-MS','amino_acid',-1.06);
INSERT INTO metabolomics_profile VALUES ('4fa447db-bce8-4b5f-b5c1-451adf3e81b0','295f95d7-e825-4361-98fa-ef9d7efd2586','Glucose','HMDB0000122','C00031',6.66,'LC-MS','carbohydrate',3.11);
INSERT INTO metabolomics_profile VALUES ('de877b50-b468-43ee-9370-8d38efc6ee0e','295f95d7-e825-4361-98fa-ef9d7efd2586','Phosphocholine','HMDB0001565','C00588',0.18,'LC-MS','lipid',-1.21);
INSERT INTO tumor_clone VALUES ('a0d28bab-e427-474f-aab1-6aba3fbe6312','295f95d7-e825-4361-98fa-ef9d7efd2586','clone_A',0.79,'[]',1,1,0.0848);
INSERT INTO tumor_clone VALUES ('a8ec51e1-032f-48c1-a63c-92d41f6e46f8','295f95d7-e825-4361-98fa-ef9d7efd2586','clone_B',0.21,'[]',0,2,0.0529);
INSERT INTO cell_cycle_state VALUES ('3f77c4ba-404d-4cb8-8f48-1ce1e8044f0b','295f95d7-e825-4361-98fa-ef9d7efd2586',0.884,0.032,0.017,0.067,7.7283,480.0,2.3);
INSERT INTO apoptosis_marker VALUES ('5319672f-04eb-43ac-bdcf-319a1c1b2c46','295f95d7-e825-4361-98fa-ef9d7efd2586',167.0,68.8492,108.0,1.55,0.0161,3.7502,0.6422);
INSERT INTO dna_repair_status VALUES ('d762b7fd-3f8b-4816-843a-b0518f1b6a1d','295f95d7-e825-4361-98fa-ef9d7efd2586','mutated_somatic','mutated_somatic','proficient_MMR',0.04,1.4,19.0,0,'wildtype');
INSERT INTO metabolic_phenotype VALUES ('c2f52989-39f4-4ecb-8661-81efcea81e80','295f95d7-e825-4361-98fa-ef9d7efd2586',0.642,97.4042,0.345,0.2665,0.1968,1.2744,0.7358);
INSERT INTO stemness_profile VALUES ('5692ce25-6645-4982-ac98-65aa07d1253d','295f95d7-e825-4361-98fa-ef9d7efd2586',122.7071,0.0,17.2171,0.02,0.258,0.302,0.05,0.2554);
INSERT INTO drug_resistance_feature VALUES ('6c0afc6a-cb30-44aa-bc36-64fd48ea5d50','295f95d7-e825-4361-98fa-ef9d7efd2586',0.4,0.5958,0.2035,0.4799,'[]',0.0664);
INSERT INTO immune_infiltration VALUES ('5528e112-b52a-4ecf-bfbd-908fe3289e11','295f95d7-e825-4361-98fa-ef9d7efd2586',12.4,7.7244,7.0806,7.1714,5.7709,4.186,3.7109,2.7996,13.0778,'CIBERSORT');
INSERT INTO checkpoint_expression VALUES ('d462d049-5daf-49a9-9e7a-0ebe6f450017','295f95d7-e825-4361-98fa-ef9d7efd2586',12.9,23.22,5.8945,12.997,9.66,11.3514,14.9913,9.6767);
INSERT INTO cytokine_milieu VALUES ('d3d9c701-a169-4d71-b211-a5281c735017','295f95d7-e825-4361-98fa-ef9d7efd2586',38.0026,7.4061,10.8737,18.0983,18.6781,16.5,56.7736,108.7768);
INSERT INTO stromal_composition VALUES ('3e88eddc-0430-470b-bb86-246be005ad5c','295f95d7-e825-4361-98fa-ef9d7efd2586',0.1703,0.0598,0.0941,0.3937,4.0822,36.2648);
INSERT INTO ecm_profile VALUES ('08b632b7-f152-4e95-a43b-b783f3913ec0','295f95d7-e825-4361-98fa-ef9d7efd2586',7.9428,7.4227,25.1487,0.3878,0.4898,0.5421,0.6728);
INSERT INTO hypoxia_vasculature VALUES ('d4ceea57-82a0-4546-a699-058a8a8029bb','295f95d7-e825-4361-98fa-ef9d7efd2586',0.73,0.586,9.3,0.2527,73.0036,219.2941,104.62,12.9,6.99);
INSERT INTO organ_function VALUES ('e6e2ae70-f33e-41c5-8473-b9ec8c99b6b6','6fc39ce6-58ac-499f-b8fa-fe6ee37cf80b','2018-04-29',85.4,1.4248,30.1985,22.7372,13.7404,44.6706,61.6,400.6188,1.0283);
INSERT INTO immune_baseline VALUES ('37170df8-69f2-4694-9703-ccc7f9dad5f8','6fc39ce6-58ac-499f-b8fa-fe6ee37cf80b','2018-04-29',7.89,0.78,5.08,6.5128,642.9609,293.9374,316.3454,9.6563);
INSERT INTO hormonal_profile VALUES ('ab8e8886-a360-425c-9b7f-c6793739aecb','6fc39ce6-58ac-499f-b8fa-fe6ee37cf80b','2018-04-29',180.4,0.28,393.0,104.1232,14.7445,2.1423,4.0951);
INSERT INTO pharmacogenomics VALUES ('e02582ab-92cf-4cd1-81ed-17c7a943c7be','6fc39ce6-58ac-499f-b8fa-fe6ee37cf80b','PM','NM','IM','*1/*1','normal',0,'NM');
INSERT INTO body_composition VALUES ('e31286d5-d4cd-4448-bb05-d76f27b585c6','6fc39ce6-58ac-499f-b8fa-fe6ee37cf80b','2018-04-29',27.8,50.1,30.5835,87.9174,30.6673,1.6596);
INSERT INTO microbiome_profile VALUES ('7215fee4-6b6c-4b70-bfba-7b462fb95029','6fc39ce6-58ac-499f-b8fa-fe6ee37cf80b','2018-04-29','gut','16S_rRNA_V4',2.6729,2.0195,0.0151,'[{"genus": "Bacteroides", "rel": 0.241}, {"genus": "Faecalibacterium", "rel": 0.128}, {"genus": "Akkermansia", "rel": 0.0151}]',0);
INSERT INTO tumor_staging VALUES ('ef48df46-6c0f-41a9-869d-d8b9da641754','6fc39ce6-58ac-499f-b8fa-fe6ee37cf80b','2018-04-29','8500/3','C50.4','Invasive ductal carcinoma','T4','N3','M0','I',1,'right');
INSERT INTO imaging_measurement VALUES ('ecedd75a-96cd-4413-bf61-9f0591d75248','6fc39ce6-58ac-499f-b8fa-fe6ee37cf80b','2018-04-18','MRI','L1','primary_left_breast',20.1,4251.9367,2.7617,'SD','{"entropy": 4.66, "sphericity": 0.86}');
INSERT INTO pathology_report VALUES ('c023c8b0-0a25-4c5c-9b21-cdc0ac83bd29','6fc39ce6-58ac-499f-b8fa-fe6ee37cf80b','2018-04-29','core_needle_biopsy','R0',1,18,0,0,24.8927);
INSERT INTO performance_status VALUES ('e4f58b28-4b9d-42a0-905a-36d10ca3ddce','6fc39ce6-58ac-499f-b8fa-fe6ee37cf80b','2018-04-29',1,75,0,45.1693);
INSERT INTO liquid_biopsy VALUES ('fcaa0efc-71c2-4200-96a9-b03cd6eda4bd','6fc39ce6-58ac-499f-b8fa-fe6ee37cf80b','2018-04-29',0.0315,14.175,0,'[]','detected',15.2342);
INSERT INTO treatment_regimen VALUES ('c99bfe15-021d-4ede-a059-e283e4ca0f48','6fc39ce6-58ac-499f-b8fa-fe6ee37cf80b',1,'Letrozole','adjuvant','2018-05-25','2019-08-15','planned_completion','PR',441);
INSERT INTO treatment_drug_dose VALUES ('508b775d-15f4-47fe-9b7e-4b424b98b666','c99bfe15-021d-4ede-a059-e283e4ca0f48','dea8e584-d12c-47bf-a4c0-e739973380b8','2018-05-25',77.0,67.0,13.0,'oral',1,1.3698);
INSERT INTO adverse_event VALUES ('f124a88d-cedf-4aee-b4ac-e31c760d7dbf','6fc39ce6-58ac-499f-b8fa-fe6ee37cf80b','c99bfe15-021d-4ede-a059-e283e4ca0f48','Fatigue',1,'2018-06-15','2018-07-16','probable','none');
INSERT INTO adverse_event VALUES ('73a14cdb-0313-412e-bfc3-c3a93cb3e941','6fc39ce6-58ac-499f-b8fa-fe6ee37cf80b','c99bfe15-021d-4ede-a059-e283e4ca0f48','Diarrhoea',2,'2018-06-16','2018-07-23','probable','none');
INSERT INTO radiation_plan VALUES ('3e7cd641-692c-48b0-9fc2-863526301cb5','6fc39ce6-58ac-499f-b8fa-fe6ee37cf80b','photon_EBRT','CTV',49.6511,2.0,25,5,'IMRT',NULL,'{"heart": {"V20Gy_pct": "<25"}, "lung": {"mean_Gy": "<18"}}');
INSERT INTO carcinogen_exposure VALUES ('f9b1e751-9794-4c19-8edc-5a71ab6a91b6','6fc39ce6-58ac-499f-b8fa-fe6ee37cf80b','former',12.2175,2.5272,18.6799,24.4215,'[]',0.0,0);
INSERT INTO diet_nutrition VALUES ('76f4bd2c-d455-4381-ad14-5c9b267e3ee1','6fc39ce6-58ac-499f-b8fa-fe6ee37cf80b','2018-04-29','FFQ',1765.35,88.3015,265.2131,97.7481,29.5547,79.3896,22.3613,9.9901,'Mediterranean');
INSERT INTO physical_activity VALUES ('e516bff2-e57a-4b80-8114-b981d24c7f3e','6fc39ce6-58ac-499f-b8fa-fe6ee37cf80b','2018-04-29',278.5337,121.1681,206.3863,4.4836,34.4955,5852,25.0076);
INSERT INTO stress_psychology VALUES ('e8421157-3396-4059-a308-40734929554a','6fc39ce6-58ac-499f-b8fa-fe6ee37cf80b','2018-04-29',18,0,4,36.7993,243.66,5.6345,10);
INSERT INTO environmental_exposure VALUES ('52123d4c-59fe-4892-9184-5987f94dca46','6fc39ce6-58ac-499f-b8fa-fe6ee37cf80b','2018-04-29',12.9566,21.2806,52.6198,'negative',NULL,'negative','negative',5.0711,'naive');
INSERT INTO socioeconomic_context VALUES ('b4339a54-d848-4495-9565-ecc6d17e68f1','6fc39ce6-58ac-499f-b8fa-fe6ee37cf80b','2018-04-29',32.5599,'private',0.7331,0.5918,66.624,'employed_part_time',16.8892,17);
INSERT INTO circadian_profile VALUES ('1368f14d-8740-4fc1-9b31-3629a22b3818','6fc39ce6-58ac-499f-b8fa-fe6ee37cf80b','2018-04-29','intermediate',81.7727,23.2772,'22:52',856.196,0,12);

-- Patient 14: HR+/HER2+
INSERT INTO patient VALUES ('dc6193cd-f430-4016-a4ad-65347123d713','MRN-5579268','1950-03-14','female','Hispanic or Latino','{"EUR": 0.11, "AFR": 0.04}','2019-01-25','2019-01-25');
INSERT INTO genomic_sample VALUES ('de594e7f-a714-4cbb-b0e1-586fd1f0e107','dc6193cd-f430-4016-a4ad-65347123d713','tumor','C50.4','2019-02-15','Tempus xT',0.68,0,'FFPE');
INSERT INTO somatic_mutation VALUES ('84e5d3f9-e54a-4cee-ac18-11528e6c9a6d','de594e7f-a714-4cbb-b0e1-586fd1f0e107','CCND1','chr11',69465258,'G','T','SNV','missense_variant','p.Pro241Leu',0.2895,138,'oncogenic','COSV52718943','3A','SBS1');
INSERT INTO somatic_mutation VALUES ('1fd4923c-7f7a-474a-b773-32a14d2ef1db','de594e7f-a714-4cbb-b0e1-586fd1f0e107','TP53','chr17',7674220,'G','A','SNV','missense_variant','p.Arg248Trp',0.3253,219,'oncogenic','COSV52743007','1','SBS5');
INSERT INTO somatic_mutation VALUES ('7a65f068-bf38-49ed-8884-2e706318866a','de594e7f-a714-4cbb-b0e1-586fd1f0e107','ERBB2','chr17',39725084,'A','G','SNV','missense_variant','p.Leu755Ser',0.3697,277,'oncogenic','COSV52735019','1','SBS5');
INSERT INTO somatic_mutation VALUES ('c3f20a55-506c-4a05-ab95-cc4381214f71','de594e7f-a714-4cbb-b0e1-586fd1f0e107','ESR1','chr6',152098794,'T','C','SNV','missense_variant','p.Tyr537Cys',0.1548,295,'oncogenic','COSV52744551','1','SBS1');
INSERT INTO somatic_mutation VALUES ('2ee11928-19b9-44e1-a7a9-642f5d5a78c2','de594e7f-a714-4cbb-b0e1-586fd1f0e107','CDH1','chr16',68771195,'C','T','SNV','nonsense_variant','p.Gln333Ter',0.3164,165,'oncogenic','COSV52697483','3A','SBS1');
INSERT INTO copy_number_variant VALUES ('c88fa16c-b4e6-4c65-b25c-b671fc8a20a0','de594e7f-a714-4cbb-b0e1-586fd1f0e107','ERBB2','chr17',37800000,38200000,18.7,3.8,'amplification',1);
INSERT INTO copy_number_variant VALUES ('07a2a56b-73e5-447c-9100-7148b72e40ce','de594e7f-a714-4cbb-b0e1-586fd1f0e107','MYC','chr8',127700000,127800000,6.2,0.04,'neutral',0);
INSERT INTO copy_number_variant VALUES ('f5cd019d-8ce8-4a11-84f2-8235bb3bd506','de594e7f-a714-4cbb-b0e1-586fd1f0e107','CDKN2A','chr9',21967000,21995000,0.5,-2.51,'shallow_deletion',0);
INSERT INTO gene_expression VALUES ('b486fba5-38ed-45d1-b02a-560bcf411fc8','de594e7f-a714-4cbb-b0e1-586fd1f0e107','ENSG00000091831','ESR1',931.83,93.18,2330,9.02,99.0);
INSERT INTO gene_expression VALUES ('43cc8218-26a3-4703-a411-b1d0beebe71e','de594e7f-a714-4cbb-b0e1-586fd1f0e107','ENSG00000141736','ERBB2',556.52,55.65,1391,4.85,99.0);
INSERT INTO gene_expression VALUES ('14255745-2fa1-45ed-b289-8d8f200ba7a5','de594e7f-a714-4cbb-b0e1-586fd1f0e107','ENSG00000148773','MKI67',243.67,24.37,609,1.37,70.5);
INSERT INTO gene_expression VALUES ('8e53e80c-9b53-4d99-bb0f-63bd68c03742','de594e7f-a714-4cbb-b0e1-586fd1f0e107','ENSG00000141510','TP53',57.26,3.06,116,-0.7,39.5);
INSERT INTO gene_expression VALUES ('9b83ba7d-b532-47bd-8df2-1b137760b903','de594e7f-a714-4cbb-b0e1-586fd1f0e107','ENSG00000012048','BRCA1',2.4,1.98,250,-1.31,30.3);
INSERT INTO gene_expression VALUES ('e3c4186f-9c81-418f-bbb3-c383d0f336b2','de594e7f-a714-4cbb-b0e1-586fd1f0e107','ENSG00000139618','BRCA2',49.9,4.26,375,-0.78,38.3);
INSERT INTO gene_expression VALUES ('c2b1d0a4-9a69-415a-8ec3-d9890d1f2079','de594e7f-a714-4cbb-b0e1-586fd1f0e107','ENSG00000171862','PTEN',66.83,3.48,597,-0.59,41.1);
INSERT INTO gene_expression VALUES ('47267a20-9361-431d-ba64-8830f9705074','de594e7f-a714-4cbb-b0e1-586fd1f0e107','ENSG00000136997','MYC',138.31,5.6,658,0.2,53.0);
INSERT INTO protein_expression VALUES ('4b831014-947a-44bd-8793-82c12da6875f','de594e7f-a714-4cbb-b0e1-586fd1f0e107','ESR1','P03372','IHC',0.51,201.0,5,'NULL');
INSERT INTO protein_expression VALUES ('31d0ee1d-7054-4403-ac25-e1df63329ed9','de594e7f-a714-4cbb-b0e1-586fd1f0e107','PGR','P06401','IHC',0.46,196.0,5,'NULL');
INSERT INTO protein_expression VALUES ('e285ed8b-94a6-418c-901d-7f471c44421b','de594e7f-a714-4cbb-b0e1-586fd1f0e107','ERBB2','P04626','IHC',1.5,300.0,8,'pY1248');
INSERT INTO protein_expression VALUES ('11355e49-6135-4c27-9c12-98eafe201629','de594e7f-a714-4cbb-b0e1-586fd1f0e107','MKI67','P46013','IHC',-0.57,87.0,0,'NULL');
INSERT INTO epigenetic_mark VALUES ('0772b26a-c99b-4ef4-8bb6-6662e8051618','de594e7f-a714-4cbb-b0e1-586fd1f0e107','DNA_methylation','cg15629539',0.122,'-2.847','ESR1','CpG_island',NULL);
INSERT INTO epigenetic_mark VALUES ('dd50fd3c-a18f-456f-b347-1eabc87d50af','de594e7f-a714-4cbb-b0e1-586fd1f0e107','DNA_methylation','cg27053763',0.081,'-3.504','BRCA1','promoter',NULL);
INSERT INTO epigenetic_mark VALUES ('d6c98d6e-35d7-4db3-9d8a-06ce1fdac789','de594e7f-a714-4cbb-b0e1-586fd1f0e107','H3K27ac','chr17:37800000-37850000',0.096,NULL,'ERBB2','enhancer','3.78');
INSERT INTO ncrna_profile VALUES ('1675a7e3-faf3-463e-b265-2dec484d9cab','de594e7f-a714-4cbb-b0e1-586fd1f0e107','miRNA','hsa-miR-21-5p','miR-21-5p',0.9,'["PTEN", "PDCD4"]');
INSERT INTO ncrna_profile VALUES ('f4e865e8-7584-4bdc-a640-fdf0caf28046','de594e7f-a714-4cbb-b0e1-586fd1f0e107','miRNA','hsa-miR-155-5p','miR-155-5p',6.29,'["SHIP1", "SOCS1"]');
INSERT INTO ncrna_profile VALUES ('ce0ba496-7143-4949-a9ad-ff44465a85d3','de594e7f-a714-4cbb-b0e1-586fd1f0e107','lncRNA','ENSG00000228630','HOTAIR',1.48,'["SHIP1", "SOCS1"]');
INSERT INTO ncrna_profile VALUES ('f0c77a16-7052-4604-89b1-9ebe10ad2fe2','de594e7f-a714-4cbb-b0e1-586fd1f0e107','lncRNA','ENSG00000251562','MALAT1',47.21,'["SHIP1", "SOCS1"]');
INSERT INTO metabolomics_profile VALUES ('d27a1708-b89f-4b20-b644-7e878072cf15','de594e7f-a714-4cbb-b0e1-586fd1f0e107','Lactate','HMDB0000190','C00186',1.61,'LC-MS','organic_acid',-0.26);
INSERT INTO metabolomics_profile VALUES ('f47fb6ac-d19f-4add-ab63-b69587fe9898','de594e7f-a714-4cbb-b0e1-586fd1f0e107','Glutamine','HMDB0000641','C00064',0.37,'LC-MS','amino_acid',-1.09);
INSERT INTO metabolomics_profile VALUES ('24de9774-6f84-49ca-a023-e272dfe9454f','de594e7f-a714-4cbb-b0e1-586fd1f0e107','Glucose','HMDB0000122','C00031',5.68,'LC-MS','carbohydrate',2.45);
INSERT INTO metabolomics_profile VALUES ('c3127fc0-7575-44ea-8a0a-d1ff8258a47b','de594e7f-a714-4cbb-b0e1-586fd1f0e107','Phosphocholine','HMDB0001565','C00588',0.07,'LC-MS','lipid',-1.29);
INSERT INTO tumor_clone VALUES ('ef746271-59f7-4e36-add9-c8ff8a5749df','de594e7f-a714-4cbb-b0e1-586fd1f0e107','clone_A',0.71,'[]',1,1,0.144);
INSERT INTO tumor_clone VALUES ('92aac1b2-3c7a-4611-b6f2-994b0e0ccf40','de594e7f-a714-4cbb-b0e1-586fd1f0e107','clone_B',0.29,'[]',0,2,0.1235);
INSERT INTO cell_cycle_state VALUES ('f90fdb1b-9d24-46dd-a637-f17fe7cbc9a4','de594e7f-a714-4cbb-b0e1-586fd1f0e107',0.685,0.128,0.056,0.131,31.0305,480.0,6.8);
INSERT INTO apoptosis_marker VALUES ('6aadc543-97f4-4dea-8fd4-631dab25e7cc','de594e7f-a714-4cbb-b0e1-586fd1f0e107',167.0,103.7212,110.0,1.52,0.2737,2.6463,0.7087);
INSERT INTO dna_repair_status VALUES ('daa7b12a-4d22-4311-8645-d4cbf4e7dd52','de594e7f-a714-4cbb-b0e1-586fd1f0e107','wildtype','wildtype','proficient_MMR',0.04,6.6,25.6,0,'wildtype');
INSERT INTO metabolic_phenotype VALUES ('29f144ef-13ff-46e1-b508-72fffcb56ac8','de594e7f-a714-4cbb-b0e1-586fd1f0e107',0.273,93.0673,0.42,0.4541,0.1067,1.7927,0.6194);
INSERT INTO stemness_profile VALUES ('e1a64d73-7511-4454-b14b-a98fe4b19a4d','de594e7f-a714-4cbb-b0e1-586fd1f0e107',64.6208,0.0,2.3226,0.2034,0.298,0.257,0.05,0.02);
INSERT INTO drug_resistance_feature VALUES ('0f29444a-4ca5-4079-a67f-0ffa95b37d7c','de594e7f-a714-4cbb-b0e1-586fd1f0e107',0.1,0.2957,0.3887,0.9364,'[]',0.1096);
INSERT INTO immune_infiltration VALUES ('e6faa840-a5df-41d3-af87-c0f1d4ddcf76','de594e7f-a714-4cbb-b0e1-586fd1f0e107',12.2,6.6178,7.4072,3.1411,4.918,9.3992,13.8204,3.9164,4.3913,'CIBERSORT');
INSERT INTO checkpoint_expression VALUES ('89f5723c-feda-415a-9937-483103bec290','de594e7f-a714-4cbb-b0e1-586fd1f0e107',0.0,0.0,11.3571,16.943,7.2071,8.6683,10.0128,37.2854);
INSERT INTO cytokine_milieu VALUES ('4408e18c-9ce7-4f49-86af-9d7aeffc3a54','de594e7f-a714-4cbb-b0e1-586fd1f0e107',20.9713,15.5928,3.5531,16.842,20.482,22.0,33.3816,199.1322);
INSERT INTO stromal_composition VALUES ('a6ff3499-abc8-4cce-8a5a-95590134c782','de594e7f-a714-4cbb-b0e1-586fd1f0e107',0.3176,0.0633,0.1317,0.3104,2.4936,39.457);
INSERT INTO ecm_profile VALUES ('f0c59379-a2dd-4bc5-ac47-6afef156c9c7','de594e7f-a714-4cbb-b0e1-586fd1f0e107',17.4254,9.2239,20.0721,0.3821,0.4832,0.4248,0.2997);
INSERT INTO hypoxia_vasculature VALUES ('99015e8a-ea11-4d02-85e2-b92616ebd38e','de594e7f-a714-4cbb-b0e1-586fd1f0e107',0.55,0.5937,8.6,0.2112,53.3837,119.4992,106.9571,6.3,7.12);
INSERT INTO organ_function VALUES ('a22036b7-0dcb-4132-ac93-9725393b3384','dc6193cd-f430-4016-a4ad-65347123d713','2019-01-25',76.6,1.3192,32.3712,14.2554,15.3928,44.5214,58.0,430.9671,1.1209);
INSERT INTO immune_baseline VALUES ('5a00e26f-4df8-46c3-98b7-541ebf2db63a','dc6193cd-f430-4016-a4ad-65347123d713','2019-01-25',5.95,1.47,5.12,3.483,465.2394,272.9436,202.284,9.8167);
INSERT INTO hormonal_profile VALUES ('fbd39782-f59f-4679-83b0-87a3ac320360','dc6193cd-f430-4016-a4ad-65347123d713','2019-01-25',38.2,0.51,476.0,71.3134,15.4332,0.7657,4.0442);
INSERT INTO pharmacogenomics VALUES ('b7055240-3c28-462c-911f-7a5fbd08dbd7','dc6193cd-f430-4016-a4ad-65347123d713','NM','NM','NM','*28/*28','low',0,'NM');
INSERT INTO body_composition VALUES ('67c96835-b6fb-4622-a623-3a6f7692a227','dc6193cd-f430-4016-a4ad-65347123d713','2019-01-25',24.2,30.4,28.3963,60.1328,26.0969,1.5811);
INSERT INTO microbiome_profile VALUES ('84af10ff-1d34-4bfb-b916-1e78d2aa976a','dc6193cd-f430-4016-a4ad-65347123d713','2019-01-25','gut','16S_rRNA_V4',2.4304,2.0812,0.0429,'[{"genus": "Bacteroides", "rel": 0.28}, {"genus": "Faecalibacterium", "rel": 0.194}, {"genus": "Akkermansia", "rel": 0.0429}]',0);
INSERT INTO tumor_staging VALUES ('a8522c99-cbd6-41a6-a7fe-2748b1096e20','dc6193cd-f430-4016-a4ad-65347123d713','2019-01-25','8500/3','C50.4','Invasive ductal carcinoma','T2','N1','M0','IIA',1,'left');
INSERT INTO imaging_measurement VALUES ('a4739014-0ae3-4a81-8bbb-b59d6632a484','dc6193cd-f430-4016-a4ad-65347123d713','2018-12-30','MRI','L1','primary_left_breast',15.2,1838.7784,2.7965,'SD','{"entropy": 6.84, "sphericity": 0.77}');
INSERT INTO pathology_report VALUES ('a5728832-e860-48ce-9368-e29e5b5fe786','dc6193cd-f430-4016-a4ad-65347123d713','2019-01-25','core_needle_biopsy','R0',7,15,0,0,14.9607);
INSERT INTO performance_status VALUES ('211ac185-bb85-4cb9-9f23-82eb1ebd940d','dc6193cd-f430-4016-a4ad-65347123d713','2019-01-25',1,76,2,38.5317);
INSERT INTO liquid_biopsy VALUES ('132dd76e-a95b-4fc6-b878-3c34a49e8650','dc6193cd-f430-4016-a4ad-65347123d713','2019-01-25',0.08,36.0,4,'[]','detected',10.2228);
INSERT INTO treatment_regimen VALUES ('e2055fc6-ae01-4149-b665-b83b11b88b5a','dc6193cd-f430-4016-a4ad-65347123d713',1,'T-DM1','adjuvant','2019-03-01','2019-11-04','planned_completion','PR',329);
INSERT INTO treatment_drug_dose VALUES ('75afd13d-9333-48ab-90be-205ee3fe7c3a','e2055fc6-ae01-4149-b665-b83b11b88b5a','6875e431-ad8e-4272-8f17-9b89825e25c6','2019-03-01',83.0,72.0,13.3,'IV',1,1.2658);
INSERT INTO adverse_event VALUES ('e8e9635a-4102-4dcc-8d2c-75ae8630154b','dc6193cd-f430-4016-a4ad-65347123d713','e2055fc6-ae01-4149-b665-b83b11b88b5a','Alopecia',1,'2019-05-04','2019-06-23','probable','none');
INSERT INTO adverse_event VALUES ('5a1d4d54-3b25-4482-ae67-77ea8b60e1e9','dc6193cd-f430-4016-a4ad-65347123d713','e2055fc6-ae01-4149-b665-b83b11b88b5a','Arthralgia',3,'2019-05-18','2019-07-11','probable','dose_reduction');
INSERT INTO radiation_plan VALUES ('7d81e1f2-9dcf-4443-9972-c3a48a8a8515','dc6193cd-f430-4016-a4ad-65347123d713','photon_EBRT','CTV',53.2138,2.0,25,5,'IMRT',NULL,'{"heart": {"V20Gy_pct": "<25"}, "lung": {"mean_Gy": "<18"}}');
INSERT INTO carcinogen_exposure VALUES ('744f4cf6-89a4-40d9-ae4e-f9c9177ed80e','dc6193cd-f430-4016-a4ad-65347123d713','never',0.0,6.5322,7.0072,51.6121,'[]',0.0,0);
INSERT INTO diet_nutrition VALUES ('136fa3c5-0d8a-4dd4-9096-a9beffa4d374','dc6193cd-f430-4016-a4ad-65347123d713','2019-01-25','FFQ',2279.7688,81.2971,190.1409,119.3066,17.601,42.8457,32.0462,12.5502,'plant_based');
INSERT INTO physical_activity VALUES ('7eff928e-8396-449b-9c0e-f0a6e001846e','dc6193cd-f430-4016-a4ad-65347123d713','2019-01-25',593.6214,200.8833,63.4815,6.8606,29.7525,3893,20.9706);
INSERT INTO stress_psychology VALUES ('124bb3f0-2d80-4dd9-bf26-1402bab97ba1','dc6193cd-f430-4016-a4ad-65347123d713','2019-01-25',12,12,7,34.0838,295.12,6.6868,7);
INSERT INTO environmental_exposure VALUES ('edd1740f-4bb8-4b62-a658-6da7993d7e4e','dc6193cd-f430-4016-a4ad-65347123d713','2019-01-25',2.0,25.2425,89.1645,'negative',NULL,'negative','negative',11.6669,'naive');
INSERT INTO socioeconomic_context VALUES ('c9772d9b-9970-47af-b014-892155844519','dc6193cd-f430-4016-a4ad-65347123d713','2019-01-25',41.1505,'private',0.6296,0.4777,80.3073,'employed_part_time',42.2155,10);
INSERT INTO circadian_profile VALUES ('74b6afe5-6209-4bb5-93ec-76d867a8fef3','dc6193cd-f430-4016-a4ad-65347123d713','2019-01-25','intermediate',95.1141,12.7908,'22:02',958.4428,0,12);

-- Patient 15: TNBC
INSERT INTO patient VALUES ('d75e740e-d913-4daa-86b9-17b0e5996b36','MRN-5788278','1979-09-15','female','White','{"EUR": 0.52, "AFR": 0.29}','2021-05-18','2021-05-18');
INSERT INTO genomic_sample VALUES ('bc559681-f870-46af-8e35-8f737921f2ff','d75e740e-d913-4daa-86b9-17b0e5996b36','tumor','C50.4','2021-06-04','Illumina NovaSeq 6000 WGS',0.56,0,'FFPE');
INSERT INTO somatic_mutation VALUES ('d883a9bd-91bf-4b4d-9bb7-50e9bf8dc4dc','bc559681-f870-46af-8e35-8f737921f2ff','TP53','chr17',7674220,'G','A','SNV','missense_variant','p.Arg248Trp',0.4855,189,'oncogenic','COSV52743007','1','SBS5');
INSERT INTO somatic_mutation VALUES ('22d29f7b-f495-4320-b1ba-910d547cf3f0','bc559681-f870-46af-8e35-8f737921f2ff','PTEN','chr10',89692905,'G','A','SNV','missense_variant','p.Arg130Gly',0.3532,249,'oncogenic','COSV52731827','1','SBS5');
INSERT INTO somatic_mutation VALUES ('cfbb1218-e4f6-46d4-b6e3-15e7533aa64b','bc559681-f870-46af-8e35-8f737921f2ff','MYC','chr8',127735434,'A','G','SNV','missense_variant','p.Thr58Ala',0.2656,396,'oncogenic','COSV52759832','3A','SBS5');
INSERT INTO somatic_mutation VALUES ('9e29193c-ef81-459c-b5c8-36d370ef99be','bc559681-f870-46af-8e35-8f737921f2ff','CCND1','chr11',69465258,'G','T','SNV','missense_variant','p.Pro241Leu',0.2837,351,'oncogenic','COSV52718943','3A','SBS1');
INSERT INTO copy_number_variant VALUES ('c28a3b71-7ddf-473a-bead-e9f1a9b62839','bc559681-f870-46af-8e35-8f737921f2ff','PTEN','chr10',89600000,89900000,0.0,-2.02,'deep_deletion',1);
INSERT INTO copy_number_variant VALUES ('243be66e-e886-4f1f-a051-71c06e425fff','bc559681-f870-46af-8e35-8f737921f2ff','MYC','chr8',127700000,127800000,1.6,1.08,'amplification',0);
INSERT INTO copy_number_variant VALUES ('1cb357e8-4a9e-45a2-92cc-5ec1bcff3c8f','bc559681-f870-46af-8e35-8f737921f2ff','CDKN2A','chr9',21967000,21995000,0.0,-2.67,'shallow_deletion',0);
INSERT INTO gene_expression VALUES ('b0b002cc-ba9d-4435-9dbd-ac2b53b94623','bc559681-f870-46af-8e35-8f737921f2ff','ENSG00000091831','ESR1',17.21,1.72,43,-1.14,32.9);
INSERT INTO gene_expression VALUES ('8cb697e2-5d8a-4a07-aa06-74a680cf95c0','bc559681-f870-46af-8e35-8f737921f2ff','ENSG00000141736','ERBB2',74.21,7.42,186,-0.51,42.4);
INSERT INTO gene_expression VALUES ('1ffd4b79-04a5-4133-95af-436b3acc3843','bc559681-f870-46af-8e35-8f737921f2ff','ENSG00000148773','MKI67',381.0,38.1,953,2.9,93.5);
INSERT INTO gene_expression VALUES ('17c51fbc-419d-4fdd-93b8-b100137dc4ec','bc559681-f870-46af-8e35-8f737921f2ff','ENSG00000141510','TP53',33.94,5.59,181,-0.96,35.6);
INSERT INTO gene_expression VALUES ('db49d7be-c412-4223-a491-4b37bd989273','bc559681-f870-46af-8e35-8f737921f2ff','ENSG00000012048','BRCA1',31.07,2.99,304,-0.99,35.1);
INSERT INTO gene_expression VALUES ('6600c887-77ba-4390-bf16-127a2aa118b6','bc559681-f870-46af-8e35-8f737921f2ff','ENSG00000139618','BRCA2',41.66,6.39,300,-0.87,37.0);
INSERT INTO gene_expression VALUES ('da59bf36-fdcf-4d6c-a28f-76b2348f69b4','bc559681-f870-46af-8e35-8f737921f2ff','ENSG00000171862','PTEN',33.11,4.41,257,-0.97,35.5);
INSERT INTO gene_expression VALUES ('88b99e1b-a361-44f2-ba80-fd5bf4c05b7e','bc559681-f870-46af-8e35-8f737921f2ff','ENSG00000136997','MYC',82.22,4.7,178,-0.42,43.7);
INSERT INTO protein_expression VALUES ('a046f370-cc84-48f2-ba3a-ea476bf948db','bc559681-f870-46af-8e35-8f737921f2ff','ESR1','P03372','IHC',-1.31,19.0,0,'NULL');
INSERT INTO protein_expression VALUES ('ed352902-8987-4756-9e48-c3bcc663721f','bc559681-f870-46af-8e35-8f737921f2ff','PGR','P06401','IHC',-0.94,56.0,1,'NULL');
INSERT INTO protein_expression VALUES ('209f89f8-7c68-4f02-9513-a3437dc8a8d5','bc559681-f870-46af-8e35-8f737921f2ff','ERBB2','P04626','IHC',-0.65,85.0,2,'pY1248');
INSERT INTO protein_expression VALUES ('e01f7619-b8db-4cfa-9b15-36c94c9eaa76','bc559681-f870-46af-8e35-8f737921f2ff','MKI67','P46013','IHC',-0.15,126.0,0,'NULL');
INSERT INTO epigenetic_mark VALUES ('0c9e6421-0c29-4cc2-848e-3958fee46885','bc559681-f870-46af-8e35-8f737921f2ff','DNA_methylation','cg15629539',0.644,'0.855','ESR1','CpG_island',NULL);
INSERT INTO epigenetic_mark VALUES ('9f05a1f0-7581-4423-8271-89b738bfbabf','bc559681-f870-46af-8e35-8f737921f2ff','DNA_methylation','cg27053763',0.148,'-2.525','BRCA1','promoter',NULL);
INSERT INTO epigenetic_mark VALUES ('25a7a04f-e5cf-40d8-b5a8-71396557799f','bc559681-f870-46af-8e35-8f737921f2ff','H3K27ac','chr17:37800000-37850000',0.321,NULL,'ERBB2','enhancer','2.192');
INSERT INTO ncrna_profile VALUES ('a4ec5d59-dc09-423b-9e72-3c4219c5fd7a','bc559681-f870-46af-8e35-8f737921f2ff','miRNA','hsa-miR-21-5p','miR-21-5p',8.64,'["PTEN", "PDCD4"]');
INSERT INTO ncrna_profile VALUES ('cb8c0ce1-b421-49e2-8824-c2d6372ce5dc','bc559681-f870-46af-8e35-8f737921f2ff','miRNA','hsa-miR-155-5p','miR-155-5p',1.54,'["SHIP1", "SOCS1"]');
INSERT INTO ncrna_profile VALUES ('07283486-5cfe-499f-8733-0b5aa3960135','bc559681-f870-46af-8e35-8f737921f2ff','lncRNA','ENSG00000228630','HOTAIR',0.83,'["SHIP1", "SOCS1"]');
INSERT INTO ncrna_profile VALUES ('b0c88a88-d8e6-4e68-9636-0484c1bfdcfb','bc559681-f870-46af-8e35-8f737921f2ff','lncRNA','ENSG00000251562','MALAT1',47.78,'["SHIP1", "SOCS1"]');
INSERT INTO metabolomics_profile VALUES ('76cfddaa-c7e0-46d6-8d26-c5f5c65d4456','bc559681-f870-46af-8e35-8f737921f2ff','Lactate','HMDB0000190','C00186',2.59,'LC-MS','organic_acid',0.39);
INSERT INTO metabolomics_profile VALUES ('5cb1f410-b720-4cce-8482-af8e42d9e685','bc559681-f870-46af-8e35-8f737921f2ff','Glutamine','HMDB0000641','C00064',0.38,'LC-MS','amino_acid',-1.08);
INSERT INTO metabolomics_profile VALUES ('2b72e007-45df-4207-a2c7-2014d63d7618','bc559681-f870-46af-8e35-8f737921f2ff','Glucose','HMDB0000122','C00031',6.13,'LC-MS','carbohydrate',2.75);
INSERT INTO metabolomics_profile VALUES ('d31b7731-562a-4a51-9a4b-5d11e7070c13','bc559681-f870-46af-8e35-8f737921f2ff','Phosphocholine','HMDB0001565','C00588',0.16,'LC-MS','lipid',-1.23);
INSERT INTO tumor_clone VALUES ('0eca083d-48fd-43be-bff7-2479f5fdee4c','bc559681-f870-46af-8e35-8f737921f2ff','clone_A',0.58,'[]',1,1,0.05);
INSERT INTO tumor_clone VALUES ('29ed33e0-e93b-4c03-9899-0f86abda13c1','bc559681-f870-46af-8e35-8f737921f2ff','clone_B',0.42,'[]',0,2,0.0795);
INSERT INTO cell_cycle_state VALUES ('cb0adfce-9c96-4893-83cc-3218cadade41','bc559681-f870-46af-8e35-8f737921f2ff',0.599,0.181,0.089,0.131,44.8586,353.5,6.0);
INSERT INTO apoptosis_marker VALUES ('fe1b1630-542d-4d5a-8288-7dda3530f796','bc559681-f870-46af-8e35-8f737921f2ff',72.0,90.7849,59.0,1.22,0.1539,4.3924,1.7969);
INSERT INTO dna_repair_status VALUES ('51ecf073-0dad-4ebc-8d48-1a2b190ee8d0','bc559681-f870-46af-8e35-8f737921f2ff','wildtype','wildtype','deficient_MMR',0.32,9.5,45.7,1,'wildtype');
INSERT INTO metabolic_phenotype VALUES ('39a73369-71ad-465d-84c7-3a981c7221a5','bc559681-f870-46af-8e35-8f737921f2ff',0.651,65.2665,0.445,0.2507,0.455,0.8184,0.3882);
INSERT INTO stemness_profile VALUES ('486f6618-703b-47e3-ae2b-8793b51d768c','bc559681-f870-46af-8e35-8f737921f2ff',173.7918,42.3346,19.7577,0.4966,0.593,0.636,0.9761,0.461);
INSERT INTO drug_resistance_feature VALUES ('313dc416-fd0a-4d84-bb21-3f567a317664','bc559681-f870-46af-8e35-8f737921f2ff',2.03,0.5191,0.308,1.0411,'[]',1.0);
INSERT INTO immune_infiltration VALUES ('a363c309-5912-4c5d-bdb5-1c83f552905b','bc559681-f870-46af-8e35-8f737921f2ff',11.1,16.7321,12.583,3.1715,5.687,6.1251,20.0323,3.4053,5.5526,'CIBERSORT');
INSERT INTO checkpoint_expression VALUES ('037036fd-0665-46ad-bd2c-b04b6898cd31','bc559681-f870-46af-8e35-8f737921f2ff',69.0,124.2,7.4782,21.7344,12.1703,0.5683,7.3181,22.4038);
INSERT INTO cytokine_milieu VALUES ('5482be57-12ae-48f4-bf86-489c8f6c569a','bc559681-f870-46af-8e35-8f737921f2ff',43.6392,15.7726,6.4313,12.1648,22.5104,15.5,18.1881,88.1329);
INSERT INTO stromal_composition VALUES ('37e2b09c-9d41-438f-8870-b8f2ee5b4302','bc559681-f870-46af-8e35-8f737921f2ff',0.3112,0.136,0.1287,0.4513,3.6803,13.1104);
INSERT INTO ecm_profile VALUES ('ad9f6444-e41b-47f9-bddd-3a170c3b4a87','bc559681-f870-46af-8e35-8f737921f2ff',17.5225,2.4025,30.8922,0.444,0.2854,0.5042,0.4697);
INSERT INTO hypoxia_vasculature VALUES ('9b11dd29-138b-4678-934b-f8c846079d75','bc559681-f870-46af-8e35-8f737921f2ff',1.87,1.1574,4.9,0.3996,96.4426,167.1524,86.6285,14.4,6.94);
INSERT INTO organ_function VALUES ('bee2df15-4566-4cb8-b2d4-feeb3ea27077','d75e740e-d913-4daa-86b9-17b0e5996b36','2021-05-18',56.2,1.0744,18.3823,26.9773,9.4562,35.7189,54.7,389.9326,0.9979);
INSERT INTO immune_baseline VALUES ('e601ca2f-675e-4e63-822e-705a6b087ece','d75e740e-d913-4daa-86b9-17b0e5996b36','2021-05-18',6.17,2.19,4.09,1.8676,555.1422,381.5305,336.5996,9.6973);
INSERT INTO hormonal_profile VALUES ('b2163607-d819-4aa1-97bf-ce235bdb6ea1','d75e740e-d913-4daa-86b9-17b0e5996b36','2021-05-18',148.0,0.66,384.0,64.0583,8.0,1.3663,7.2797);
INSERT INTO pharmacogenomics VALUES ('e257fa1a-dfa1-4b01-a2a8-53d0fd8f34e6','d75e740e-d913-4daa-86b9-17b0e5996b36','NM','NM','UM','*28/*28','low',0,'NM');
INSERT INTO body_composition VALUES ('9725af8e-29e7-47a3-8c40-9eb3d6d4c4bb','d75e740e-d913-4daa-86b9-17b0e5996b36','2021-05-18',29.5,40.4,39.7873,20.0,42.0484,1.561);
INSERT INTO microbiome_profile VALUES ('b7e4aa08-5eb2-4f17-9b2b-b49ed6d97ae8','d75e740e-d913-4daa-86b9-17b0e5996b36','2021-05-18','gut','16S_rRNA_V4',3.4522,1.4927,0.0,'[{"genus": "Bacteroides", "rel": 0.32}, {"genus": "Faecalibacterium", "rel": 0.145}, {"genus": "Akkermansia", "rel": 0.0}]',0);
INSERT INTO tumor_staging VALUES ('88de5ac5-f16f-441d-a84a-0faaf69dd85d','d75e740e-d913-4daa-86b9-17b0e5996b36','2021-05-18','8500/3','C50.4','Invasive ductal carcinoma, triple negative','T3','N2','M0','IIIA',2,'left');
INSERT INTO imaging_measurement VALUES ('2bfa624a-b0ab-4716-9c7b-ca88c34fe112','d75e740e-d913-4daa-86b9-17b0e5996b36','2021-04-26','MRI','L1','primary_left_breast',15.5,1949.8164,2.8809,'SD','{"entropy": 5.89, "sphericity": 0.81}');
INSERT INTO pathology_report VALUES ('7ed88efd-141e-434c-9763-5eb5ebfad770','d75e740e-d913-4daa-86b9-17b0e5996b36','2021-05-18','core_needle_biopsy','R0',7,17,0,0,33.4297);
INSERT INTO performance_status VALUES ('6cf75689-30bb-4bcb-ab4a-fe3486fbe238','d75e740e-d913-4daa-86b9-17b0e5996b36','2021-05-18',0,86,0,33.0516);
INSERT INTO liquid_biopsy VALUES ('920fb167-c26c-45df-88fc-759f2da16d67','d75e740e-d913-4daa-86b9-17b0e5996b36','2021-05-18',0.0329,14.805,3,'[]','detected',14.1402);
INSERT INTO treatment_regimen VALUES ('86ca1ec1-2a56-4cc7-8972-090f809d49a7','d75e740e-d913-4daa-86b9-17b0e5996b36',1,'AC-T','neoadjuvant','2021-06-28','2022-12-12','planned_completion','PR',349);
INSERT INTO treatment_drug_dose VALUES ('55ce4c88-4331-4aee-a9ba-c3364c776e28','86ca1ec1-2a56-4cc7-8972-090f809d49a7','8ed4a385-e60c-4c06-9827-b17fc4f5be7e','2021-06-28',75.0,69.0,8.0,'IV',1,1.849);
INSERT INTO adverse_event VALUES ('854a7d87-3c2c-4191-a555-9dc6b28d541f','d75e740e-d913-4daa-86b9-17b0e5996b36','86ca1ec1-2a56-4cc7-8972-090f809d49a7','Peripheral sensory neuropathy',1,'2021-08-19','2021-10-13','probable','none');
INSERT INTO adverse_event VALUES ('b52b3281-d916-4f3d-9780-fbc2500996c6','d75e740e-d913-4daa-86b9-17b0e5996b36','86ca1ec1-2a56-4cc7-8972-090f809d49a7','Alopecia',1,'2021-09-05','2021-09-28','probable','none');
INSERT INTO adverse_event VALUES ('adaa72f8-ff39-438e-82b9-5de87c937fb7','d75e740e-d913-4daa-86b9-17b0e5996b36','86ca1ec1-2a56-4cc7-8972-090f809d49a7','Arthralgia',1,'2021-08-21','2021-10-09','probable','none');
INSERT INTO adverse_event VALUES ('05ca2b18-3091-40da-9bef-b7071e3ca03f','d75e740e-d913-4daa-86b9-17b0e5996b36','86ca1ec1-2a56-4cc7-8972-090f809d49a7','Neutropenia',2,'2021-07-31','2021-09-26','probable','none');
INSERT INTO radiation_plan VALUES ('3543424d-d6c3-4480-bd89-3792b465fa11','d75e740e-d913-4daa-86b9-17b0e5996b36','photon_EBRT','CTV',52.1761,2.0,25,5,'IMRT',NULL,'{"heart": {"V20Gy_pct": "<25"}, "lung": {"mean_Gy": "<18"}}');
INSERT INTO carcinogen_exposure VALUES ('d56f4966-7cad-4598-aa3c-9009d73a8b2f','d75e740e-d913-4daa-86b9-17b0e5996b36','current',20.0993,4.2267,24.6656,50.7474,'[]',0.0,0);
INSERT INTO diet_nutrition VALUES ('73f69cd7-9356-4786-9a54-e0835d0a8e9d','d75e740e-d913-4daa-86b9-17b0e5996b36','2021-05-18','FFQ',2264.5538,63.813,199.1059,101.3034,15.1354,39.5945,9.6381,12.0947,'plant_based');
INSERT INTO physical_activity VALUES ('f17ec24a-703c-4255-848e-bd2383db3d79','d75e740e-d913-4daa-86b9-17b0e5996b36','2021-05-18',341.4713,26.3966,102.6871,7.9969,35.0446,4741,20.7298);
INSERT INTO stress_psychology VALUES ('9c53027f-a8f3-4948-9d58-d048dda33a94','d75e740e-d913-4daa-86b9-17b0e5996b36','2021-05-18',24,3,7,30.7635,238.08,6.0092,12);
INSERT INTO environmental_exposure VALUES ('eb96cdab-1106-49e7-89e2-0a70897de997','d75e740e-d913-4daa-86b9-17b0e5996b36','2021-05-18',14.7669,28.1681,60.0377,'negative',NULL,'negative','negative',8.6621,'naive');
INSERT INTO socioeconomic_context VALUES ('a11b7778-c113-4f0e-bebb-b50ec0a7e8c2','d75e740e-d913-4daa-86b9-17b0e5996b36','2021-05-18',53.2423,'public_Medicare',0.4541,0.4847,63.7739,'retired',26.979,21);
INSERT INTO circadian_profile VALUES ('53c3ecb2-e87a-4418-9123-08f4b8506dc1','d75e740e-d913-4daa-86b9-17b0e5996b36','2021-05-18','morning',72.9285,22.5291,'22:13',479.7913,0,10);

-- Patient 16: HR+/HER2- early
INSERT INTO patient VALUES ('7eeca522-4222-4d11-80ed-9b2f7dd7c217','MRN-2318089','1970-09-23','female','East Asian','{"EUR": 0.13, "AFR": 0.17}','2019-10-22','2019-10-22');
INSERT INTO genomic_sample VALUES ('a5c6b9cb-3f22-47c5-946c-d4a5cb4a4b11','7eeca522-4222-4d11-80ed-9b2f7dd7c217','tumor','C50.4','2019-10-24','Guardant360',0.78,0,'FFPE');
INSERT INTO somatic_mutation VALUES ('bec34eb2-25da-4509-8c67-f05295529bd4','a5c6b9cb-3f22-47c5-946c-d4a5cb4a4b11','ESR1','chr6',152098794,'T','C','SNV','missense_variant','p.Tyr537Cys',0.2974,309,'oncogenic','COSV52744551','1','SBS1');
INSERT INTO somatic_mutation VALUES ('0a2d8267-7b03-41db-8749-afd792277470','a5c6b9cb-3f22-47c5-946c-d4a5cb4a4b11','CCND1','chr11',69465258,'G','T','SNV','missense_variant','p.Pro241Leu',0.1869,326,'oncogenic','COSV52718943','3A','SBS1');
INSERT INTO somatic_mutation VALUES ('60f349ad-bfb6-4ae0-b61c-9f742e3a0c69','a5c6b9cb-3f22-47c5-946c-d4a5cb4a4b11','PIK3CA','chr3',179234297,'C','T','SNV','missense_variant','p.His1047Arg',0.208,167,'oncogenic','COSV52748762','1','SBS1');
INSERT INTO somatic_mutation VALUES ('f1f719d5-7da3-4d97-b5e1-bedbff757862','a5c6b9cb-3f22-47c5-946c-d4a5cb4a4b11','MAP3K1','chr5',56115628,'G','A','SNV','missense_variant','p.Glu1298Lys',0.2318,153,'oncogenic','COSV52721033','3A','SBS1');
INSERT INTO somatic_mutation VALUES ('37c5d115-1e11-40d8-9155-9e08d8c90fca','a5c6b9cb-3f22-47c5-946c-d4a5cb4a4b11','TP53','chr17',7674220,'G','A','SNV','missense_variant','p.Arg248Trp',0.5106,378,'oncogenic','COSV52743007','1','SBS5');
INSERT INTO somatic_mutation VALUES ('c1f6cda3-0e0e-484c-afc7-93ae15ae6ac4','a5c6b9cb-3f22-47c5-946c-d4a5cb4a4b11','BRCA2','chr13',32338709,'A','T','SNV','stop_gained','p.Lys1690Ter',0.4363,341,'pathogenic','COSV52712043','1','SBS3');
INSERT INTO copy_number_variant VALUES ('18befab3-7228-49ed-8546-d3c32ebb1a75','a5c6b9cb-3f22-47c5-946c-d4a5cb4a4b11','MYC','chr8',127700000,127800000,4.8,-0.08,'neutral',0);
INSERT INTO copy_number_variant VALUES ('db1a4379-6784-4e89-b585-5943bcc6be86','a5c6b9cb-3f22-47c5-946c-d4a5cb4a4b11','CDKN2A','chr9',21967000,21995000,0.7,-1.74,'shallow_deletion',0);
INSERT INTO gene_expression VALUES ('34b1f10f-6e4a-43b6-b93e-feb2304f0eb6','a5c6b9cb-3f22-47c5-946c-d4a5cb4a4b11','ENSG00000091831','ESR1',1045.77,104.58,2614,10.29,99.0);
INSERT INTO gene_expression VALUES ('b8165a39-7584-4b7c-9712-ea421faf4b26','a5c6b9cb-3f22-47c5-946c-d4a5cb4a4b11','ENSG00000141736','ERBB2',102.63,10.26,257,-0.19,47.1);
INSERT INTO gene_expression VALUES ('97149eda-6801-4b1f-adfe-e9409cc941dc','a5c6b9cb-3f22-47c5-946c-d4a5cb4a4b11','ENSG00000148773','MKI67',33.88,3.39,85,-0.96,35.6);
INSERT INTO gene_expression VALUES ('ac6a7466-5cab-4fb4-9219-9a317af6c0b4','a5c6b9cb-3f22-47c5-946c-d4a5cb4a4b11','ENSG00000141510','TP53',73.08,2.64,264,-0.52,42.2);
INSERT INTO gene_expression VALUES ('2aa6f305-6ac6-44b0-9607-a223aeaf2078','a5c6b9cb-3f22-47c5-946c-d4a5cb4a4b11','ENSG00000012048','BRCA1',55.73,1.81,130,-0.71,39.4);
INSERT INTO gene_expression VALUES ('6399d836-a025-4770-a653-dce3b1b818c1','a5c6b9cb-3f22-47c5-946c-d4a5cb4a4b11','ENSG00000139618','BRCA2',12.39,5.78,59,-1.2,32.0);
INSERT INTO gene_expression VALUES ('de3df9f7-0a7e-48af-a361-b9dfcf39aa6a','a5c6b9cb-3f22-47c5-946c-d4a5cb4a4b11','ENSG00000171862','PTEN',92.16,2.81,180,-0.31,45.4);
INSERT INTO gene_expression VALUES ('2ddb04af-819c-4478-ac70-09ed04cfc432','a5c6b9cb-3f22-47c5-946c-d4a5cb4a4b11','ENSG00000136997','MYC',129.38,7.47,697,0.1,51.5);
INSERT INTO protein_expression VALUES ('fc40446e-62c3-44fd-aed3-5dacca5b4c9b','a5c6b9cb-3f22-47c5-946c-d4a5cb4a4b11','ESR1','P03372','IHC',0.89,239.0,6,'NULL');
INSERT INTO protein_expression VALUES ('8d1afb11-9f07-4c11-8542-baa7369c9924','a5c6b9cb-3f22-47c5-946c-d4a5cb4a4b11','PGR','P06401','IHC',0.3,180.0,4,'NULL');
INSERT INTO protein_expression VALUES ('fd255f81-72ae-44ce-9a95-b4dabc247176','a5c6b9cb-3f22-47c5-946c-d4a5cb4a4b11','ERBB2','P04626','IHC',-0.88,62.0,2,'pY1248');
INSERT INTO protein_expression VALUES ('343dfc83-dbb8-43b5-947b-df259d2a2ac5','a5c6b9cb-3f22-47c5-946c-d4a5cb4a4b11','MKI67','P46013','IHC',-1.42,7.0,0,'NULL');
INSERT INTO epigenetic_mark VALUES ('6c0a7329-21d1-49af-9245-733750370fc2','a5c6b9cb-3f22-47c5-946c-d4a5cb4a4b11','DNA_methylation','cg15629539',0.051,'-4.218','ESR1','CpG_island',NULL);
INSERT INTO epigenetic_mark VALUES ('781cd28f-2a09-4d31-a47e-678a23e72a4e','a5c6b9cb-3f22-47c5-946c-d4a5cb4a4b11','DNA_methylation','cg27053763',0.074,'-3.645','BRCA1','promoter',NULL);
INSERT INTO epigenetic_mark VALUES ('55093640-10ae-4e3f-a88c-01e4fbbe9941','a5c6b9cb-3f22-47c5-946c-d4a5cb4a4b11','H3K27ac','chr17:37800000-37850000',0.381,NULL,'ERBB2','enhancer','1.449');
INSERT INTO ncrna_profile VALUES ('478e974f-a0d1-43f7-8637-c573b77299f6','a5c6b9cb-3f22-47c5-946c-d4a5cb4a4b11','miRNA','hsa-miR-21-5p','miR-21-5p',1.46,'["PTEN", "PDCD4"]');
INSERT INTO ncrna_profile VALUES ('922163be-ca28-48e7-b097-b017187e82f4','a5c6b9cb-3f22-47c5-946c-d4a5cb4a4b11','miRNA','hsa-miR-155-5p','miR-155-5p',1.27,'["SHIP1", "SOCS1"]');
INSERT INTO ncrna_profile VALUES ('3bb3f8fb-c077-4c63-8357-aca2b91957ca','a5c6b9cb-3f22-47c5-946c-d4a5cb4a4b11','lncRNA','ENSG00000228630','HOTAIR',3.72,'["SHIP1", "SOCS1"]');
INSERT INTO ncrna_profile VALUES ('66d18f63-4ab6-43a1-8730-b5b9e4e28825','a5c6b9cb-3f22-47c5-946c-d4a5cb4a4b11','lncRNA','ENSG00000251562','MALAT1',24.8,'["SHIP1", "SOCS1"]');
INSERT INTO metabolomics_profile VALUES ('29242b40-26a3-4472-82a2-a1a70609d264','a5c6b9cb-3f22-47c5-946c-d4a5cb4a4b11','Lactate','HMDB0000190','C00186',2.05,'LC-MS','organic_acid',0.03);
INSERT INTO metabolomics_profile VALUES ('b6271571-e58a-4a09-b658-508c9c1bb1f7','a5c6b9cb-3f22-47c5-946c-d4a5cb4a4b11','Glutamine','HMDB0000641','C00064',0.29,'LC-MS','amino_acid',-1.14);
INSERT INTO metabolomics_profile VALUES ('e8b613ed-b68d-4d92-aa24-2147c106a855','a5c6b9cb-3f22-47c5-946c-d4a5cb4a4b11','Glucose','HMDB0000122','C00031',5.98,'LC-MS','carbohydrate',2.65);
INSERT INTO metabolomics_profile VALUES ('0a3c88be-8092-4289-8db0-870d26b93526','a5c6b9cb-3f22-47c5-946c-d4a5cb4a4b11','Phosphocholine','HMDB0001565','C00588',0.28,'LC-MS','lipid',-1.15);
INSERT INTO tumor_clone VALUES ('9322bd05-25a8-45f0-98a0-8463a727eefa','a5c6b9cb-3f22-47c5-946c-d4a5cb4a4b11','clone_A',0.62,'[]',1,1,0.0939);
INSERT INTO tumor_clone VALUES ('0346241f-55be-4415-a2a3-9324d93ccacb','a5c6b9cb-3f22-47c5-946c-d4a5cb4a4b11','clone_B',0.38,'[]',0,2,0.0606);
INSERT INTO cell_cycle_state VALUES ('c787c9d4-c23e-4ffd-9e99-d74a8f0f1ee0','a5c6b9cb-3f22-47c5-946c-d4a5cb4a4b11',0.84,0.012,0.01,0.138,2.6451,480.0,0.0);
INSERT INTO apoptosis_marker VALUES ('66440d62-233f-4d7e-b46f-c616f1e8e8e6','a5c6b9cb-3f22-47c5-946c-d4a5cb4a4b11',155.0,113.1382,90.0,1.72,0.1796,4.2612,0.4403);
INSERT INTO dna_repair_status VALUES ('4c271c01-cd97-4cba-9b78-d3bbadf90b2d','a5c6b9cb-3f22-47c5-946c-d4a5cb4a4b11','mutated_somatic','mutated_somatic','proficient_MMR',0.04,3.4,14.2,0,'wildtype');
INSERT INTO metabolic_phenotype VALUES ('baa4357b-51a1-4dd4-8a58-98d380d4dd46','a5c6b9cb-3f22-47c5-946c-d4a5cb4a4b11',0.478,91.174,0.184,0.4791,0.2854,0.9828,0.5802);
INSERT INTO stemness_profile VALUES ('aa96cc54-5fa6-45ad-9256-9e9685c76ebf','a5c6b9cb-3f22-47c5-946c-d4a5cb4a4b11',10.0,0.0,2.6038,0.1824,0.291,0.129,0.0582,0.1384);
INSERT INTO drug_resistance_feature VALUES ('2ea999bc-2a4b-4902-bf9e-0f5bc87fb5f5','a5c6b9cb-3f22-47c5-946c-d4a5cb4a4b11',1.23,1.0461,0.05,0.7913,'[]',0.4332);
INSERT INTO immune_infiltration VALUES ('00a40386-240d-460c-8954-50581c8b4a56','a5c6b9cb-3f22-47c5-946c-d4a5cb4a4b11',4.0,12.8865,13.2027,5.8731,5.6397,3.7386,13.5399,4.6501,3.07,'CIBERSORT');
INSERT INTO checkpoint_expression VALUES ('24d90441-ec00-438a-aabd-21a5b5f32852','a5c6b9cb-3f22-47c5-946c-d4a5cb4a4b11',11.4,20.52,7.608,13.5014,7.6395,13.6489,10.8711,10.4583);
INSERT INTO cytokine_milieu VALUES ('5d526a26-9b30-4bed-8c0c-9e17e47410d8','a5c6b9cb-3f22-47c5-946c-d4a5cb4a4b11',14.6722,13.1989,9.9938,25.2877,12.3396,20.6,49.8822,75.2529);
INSERT INTO stromal_composition VALUES ('3bf913ae-af1e-41cb-8fec-71fa57525734','a5c6b9cb-3f22-47c5-946c-d4a5cb4a4b11',0.0747,0.0444,0.1542,0.3099,5.2049,40.9002);
INSERT INTO ecm_profile VALUES ('fc14225a-b71e-4913-a7be-c5de421b25f9','a5c6b9cb-3f22-47c5-946c-d4a5cb4a4b11',14.4356,9.5853,30.3318,0.7418,0.3957,0.7473,0.3589);
INSERT INTO hypoxia_vasculature VALUES ('4907d35d-21a7-430c-91a5-3b772b4c08bd','a5c6b9cb-3f22-47c5-946c-d4a5cb4a4b11',1.04,0.1365,11.0,0.2118,56.9513,130.4244,74.5811,11.7,7.04);
INSERT INTO organ_function VALUES ('5fe83863-c707-477a-aff9-9fd093426200','7eeca522-4222-4d11-80ed-9b2f7dd7c217','2019-10-22',88.5,1.462,21.4802,18.8531,15.9858,36.0273,64.1,393.9337,1.0543);
INSERT INTO immune_baseline VALUES ('9c71fc28-87bc-4931-8f96-a5dc9dae389d','7eeca522-4222-4d11-80ed-9b2f7dd7c217','2019-10-22',7.5,1.41,1.62,1.1489,366.1687,335.592,181.4141,9.08);
INSERT INTO hormonal_profile VALUES ('feeab491-2252-489b-b065-6d8738dfd342','7eeca522-4222-4d11-80ed-9b2f7dd7c217','2019-10-22',148.3,0.9,450.0,113.7197,13.1177,2.3282,8.1642);
INSERT INTO pharmacogenomics VALUES ('57f00706-cf09-4d13-a481-4d2a4d68a5b0','7eeca522-4222-4d11-80ed-9b2f7dd7c217','NM','PM','NM','*28/*28','low',0,'NM');
INSERT INTO body_composition VALUES ('899693cc-7a6b-41f9-b53f-de1c9d96b813','7eeca522-4222-4d11-80ed-9b2f7dd7c217','2019-10-22',26.6,36.4,35.3702,51.9206,27.2089,1.6107);
INSERT INTO microbiome_profile VALUES ('dd1aa638-6275-46b2-8bac-2b547c230b72','7eeca522-4222-4d11-80ed-9b2f7dd7c217','2019-10-22','gut','16S_rRNA_V4',3.3712,1.6384,0.0222,'[{"genus": "Bacteroides", "rel": 0.247}, {"genus": "Faecalibacterium", "rel": 0.086}, {"genus": "Akkermansia", "rel": 0.0222}]',0);
INSERT INTO tumor_staging VALUES ('c09c2138-abb6-47ab-babc-37aa30c838ca','7eeca522-4222-4d11-80ed-9b2f7dd7c217','2019-10-22','8500/3','C50.4','Invasive ductal carcinoma','T2','N1','M0','IIB',3,'left');
INSERT INTO imaging_measurement VALUES ('076fe3eb-7473-421c-ae60-20988e2a5136','7eeca522-4222-4d11-80ed-9b2f7dd7c217','2019-10-02','MRI','L1','primary_left_breast',36.7,25881.9393,3.4229,'SD','{"entropy": 6.53, "sphericity": 0.9}');
INSERT INTO pathology_report VALUES ('e3d049ff-a46e-4ea4-9518-92f32b00de26','7eeca522-4222-4d11-80ed-9b2f7dd7c217','2019-10-22','core_needle_biopsy','R0',6,13,0,0,9.4923);
INSERT INTO performance_status VALUES ('710c97a9-1e50-4953-8c1d-546cb4ed7823','7eeca522-4222-4d11-80ed-9b2f7dd7c217','2019-10-22',0,92,2,38.029);
INSERT INTO liquid_biopsy VALUES ('2716f9da-8b1f-4cc4-91a6-95cf89ade03f','7eeca522-4222-4d11-80ed-9b2f7dd7c217','2019-10-22',0.1021,45.945,5,'[]','detected',18.1673);
INSERT INTO treatment_regimen VALUES ('bb31b849-f753-47b0-b14c-991dc7ef9d99','7eeca522-4222-4d11-80ed-9b2f7dd7c217',1,'Letrozole','adjuvant','2019-11-20','2020-08-26','planned_completion','PR',542);
INSERT INTO treatment_drug_dose VALUES ('08de5a22-7211-41e8-9ab0-35d581fb7624','bb31b849-f753-47b0-b14c-991dc7ef9d99','dea8e584-d12c-47bf-a4c0-e739973380b8','2019-11-20',86.0,83.0,3.5,'oral',1,2.1402);
INSERT INTO adverse_event VALUES ('013aafca-e3a7-4669-b712-744b1228b6df','7eeca522-4222-4d11-80ed-9b2f7dd7c217','bb31b849-f753-47b0-b14c-991dc7ef9d99','Neutropenia',1,'2019-12-22','2020-01-13','probable','none');
INSERT INTO adverse_event VALUES ('6ea3c00c-67a6-482d-9cda-5d37ef531a26','7eeca522-4222-4d11-80ed-9b2f7dd7c217','bb31b849-f753-47b0-b14c-991dc7ef9d99','Diarrhoea',1,'2019-12-30','2020-01-18','probable','none');
INSERT INTO carcinogen_exposure VALUES ('0779a91f-7343-4787-adc0-3c9f2f57b5dc','7eeca522-4222-4d11-80ed-9b2f7dd7c217','former',7.2628,10.4637,31.5394,70.2966,'[]',0.0,0);
INSERT INTO diet_nutrition VALUES ('d57c085f-7a2b-4ec2-be49-84c63ed3f93a','7eeca522-4222-4d11-80ed-9b2f7dd7c217','2019-10-22','FFQ',2178.495,63.207,298.6892,73.4773,33.2433,42.3399,10.7916,11.7807,'plant_based');
INSERT INTO physical_activity VALUES ('b439a6c1-0f52-4a71-9feb-585846366913','7eeca522-4222-4d11-80ed-9b2f7dd7c217','2019-10-22',753.5255,68.8161,357.2061,7.7642,27.0622,7731,26.2258);
INSERT INTO stress_psychology VALUES ('c0f3457a-cff9-4e0b-b8db-474f38b0aaf2','7eeca522-4222-4d11-80ed-9b2f7dd7c217','2019-10-22',15,9,3,28.2832,279.0,6.4707,5);
INSERT INTO environmental_exposure VALUES ('5d37e305-2f3a-466b-8fca-354ae934ca23','7eeca522-4222-4d11-80ed-9b2f7dd7c217','2019-10-22',17.658,27.9723,91.9003,'negative',NULL,'negative','negative',7.1359,'naive');
INSERT INTO socioeconomic_context VALUES ('9d8f27b6-9a85-4c80-ba83-09013b6032b2','7eeca522-4222-4d11-80ed-9b2f7dd7c217','2019-10-22',23.063,'public_Medicaid',0.9892,0.6619,66.9779,'retired',36.5334,19);
INSERT INTO circadian_profile VALUES ('38017643-ec01-43be-81f5-bfe436083238','7eeca522-4222-4d11-80ed-9b2f7dd7c217','2019-10-22','intermediate',84.4035,24.8835,'22:17',440.3755,0,14);

-- Patient 17: HR+/HER2+
INSERT INTO patient VALUES ('158b7b81-5eb5-4978-8c33-ea0e7567492b','MRN-7987300','1963-10-20','female','White','{"EUR": 0.32, "AFR": 0.05}','2022-03-05','2022-03-05');
INSERT INTO genomic_sample VALUES ('49703e72-1d8c-4f56-8476-f02097ba036b','158b7b81-5eb5-4978-8c33-ea0e7567492b','tumor','C50.4','2022-03-10','Illumina NovaSeq 6000 WGS',0.83,0,'FFPE');
INSERT INTO somatic_mutation VALUES ('39c1c150-dc26-4bcb-bcbd-450e45ff4e7b','49703e72-1d8c-4f56-8476-f02097ba036b','GATA3','chr10',8115610,'CT','C','indel','frameshift_variant','p.Thr443fs',0.2981,154,'oncogenic','COSV52704812','1','SBS5');
INSERT INTO somatic_mutation VALUES ('7bb1ca03-b81a-4d6c-9189-e2e162d583e0','49703e72-1d8c-4f56-8476-f02097ba036b','PTEN','chr10',89692905,'G','A','SNV','missense_variant','p.Arg130Gly',0.3604,322,'oncogenic','COSV52731827','1','SBS5');
INSERT INTO somatic_mutation VALUES ('4cc28681-b018-486a-be02-dcc5da4f15d9','49703e72-1d8c-4f56-8476-f02097ba036b','BRCA1','chr17',43094464,'T','A','SNV','missense_variant','p.Cys1697Ser',0.3065,84,'pathogenic','COSV52701256','1','SBS3');
INSERT INTO somatic_mutation VALUES ('e8d632f6-c343-4c40-959a-694a3dc45e92','49703e72-1d8c-4f56-8476-f02097ba036b','ESR1','chr6',152098794,'T','C','SNV','missense_variant','p.Tyr537Cys',0.2114,344,'oncogenic','COSV52744551','1','SBS1');
INSERT INTO somatic_mutation VALUES ('d2b7beaf-dbed-4241-aac5-fdbbfcbbc09d','49703e72-1d8c-4f56-8476-f02097ba036b','CCND1','chr11',69465258,'G','T','SNV','missense_variant','p.Pro241Leu',0.3032,353,'oncogenic','COSV52718943','3A','SBS1');
INSERT INTO copy_number_variant VALUES ('e4aa6a86-8d54-4e76-8802-92a04794203e','49703e72-1d8c-4f56-8476-f02097ba036b','ERBB2','chr17',37800000,38200000,12.7,2.17,'amplification',1);
INSERT INTO copy_number_variant VALUES ('a37e8880-12bb-4c11-aaf6-8535dd056031','49703e72-1d8c-4f56-8476-f02097ba036b','MYC','chr8',127700000,127800000,4.1,1.05,'neutral',0);
INSERT INTO copy_number_variant VALUES ('b9aa8567-cc10-4d9e-9a0f-a4075f0258b3','49703e72-1d8c-4f56-8476-f02097ba036b','CDKN2A','chr9',21967000,21995000,0.9,-1.46,'shallow_deletion',0);
INSERT INTO gene_expression VALUES ('fb9910e1-b8e7-4237-b961-1f5a319d2824','49703e72-1d8c-4f56-8476-f02097ba036b','ENSG00000091831','ESR1',571.08,57.11,1428,5.01,99.0);
INSERT INTO gene_expression VALUES ('cceccf1c-b0ec-4736-9426-69baf758b54a','49703e72-1d8c-4f56-8476-f02097ba036b','ENSG00000141736','ERBB2',474.85,47.48,1187,3.94,99.0);
INSERT INTO gene_expression VALUES ('98cfae7f-9341-4788-84a7-7f47e0df9cee','49703e72-1d8c-4f56-8476-f02097ba036b','ENSG00000148773','MKI67',221.94,22.19,555,1.13,67.0);
INSERT INTO gene_expression VALUES ('c92d2ddc-c046-47ca-9100-e2d5d9f430b9','49703e72-1d8c-4f56-8476-f02097ba036b','ENSG00000141510','TP53',59.83,2.9,464,-0.67,40.0);
INSERT INTO gene_expression VALUES ('eacbbf07-eeab-434a-876f-3c8b507f7323','49703e72-1d8c-4f56-8476-f02097ba036b','ENSG00000012048','BRCA1',63.62,5.17,102,-0.63,40.5);
INSERT INTO gene_expression VALUES ('7a5d7696-10ea-469b-bd21-3904a021d410','49703e72-1d8c-4f56-8476-f02097ba036b','ENSG00000139618','BRCA2',51.84,2.69,350,-0.76,38.6);
INSERT INTO gene_expression VALUES ('ae7dcfe6-6fe2-4443-bce4-2b864b287fff','49703e72-1d8c-4f56-8476-f02097ba036b','ENSG00000171862','PTEN',103.21,6.36,238,-0.19,47.1);
INSERT INTO gene_expression VALUES ('b9e4638d-2e00-4243-8d43-776f7e252815','49703e72-1d8c-4f56-8476-f02097ba036b','ENSG00000136997','MYC',130.2,7.47,412,0.11,51.6);
INSERT INTO protein_expression VALUES ('8e58de5a-9542-401f-9ef4-d2f80afa832b','49703e72-1d8c-4f56-8476-f02097ba036b','ESR1','P03372','IHC',0.87,237.0,6,'NULL');
INSERT INTO protein_expression VALUES ('2d36a7cc-7ef9-40d9-a24f-c585367c835c','49703e72-1d8c-4f56-8476-f02097ba036b','PGR','P06401','IHC',0.09,159.0,4,'NULL');
INSERT INTO protein_expression VALUES ('3c41891d-e92a-4424-88e1-8245b1c6561d','49703e72-1d8c-4f56-8476-f02097ba036b','ERBB2','P04626','IHC',0.79,229.0,6,'pY1248');
INSERT INTO protein_expression VALUES ('b81b6680-5ade-4799-bb2e-540d581fa645','49703e72-1d8c-4f56-8476-f02097ba036b','MKI67','P46013','IHC',-0.57,87.0,0,'NULL');
INSERT INTO epigenetic_mark VALUES ('a950419d-26c7-4d4e-947d-26a0982b46e0','49703e72-1d8c-4f56-8476-f02097ba036b','DNA_methylation','cg15629539',0.071,'-3.71','ESR1','CpG_island',NULL);
INSERT INTO epigenetic_mark VALUES ('b7c6b8c1-7572-40a1-b1c9-ca8a604d15e9','49703e72-1d8c-4f56-8476-f02097ba036b','H3K27ac','cg27053763',0.0,NULL,'BRCA1','promoter',NULL);
INSERT INTO epigenetic_mark VALUES ('976f4445-bfcc-4094-b143-b3a09af022ba','49703e72-1d8c-4f56-8476-f02097ba036b','H3K27ac','chr17:37800000-37850000',0.317,NULL,'ERBB2','enhancer','3.718');
INSERT INTO ncrna_profile VALUES ('f259ac3b-77c4-475f-be8b-cb987baf2de0','49703e72-1d8c-4f56-8476-f02097ba036b','miRNA','hsa-miR-21-5p','miR-21-5p',2.53,'["PTEN", "PDCD4"]');
INSERT INTO ncrna_profile VALUES ('2e785287-48e9-48c2-bd6f-7c90c568fcd7','49703e72-1d8c-4f56-8476-f02097ba036b','miRNA','hsa-miR-155-5p','miR-155-5p',4.36,'["SHIP1", "SOCS1"]');
INSERT INTO ncrna_profile VALUES ('ecf344de-dcc0-4e2e-87d2-4c5066339a5a','49703e72-1d8c-4f56-8476-f02097ba036b','lncRNA','ENSG00000228630','HOTAIR',3.61,'["SHIP1", "SOCS1"]');
INSERT INTO ncrna_profile VALUES ('a238b8eb-4b43-4a44-ab64-853a76628a74','49703e72-1d8c-4f56-8476-f02097ba036b','lncRNA','ENSG00000251562','MALAT1',64.13,'["SHIP1", "SOCS1"]');
INSERT INTO metabolomics_profile VALUES ('46c05f98-ca29-41ed-b875-150d2de3a0cd','49703e72-1d8c-4f56-8476-f02097ba036b','Lactate','HMDB0000190','C00186',1.31,'LC-MS','organic_acid',-0.46);
INSERT INTO metabolomics_profile VALUES ('90321573-b359-400e-9edc-f4311a43a90c','49703e72-1d8c-4f56-8476-f02097ba036b','Glutamine','HMDB0000641','C00064',0.56,'LC-MS','amino_acid',-0.96);
INSERT INTO metabolomics_profile VALUES ('1efd4fd9-cf6a-479a-b849-c15385741217','49703e72-1d8c-4f56-8476-f02097ba036b','Glucose','HMDB0000122','C00031',4.05,'LC-MS','carbohydrate',1.37);
INSERT INTO metabolomics_profile VALUES ('fb0c9be1-6d13-42d9-9365-4a6f230e7f21','49703e72-1d8c-4f56-8476-f02097ba036b','Phosphocholine','HMDB0001565','C00588',0.13,'LC-MS','lipid',-1.25);
INSERT INTO tumor_clone VALUES ('e8d86f2f-47c5-4ec0-8eb6-f29df45ceb01','49703e72-1d8c-4f56-8476-f02097ba036b','clone_A',0.77,'[]',1,1,0.1655);
INSERT INTO tumor_clone VALUES ('b023c782-1151-423a-b337-58bdb5853de3','49703e72-1d8c-4f56-8476-f02097ba036b','clone_B',0.23,'[]',0,2,0.0848);
INSERT INTO cell_cycle_state VALUES ('aa541ab6-ff10-45df-9b7d-509b6915bea3','49703e72-1d8c-4f56-8476-f02097ba036b',0.607,0.161,0.074,0.158,30.9613,480.0,2.6);
INSERT INTO apoptosis_marker VALUES ('89208318-9c20-4512-b54f-674d59bd39f8','49703e72-1d8c-4f56-8476-f02097ba036b',114.0,83.9655,107.0,1.07,0.2606,6.5194,0.7333);
INSERT INTO dna_repair_status VALUES ('bec5300a-2f20-45d0-91f8-a17e7c06595e','49703e72-1d8c-4f56-8476-f02097ba036b','mutated_somatic','mutated_somatic','proficient_MMR',0.04,6.3,32.4,0,'wildtype');
INSERT INTO metabolic_phenotype VALUES ('2b391d0b-ed4b-42ec-a666-8d9e3db36551','49703e72-1d8c-4f56-8476-f02097ba036b',0.395,58.7452,0.4735,0.3119,0.2729,1.2228,0.649);
INSERT INTO stemness_profile VALUES ('1fba2546-342c-4dfe-b230-2cbd66fef416','49703e72-1d8c-4f56-8476-f02097ba036b',33.8781,26.9049,9.6586,0.1531,0.411,0.306,0.217,0.1932);
INSERT INTO drug_resistance_feature VALUES ('96ad4e44-0712-4249-b767-7166e10e2b35','49703e72-1d8c-4f56-8476-f02097ba036b',1.25,0.3484,0.1559,1.1176,'[]',0.8904);
INSERT INTO immune_infiltration VALUES ('a5cb2270-24de-4b88-acc6-e17105f5f919','49703e72-1d8c-4f56-8476-f02097ba036b',6.5,13.0542,9.7008,3.6358,0.2,10.2162,10.1413,3.6982,0.5,'CIBERSORT');
INSERT INTO checkpoint_expression VALUES ('878a51cd-11cc-4852-8123-b0718b2ac470','49703e72-1d8c-4f56-8476-f02097ba036b',38.6,69.48,10.6926,13.9913,9.637,5.3803,6.5622,19.531);
INSERT INTO cytokine_milieu VALUES ('208d96e5-23cc-458c-bf9e-fed83bb54b3f','49703e72-1d8c-4f56-8476-f02097ba036b',18.2896,4.9348,7.3706,19.2949,23.1563,28.4,5.0,162.1673);
INSERT INTO stromal_composition VALUES ('b442a508-1f99-4008-88c8-33864dfc1461','49703e72-1d8c-4f56-8476-f02097ba036b',0.1998,0.0902,0.1179,0.4819,4.6705,28.0085);
INSERT INTO ecm_profile VALUES ('4c592be1-04b0-4bc3-aa66-b113036c37e3','49703e72-1d8c-4f56-8476-f02097ba036b',14.12,5.7511,20.9854,0.4537,0.6367,0.3449,0.4039);
INSERT INTO hypoxia_vasculature VALUES ('48bea28c-c2ae-4c68-b057-6e4865311b73','49703e72-1d8c-4f56-8476-f02097ba036b',0.81,0.7057,7.4,0.2211,87.9883,143.8912,111.161,17.0,7.32);
INSERT INTO organ_function VALUES ('cb662ee6-475a-4586-bb05-dfbad623381f','158b7b81-5eb5-4978-8c33-ea0e7567492b','2022-03-05',63.8,1.1656,28.7789,29.7852,8.9991,40.4914,60.1,408.464,1.1335);
INSERT INTO immune_baseline VALUES ('4214f970-136a-4bf7-ba24-51a7eb740979','158b7b81-5eb5-4978-8c33-ea0e7567492b','2022-03-05',7.4,2.82,6.04,2.1418,433.2111,350.5892,219.9599,9.6788);
INSERT INTO hormonal_profile VALUES ('a68fee82-4012-4a9d-8b3f-42dc4e3e5121','158b7b81-5eb5-4978-8c33-ea0e7567492b','2022-03-05',2.0,0.27,502.0,74.1333,21.7674,1.3763,4.4876);
INSERT INTO pharmacogenomics VALUES ('47e2a0e2-5020-46bd-8ee7-f973ea787f82','158b7b81-5eb5-4978-8c33-ea0e7567492b','NM','NM','NM','*28/*28','low',0,'NM');
INSERT INTO body_composition VALUES ('01ee32f8-2114-4e24-9c47-a907f857a0a3','158b7b81-5eb5-4978-8c33-ea0e7567492b','2022-03-05',27.8,38.2,26.9919,70.8057,36.6537,1.6155);
INSERT INTO microbiome_profile VALUES ('f3ff417b-1f7f-4636-911b-63b57b694987','158b7b81-5eb5-4978-8c33-ea0e7567492b','2022-03-05','gut','16S_rRNA_V4',2.9641,2.462,0.0057,'[{"genus": "Bacteroides", "rel": 0.18}, {"genus": "Faecalibacterium", "rel": 0.124}, {"genus": "Akkermansia", "rel": 0.0057}]',0);
INSERT INTO tumor_staging VALUES ('4dc4bd96-9a04-4da0-bd15-48aacf714e98','158b7b81-5eb5-4978-8c33-ea0e7567492b','2022-03-05','8500/3','C50.4','Invasive ductal carcinoma','T2','N1','M0','IIB',2,'right');
INSERT INTO imaging_measurement VALUES ('9e7a58ed-cf6d-4d2d-b4fa-3478df04c6f0','158b7b81-5eb5-4978-8c33-ea0e7567492b','2022-02-04','MRI','L1','primary_left_breast',26.8,10078.6649,2.5078,'SD','{"entropy": 7.81, "sphericity": 0.52}');
INSERT INTO pathology_report VALUES ('e9e6e744-fc36-4db5-b8bb-302f5c5c24d7','158b7b81-5eb5-4978-8c33-ea0e7567492b','2022-03-05','core_needle_biopsy','R0',2,18,0,1,15.827);
INSERT INTO performance_status VALUES ('5d5d144b-a467-4e56-87bb-0e7e16df7f75','158b7b81-5eb5-4978-8c33-ea0e7567492b','2022-03-05',0,70,0,35.2259);
INSERT INTO liquid_biopsy VALUES ('0486ed5d-f716-4577-b407-5b844e5027bb','158b7b81-5eb5-4978-8c33-ea0e7567492b','2022-03-05',0.1582,71.19,6,'[]','detected',11.2449);
INSERT INTO treatment_regimen VALUES ('4f2f0c27-a4b0-4731-9bfd-34191b91ddb0','158b7b81-5eb5-4978-8c33-ea0e7567492b',1,'T-DM1','adjuvant','2022-04-12','2023-03-24','planned_completion','PR',433);
INSERT INTO treatment_drug_dose VALUES ('c625d2cc-f593-4959-8374-81578867df3c','4f2f0c27-a4b0-4731-9bfd-34191b91ddb0','6875e431-ad8e-4272-8f17-9b89825e25c6','2022-04-12',75.0,70.0,6.7,'IV',1,0.6674);
INSERT INTO adverse_event VALUES ('d4b6cec4-89b5-41d1-ace9-b60ebdfc110f','158b7b81-5eb5-4978-8c33-ea0e7567492b','4f2f0c27-a4b0-4731-9bfd-34191b91ddb0','Neutropenia',1,'2022-05-30','2022-07-22','probable','none');
INSERT INTO adverse_event VALUES ('c716782d-2f8e-497a-96c5-364faca8d549','158b7b81-5eb5-4978-8c33-ea0e7567492b','4f2f0c27-a4b0-4731-9bfd-34191b91ddb0','Diarrhoea',2,'2022-04-24','2022-06-05','probable','none');
INSERT INTO adverse_event VALUES ('9915b32f-bfc5-41f3-b6ed-aaa75b8a0bf7','158b7b81-5eb5-4978-8c33-ea0e7567492b','4f2f0c27-a4b0-4731-9bfd-34191b91ddb0','Arthralgia',1,'2022-06-24','2022-07-31','probable','none');
INSERT INTO adverse_event VALUES ('778003b7-f70e-4817-9432-779a227652fb','158b7b81-5eb5-4978-8c33-ea0e7567492b','4f2f0c27-a4b0-4731-9bfd-34191b91ddb0','Peripheral sensory neuropathy',1,'2022-07-09','2022-08-08','probable','none');
INSERT INTO carcinogen_exposure VALUES ('36a97c96-9a5d-4fd0-add5-36eb81c0b77e','158b7b81-5eb5-4978-8c33-ea0e7567492b','former',22.1827,5.3936,33.7547,44.1659,'[]',0.0,0);
INSERT INTO diet_nutrition VALUES ('daf63a24-df38-42f0-8a30-b2c3709df800','158b7b81-5eb5-4978-8c33-ea0e7567492b','2022-03-05','FFQ',1609.8573,73.9834,241.4062,95.1995,29.2299,62.3114,18.1971,9.4227,'plant_based');
INSERT INTO physical_activity VALUES ('a3c3dcf8-de83-4264-ac16-eacaddb497fc','158b7b81-5eb5-4978-8c33-ea0e7567492b','2022-03-05',335.6589,177.8925,293.5693,8.2189,36.2406,5417,22.9819);
INSERT INTO stress_psychology VALUES ('9c925af6-1905-441b-bf57-60732be27790','158b7b81-5eb5-4978-8c33-ea0e7567492b','2022-03-05',24,7,10,46.1442,311.24,7.5742,14);
INSERT INTO environmental_exposure VALUES ('12f4491e-511b-4481-91e8-5c02f1640350','158b7b81-5eb5-4978-8c33-ea0e7567492b','2022-03-05',17.4199,23.7815,38.6304,'negative',NULL,'negative','negative',11.7031,'naive');
INSERT INTO socioeconomic_context VALUES ('047ab9d4-a7b8-4c96-aab2-f6364536abad','158b7b81-5eb5-4978-8c33-ea0e7567492b','2022-03-05',31.7796,'public_Medicare',0.5888,0.6467,68.9008,'unable_to_work_disability',31.2949,10);
INSERT INTO circadian_profile VALUES ('012ee593-4338-4c6e-8813-8a1f50d00124','158b7b81-5eb5-4978-8c33-ea0e7567492b','2022-03-05','intermediate',85.3476,20.6222,'22:34',474.9185,0,10);

-- Patient 18: TNBC
INSERT INTO patient VALUES ('daefd9a1-0806-4127-b48a-80c1e4de1aef','MRN-7829638','1969-05-21','female','East Asian','{"EUR": 0.16, "AFR": 0.05}','2021-11-25','2021-11-25');
INSERT INTO genomic_sample VALUES ('ad75d823-7cb4-485b-831d-4a63dcb2c291','daefd9a1-0806-4127-b48a-80c1e4de1aef','tumor','C50.4','2021-12-05','TruSight Oncology 500',0.68,0,'FFPE');
INSERT INTO somatic_mutation VALUES ('f6fcde26-3635-42d6-98a5-a57397826c60','ad75d823-7cb4-485b-831d-4a63dcb2c291','TP53','chr17',7674220,'G','A','SNV','missense_variant','p.Arg248Trp',0.5119,266,'oncogenic','COSV52743007','1','SBS5');
INSERT INTO somatic_mutation VALUES ('6f5202d4-a990-44ec-804f-34514a953b8a','ad75d823-7cb4-485b-831d-4a63dcb2c291','PIK3CA','chr3',179234297,'C','T','SNV','missense_variant','p.His1047Arg',0.194,397,'oncogenic','COSV52748762','1','SBS1');
INSERT INTO somatic_mutation VALUES ('e684b80e-006a-4828-8c52-0c9e8b515039','ad75d823-7cb4-485b-831d-4a63dcb2c291','PTEN','chr10',89692905,'G','A','SNV','missense_variant','p.Arg130Gly',0.3367,355,'oncogenic','COSV52731827','1','SBS5');
INSERT INTO somatic_mutation VALUES ('35f56bbf-f89f-441a-b4d7-08f0d3be3ed8','ad75d823-7cb4-485b-831d-4a63dcb2c291','BRCA1','chr17',43094464,'T','A','SNV','missense_variant','p.Cys1697Ser',0.4956,278,'pathogenic','COSV52701256','1','SBS3');
INSERT INTO somatic_mutation VALUES ('b1b0e36c-bd5e-4cd1-b585-51defc23dd3e','ad75d823-7cb4-485b-831d-4a63dcb2c291','CDH1','chr16',68771195,'C','T','SNV','nonsense_variant','p.Gln333Ter',0.4136,362,'oncogenic','COSV52697483','3A','SBS1');
INSERT INTO copy_number_variant VALUES ('a7c36e68-08bb-487b-acbd-a3ee9dc0547d','ad75d823-7cb4-485b-831d-4a63dcb2c291','PTEN','chr10',89600000,89900000,0.6,-1.92,'deep_deletion',1);
INSERT INTO copy_number_variant VALUES ('283e29ad-1540-4fd9-b5ac-a0d881a35642','ad75d823-7cb4-485b-831d-4a63dcb2c291','MYC','chr8',127700000,127800000,2.8,1.56,'amplification',0);
INSERT INTO copy_number_variant VALUES ('3b78d88a-4351-4f0a-9c90-79fd875c5e9b','ad75d823-7cb4-485b-831d-4a63dcb2c291','CDKN2A','chr9',21967000,21995000,0.7,-1.51,'shallow_deletion',0);
INSERT INTO gene_expression VALUES ('3b83a619-329c-4c30-a120-d4cc4fc9da5a','ad75d823-7cb4-485b-831d-4a63dcb2c291','ENSG00000091831','ESR1',1.0,0.1,2,-1.32,30.2);
INSERT INTO gene_expression VALUES ('19a84c9b-50ec-44f2-bbf0-064ee4c13228','ad75d823-7cb4-485b-831d-4a63dcb2c291','ENSG00000141736','ERBB2',96.01,9.6,240,-0.27,46.0);
INSERT INTO gene_expression VALUES ('18d7bd7f-e2a2-4f67-8118-4c6bb5bc72c6','ad75d823-7cb4-485b-831d-4a63dcb2c291','ENSG00000148773','MKI67',253.51,25.35,634,1.48,72.2);
INSERT INTO gene_expression VALUES ('a2030897-26e4-4157-8f11-16afacce6edb','ad75d823-7cb4-485b-831d-4a63dcb2c291','ENSG00000141510','TP53',54.55,5.87,378,-0.73,39.0);
INSERT INTO gene_expression VALUES ('02800b4b-369e-41cb-b240-5f70be502c1d','ad75d823-7cb4-485b-831d-4a63dcb2c291','ENSG00000012048','BRCA1',58.53,1.69,309,-0.68,39.8);
INSERT INTO gene_expression VALUES ('ca9578de-d799-48de-b86d-770e0d137952','ad75d823-7cb4-485b-831d-4a63dcb2c291','ENSG00000139618','BRCA2',22.84,2.57,65,-1.08,33.8);
INSERT INTO gene_expression VALUES ('3d298c70-7d17-49ed-bb2c-82fd9a7f86aa','ad75d823-7cb4-485b-831d-4a63dcb2c291','ENSG00000171862','PTEN',31.79,8.04,132,-0.98,35.3);
INSERT INTO gene_expression VALUES ('541c63f5-281a-4652-9471-e809969ed50f','ad75d823-7cb4-485b-831d-4a63dcb2c291','ENSG00000136997','MYC',172.32,5.72,751,0.58,58.7);
INSERT INTO protein_expression VALUES ('141c984d-7dca-4085-bb6a-336f94422725','ad75d823-7cb4-485b-831d-4a63dcb2c291','ESR1','P03372','IHC',-1.5,0.0,0,'NULL');
INSERT INTO protein_expression VALUES ('392c586e-6385-4562-8d6f-38b2d59d49b8','ad75d823-7cb4-485b-831d-4a63dcb2c291','PGR','P06401','IHC',-1.39,11.0,0,'NULL');
INSERT INTO protein_expression VALUES ('fd5470b0-8a85-4db8-96de-07498750c520','ad75d823-7cb4-485b-831d-4a63dcb2c291','ERBB2','P04626','IHC',-0.83,67.0,2,'pY1248');
INSERT INTO protein_expression VALUES ('d2ec53ca-0c91-4626-aac0-82fe3b86d379','ad75d823-7cb4-485b-831d-4a63dcb2c291','MKI67','P46013','IHC',-0.56,88.0,0,'NULL');
INSERT INTO epigenetic_mark VALUES ('78f86d24-7923-46c7-99ab-1db38ef9418f','ad75d823-7cb4-485b-831d-4a63dcb2c291','DNA_methylation','cg15629539',0.693,'1.175','ESR1','CpG_island',NULL);
INSERT INTO epigenetic_mark VALUES ('b1dafc72-2dc0-4117-ba9d-94e997e359eb','ad75d823-7cb4-485b-831d-4a63dcb2c291','DNA_methylation','cg27053763',0.245,'-1.624','BRCA1','promoter',NULL);
INSERT INTO epigenetic_mark VALUES ('fe75e089-e991-40ea-a741-c111e1225ec1','ad75d823-7cb4-485b-831d-4a63dcb2c291','H3K27ac','chr17:37800000-37850000',0.365,NULL,'ERBB2','enhancer','1.481');
INSERT INTO ncrna_profile VALUES ('a1e273cb-a2c6-4f8e-baa7-1bf58f751ecf','ad75d823-7cb4-485b-831d-4a63dcb2c291','miRNA','hsa-miR-21-5p','miR-21-5p',7.61,'["PTEN", "PDCD4"]');
INSERT INTO ncrna_profile VALUES ('c47ed01e-43ad-4198-b2b6-20f0667c0a51','ad75d823-7cb4-485b-831d-4a63dcb2c291','miRNA','hsa-miR-155-5p','miR-155-5p',3.18,'["SHIP1", "SOCS1"]');
INSERT INTO ncrna_profile VALUES ('a87ffefb-0503-4947-8c99-c43b6360ef66','ad75d823-7cb4-485b-831d-4a63dcb2c291','lncRNA','ENSG00000228630','HOTAIR',2.24,'["SHIP1", "SOCS1"]');
INSERT INTO ncrna_profile VALUES ('370273a2-82e0-4a22-99b4-915b1b31fac9','ad75d823-7cb4-485b-831d-4a63dcb2c291','lncRNA','ENSG00000251562','MALAT1',49.41,'["SHIP1", "SOCS1"]');
INSERT INTO metabolomics_profile VALUES ('535b3820-46eb-4448-bce3-62beabec1bde','ad75d823-7cb4-485b-831d-4a63dcb2c291','Lactate','HMDB0000190','C00186',3.24,'LC-MS','organic_acid',0.83);
INSERT INTO metabolomics_profile VALUES ('a2b2c193-a4bd-42de-af1e-301d7fb1cf23','ad75d823-7cb4-485b-831d-4a63dcb2c291','Glutamine','HMDB0000641','C00064',0.46,'LC-MS','amino_acid',-1.03);
INSERT INTO metabolomics_profile VALUES ('3f70f82d-77db-420f-b127-43ed437081a3','ad75d823-7cb4-485b-831d-4a63dcb2c291','Glucose','HMDB0000122','C00031',5.16,'LC-MS','carbohydrate',2.11);
INSERT INTO metabolomics_profile VALUES ('0ce55916-e697-4fb6-ad86-140d3482f456','ad75d823-7cb4-485b-831d-4a63dcb2c291','Phosphocholine','HMDB0001565','C00588',0.13,'LC-MS','lipid',-1.25);
INSERT INTO tumor_clone VALUES ('18b0d7b0-4dd9-47ca-82c7-dac264a02dd1','ad75d823-7cb4-485b-831d-4a63dcb2c291','clone_A',0.95,'[]',1,1,0.1763);
INSERT INTO tumor_clone VALUES ('8e5f97d1-0055-4a36-aabd-42db4068bba5','ad75d823-7cb4-485b-831d-4a63dcb2c291','clone_B',0.05,'[]',0,2,0.0756);
INSERT INTO cell_cycle_state VALUES ('4c90c6a9-b651-4c74-bbe6-7462fa20b5ac','ad75d823-7cb4-485b-831d-4a63dcb2c291',0.666,0.136,0.055,0.143,31.3403,480.0,3.9);
INSERT INTO apoptosis_marker VALUES ('2b5df973-3a3a-4188-9a97-09e34421dd55','ad75d823-7cb4-485b-831d-4a63dcb2c291',109.0,154.9984,108.0,1.01,0.1475,4.9798,1.3181);
INSERT INTO dna_repair_status VALUES ('99e016cc-4943-4899-b4e6-d5d499940aa6','ad75d823-7cb4-485b-831d-4a63dcb2c291','mutated_somatic','mutated_somatic','deficient_MMR',0.32,9.5,37.8,0,'wildtype');
INSERT INTO metabolic_phenotype VALUES ('fa5af136-c5cb-4b43-b702-05021b2e7a54','ad75d823-7cb4-485b-831d-4a63dcb2c291',0.766,90.6681,0.6156,0.2913,0.5026,1.6401,0.7012);
INSERT INTO stemness_profile VALUES ('c0de07ed-3177-401e-bd84-4f9e463f7663','ad75d823-7cb4-485b-831d-4a63dcb2c291',143.1429,73.9778,23.6416,0.4488,0.583,0.575,0.8189,0.4414);
INSERT INTO drug_resistance_feature VALUES ('65c433f2-160a-4515-b4d8-baa59c924ce9','ad75d823-7cb4-485b-831d-4a63dcb2c291',1.68,0.2939,0.372,1.1196,'[]',1.0);
INSERT INTO immune_infiltration VALUES ('89c0736e-2e7b-4295-a1e1-e8751a0a6879','ad75d823-7cb4-485b-831d-4a63dcb2c291',6.6,10.3074,0.5,3.0092,4.2913,11.541,13.8246,3.6695,9.0197,'CIBERSORT');
INSERT INTO checkpoint_expression VALUES ('62fd9ec2-2b26-4dae-8b38-ea5815ada8fe','ad75d823-7cb4-485b-831d-4a63dcb2c291',51.0,91.8,8.3874,14.1753,14.6729,4.495,8.3813,40.5333);
INSERT INTO cytokine_milieu VALUES ('8cc363a9-8cb6-4e43-ac3c-838baf15b082','ad75d823-7cb4-485b-831d-4a63dcb2c291',6.5987,8.0467,8.4689,23.833,15.982,55.4,38.5984,54.538);
INSERT INTO stromal_composition VALUES ('dd3d9778-5f31-4c85-bbc6-996ae07708e3','ad75d823-7cb4-485b-831d-4a63dcb2c291',0.3682,0.0858,0.1926,0.4816,3.6413,39.3288);
INSERT INTO ecm_profile VALUES ('9f956b37-ffb6-4496-93d6-ab2d12dcc070','ad75d823-7cb4-485b-831d-4a63dcb2c291',8.7871,7.1203,7.9985,0.5806,0.5785,0.4626,0.2739);
INSERT INTO hypoxia_vasculature VALUES ('2dcf1cd3-c411-45e5-9b39-a8092e750382','ad75d823-7cb4-485b-831d-4a63dcb2c291',2.25,1.3487,4.1,0.5432,76.0315,170.6777,130.4607,13.2,6.85);
INSERT INTO organ_function VALUES ('ce9afd3b-d72f-47ee-bd0c-2c52794a4aa6','daefd9a1-0806-4127-b48a-80c1e4de1aef','2021-11-25',82.1,1.3852,34.0424,7.8105,16.03,39.9607,56.7,400.5789,0.9877);
INSERT INTO immune_baseline VALUES ('0d1a2594-9b8d-413d-91e9-48b0d533acc7','daefd9a1-0806-4127-b48a-80c1e4de1aef','2021-11-25',5.2,2.84,4.35,1.5317,474.3254,431.6525,376.3689,10.2783);
INSERT INTO hormonal_profile VALUES ('0d86942d-eab7-4686-8635-6499def4f5a0','daefd9a1-0806-4127-b48a-80c1e4de1aef','2021-11-25',28.9,0.79,425.0,73.6986,17.4231,1.3061,4.0126);
INSERT INTO pharmacogenomics VALUES ('79e123a6-1a41-4277-9fdd-3edc0fd6bc02','daefd9a1-0806-4127-b48a-80c1e4de1aef','NM','PM','NM','*1/*1','normal',0,'NM');
INSERT INTO body_composition VALUES ('a1ed2210-1d8c-4296-b6a6-3ade8472348b','daefd9a1-0806-4127-b48a-80c1e4de1aef','2021-11-25',28.4,41.2,37.8052,25.9523,32.6287,1.6237);
INSERT INTO microbiome_profile VALUES ('09d9c076-305e-440b-bc33-1a2b182d3a4c','daefd9a1-0806-4127-b48a-80c1e4de1aef','2021-11-25','gut','16S_rRNA_V4',3.5095,2.2606,0.0096,'[{"genus": "Bacteroides", "rel": 0.302}, {"genus": "Faecalibacterium", "rel": 0.122}, {"genus": "Akkermansia", "rel": 0.0096}]',0);
INSERT INTO tumor_staging VALUES ('aa823fa3-9f7a-436a-8380-edf0e5921e07','daefd9a1-0806-4127-b48a-80c1e4de1aef','2021-11-25','8500/3','C50.4','Invasive ductal carcinoma, triple negative','T2','N1','M0','IIB',3,'left');
INSERT INTO imaging_measurement VALUES ('c5d0b79d-5dde-4430-9c95-1bf5a0c56174','daefd9a1-0806-4127-b48a-80c1e4de1aef','2021-10-28','MRI','L1','primary_left_breast',32.6,18140.5906,2.6109,'SD','{"entropy": 5.07, "sphericity": 0.67}');
INSERT INTO pathology_report VALUES ('01704e6c-358f-42e8-baeb-364ad5f87daf','daefd9a1-0806-4127-b48a-80c1e4de1aef','2021-11-25','core_needle_biopsy','R0',2,8,0,0,32.9649);
INSERT INTO performance_status VALUES ('d3352819-13e4-4971-b11d-d9af4a3cf6bc','daefd9a1-0806-4127-b48a-80c1e4de1aef','2021-11-25',0,80,2,36.8962);
INSERT INTO liquid_biopsy VALUES ('95ec6c25-f8c4-4d14-bf36-6bb43ad1beea','daefd9a1-0806-4127-b48a-80c1e4de1aef','2021-11-25',0.0738,33.21,4,'[]','detected',13.3522);
INSERT INTO treatment_regimen VALUES ('27caa379-4d91-4236-b0fb-0d6e5829c74b','daefd9a1-0806-4127-b48a-80c1e4de1aef',1,'AC-T','neoadjuvant','2022-01-04','2023-06-19','planned_completion','PR',632);
INSERT INTO treatment_drug_dose VALUES ('b434a2e4-7c70-426a-8d6f-164d8b831cfa','27caa379-4d91-4236-b0fb-0d6e5829c74b','8ed4a385-e60c-4c06-9827-b17fc4f5be7e','2022-01-04',83.0,75.0,9.6,'IV',1,1.1234);
INSERT INTO adverse_event VALUES ('e2004f82-e1f0-481a-b880-19dc8db9e029','daefd9a1-0806-4127-b48a-80c1e4de1aef','27caa379-4d91-4236-b0fb-0d6e5829c74b','Neutropenia',1,'2022-02-27','2022-04-21','probable','none');
INSERT INTO adverse_event VALUES ('12bced7e-ac7d-4cfb-8a0d-72180922b40b','daefd9a1-0806-4127-b48a-80c1e4de1aef','27caa379-4d91-4236-b0fb-0d6e5829c74b','Alopecia',1,'2022-01-21','2022-01-31','probable','none');
INSERT INTO radiation_plan VALUES ('1771ff4f-c95c-4a74-ab1a-8ffe9a014f32','daefd9a1-0806-4127-b48a-80c1e4de1aef','photon_EBRT','CTV',53.6109,2.0,25,5,'IMRT',NULL,'{"heart": {"V20Gy_pct": "<25"}, "lung": {"mean_Gy": "<18"}}');
INSERT INTO carcinogen_exposure VALUES ('9d2d2376-58f1-4c23-bab6-3fa99152a796','daefd9a1-0806-4127-b48a-80c1e4de1aef','former',9.0465,11.1311,29.5911,87.1096,'[]',0.0,0);
INSERT INTO diet_nutrition VALUES ('dad1b4e0-89dc-4eed-ad8d-05da9ef27a72','daefd9a1-0806-4127-b48a-80c1e4de1aef','2021-11-25','FFQ',2045.2198,78.1671,214.3895,60.1923,21.0418,35.8642,16.6476,0.0,'Mediterranean');
INSERT INTO physical_activity VALUES ('5e4ab5c9-da97-4b70-9ab6-3fba2f83db3f','daefd9a1-0806-4127-b48a-80c1e4de1aef','2021-11-25',617.892,89.8451,68.1652,5.0935,38.6555,4534,27.2277);
INSERT INTO stress_psychology VALUES ('1b70ea18-9ed6-47a7-a70d-180944ed3d0b','daefd9a1-0806-4127-b48a-80c1e4de1aef','2021-11-25',19,9,6,32.9869,263.5,4.2132,12);
INSERT INTO environmental_exposure VALUES ('cc890ca7-c20f-434a-b97d-78261a12f9e7','daefd9a1-0806-4127-b48a-80c1e4de1aef','2021-11-25',20.057,22.7774,27.325,'negative',NULL,'negative','negative',2.5385,'naive');
INSERT INTO socioeconomic_context VALUES ('4499f94c-8b6c-4999-9d42-3de1e21cefbe','daefd9a1-0806-4127-b48a-80c1e4de1aef','2021-11-25',36.5083,'public_Medicare',0.7862,0.7961,55.9286,'employed_part_time',43.4589,21);
INSERT INTO circadian_profile VALUES ('b43f45db-9532-46d1-9847-881ca3df1fd6','daefd9a1-0806-4127-b48a-80c1e4de1aef','2021-11-25','morning',80.7926,25.791,'22:38',636.8938,0,9);

-- Patient 19: HR+/HER2- early
INSERT INTO patient VALUES ('5ab1646f-3492-4e50-bffd-eb7426c03155','MRN-7770659','1965-07-18','female','East Asian','{"EUR": 0.41, "AFR": 0.05}','2018-03-30','2018-03-30');
INSERT INTO genomic_sample VALUES ('f15f264e-8d0d-4cc0-bdbe-3315eb6119bd','5ab1646f-3492-4e50-bffd-eb7426c03155','tumor','C50.4','2018-04-11','TruSight Oncology 500',0.56,0,'FFPE');
INSERT INTO somatic_mutation VALUES ('06aa64e4-e659-4d0c-a196-0797060d4ee8','f15f264e-8d0d-4cc0-bdbe-3315eb6119bd','MYC','chr8',127735434,'A','G','SNV','missense_variant','p.Thr58Ala',0.3219,278,'oncogenic','COSV52759832','3A','SBS5');
INSERT INTO somatic_mutation VALUES ('43c0355e-8f81-4757-9cb7-b44c9c2b03f0','f15f264e-8d0d-4cc0-bdbe-3315eb6119bd','MAP3K1','chr5',56115628,'G','A','SNV','missense_variant','p.Glu1298Lys',0.1422,95,'oncogenic','COSV52721033','3A','SBS1');
INSERT INTO somatic_mutation VALUES ('e76db065-80ee-4111-b7b7-1717e967ad60','f15f264e-8d0d-4cc0-bdbe-3315eb6119bd','GATA3','chr10',8115610,'CT','C','indel','frameshift_variant','p.Thr443fs',0.4475,195,'oncogenic','COSV52704812','1','SBS5');
INSERT INTO somatic_mutation VALUES ('730f9151-ed7d-4ffd-9ad2-a2cd08d21e6c','f15f264e-8d0d-4cc0-bdbe-3315eb6119bd','PTEN','chr10',89692905,'G','A','SNV','missense_variant','p.Arg130Gly',0.2797,157,'oncogenic','COSV52731827','1','SBS5');
INSERT INTO somatic_mutation VALUES ('001bd75d-2fde-4a58-9192-ce40ac3f464e','f15f264e-8d0d-4cc0-bdbe-3315eb6119bd','CCND1','chr11',69465258,'G','T','SNV','missense_variant','p.Pro241Leu',0.2073,150,'oncogenic','COSV52718943','3A','SBS1');
INSERT INTO copy_number_variant VALUES ('eaaf1766-8141-47e5-96bc-105c74de76a5','f15f264e-8d0d-4cc0-bdbe-3315eb6119bd','MYC','chr8',127700000,127800000,6.5,1.6,'neutral',0);
INSERT INTO copy_number_variant VALUES ('0738e562-a83d-4ce0-98ce-be2eaf6afe92','f15f264e-8d0d-4cc0-bdbe-3315eb6119bd','CDKN2A','chr9',21967000,21995000,0.3,-1.75,'shallow_deletion',0);
INSERT INTO gene_expression VALUES ('3aaff72c-0502-4633-9e6f-1d19f0d8200c','f15f264e-8d0d-4cc0-bdbe-3315eb6119bd','ENSG00000091831','ESR1',996.81,99.68,2492,9.74,99.0);
INSERT INTO gene_expression VALUES ('0bd42441-4b2b-4754-85d3-8bc46738f5d5','f15f264e-8d0d-4cc0-bdbe-3315eb6119bd','ENSG00000141736','ERBB2',222.79,22.28,557,1.14,67.1);
INSERT INTO gene_expression VALUES ('e0497844-172c-4d51-b25d-9703c0b5f218','f15f264e-8d0d-4cc0-bdbe-3315eb6119bd','ENSG00000148773','MKI67',233.55,23.35,584,1.26,68.9);
INSERT INTO gene_expression VALUES ('bbdb19d0-b609-4e47-9b59-960bb6760863','f15f264e-8d0d-4cc0-bdbe-3315eb6119bd','ENSG00000141510','TP53',73.11,3.86,327,-0.52,42.2);
INSERT INTO gene_expression VALUES ('d10a96df-c9d6-4f7d-9805-9bf3324a40a6','f15f264e-8d0d-4cc0-bdbe-3315eb6119bd','ENSG00000012048','BRCA1',63.63,8.2,337,-0.63,40.5);
INSERT INTO gene_expression VALUES ('a209ff3a-d7cd-4e9d-a80d-cc4eaf9275fe','f15f264e-8d0d-4cc0-bdbe-3315eb6119bd','ENSG00000139618','BRCA2',3.1,3.91,110,-1.3,30.5);
INSERT INTO gene_expression VALUES ('ec7ff39e-5f46-4229-bd0e-29353aeb5dae','f15f264e-8d0d-4cc0-bdbe-3315eb6119bd','ENSG00000171862','PTEN',43.38,9.28,596,-0.85,37.2);
INSERT INTO gene_expression VALUES ('372baacc-d0e7-46d0-a7d8-2a4f5ab1cf09','f15f264e-8d0d-4cc0-bdbe-3315eb6119bd','ENSG00000136997','MYC',115.55,3.6,228,-0.05,49.2);
INSERT INTO protein_expression VALUES ('417183e2-65d5-4c5a-99e9-2d0f80d20082','f15f264e-8d0d-4cc0-bdbe-3315eb6119bd','ESR1','P03372','IHC',0.68,218.0,5,'NULL');
INSERT INTO protein_expression VALUES ('7ff62ce8-7715-454a-9739-b75a04f15898','f15f264e-8d0d-4cc0-bdbe-3315eb6119bd','PGR','P06401','IHC',-0.13,137.0,3,'NULL');
INSERT INTO protein_expression VALUES ('826a9f6c-4c72-4f1c-aa29-6fd0ad0a3478','f15f264e-8d0d-4cc0-bdbe-3315eb6119bd','ERBB2','P04626','IHC',-1.24,26.0,1,'pY1248');
INSERT INTO protein_expression VALUES ('13ee2319-9d03-4d96-bece-46ef30d31d51','f15f264e-8d0d-4cc0-bdbe-3315eb6119bd','MKI67','P46013','IHC',-0.87,59.0,0,'NULL');
INSERT INTO epigenetic_mark VALUES ('87eac618-6311-4ccf-bf26-a60e4c4795c8','f15f264e-8d0d-4cc0-bdbe-3315eb6119bd','DNA_methylation','cg15629539',0.096,'-3.235','ESR1','CpG_island',NULL);
INSERT INTO epigenetic_mark VALUES ('03732b20-b064-4115-832a-262b13050ccc','f15f264e-8d0d-4cc0-bdbe-3315eb6119bd','DNA_methylation','cg27053763',0.025,'-5.285','BRCA1','promoter',NULL);
INSERT INTO epigenetic_mark VALUES ('550f0caf-c261-4d85-9fd5-fb33ca41444b','f15f264e-8d0d-4cc0-bdbe-3315eb6119bd','H3K27ac','chr17:37800000-37850000',0.342,NULL,'ERBB2','enhancer','0.838');
INSERT INTO ncrna_profile VALUES ('f000c02f-33f7-406b-b824-a59209987399','f15f264e-8d0d-4cc0-bdbe-3315eb6119bd','miRNA','hsa-miR-21-5p','miR-21-5p',5.73,'["PTEN", "PDCD4"]');
INSERT INTO ncrna_profile VALUES ('5ad816eb-e5be-4d7b-ae1b-b8c7d0c30a02','f15f264e-8d0d-4cc0-bdbe-3315eb6119bd','miRNA','hsa-miR-155-5p','miR-155-5p',5.37,'["SHIP1", "SOCS1"]');
INSERT INTO ncrna_profile VALUES ('9647ce53-120b-440d-be88-62a9db1ed47d','f15f264e-8d0d-4cc0-bdbe-3315eb6119bd','lncRNA','ENSG00000228630','HOTAIR',2.97,'["SHIP1", "SOCS1"]');
INSERT INTO ncrna_profile VALUES ('8381733d-964d-42fd-ab41-51b1639bf8f6','f15f264e-8d0d-4cc0-bdbe-3315eb6119bd','lncRNA','ENSG00000251562','MALAT1',31.72,'["SHIP1", "SOCS1"]');
INSERT INTO metabolomics_profile VALUES ('717c5156-2eb0-4d4f-86f9-2ad011d5b946','f15f264e-8d0d-4cc0-bdbe-3315eb6119bd','Lactate','HMDB0000190','C00186',3.85,'LC-MS','organic_acid',1.23);
INSERT INTO metabolomics_profile VALUES ('d12457ee-b166-4ec7-8aeb-bc806a0801d0','f15f264e-8d0d-4cc0-bdbe-3315eb6119bd','Glutamine','HMDB0000641','C00064',0.52,'LC-MS','amino_acid',-0.99);
INSERT INTO metabolomics_profile VALUES ('3485107a-49ea-4194-94ef-dfb1569024fc','f15f264e-8d0d-4cc0-bdbe-3315eb6119bd','Glucose','HMDB0000122','C00031',4.98,'LC-MS','carbohydrate',1.99);
INSERT INTO metabolomics_profile VALUES ('83736672-431e-4b22-90a1-15d0f2116f1e','f15f264e-8d0d-4cc0-bdbe-3315eb6119bd','Phosphocholine','HMDB0001565','C00588',0.18,'LC-MS','lipid',-1.21);
INSERT INTO tumor_clone VALUES ('e6c9e56d-c09c-4114-aab5-57e2a395e368','f15f264e-8d0d-4cc0-bdbe-3315eb6119bd','clone_A',0.53,'[]',1,1,0.0859);
INSERT INTO tumor_clone VALUES ('3b34824b-871f-413f-bbb8-aabe65e29601','f15f264e-8d0d-4cc0-bdbe-3315eb6119bd','clone_B',0.47,'[]',0,2,0.0304);
INSERT INTO cell_cycle_state VALUES ('e62e3f6b-4358-4569-8cbf-6c3a977e824a','f15f264e-8d0d-4cc0-bdbe-3315eb6119bd',0.712,0.101,0.059,0.128,21.0385,480.0,5.4);
INSERT INTO apoptosis_marker VALUES ('13457ef2-e3da-434f-be58-2286c62cd0a8','f15f264e-8d0d-4cc0-bdbe-3315eb6119bd',176.0,84.5621,63.0,2.79,0.1323,3.6752,0.9205);
INSERT INTO dna_repair_status VALUES ('63534509-4679-4459-aec2-5c3d8740a2f8','f15f264e-8d0d-4cc0-bdbe-3315eb6119bd','wildtype','wildtype','proficient_MMR',0.04,4.2,21.2,0,'wildtype');
INSERT INTO metabolic_phenotype VALUES ('53cd9495-00b3-4f58-b007-49345c3e63b7','f15f264e-8d0d-4cc0-bdbe-3315eb6119bd',0.357,96.4993,0.1889,0.3349,0.1685,0.9346,0.6936);
INSERT INTO stemness_profile VALUES ('c98c697c-0a27-423d-b4e2-38dae503ba8c','f15f264e-8d0d-4cc0-bdbe-3315eb6119bd',10.0,32.1695,29.8543,0.0615,0.381,0.324,0.3512,0.4205);
INSERT INTO drug_resistance_feature VALUES ('895fbd75-f50c-4559-8811-35c05dc613fd','f15f264e-8d0d-4cc0-bdbe-3315eb6119bd',1.02,0.8941,0.7201,1.3693,'[]',0.3548);
INSERT INTO immune_infiltration VALUES ('f895de39-4ca8-47b8-a36a-83aa9564e394','f15f264e-8d0d-4cc0-bdbe-3315eb6119bd',10.6,12.8975,3.9502,6.4372,2.4372,3.4146,21.3007,2.3274,5.3759,'CIBERSORT');
INSERT INTO checkpoint_expression VALUES ('12603922-6269-4c63-a580-7b4abdde79fa','f15f264e-8d0d-4cc0-bdbe-3315eb6119bd',6.5,11.7,5.0474,8.9443,13.8686,10.4612,3.0733,33.4846);
INSERT INTO cytokine_milieu VALUES ('f213fe1c-105f-4415-8b83-b51ec8e134dc','f15f264e-8d0d-4cc0-bdbe-3315eb6119bd',33.4022,9.3916,1.0,16.5843,23.7602,5.0,34.8338,99.7526);
INSERT INTO stromal_composition VALUES ('7b5dc1bc-f291-45d8-a762-d74ef053c982','f15f264e-8d0d-4cc0-bdbe-3315eb6119bd',0.0503,0.0919,0.16,0.5346,2.2841,26.9197);
INSERT INTO ecm_profile VALUES ('acee1377-d0b3-4238-a421-1b215c63036c','f15f264e-8d0d-4cc0-bdbe-3315eb6119bd',14.3528,6.1469,39.2434,0.3305,0.1387,0.2973,0.4592);
INSERT INTO hypoxia_vasculature VALUES ('ee90ad6b-6043-448a-98ea-67bfbf749ed1','f15f264e-8d0d-4cc0-bdbe-3315eb6119bd',1.2,0.77,9.5,0.316,109.7574,141.2565,79.7783,14.0,7.0);
INSERT INTO organ_function VALUES ('54e502f2-89b0-4702-896c-a64e94d9f5f5','5ab1646f-3492-4e50-bffd-eb7426c03155','2018-03-30',81.6,1.3792,23.3713,31.855,6.8547,39.2866,67.4,404.735,0.9981);
INSERT INTO immune_baseline VALUES ('d8f48e25-2bab-4974-a92f-9b8c0264e2ac','5ab1646f-3492-4e50-bffd-eb7426c03155','2018-03-30',9.53,1.71,3.5,2.0468,544.4913,340.8594,249.1925,7.753);
INSERT INTO hormonal_profile VALUES ('9d40b2a1-b441-4aed-ba03-df92479631b9','5ab1646f-3492-4e50-bffd-eb7426c03155','2018-03-30',48.4,0.76,389.0,20.0,15.7505,1.7943,6.1735);
INSERT INTO pharmacogenomics VALUES ('972c92fc-82df-499f-9710-08728f2e58d9','5ab1646f-3492-4e50-bffd-eb7426c03155','IM','NM','IM','*28/*28','low',0,'NM');
INSERT INTO body_composition VALUES ('9f1994d0-d2a9-40b3-8d9c-61a1e4578618','5ab1646f-3492-4e50-bffd-eb7426c03155','2018-03-30',26.1,39.8,35.8069,76.1692,28.8805,1.7458);
INSERT INTO microbiome_profile VALUES ('56ea7485-80bb-4009-9a89-600bf7033639','5ab1646f-3492-4e50-bffd-eb7426c03155','2018-03-30','gut','16S_rRNA_V4',3.5063,2.9512,0.0082,'[{"genus": "Bacteroides", "rel": 0.33}, {"genus": "Faecalibacterium", "rel": 0.194}, {"genus": "Akkermansia", "rel": 0.0082}]',1);
INSERT INTO tumor_staging VALUES ('3ced7ceb-d894-4c75-a6b5-6d7d1371ae79','5ab1646f-3492-4e50-bffd-eb7426c03155','2018-03-30','8500/3','C50.4','Invasive ductal carcinoma','T2','N1','M0','IIA',2,'left');
INSERT INTO imaging_measurement VALUES ('29d64328-28e9-4fe6-abd5-47881c7a2b04','5ab1646f-3492-4e50-bffd-eb7426c03155','2018-03-08','MRI','L1','primary_left_breast',25.3,8479.3036,3.5867,'SD','{"entropy": 5.97, "sphericity": 0.59}');
INSERT INTO pathology_report VALUES ('cdbaa79c-0eb0-459f-8833-be435e5218e7','5ab1646f-3492-4e50-bffd-eb7426c03155','2018-03-30','core_needle_biopsy','R0',8,21,0,1,0.0);
INSERT INTO performance_status VALUES ('605c03a3-d2ad-4277-9cff-48a2c590e7ca','5ab1646f-3492-4e50-bffd-eb7426c03155','2018-03-30',1,77,4,36.516);
INSERT INTO liquid_biopsy VALUES ('3d197af6-c440-46e0-9ccf-306ae5ef70d6','5ab1646f-3492-4e50-bffd-eb7426c03155','2018-03-30',0.1493,67.185,3,'[]','detected',13.6199);
INSERT INTO treatment_regimen VALUES ('d2b60956-b1a9-4f46-b2e8-f96e940a184a','5ab1646f-3492-4e50-bffd-eb7426c03155',1,'Letrozole','adjuvant','2018-05-03','2019-02-25','planned_completion','PR',217);
INSERT INTO treatment_drug_dose VALUES ('a16b3773-475a-41bb-a75a-fe927b76ae1d','d2b60956-b1a9-4f46-b2e8-f96e940a184a','dea8e584-d12c-47bf-a4c0-e739973380b8','2018-05-03',77.0,74.0,3.9,'oral',1,1.6016);
INSERT INTO adverse_event VALUES ('298c08a1-5bc8-48c7-9b41-0d72146a4342','5ab1646f-3492-4e50-bffd-eb7426c03155','d2b60956-b1a9-4f46-b2e8-f96e940a184a','Hand-foot syndrome',1,'2018-05-23','2018-06-10','probable','none');
INSERT INTO adverse_event VALUES ('b550f34b-423d-44d0-acfc-c0d4f0e6ee70','5ab1646f-3492-4e50-bffd-eb7426c03155','d2b60956-b1a9-4f46-b2e8-f96e940a184a','Peripheral sensory neuropathy',2,'2018-05-30','2018-07-15','probable','none');
INSERT INTO adverse_event VALUES ('effaf784-a80f-4587-a7c1-82de03a912a9','5ab1646f-3492-4e50-bffd-eb7426c03155','d2b60956-b1a9-4f46-b2e8-f96e940a184a','Fatigue',2,'2018-07-25','2018-09-05','probable','none');
INSERT INTO adverse_event VALUES ('9b5a6557-17cf-4421-b108-ef040201d478','5ab1646f-3492-4e50-bffd-eb7426c03155','d2b60956-b1a9-4f46-b2e8-f96e940a184a','Alopecia',4,'2018-06-01','2018-07-25','probable','dose_reduction');
INSERT INTO radiation_plan VALUES ('06329041-33e9-4900-bb05-d02edc51e13b','5ab1646f-3492-4e50-bffd-eb7426c03155','photon_EBRT','CTV',51.4062,2.0,25,5,'IMRT',NULL,'{"heart": {"V20Gy_pct": "<25"}, "lung": {"mean_Gy": "<18"}}');
INSERT INTO carcinogen_exposure VALUES ('56b91c57-24c8-4185-9516-b154b8fb85d4','5ab1646f-3492-4e50-bffd-eb7426c03155','never',0.0,6.8633,24.746,69.742,'[]',0.0,0);
INSERT INTO diet_nutrition VALUES ('1fb3ec09-12ff-4449-8cba-9d78805fdc9b','5ab1646f-3492-4e50-bffd-eb7426c03155','2018-03-30','FFQ',1456.8024,76.3638,203.5678,81.3283,20.3613,36.1757,3.5759,6.7622,'plant_based');
INSERT INTO physical_activity VALUES ('9e4f4b6a-9609-4212-81e0-d1b4514d41ef','5ab1646f-3492-4e50-bffd-eb7426c03155','2018-03-30',599.3838,140.0914,0.0,5.7846,25.0508,6030,26.6741);
INSERT INTO stress_psychology VALUES ('40697290-9bda-4c88-9a11-895d9565ad4f','5ab1646f-3492-4e50-bffd-eb7426c03155','2018-03-30',9,9,1,21.1186,241.18,7.7444,10);
INSERT INTO environmental_exposure VALUES ('5a2a5551-42cf-4ba1-961b-f9aa4cc93eae','5ab1646f-3492-4e50-bffd-eb7426c03155','2018-03-30',19.8362,4.9119,19.1946,'negative',NULL,'negative','negative',5.5539,'naive');
INSERT INTO socioeconomic_context VALUES ('bf316b73-8d6f-40ee-a01d-3376f0afc535','5ab1646f-3492-4e50-bffd-eb7426c03155','2018-03-30',28.128,'public_Medicaid',0.5783,0.5213,80.7682,'retired',43.9228,13);
INSERT INTO circadian_profile VALUES ('5d082334-a363-4897-9b23-1d5c12075be5','5ab1646f-3492-4e50-bffd-eb7426c03155','2018-03-30','morning',88.5901,25.0251,'22:50',1221.058,0,13);

-- Patient 20: HR+/HER2+
INSERT INTO patient VALUES ('b037c8ed-e12e-46b6-a57a-7fc09532db83','MRN-1587650','1959-12-22','female','White','{"EUR": 0.27, "AFR": 0.19}','2021-12-03','2021-12-03');
INSERT INTO genomic_sample VALUES ('bc57d76c-6842-4fe2-b6e6-d74575e5ae5f','b037c8ed-e12e-46b6-a57a-7fc09532db83','tumor','C50.4','2021-12-13','TruSight Oncology 500',0.62,0,'FFPE');
INSERT INTO somatic_mutation VALUES ('21ffbd13-e50c-4468-8de6-9630ea9e4a06','bc57d76c-6842-4fe2-b6e6-d74575e5ae5f','PIK3CA','chr3',179234297,'C','T','SNV','missense_variant','p.His1047Arg',0.2725,371,'oncogenic','COSV52748762','1','SBS1');
INSERT INTO somatic_mutation VALUES ('bbe4534e-0436-441f-a492-f9287e51f677','bc57d76c-6842-4fe2-b6e6-d74575e5ae5f','TP53','chr17',7674220,'G','A','SNV','missense_variant','p.Arg248Trp',0.4391,169,'oncogenic','COSV52743007','1','SBS5');
INSERT INTO somatic_mutation VALUES ('c9849f27-88de-41eb-bb15-69d70c8e4e7a','bc57d76c-6842-4fe2-b6e6-d74575e5ae5f','ERBB2','chr17',39725084,'A','G','SNV','missense_variant','p.Leu755Ser',0.2703,179,'oncogenic','COSV52735019','1','SBS5');
INSERT INTO somatic_mutation VALUES ('eac08980-21c7-4fa6-894a-b6ae69952997','bc57d76c-6842-4fe2-b6e6-d74575e5ae5f','ESR1','chr6',152098794,'T','C','SNV','missense_variant','p.Tyr537Cys',0.1536,325,'oncogenic','COSV52744551','1','SBS1');
INSERT INTO somatic_mutation VALUES ('99cecc15-9ed9-43f9-84e1-e39dc3f077b0','bc57d76c-6842-4fe2-b6e6-d74575e5ae5f','BRCA1','chr17',43094464,'T','A','SNV','missense_variant','p.Cys1697Ser',0.4477,322,'pathogenic','COSV52701256','1','SBS3');
INSERT INTO copy_number_variant VALUES ('7bc6d258-39d9-47ea-97ab-065003107e1f','bc57d76c-6842-4fe2-b6e6-d74575e5ae5f','ERBB2','chr17',37800000,38200000,15.7,2.37,'amplification',1);
INSERT INTO copy_number_variant VALUES ('c9940fcb-657b-4e2d-b56d-c08971fc7bd1','bc57d76c-6842-4fe2-b6e6-d74575e5ae5f','MYC','chr8',127700000,127800000,1.0,-0.35,'amplification',0);
INSERT INTO copy_number_variant VALUES ('6f6bc80a-d8ea-423b-8254-3933f80f0d96','bc57d76c-6842-4fe2-b6e6-d74575e5ae5f','CDKN2A','chr9',21967000,21995000,0.5,-2.31,'shallow_deletion',0);
INSERT INTO gene_expression VALUES ('206ead3a-84bb-4106-a9c7-b952675e3163','bc57d76c-6842-4fe2-b6e6-d74575e5ae5f','ENSG00000091831','ESR1',832.31,83.23,2081,7.91,99.0);
INSERT INTO gene_expression VALUES ('ec1d92ee-f091-4450-8bca-7ee00807e513','bc57d76c-6842-4fe2-b6e6-d74575e5ae5f','ENSG00000141736','ERBB2',222.41,22.24,556,1.14,67.1);
INSERT INTO gene_expression VALUES ('cab254e7-04dc-427a-a4dc-0141f68fe768','bc57d76c-6842-4fe2-b6e6-d74575e5ae5f','ENSG00000148773','MKI67',335.09,33.51,838,2.39,85.8);
INSERT INTO gene_expression VALUES ('504b914b-d67e-4119-84fd-a3cba3a7136b','bc57d76c-6842-4fe2-b6e6-d74575e5ae5f','ENSG00000141510','TP53',94.84,3.81,156,-0.28,45.8);
INSERT INTO gene_expression VALUES ('37842615-c436-4a82-8a30-100f9137cb00','bc57d76c-6842-4fe2-b6e6-d74575e5ae5f','ENSG00000012048','BRCA1',67.04,2.98,221,-0.59,41.1);
INSERT INTO gene_expression VALUES ('86f4fc67-f78f-4a52-9f1d-fdd6119d9d4a','bc57d76c-6842-4fe2-b6e6-d74575e5ae5f','ENSG00000139618','BRCA2',36.23,6.66,55,-0.93,36.0);
INSERT INTO gene_expression VALUES ('236dc469-5242-4736-ba69-d49cd3148f22','bc57d76c-6842-4fe2-b6e6-d74575e5ae5f','ENSG00000171862','PTEN',70.13,3.76,229,-0.55,41.8);
INSERT INTO gene_expression VALUES ('fd844770-8cc8-4d5c-bab6-92126be603d7','bc57d76c-6842-4fe2-b6e6-d74575e5ae5f','ENSG00000136997','MYC',112.52,2.69,689,-0.08,48.8);
INSERT INTO protein_expression VALUES ('4625a1a0-53ea-4085-a0ef-9e465ad3c69a','bc57d76c-6842-4fe2-b6e6-d74575e5ae5f','ESR1','P03372','IHC',0.77,227.0,6,'NULL');
INSERT INTO protein_expression VALUES ('93aa8e89-893b-4ad6-b2e3-42f51f0065aa','bc57d76c-6842-4fe2-b6e6-d74575e5ae5f','PGR','P06401','IHC',0.82,232.0,6,'NULL');
INSERT INTO protein_expression VALUES ('bfc543cd-69ae-47f9-8365-95c4eeb54f01','bc57d76c-6842-4fe2-b6e6-d74575e5ae5f','ERBB2','P04626','IHC',1.45,295.0,7,'pY1248');
INSERT INTO protein_expression VALUES ('e5950e8e-a95a-42de-92f8-73efdd5baa92','bc57d76c-6842-4fe2-b6e6-d74575e5ae5f','MKI67','P46013','IHC',-0.19,122.0,0,'NULL');
INSERT INTO epigenetic_mark VALUES ('372f5eb2-3f0a-40d7-886d-30971d9004a6','bc57d76c-6842-4fe2-b6e6-d74575e5ae5f','DNA_methylation','cg15629539',0.045,'-4.408','ESR1','CpG_island',NULL);
INSERT INTO epigenetic_mark VALUES ('6fc290c7-7d85-4953-823c-1762055dcffc','bc57d76c-6842-4fe2-b6e6-d74575e5ae5f','DNA_methylation','cg27053763',0.298,'-1.236','BRCA1','promoter',NULL);
INSERT INTO epigenetic_mark VALUES ('5eb3c2b4-c814-4a01-9bc7-0dd39d6c6745','bc57d76c-6842-4fe2-b6e6-d74575e5ae5f','H3K27ac','chr17:37800000-37850000',0.158,NULL,'ERBB2','enhancer','4.041');
INSERT INTO ncrna_profile VALUES ('237affbf-2779-472f-b8cb-c3162aa7b7f9','bc57d76c-6842-4fe2-b6e6-d74575e5ae5f','miRNA','hsa-miR-21-5p','miR-21-5p',5.73,'["PTEN", "PDCD4"]');
INSERT INTO ncrna_profile VALUES ('e8a4b35a-71f2-4cf5-9500-9538923d87e6','bc57d76c-6842-4fe2-b6e6-d74575e5ae5f','miRNA','hsa-miR-155-5p','miR-155-5p',7.01,'["SHIP1", "SOCS1"]');
INSERT INTO ncrna_profile VALUES ('5e16d1e0-6147-4b17-875e-cf1360f15172','bc57d76c-6842-4fe2-b6e6-d74575e5ae5f','lncRNA','ENSG00000228630','HOTAIR',1.63,'["SHIP1", "SOCS1"]');
INSERT INTO ncrna_profile VALUES ('0cace17b-49da-458e-bfa2-3dfc075fe492','bc57d76c-6842-4fe2-b6e6-d74575e5ae5f','lncRNA','ENSG00000251562','MALAT1',61.5,'["SHIP1", "SOCS1"]');
INSERT INTO metabolomics_profile VALUES ('421d6fee-d5e9-468d-bdb0-bf39f5f6e02a','bc57d76c-6842-4fe2-b6e6-d74575e5ae5f','Lactate','HMDB0000190','C00186',1.58,'LC-MS','organic_acid',-0.28);
INSERT INTO metabolomics_profile VALUES ('3ca37458-076e-4053-97de-892451cecbad','bc57d76c-6842-4fe2-b6e6-d74575e5ae5f','Glutamine','HMDB0000641','C00064',0.56,'LC-MS','amino_acid',-0.96);
INSERT INTO metabolomics_profile VALUES ('a106541c-7093-49f2-b874-ef5dbdf7bb9c','bc57d76c-6842-4fe2-b6e6-d74575e5ae5f','Glucose','HMDB0000122','C00031',5.36,'LC-MS','carbohydrate',2.24);
INSERT INTO metabolomics_profile VALUES ('da78101b-4418-48ba-8c33-817f35bce6de','bc57d76c-6842-4fe2-b6e6-d74575e5ae5f','Phosphocholine','HMDB0001565','C00588',0.23,'LC-MS','lipid',-1.18);
INSERT INTO tumor_clone VALUES ('2a17bb0d-e669-463e-84c7-00c7687bdf53','bc57d76c-6842-4fe2-b6e6-d74575e5ae5f','clone_A',0.79,'[]',1,1,0.1594);
INSERT INTO tumor_clone VALUES ('3ab2a605-927e-4f6c-9f59-71b5539100ea','bc57d76c-6842-4fe2-b6e6-d74575e5ae5f','clone_B',0.21,'[]',0,2,0.1197);
INSERT INTO cell_cycle_state VALUES ('44b2bd33-c9ce-459c-8f32-5fd45b616eac','bc57d76c-6842-4fe2-b6e6-d74575e5ae5f',0.633,0.22,0.127,0.02,43.7243,367.1,7.0);
INSERT INTO apoptosis_marker VALUES ('6e37e17e-8f1a-4c38-a825-20650c6bd0be','bc57d76c-6842-4fe2-b6e6-d74575e5ae5f',109.0,100.1094,95.0,1.15,0.2462,4.6111,0.6646);
INSERT INTO dna_repair_status VALUES ('1bb5d2da-d3f6-4dec-aeac-32e5b9b97a0f','bc57d76c-6842-4fe2-b6e6-d74575e5ae5f','mutated_somatic','mutated_somatic','proficient_MMR',0.04,10.2,28.4,0,'wildtype');
INSERT INTO metabolic_phenotype VALUES ('d2dfe118-f8de-469e-8ad5-67043d7fa870','bc57d76c-6842-4fe2-b6e6-d74575e5ae5f',0.501,84.4422,0.4157,0.4071,0.2528,1.0568,0.6088);
INSERT INTO stemness_profile VALUES ('df4e7647-3e09-4539-b80b-4347b1bd060e','bc57d76c-6842-4fe2-b6e6-d74575e5ae5f',10.3811,2.4205,26.1684,0.2588,0.437,0.313,0.5058,0.1991);
INSERT INTO drug_resistance_feature VALUES ('19c69390-7f8d-4ec9-9ea0-7e2a496ef664','bc57d76c-6842-4fe2-b6e6-d74575e5ae5f',0.77,0.7228,0.215,1.2501,'[]',0.5916);
INSERT INTO immune_infiltration VALUES ('0d036a9a-5262-4b9f-b51f-63b8e2ff6f7c','bc57d76c-6842-4fe2-b6e6-d74575e5ae5f',6.6,14.3181,13.6896,8.3212,4.9187,8.4898,7.911,3.4999,6.0521,'CIBERSORT');
INSERT INTO checkpoint_expression VALUES ('aa22c059-2821-45fe-8e77-99b4a7d07fa1','bc57d76c-6842-4fe2-b6e6-d74575e5ae5f',36.0,64.8,15.1242,17.1743,7.0718,11.6402,11.2807,37.7211);
INSERT INTO cytokine_milieu VALUES ('d13b5c3e-9ec5-4963-9387-863dea2f859d','bc57d76c-6842-4fe2-b6e6-d74575e5ae5f',20.1861,13.1518,8.228,24.1135,16.8977,19.7,23.6828,191.3379);
INSERT INTO stromal_composition VALUES ('9797ffad-9c29-4eeb-be07-31ffc561e439','bc57d76c-6842-4fe2-b6e6-d74575e5ae5f',0.1706,0.1094,0.1637,0.2733,2.8806,19.9155);
INSERT INTO ecm_profile VALUES ('264ed2f1-4aa1-41db-94c1-7efa1ab38708','bc57d76c-6842-4fe2-b6e6-d74575e5ae5f',9.7852,10.1242,26.3158,0.6895,0.3977,0.4822,0.6005);
INSERT INTO hypoxia_vasculature VALUES ('9002ca42-acd8-47ab-9bf7-d393d5828d98','bc57d76c-6842-4fe2-b6e6-d74575e5ae5f',0.48,0.5453,7.9,0.26,48.357,215.3043,105.8829,2.6,7.09);
INSERT INTO organ_function VALUES ('f6f4de9f-1fe6-4fcf-ba24-6ce66c2680e4','b037c8ed-e12e-46b6-a57a-7fc09532db83','2021-12-03',45.4,0.9448,5.0,23.1266,17.2666,44.6782,55.3,409.1347,1.1259);
INSERT INTO immune_baseline VALUES ('71aef4fd-57c4-44b1-953b-96010dc5d0c6','b037c8ed-e12e-46b6-a57a-7fc09532db83','2021-12-03',8.83,3.02,3.05,1.0099,758.5877,332.8955,362.4817,10.4731);
INSERT INTO hormonal_profile VALUES ('2772c589-98e8-4adc-b26f-d5e78723f3e0','b037c8ed-e12e-46b6-a57a-7fc09532db83','2021-12-03',13.9,0.22,441.0,64.6452,22.5348,1.2502,5.6152);
INSERT INTO pharmacogenomics VALUES ('5ea5cb97-83f4-4dbc-acf5-d802d72a4726','b037c8ed-e12e-46b6-a57a-7fc09532db83','NM','UM','NM','*28/*28','low',0,'NM');
INSERT INTO body_composition VALUES ('5ea68646-f3ad-4438-8894-e09afdbebc95','b037c8ed-e12e-46b6-a57a-7fc09532db83','2021-12-03',25.0,37.2,29.1393,106.5801,27.3086,1.6416);
INSERT INTO microbiome_profile VALUES ('55c121a7-4901-4b4e-a8f1-d69c5a5c462f','b037c8ed-e12e-46b6-a57a-7fc09532db83','2021-12-03','gut','16S_rRNA_V4',3.0171,1.6014,0.0267,'[{"genus": "Bacteroides", "rel": 0.163}, {"genus": "Faecalibacterium", "rel": 0.081}, {"genus": "Akkermansia", "rel": 0.0267}]',0);
INSERT INTO tumor_staging VALUES ('ec548763-a1bf-48ad-b55a-5ab3ce641969','b037c8ed-e12e-46b6-a57a-7fc09532db83','2021-12-03','8500/3','C50.4','Invasive ductal carcinoma','T3','N2','M0','IIIA',3,'left');
INSERT INTO imaging_measurement VALUES ('9dc17de5-0fd9-462c-9966-731654846647','b037c8ed-e12e-46b6-a57a-7fc09532db83','2021-11-07','MRI','L1','primary_left_breast',19.4,3822.9957,3.0378,'SD','{"entropy": 6.68, "sphericity": 0.8}');
INSERT INTO pathology_report VALUES ('4b3804fe-0d76-4485-9ce9-a1cb7ea68a80','b037c8ed-e12e-46b6-a57a-7fc09532db83','2021-12-03','core_needle_biopsy','R0',2,21,0,0,0.0);
INSERT INTO performance_status VALUES ('e54cddf0-481e-4424-92e6-081b81a50cf3','b037c8ed-e12e-46b6-a57a-7fc09532db83','2021-12-03',0,100,3,34.2179);
INSERT INTO liquid_biopsy VALUES ('3edad409-bb3a-40c5-8cc5-5910fae6f1af','b037c8ed-e12e-46b6-a57a-7fc09532db83','2021-12-03',0.1017,45.765,6,'[]','detected',12.6097);
INSERT INTO treatment_regimen VALUES ('c282d2c4-7d76-47bb-97e3-575617d0d29a','b037c8ed-e12e-46b6-a57a-7fc09532db83',1,'T-DM1','adjuvant','2021-12-27','2023-01-04','planned_completion','PR',242);
INSERT INTO treatment_drug_dose VALUES ('11642ee4-9447-4e5e-9cb2-f20950b7380a','c282d2c4-7d76-47bb-97e3-575617d0d29a','6875e431-ad8e-4272-8f17-9b89825e25c6','2021-12-27',91.0,91.0,0.0,'IV',1,2.3207);
INSERT INTO adverse_event VALUES ('98e6857c-d8e8-4431-9177-43ad1e5d7879','b037c8ed-e12e-46b6-a57a-7fc09532db83','c282d2c4-7d76-47bb-97e3-575617d0d29a','Fatigue',2,'2022-03-01','2022-04-01','probable','none');
INSERT INTO adverse_event VALUES ('fdd8462f-4d8c-489b-a473-320960d0e969','b037c8ed-e12e-46b6-a57a-7fc09532db83','c282d2c4-7d76-47bb-97e3-575617d0d29a','Arthralgia',2,'2022-03-22','2022-04-10','probable','none');
INSERT INTO adverse_event VALUES ('0fa0269d-6857-4cc6-b771-8a23ccc9cb54','b037c8ed-e12e-46b6-a57a-7fc09532db83','c282d2c4-7d76-47bb-97e3-575617d0d29a','Nausea',2,'2022-01-29','2022-02-25','probable','none');
INSERT INTO adverse_event VALUES ('e7f30739-c113-4833-b656-ae80e236c423','b037c8ed-e12e-46b6-a57a-7fc09532db83','c282d2c4-7d76-47bb-97e3-575617d0d29a','Alopecia',2,'2022-02-10','2022-04-01','probable','none');
INSERT INTO radiation_plan VALUES ('efed374b-ab0f-467a-8334-45fea9761c3d','b037c8ed-e12e-46b6-a57a-7fc09532db83','photon_EBRT','CTV',47.1877,2.0,25,5,'IMRT',NULL,'{"heart": {"V20Gy_pct": "<25"}, "lung": {"mean_Gy": "<18"}}');
INSERT INTO carcinogen_exposure VALUES ('48abb64d-2d19-49ff-80f1-b16ec1017e90','b037c8ed-e12e-46b6-a57a-7fc09532db83','former',44.2169,0.0,13.6783,41.5099,'[]',0.0,0);
INSERT INTO diet_nutrition VALUES ('f1a716a3-d9b5-401e-a611-217aac04fcfa','b037c8ed-e12e-46b6-a57a-7fc09532db83','2021-12-03','FFQ',1200.5824,66.0956,219.7004,66.8325,34.7923,16.822,33.3771,8.0407,'Western');
INSERT INTO physical_activity VALUES ('893f11c3-de9a-47d6-a3de-014490478b68','b037c8ed-e12e-46b6-a57a-7fc09532db83','2021-12-03',718.2579,151.0735,263.4237,8.614,19.7251,4546,26.5431);
INSERT INTO stress_psychology VALUES ('2c4dae25-b2a0-40a2-b352-79433b2dabad','b037c8ed-e12e-46b6-a57a-7fc09532db83','2021-12-03',11,5,8,45.0397,273.42,7.3336,3);
INSERT INTO environmental_exposure VALUES ('60cd9999-96b8-496f-a8f4-42ca9d1dab80','b037c8ed-e12e-46b6-a57a-7fc09532db83','2021-12-03',8.058,12.6891,62.3914,'negative',NULL,'negative','negative',6.7419,'naive');
INSERT INTO socioeconomic_context VALUES ('b2285235-926e-4aa0-89f1-031e67ad0541','b037c8ed-e12e-46b6-a57a-7fc09532db83','2021-12-03',77.4866,'private',0.7662,0.6932,95.8623,'unable_to_work_disability',35.2601,20);
INSERT INTO circadian_profile VALUES ('abe96ef7-4323-4eb6-b22a-980b2106e36c','b037c8ed-e12e-46b6-a57a-7fc09532db83','2021-12-03','intermediate',86.2685,21.6616,'22:08',638.1019,0,13);

-- Patient 21: TNBC
INSERT INTO patient VALUES ('783adecb-9eca-46f7-a07c-8cfd3758e75c','MRN-3191604','1965-05-20','female','White','{"EUR": 0.41, "AFR": 0.07}','2023-09-18','2023-09-18');
INSERT INTO genomic_sample VALUES ('f2383333-536f-46b3-b76b-0b5fadae5e45','783adecb-9eca-46f7-a07c-8cfd3758e75c','tumor','C50.4','2023-10-02','Foundation One CDx',0.47,0,'FFPE');
INSERT INTO somatic_mutation VALUES ('99575b11-d4ea-4412-b61e-9b354f85aa8c','f2383333-536f-46b3-b76b-0b5fadae5e45','TP53','chr17',7674220,'G','A','SNV','missense_variant','p.Arg248Trp',0.4019,99,'oncogenic','COSV52743007','1','SBS5');
INSERT INTO somatic_mutation VALUES ('9ff8bca8-8022-4866-b660-222959f32d5b','f2383333-536f-46b3-b76b-0b5fadae5e45','PTEN','chr10',89692905,'G','A','SNV','missense_variant','p.Arg130Gly',0.2447,137,'oncogenic','COSV52731827','1','SBS5');
INSERT INTO somatic_mutation VALUES ('85e1414e-0b07-4339-8990-8194c9f4da69','f2383333-536f-46b3-b76b-0b5fadae5e45','ESR1','chr6',152098794,'T','C','SNV','missense_variant','p.Tyr537Cys',0.1411,377,'oncogenic','COSV52744551','1','SBS1');
INSERT INTO somatic_mutation VALUES ('2f29df6b-c867-4cb2-93f7-13facf7445d6','f2383333-536f-46b3-b76b-0b5fadae5e45','ERBB2','chr17',39725084,'A','G','SNV','missense_variant','p.Leu755Ser',0.1887,152,'oncogenic','COSV52735019','1','SBS5');
INSERT INTO somatic_mutation VALUES ('cd0a2d5d-4e99-4cab-9960-7403a777320c','f2383333-536f-46b3-b76b-0b5fadae5e45','PIK3CA','chr3',179234297,'C','T','SNV','missense_variant','p.His1047Arg',0.2606,349,'oncogenic','COSV52748762','1','SBS1');
INSERT INTO copy_number_variant VALUES ('03ae78e6-39a6-4af9-a8c4-f2e1f6a368ae','f2383333-536f-46b3-b76b-0b5fadae5e45','PTEN','chr10',89600000,89900000,0.9,-2.22,'deep_deletion',1);
INSERT INTO copy_number_variant VALUES ('673e1189-5de0-43dd-8a95-ce971b3daaf4','f2383333-536f-46b3-b76b-0b5fadae5e45','MYC','chr8',127700000,127800000,1.5,0.13,'amplification',0);
INSERT INTO copy_number_variant VALUES ('c3141027-6ed3-4b99-9178-8d6139da6507','f2383333-536f-46b3-b76b-0b5fadae5e45','CDKN2A','chr9',21967000,21995000,0.0,-1.66,'shallow_deletion',0);
INSERT INTO gene_expression VALUES ('7d50fdee-2d89-4967-9f89-5bed8a8504c0','f2383333-536f-46b3-b76b-0b5fadae5e45','ENSG00000091831','ESR1',93.16,9.32,233,-0.3,45.5);
INSERT INTO gene_expression VALUES ('fa1ed8fb-906e-4827-89e4-64deafaeafbb','f2383333-536f-46b3-b76b-0b5fadae5e45','ENSG00000141736','ERBB2',28.09,2.81,70,-1.02,34.7);
INSERT INTO gene_expression VALUES ('21c94eff-b267-4cba-b65a-371dbae93f80','f2383333-536f-46b3-b76b-0b5fadae5e45','ENSG00000148773','MKI67',326.59,32.66,816,2.3,84.5);
INSERT INTO gene_expression VALUES ('d5b75ccf-537a-427c-ad0c-7bdca1ac5693','f2383333-536f-46b3-b76b-0b5fadae5e45','ENSG00000141510','TP53',14.7,4.85,225,-1.17,32.5);
INSERT INTO gene_expression VALUES ('e4d302b9-78a8-4039-964c-d6ad2d6e38f9','f2383333-536f-46b3-b76b-0b5fadae5e45','ENSG00000012048','BRCA1',48.42,4.8,272,-0.8,38.0);
INSERT INTO gene_expression VALUES ('0bef3799-b352-4272-a15a-d1f2c6c53282','f2383333-536f-46b3-b76b-0b5fadae5e45','ENSG00000139618','BRCA2',45.99,2.06,209,-0.82,37.7);
INSERT INTO gene_expression VALUES ('3cad0dec-b5bc-48c6-8eb5-57d45bc8dc4b','f2383333-536f-46b3-b76b-0b5fadae5e45','ENSG00000171862','PTEN',59.4,0.1,361,-0.67,40.0);
INSERT INTO gene_expression VALUES ('ed7efdd5-fcff-4274-a831-62e0e529b182','f2383333-536f-46b3-b76b-0b5fadae5e45','ENSG00000136997','MYC',128.85,5.02,691,0.1,51.5);
INSERT INTO protein_expression VALUES ('33c483f3-8043-4382-ac23-9ba982de750a','f2383333-536f-46b3-b76b-0b5fadae5e45','ESR1','P03372','IHC',-1.34,16.0,0,'NULL');
INSERT INTO protein_expression VALUES ('08d1e7d5-ee60-493f-b1dd-f5d70088f742','f2383333-536f-46b3-b76b-0b5fadae5e45','PGR','P06401','IHC',-1.44,6.0,0,'NULL');
INSERT INTO protein_expression VALUES ('8681be32-6b1d-47e5-acd3-cfe8eebb7079','f2383333-536f-46b3-b76b-0b5fadae5e45','ERBB2','P04626','IHC',-1.5,0.0,0,'pY1248');
INSERT INTO protein_expression VALUES ('f71be650-bc2f-4b09-8da7-947d19aa33dc','f2383333-536f-46b3-b76b-0b5fadae5e45','MKI67','P46013','IHC',-0.14,127.0,0,'NULL');
INSERT INTO epigenetic_mark VALUES ('92250618-b9e9-4143-b36c-333d9bd1e3a5','f2383333-536f-46b3-b76b-0b5fadae5e45','DNA_methylation','cg15629539',0.634,'0.793','ESR1','CpG_island',NULL);
INSERT INTO epigenetic_mark VALUES ('3acbb760-b779-48a4-90e0-65e2d5f71bb5','f2383333-536f-46b3-b76b-0b5fadae5e45','DNA_methylation','cg27053763',0.139,'-2.631','BRCA1','promoter',NULL);
INSERT INTO epigenetic_mark VALUES ('254c3912-39a2-41cc-9f0a-59d857a2021c','f2383333-536f-46b3-b76b-0b5fadae5e45','H3K27ac','chr17:37800000-37850000',0.262,NULL,'ERBB2','enhancer','0.62');
INSERT INTO ncrna_profile VALUES ('2eb02768-138f-4311-8084-5059c7e581ea','f2383333-536f-46b3-b76b-0b5fadae5e45','miRNA','hsa-miR-21-5p','miR-21-5p',12.53,'["PTEN", "PDCD4"]');
INSERT INTO ncrna_profile VALUES ('7a2347e9-fdf3-496d-9b7d-f466552870ae','f2383333-536f-46b3-b76b-0b5fadae5e45','miRNA','hsa-miR-155-5p','miR-155-5p',6.85,'["SHIP1", "SOCS1"]');
INSERT INTO ncrna_profile VALUES ('635d929f-f1a5-43a3-9102-ae4589d2e2fa','f2383333-536f-46b3-b76b-0b5fadae5e45','lncRNA','ENSG00000228630','HOTAIR',1.66,'["SHIP1", "SOCS1"]');
INSERT INTO ncrna_profile VALUES ('a78181ba-89ff-44f9-8dad-a9d41b8a8e27','f2383333-536f-46b3-b76b-0b5fadae5e45','lncRNA','ENSG00000251562','MALAT1',29.55,'["SHIP1", "SOCS1"]');
INSERT INTO metabolomics_profile VALUES ('5a1effaa-fe2d-4f1e-9407-5019899f0a46','f2383333-536f-46b3-b76b-0b5fadae5e45','Lactate','HMDB0000190','C00186',3.72,'LC-MS','organic_acid',1.15);
INSERT INTO metabolomics_profile VALUES ('8ffe3557-1ff4-4034-ad1b-48b91e541c03','f2383333-536f-46b3-b76b-0b5fadae5e45','Glutamine','HMDB0000641','C00064',0.47,'LC-MS','amino_acid',-1.02);
INSERT INTO metabolomics_profile VALUES ('540debfd-2058-4326-be2e-cd1bdf5d93a3','f2383333-536f-46b3-b76b-0b5fadae5e45','Glucose','HMDB0000122','C00031',3.93,'LC-MS','carbohydrate',1.29);
INSERT INTO metabolomics_profile VALUES ('9bebde83-7ea4-4b48-a54e-88d71f45c1b4','f2383333-536f-46b3-b76b-0b5fadae5e45','Phosphocholine','HMDB0001565','C00588',0.18,'LC-MS','lipid',-1.21);
INSERT INTO tumor_clone VALUES ('f0a05a77-5f4b-40ae-ac25-ad7e5a20eba6','f2383333-536f-46b3-b76b-0b5fadae5e45','clone_A',0.71,'[]',1,1,0.1815);
INSERT INTO tumor_clone VALUES ('d3298c61-fded-4c73-8f27-4c7b81e69da6','f2383333-536f-46b3-b76b-0b5fadae5e45','clone_B',0.29,'[]',0,2,0.0647);
INSERT INTO cell_cycle_state VALUES ('2b84d274-bf6f-4390-8f49-c100cb103ecf','f2383333-536f-46b3-b76b-0b5fadae5e45',0.478,0.274,0.126,0.122,45.3016,356.6,8.0);
INSERT INTO apoptosis_marker VALUES ('a93335f5-e971-4ce1-8d3b-d8012852e556','f2383333-536f-46b3-b76b-0b5fadae5e45',82.0,118.299,112.0,0.73,0.1218,3.7988,1.1708);
INSERT INTO dna_repair_status VALUES ('f4a1d3e1-be76-40d7-b5e1-7909a8802803','f2383333-536f-46b3-b76b-0b5fadae5e45','wildtype','wildtype','deficient_MMR',0.32,14.1,32.3,0,'wildtype');
INSERT INTO metabolic_phenotype VALUES ('45c7f79f-4fa5-4076-bcb5-8ee08bb029d8','f2383333-536f-46b3-b76b-0b5fadae5e45',0.778,90.0974,0.6135,0.352,0.1323,1.1702,0.4094);
INSERT INTO stemness_profile VALUES ('fc08fcc4-e4ae-47e1-8e81-be8122753fe6','f2383333-536f-46b3-b76b-0b5fadae5e45',195.6882,44.7572,43.7926,0.3155,0.417,0.592,1.0371,0.6026);
INSERT INTO drug_resistance_feature VALUES ('761666a4-4d6b-4784-9a00-ac2fff599d91','f2383333-536f-46b3-b76b-0b5fadae5e45',1.5,0.8498,0.6753,1.0424,'[]',1.0);
INSERT INTO immune_infiltration VALUES ('c5aef85b-5dd1-46e8-a5f5-ca9ed1449411','f2383333-536f-46b3-b76b-0b5fadae5e45',18.1,12.3562,8.3179,4.7751,8.4484,7.5543,8.4516,0.5479,6.6446,'CIBERSORT');
INSERT INTO checkpoint_expression VALUES ('89b9ef9d-a08f-461e-bc3c-195368b2297b','f2383333-536f-46b3-b76b-0b5fadae5e45',33.5,60.3,7.2078,21.1913,9.1836,14.0929,8.1329,45.2069);
INSERT INTO cytokine_milieu VALUES ('2c9a0540-25c9-49bb-bce2-532ffd47458c','f2383333-536f-46b3-b76b-0b5fadae5e45',18.2629,9.9942,10.0359,31.5075,23.0637,25.9,58.2976,133.532);
INSERT INTO stromal_composition VALUES ('63b07fe3-f202-477f-82de-d0c333a38f23','f2383333-536f-46b3-b76b-0b5fadae5e45',0.2792,0.0312,0.0976,0.3382,2.5606,38.4473);
INSERT INTO ecm_profile VALUES ('75667970-1d48-4668-af7e-16e1d8de91f5','f2383333-536f-46b3-b76b-0b5fadae5e45',14.1475,11.4181,14.9584,0.1995,0.4343,0.5561,0.5236);
INSERT INTO hypoxia_vasculature VALUES ('76498907-aca5-4d60-99f2-186c448c54ff','f2383333-536f-46b3-b76b-0b5fadae5e45',2.06,1.7404,5.4,0.4261,90.1291,278.9232,123.3731,23.4,6.72);
INSERT INTO organ_function VALUES ('4c30e89d-6437-4f7e-ba29-28e09beffd07','783adecb-9eca-46f7-a07c-8cfd3758e75c','2023-09-18',62.4,1.1488,32.8583,16.9452,11.4734,36.0474,54.1,415.8878,1.0169);
INSERT INTO immune_baseline VALUES ('ea3780b4-52b6-466a-a19c-048b1999f3b6','783adecb-9eca-46f7-a07c-8cfd3758e75c','2023-09-18',5.06,0.73,1.33,1.8219,423.4963,490.2236,204.9844,9.7647);
INSERT INTO hormonal_profile VALUES ('7c77c180-5389-4257-8df8-76e45e6e1138','783adecb-9eca-46f7-a07c-8cfd3758e75c','2023-09-18',41.6,0.86,375.0,80.8038,16.1225,0.5493,8.9064);
INSERT INTO pharmacogenomics VALUES ('c10aab0a-88fe-438b-9413-c33797b125c9','783adecb-9eca-46f7-a07c-8cfd3758e75c','NM','NM','NM','*1/*1','normal',0,'NM');
INSERT INTO body_composition VALUES ('8476fe03-dea7-4530-88ee-6ba57aba283b','783adecb-9eca-46f7-a07c-8cfd3758e75c','2023-09-18',27.2,32.2,30.6026,84.1666,34.1809,1.5642);
INSERT INTO microbiome_profile VALUES ('7bba8c57-935f-4a61-bb0e-ae352cd7f363','783adecb-9eca-46f7-a07c-8cfd3758e75c','2023-09-18','gut','16S_rRNA_V4',2.9217,2.1139,0.0226,'[{"genus": "Bacteroides", "rel": 0.272}, {"genus": "Faecalibacterium", "rel": 0.077}, {"genus": "Akkermansia", "rel": 0.0226}]',0);
INSERT INTO tumor_staging VALUES ('dd4bffa4-8783-4e99-93b7-c8360b70ae19','783adecb-9eca-46f7-a07c-8cfd3758e75c','2023-09-18','8500/3','C50.4','Invasive ductal carcinoma, triple negative','T4','N2','M0','IIIB',2,'left');
INSERT INTO imaging_measurement VALUES ('9acd4e8d-aade-4ae7-b03f-009ee2626e64','783adecb-9eca-46f7-a07c-8cfd3758e75c','2023-09-05','MRI','L1','primary_left_breast',31.8,16837.592,3.7346,'SD','{"entropy": 4.41, "sphericity": 0.53}');
INSERT INTO pathology_report VALUES ('c6cbd63e-f787-4320-b1b1-064fa2193a4e','783adecb-9eca-46f7-a07c-8cfd3758e75c','2023-09-18','core_needle_biopsy','R0',8,14,1,0,34.5702);
INSERT INTO performance_status VALUES ('29475456-6432-40db-9d70-e6d4ae326fbe','783adecb-9eca-46f7-a07c-8cfd3758e75c','2023-09-18',0,82,2,37.7951);
INSERT INTO liquid_biopsy VALUES ('b7a2dda3-6304-49a1-9fd2-75a437574994','783adecb-9eca-46f7-a07c-8cfd3758e75c','2023-09-18',0.1059,47.655,6,'[]','detected',14.1873);
INSERT INTO treatment_regimen VALUES ('57d2b858-cc3a-4fc7-98f2-49a01f7a3b02','783adecb-9eca-46f7-a07c-8cfd3758e75c',1,'AC-T','neoadjuvant','2023-10-20','2024-02-18','planned_completion','PR',707);
INSERT INTO treatment_drug_dose VALUES ('54077909-18a0-488a-8dcf-3b028e3debf0','57d2b858-cc3a-4fc7-98f2-49a01f7a3b02','8ed4a385-e60c-4c06-9827-b17fc4f5be7e','2023-10-20',70.0,60.0,14.3,'IV',1,0.9962);
INSERT INTO adverse_event VALUES ('55030b43-721c-49ef-a5d6-c759cce71a1f','783adecb-9eca-46f7-a07c-8cfd3758e75c','57d2b858-cc3a-4fc7-98f2-49a01f7a3b02','Nausea',4,'2023-12-15','2024-02-12','probable','dose_reduction');
INSERT INTO adverse_event VALUES ('a1dbfaee-6c2d-464c-92ad-0a0b00a5ae9e','783adecb-9eca-46f7-a07c-8cfd3758e75c','57d2b858-cc3a-4fc7-98f2-49a01f7a3b02','Hand-foot syndrome',1,'2023-12-27','2024-02-06','probable','none');
INSERT INTO adverse_event VALUES ('08651b88-7d84-4bc5-87d6-cfde5a9d0b8d','783adecb-9eca-46f7-a07c-8cfd3758e75c','57d2b858-cc3a-4fc7-98f2-49a01f7a3b02','Diarrhoea',1,'2023-12-11','2024-01-06','probable','none');
INSERT INTO adverse_event VALUES ('80ff84c4-6c1f-4357-bfc6-1eb11ef3dca9','783adecb-9eca-46f7-a07c-8cfd3758e75c','57d2b858-cc3a-4fc7-98f2-49a01f7a3b02','Fatigue',1,'2023-12-17','2024-02-03','probable','none');
INSERT INTO radiation_plan VALUES ('a6486d84-0219-4aba-a137-ef6fd3188a61','783adecb-9eca-46f7-a07c-8cfd3758e75c','photon_EBRT','CTV',50.2786,2.0,25,5,'IMRT',NULL,'{"heart": {"V20Gy_pct": "<25"}, "lung": {"mean_Gy": "<18"}}');
INSERT INTO carcinogen_exposure VALUES ('9920ad7b-c5af-43cc-b030-2a486fd3d572','783adecb-9eca-46f7-a07c-8cfd3758e75c','former',7.7147,11.4772,28.6518,37.2266,'[]',0.0,0);
INSERT INTO diet_nutrition VALUES ('b5d49341-2ccb-4285-89d3-cff01630e039','783adecb-9eca-46f7-a07c-8cfd3758e75c','2023-09-18','FFQ',1938.1328,86.2527,274.7923,66.6351,20.1965,78.6984,32.3629,13.6994,'Western');
INSERT INTO physical_activity VALUES ('6a5291f8-788f-44ba-bd0b-e3f31edac8e1','783adecb-9eca-46f7-a07c-8cfd3758e75c','2023-09-18',848.1812,163.1698,175.9551,7.1065,31.9077,9487,22.1976);
INSERT INTO stress_psychology VALUES ('3fab5dc9-ea86-4a3e-be9b-798761540673','783adecb-9eca-46f7-a07c-8cfd3758e75c','2023-09-18',13,13,9,36.7385,232.5,8.0708,12);
INSERT INTO environmental_exposure VALUES ('a2dd14b3-6838-4839-9880-72d82ff21bb7','783adecb-9eca-46f7-a07c-8cfd3758e75c','2023-09-18',6.3431,20.1973,47.8705,'negative',NULL,'negative','negative',13.158,'naive');
INSERT INTO socioeconomic_context VALUES ('d428416b-03f3-4e71-b91c-7a18833465cb','783adecb-9eca-46f7-a07c-8cfd3758e75c','2023-09-18',52.9331,'private',0.6171,0.7079,61.6307,'employed_part_time',25.9876,21);
INSERT INTO circadian_profile VALUES ('e9b0ab7c-07f2-4127-bb54-7a30e02af897','783adecb-9eca-46f7-a07c-8cfd3758e75c','2023-09-18','evening',82.3301,23.5379,'22:47',1076.8173,0,7);

-- Patient 22: HR+/HER2- early
INSERT INTO patient VALUES ('2b1f354a-70aa-4226-a941-0e5c46290cb0','MRN-9169346','1974-02-07','female','East Asian','{"EUR": 0.14, "AFR": 0.09}','2019-06-19','2019-06-19');
INSERT INTO genomic_sample VALUES ('aa24799e-27f6-4ba0-b461-ade512e00064','2b1f354a-70aa-4226-a941-0e5c46290cb0','tumor','C50.4','2019-06-23','Guardant360',0.54,0,'FFPE');
INSERT INTO somatic_mutation VALUES ('951a94ff-eee8-4da4-8e1e-475eec5748b3','aa24799e-27f6-4ba0-b461-ade512e00064','TP53','chr17',7674220,'G','A','SNV','missense_variant','p.Arg248Trp',0.46,384,'oncogenic','COSV52743007','1','SBS5');
INSERT INTO somatic_mutation VALUES ('a86116d1-8f9e-4167-8c9e-3ad6cc358f1b','aa24799e-27f6-4ba0-b461-ade512e00064','CCND1','chr11',69465258,'G','T','SNV','missense_variant','p.Pro241Leu',0.2529,183,'oncogenic','COSV52718943','3A','SBS1');
INSERT INTO somatic_mutation VALUES ('f2ad679b-fdc5-4384-be6a-5369334c904b','aa24799e-27f6-4ba0-b461-ade512e00064','BRCA2','chr13',32338709,'A','T','SNV','stop_gained','p.Lys1690Ter',0.3796,298,'pathogenic','COSV52712043','1','SBS3');
INSERT INTO copy_number_variant VALUES ('19d0755b-739d-4d2d-a278-92c757d2b71e','aa24799e-27f6-4ba0-b461-ade512e00064','MYC','chr8',127700000,127800000,6.5,-0.32,'amplification',0);
INSERT INTO copy_number_variant VALUES ('3091ad7c-9009-4fc0-a8f1-c015c0842ce7','aa24799e-27f6-4ba0-b461-ade512e00064','CDKN2A','chr9',21967000,21995000,0.2,-2.38,'shallow_deletion',0);
INSERT INTO gene_expression VALUES ('4f2925ea-ec32-4038-85ed-d3f0c97db884','aa24799e-27f6-4ba0-b461-ade512e00064','ENSG00000091831','ESR1',625.12,62.51,1563,5.61,99.0);
INSERT INTO gene_expression VALUES ('a20d8e6a-ae4b-4fd1-a7c1-63a6e5ef149d','aa24799e-27f6-4ba0-b461-ade512e00064','ENSG00000141736','ERBB2',319.45,31.95,799,2.22,83.3);
INSERT INTO gene_expression VALUES ('73c63009-c1f6-4905-8a2f-be5ec731f5bf','aa24799e-27f6-4ba0-b461-ade512e00064','ENSG00000148773','MKI67',206.73,20.67,517,0.96,64.4);
INSERT INTO gene_expression VALUES ('76e3a419-36c4-46e5-8250-edd9ee813645','aa24799e-27f6-4ba0-b461-ade512e00064','ENSG00000141510','TP53',60.33,5.67,190,-0.66,40.1);
INSERT INTO gene_expression VALUES ('7dc7a757-0fab-46eb-85f1-ea3a60d7d854','aa24799e-27f6-4ba0-b461-ade512e00064','ENSG00000012048','BRCA1',48.78,7.03,396,-0.79,38.1);
INSERT INTO gene_expression VALUES ('ea62ed2c-3f1c-42c5-8ba8-0586cf7b212a','aa24799e-27f6-4ba0-b461-ade512e00064','ENSG00000139618','BRCA2',67.04,4.05,164,-0.59,41.1);
INSERT INTO gene_expression VALUES ('4a49680d-e591-438e-99ae-d685c609e6bb','aa24799e-27f6-4ba0-b461-ade512e00064','ENSG00000171862','PTEN',77.11,5.92,162,-0.48,42.8);
INSERT INTO gene_expression VALUES ('f8e1fd38-6c39-4375-bf84-9c730b48c0f3','aa24799e-27f6-4ba0-b461-ade512e00064','ENSG00000136997','MYC',72.55,6.21,465,-0.53,42.0);
INSERT INTO protein_expression VALUES ('d3fe9bd0-2319-4681-afcb-05c487324a5a','aa24799e-27f6-4ba0-b461-ade512e00064','ESR1','P03372','IHC',0.49,199.0,5,'NULL');
INSERT INTO protein_expression VALUES ('faced901-4044-44d3-aed4-7962ca190512','aa24799e-27f6-4ba0-b461-ade512e00064','PGR','P06401','IHC',0.31,181.0,5,'NULL');
INSERT INTO protein_expression VALUES ('7a6f7a21-ce2d-4b07-8d41-145e957f7bd1','aa24799e-27f6-4ba0-b461-ade512e00064','ERBB2','P04626','IHC',-1.35,15.0,0,'pY1248');
INSERT INTO protein_expression VALUES ('11dd6977-3574-4f7d-9d7c-d3fda65f1e7b','aa24799e-27f6-4ba0-b461-ade512e00064','MKI67','P46013','IHC',-0.73,72.0,0,'NULL');
INSERT INTO epigenetic_mark VALUES ('ed2cf30f-41f3-4ca0-b80e-52721a4d1f7e','aa24799e-27f6-4ba0-b461-ade512e00064','DNA_methylation','cg15629539',0.074,'-3.645','ESR1','CpG_island',NULL);
INSERT INTO epigenetic_mark VALUES ('45fccb2a-9a4b-4683-bf86-a6d619fe6c55','aa24799e-27f6-4ba0-b461-ade512e00064','DNA_methylation','cg27053763',0.151,'-2.491','BRCA1','promoter',NULL);
INSERT INTO epigenetic_mark VALUES ('5c753c55-cf1e-43d2-8c99-6e7322462e12','aa24799e-27f6-4ba0-b461-ade512e00064','H3K27ac','chr17:37800000-37850000',0.297,NULL,'ERBB2','enhancer','1.248');
INSERT INTO ncrna_profile VALUES ('4b0ab554-c82a-423f-92b8-d6658067a6ef','aa24799e-27f6-4ba0-b461-ade512e00064','miRNA','hsa-miR-21-5p','miR-21-5p',1.29,'["PTEN", "PDCD4"]');
INSERT INTO ncrna_profile VALUES ('28f1ddb5-e92d-47ae-bb06-1876f2085ea8','aa24799e-27f6-4ba0-b461-ade512e00064','miRNA','hsa-miR-155-5p','miR-155-5p',2.04,'["SHIP1", "SOCS1"]');
INSERT INTO ncrna_profile VALUES ('52350a07-1d69-490c-a64f-7286f60f745f','aa24799e-27f6-4ba0-b461-ade512e00064','lncRNA','ENSG00000228630','HOTAIR',1.39,'["SHIP1", "SOCS1"]');
INSERT INTO ncrna_profile VALUES ('a0873157-cfc8-4ac5-9674-1198e9e7c033','aa24799e-27f6-4ba0-b461-ade512e00064','lncRNA','ENSG00000251562','MALAT1',56.14,'["SHIP1", "SOCS1"]');
INSERT INTO metabolomics_profile VALUES ('8cbbe9c3-cebf-4b72-b997-1adec6a2aff6','aa24799e-27f6-4ba0-b461-ade512e00064','Lactate','HMDB0000190','C00186',2.07,'LC-MS','organic_acid',0.05);
INSERT INTO metabolomics_profile VALUES ('c0184216-e11a-4624-bf9d-716cee7b3700','aa24799e-27f6-4ba0-b461-ade512e00064','Glutamine','HMDB0000641','C00064',0.24,'LC-MS','amino_acid',-1.17);
INSERT INTO metabolomics_profile VALUES ('5ded48ab-dff2-43db-9211-80e3fe209452','aa24799e-27f6-4ba0-b461-ade512e00064','Glucose','HMDB0000122','C00031',5.33,'LC-MS','carbohydrate',2.22);
INSERT INTO metabolomics_profile VALUES ('7fca6423-5e92-442f-afac-9f99798b572d','aa24799e-27f6-4ba0-b461-ade512e00064','Phosphocholine','HMDB0001565','C00588',0.26,'LC-MS','lipid',-1.16);
INSERT INTO tumor_clone VALUES ('01c01c96-17ae-4815-ae4c-2ebf3a1b7a54','aa24799e-27f6-4ba0-b461-ade512e00064','clone_A',0.62,'[]',1,1,0.1411);
INSERT INTO tumor_clone VALUES ('a914e6a8-720f-43ba-ac2e-8ff31dc6ffbe','aa24799e-27f6-4ba0-b461-ade512e00064','clone_B',0.38,'[]',0,2,0.1308);
INSERT INTO cell_cycle_state VALUES ('7a8b56e4-f071-42fd-a4eb-f545a11de7aa','aa24799e-27f6-4ba0-b461-ade512e00064',0.696,0.104,0.073,0.127,25.5785,480.0,3.2);
INSERT INTO apoptosis_marker VALUES ('bed66617-c38e-4ffa-8803-25510b910964','aa24799e-27f6-4ba0-b461-ade512e00064',137.0,108.3437,59.0,2.32,0.1863,4.5901,0.9494);
INSERT INTO dna_repair_status VALUES ('364a8011-20bf-4dc9-b864-33ab825809fa','aa24799e-27f6-4ba0-b461-ade512e00064','mutated_somatic','mutated_somatic','proficient_MMR',0.04,2.5,19.0,0,'wildtype');
INSERT INTO metabolic_phenotype VALUES ('112d0b67-e72a-45c9-8032-7fc71d948be9','aa24799e-27f6-4ba0-b461-ade512e00064',0.289,108.2364,0.2182,0.3591,0.2387,0.7861,0.6092);
INSERT INTO stemness_profile VALUES ('e44a8270-ef2e-4e85-88d8-207b1fef5f26','aa24799e-27f6-4ba0-b461-ade512e00064',16.3275,28.3463,5.7749,0.2032,0.364,0.358,0.5665,0.408);
INSERT INTO drug_resistance_feature VALUES ('81d5374f-997e-41bb-bdcd-9211b9318723','aa24799e-27f6-4ba0-b461-ade512e00064',1.13,0.63,0.7084,0.4259,'[]',0.9902);
INSERT INTO immune_infiltration VALUES ('3de0bb58-e62d-455d-92c1-9a1074c2d42d','aa24799e-27f6-4ba0-b461-ade512e00064',8.1,18.2713,6.5164,5.0931,9.1594,6.0622,10.2912,3.2671,8.427,'CIBERSORT');
INSERT INTO checkpoint_expression VALUES ('a15bd6cc-b78c-4615-8cb5-b7d469d2095c','aa24799e-27f6-4ba0-b461-ade512e00064',13.5,24.3,12.2775,11.0226,18.1789,9.1634,10.21,26.4468);
INSERT INTO cytokine_milieu VALUES ('38d8ac6f-00d4-4432-933f-6b8558b907aa','aa24799e-27f6-4ba0-b461-ade512e00064',7.864,9.4951,9.4929,12.9443,19.2519,16.9,38.6457,75.7845);
INSERT INTO stromal_composition VALUES ('c45c9794-121b-4e84-8d0c-43720118d03c','aa24799e-27f6-4ba0-b461-ade512e00064',0.3692,0.0655,0.1035,0.4223,2.9868,16.8906);
INSERT INTO ecm_profile VALUES ('5c748865-d0f3-4438-b3b5-5a3f72764dd8','aa24799e-27f6-4ba0-b461-ade512e00064',14.6571,7.6915,30.5626,0.6151,0.4405,0.5857,0.4992);
INSERT INTO hypoxia_vasculature VALUES ('979e27be-ef7c-4145-bee6-8194f97966b2','aa24799e-27f6-4ba0-b461-ade512e00064',0.44,0.8422,9.2,0.3023,62.7346,197.5295,64.6009,2.0,7.22);
INSERT INTO organ_function VALUES ('900d380b-3700-4065-a10e-cbab0047106d','2b1f354a-70aa-4226-a941-0e5c46290cb0','2019-06-19',69.4,1.2328,37.4458,17.4338,18.7526,42.0784,60.0,360.0,1.0679);
INSERT INTO immune_baseline VALUES ('dfc419ca-bca3-4cbe-bb5a-7e0fc59720fc','2b1f354a-70aa-4226-a941-0e5c46290cb0','2019-06-19',4.32,1.18,3.85,3.2627,740.9397,374.125,220.016,8.8784);
INSERT INTO hormonal_profile VALUES ('07f5b6fa-accb-48ef-bf09-a27a2fd6cec3','2b1f354a-70aa-4226-a941-0e5c46290cb0','2019-06-19',214.9,0.81,353.0,81.9388,23.2573,4.3392,6.9965);
INSERT INTO pharmacogenomics VALUES ('6f7ddd23-0711-4cb2-ac3a-acac62a694a9','2b1f354a-70aa-4226-a941-0e5c46290cb0','PM','NM','PM','*28/*28','low',0,'NM');
INSERT INTO body_composition VALUES ('1dd75729-44d1-43ba-a2ae-800747120866','2b1f354a-70aa-4226-a941-0e5c46290cb0','2019-06-19',22.7,46.7,36.5283,31.886,31.2701,1.7415);
INSERT INTO microbiome_profile VALUES ('178a0a38-b0fa-4db5-b418-6373d80930ce','2b1f354a-70aa-4226-a941-0e5c46290cb0','2019-06-19','gut','16S_rRNA_V4',2.9673,2.3871,0.0329,'[{"genus": "Bacteroides", "rel": 0.231}, {"genus": "Faecalibacterium", "rel": 0.083}, {"genus": "Akkermansia", "rel": 0.0329}]',0);
INSERT INTO tumor_staging VALUES ('cd489c35-0b50-4c6b-be51-b40106a3cc87','2b1f354a-70aa-4226-a941-0e5c46290cb0','2019-06-19','8500/3','C50.4','Invasive ductal carcinoma','T2','N1','M0','IIB',1,'right');
INSERT INTO imaging_measurement VALUES ('e5041cba-59b5-42d6-bb99-266ace5b1697','2b1f354a-70aa-4226-a941-0e5c46290cb0','2019-05-27','MRI','L1','primary_left_breast',20.8,4711.8193,4.3738,'SD','{"entropy": 6.99, "sphericity": 0.51}');
INSERT INTO pathology_report VALUES ('1acabb18-cd95-427b-827a-ce46ad884023','2b1f354a-70aa-4226-a941-0e5c46290cb0','2019-06-19','core_needle_biopsy','R0',8,20,0,0,0.0);
INSERT INTO performance_status VALUES ('e45ce302-84d7-4a76-a92b-f9155b78544f','2b1f354a-70aa-4226-a941-0e5c46290cb0','2019-06-19',0,84,0,43.9371);
INSERT INTO liquid_biopsy VALUES ('72a2e033-4ab3-4ed8-b674-f2cfb558ebb4','2b1f354a-70aa-4226-a941-0e5c46290cb0','2019-06-19',0.0922,41.49,5,'[]','detected',11.1166);
INSERT INTO treatment_regimen VALUES ('214820d4-3721-4e97-a505-5d25773ac79a','2b1f354a-70aa-4226-a941-0e5c46290cb0',1,'Letrozole','adjuvant','2019-07-19','2019-12-02','planned_completion','PR',483);
INSERT INTO treatment_drug_dose VALUES ('6089c1d3-4e58-419a-8974-eac6b824cd6f','214820d4-3721-4e97-a505-5d25773ac79a','dea8e584-d12c-47bf-a4c0-e739973380b8','2019-07-19',68.0,66.0,2.9,'oral',1,2.0897);
INSERT INTO adverse_event VALUES ('3c57cb84-3598-4064-bbce-5184b4666393','2b1f354a-70aa-4226-a941-0e5c46290cb0','214820d4-3721-4e97-a505-5d25773ac79a','Nausea',2,'2019-09-06','2019-09-16','probable','none');
INSERT INTO adverse_event VALUES ('2cd5a864-ad03-47e4-be85-1bf168545722','2b1f354a-70aa-4226-a941-0e5c46290cb0','214820d4-3721-4e97-a505-5d25773ac79a','Hand-foot syndrome',3,'2019-09-29','2019-11-18','probable','dose_reduction');
INSERT INTO radiation_plan VALUES ('128a54fc-b00a-4e79-9b9f-3f103203b067','2b1f354a-70aa-4226-a941-0e5c46290cb0','photon_EBRT','CTV',49.1691,2.0,25,5,'IMRT',NULL,'{"heart": {"V20Gy_pct": "<25"}, "lung": {"mean_Gy": "<18"}}');
INSERT INTO carcinogen_exposure VALUES ('94a19029-a35c-466f-bed5-19d0d5d4d677','2b1f354a-70aa-4226-a941-0e5c46290cb0','never',0.0,1.3091,40.466,49.6337,'[]',0.0,0);
INSERT INTO diet_nutrition VALUES ('ac61d751-ed92-4bca-b2b6-0983fe3ba1ee','2b1f354a-70aa-4226-a941-0e5c46290cb0','2019-06-19','FFQ',1968.5416,62.7902,203.9489,68.9211,18.0708,73.3328,16.9586,13.1764,'plant_based');
INSERT INTO physical_activity VALUES ('1d5a0dc7-990a-4ae3-be41-5cf33c2d2cf2','2b1f354a-70aa-4226-a941-0e5c46290cb0','2019-06-19',744.3011,184.4693,89.7571,8.2675,16.1609,4186,39.5825);
INSERT INTO stress_psychology VALUES ('cb6d5517-aac5-46bf-9b80-f9e5f7fc2056','2b1f354a-70aa-4226-a941-0e5c46290cb0','2019-06-19',11,8,11,45.8893,218.86,5.5597,11);
INSERT INTO environmental_exposure VALUES ('1e55b583-a6fb-440f-a53f-e39a13191b70','2b1f354a-70aa-4226-a941-0e5c46290cb0','2019-06-19',15.2415,10.0865,15.0453,'negative',NULL,'negative','negative',7.084,'naive');
INSERT INTO socioeconomic_context VALUES ('7d06c753-120f-42f7-a298-f5ac5074c15a','2b1f354a-70aa-4226-a941-0e5c46290cb0','2019-06-19',57.9312,'public_Medicare',0.6034,0.7616,37.5946,'employed_full_time',40.2719,11);
INSERT INTO circadian_profile VALUES ('fc7a8dd3-c652-40ab-8375-403e6a58cfbc','2b1f354a-70aa-4226-a941-0e5c46290cb0','2019-06-19','morning',97.3744,20.0586,'22:04',931.4491,1,11);

-- Patient 23: HR+/HER2- early
INSERT INTO patient VALUES ('669c7c9d-a45a-42fa-a793-d3b0f9894a11','MRN-1305716','1951-08-22','female','East Asian','{"EUR": 0.33, "AFR": 0.29}','2023-07-26','2023-07-26');
INSERT INTO genomic_sample VALUES ('4da9b3f5-19b2-4bf4-b622-5a716a2dd7f7','669c7c9d-a45a-42fa-a793-d3b0f9894a11','tumor','C50.4','2023-08-13','Foundation One CDx',0.95,0,'FFPE');
INSERT INTO somatic_mutation VALUES ('65dedb6d-24f4-47e1-a4b9-096dc96de3b3','4da9b3f5-19b2-4bf4-b622-5a716a2dd7f7','ERBB2','chr17',39725084,'A','G','SNV','missense_variant','p.Leu755Ser',0.3922,198,'oncogenic','COSV52735019','1','SBS5');
INSERT INTO somatic_mutation VALUES ('26195d6f-f2ac-48d7-bef4-1d82e6c927a7','4da9b3f5-19b2-4bf4-b622-5a716a2dd7f7','BRCA1','chr17',43094464,'T','A','SNV','missense_variant','p.Cys1697Ser',0.4469,346,'pathogenic','COSV52701256','1','SBS3');
INSERT INTO somatic_mutation VALUES ('d4e621d2-6eda-4016-baa9-708e65c04f38','4da9b3f5-19b2-4bf4-b622-5a716a2dd7f7','BRCA2','chr13',32338709,'A','T','SNV','stop_gained','p.Lys1690Ter',0.382,255,'pathogenic','COSV52712043','1','SBS3');
INSERT INTO somatic_mutation VALUES ('6ef61909-5d04-47d3-928d-03c91fb9fe06','4da9b3f5-19b2-4bf4-b622-5a716a2dd7f7','PIK3CA','chr3',179234297,'C','T','SNV','missense_variant','p.His1047Arg',0.2012,247,'oncogenic','COSV52748762','1','SBS1');
INSERT INTO somatic_mutation VALUES ('524291d0-cbf1-4629-bbb9-30b5ae1d2c9c','4da9b3f5-19b2-4bf4-b622-5a716a2dd7f7','MAP3K1','chr5',56115628,'G','A','SNV','missense_variant','p.Glu1298Lys',0.1315,351,'oncogenic','COSV52721033','3A','SBS1');
INSERT INTO somatic_mutation VALUES ('f3464b39-c4a3-402a-bc40-a2e389095c5e','4da9b3f5-19b2-4bf4-b622-5a716a2dd7f7','TP53','chr17',7674220,'G','A','SNV','missense_variant','p.Arg248Trp',0.4577,360,'oncogenic','COSV52743007','1','SBS5');
INSERT INTO copy_number_variant VALUES ('940a22df-c50a-4e7e-8fe8-c47fad3e69f3','4da9b3f5-19b2-4bf4-b622-5a716a2dd7f7','MYC','chr8',127700000,127800000,1.8,0.25,'amplification',0);
INSERT INTO copy_number_variant VALUES ('6772443a-59b8-434f-9c05-ffb157cb554e','4da9b3f5-19b2-4bf4-b622-5a716a2dd7f7','CDKN2A','chr9',21967000,21995000,0.4,-1.23,'shallow_deletion',0);
INSERT INTO gene_expression VALUES ('e6e87d7e-3649-429d-9868-ed892ab57996','4da9b3f5-19b2-4bf4-b622-5a716a2dd7f7','ENSG00000091831','ESR1',1186.98,118.7,2967,11.86,99.0);
INSERT INTO gene_expression VALUES ('164470f5-0109-4d8a-8cfd-b279b8a3aa44','4da9b3f5-19b2-4bf4-b622-5a716a2dd7f7','ENSG00000141736','ERBB2',5.0,0.5,12,-1.28,30.8);
INSERT INTO gene_expression VALUES ('0ee3e401-2813-484f-8588-65b7ef0a83e1','4da9b3f5-19b2-4bf4-b622-5a716a2dd7f7','ENSG00000148773','MKI67',189.86,18.99,475,0.78,61.7);
INSERT INTO gene_expression VALUES ('d9b08221-ba42-4c9f-97a1-6622487377c2','4da9b3f5-19b2-4bf4-b622-5a716a2dd7f7','ENSG00000141510','TP53',59.66,3.58,132,-0.67,40.0);
INSERT INTO gene_expression VALUES ('88f89f44-931e-43d5-a016-9df8c5ea655b','4da9b3f5-19b2-4bf4-b622-5a716a2dd7f7','ENSG00000012048','BRCA1',45.3,4.66,129,-0.83,37.5);
INSERT INTO gene_expression VALUES ('b08e7992-2559-4ac4-868a-f045f1ed94a5','4da9b3f5-19b2-4bf4-b622-5a716a2dd7f7','ENSG00000139618','BRCA2',26.74,7.49,381,-1.04,34.4);
INSERT INTO gene_expression VALUES ('bac65bab-a226-46fb-8077-c0600a73834f','4da9b3f5-19b2-4bf4-b622-5a716a2dd7f7','ENSG00000171862','PTEN',18.7,5.66,179,-1.13,33.0);
INSERT INTO gene_expression VALUES ('d51df6bd-2f63-4c4f-867f-15a73647a51d','4da9b3f5-19b2-4bf4-b622-5a716a2dd7f7','ENSG00000136997','MYC',54.06,7.56,209,-0.73,39.0);
INSERT INTO protein_expression VALUES ('f273191c-20a9-4a80-8741-fc981bfddad8','4da9b3f5-19b2-4bf4-b622-5a716a2dd7f7','ESR1','P03372','IHC',0.97,247.0,6,'NULL');
INSERT INTO protein_expression VALUES ('acf69ea1-9005-4024-89cf-42a868aa6afd','4da9b3f5-19b2-4bf4-b622-5a716a2dd7f7','PGR','P06401','IHC',-0.06,144.0,4,'NULL');
INSERT INTO protein_expression VALUES ('4fc79293-2486-4633-bc72-c0c4765f8e9b','4da9b3f5-19b2-4bf4-b622-5a716a2dd7f7','ERBB2','P04626','IHC',-1.2,30.0,1,'pY1248');
INSERT INTO protein_expression VALUES ('8331dd65-eac5-4950-b503-039b3918ac2a','4da9b3f5-19b2-4bf4-b622-5a716a2dd7f7','MKI67','P46013','IHC',-0.89,57.0,0,'NULL');
INSERT INTO epigenetic_mark VALUES ('62970c0c-c352-4dee-81e3-5fc87e365822','4da9b3f5-19b2-4bf4-b622-5a716a2dd7f7','DNA_methylation','cg15629539',0.102,'-3.138','ESR1','CpG_island',NULL);
INSERT INTO epigenetic_mark VALUES ('94e3d7e3-0336-4b3b-861d-48e062fd04f4','4da9b3f5-19b2-4bf4-b622-5a716a2dd7f7','DNA_methylation','cg27053763',0.27,'-1.435','BRCA1','promoter',NULL);
INSERT INTO epigenetic_mark VALUES ('ff38fb1c-502c-41f1-96e5-aefcb5a79e70','4da9b3f5-19b2-4bf4-b622-5a716a2dd7f7','H3K27ac','chr17:37800000-37850000',0.0,NULL,'ERBB2','enhancer',NULL);
INSERT INTO ncrna_profile VALUES ('0bb910d1-8e3e-414d-8cf6-b65ed5847c20','4da9b3f5-19b2-4bf4-b622-5a716a2dd7f7','miRNA','hsa-miR-21-5p','miR-21-5p',4.08,'["PTEN", "PDCD4"]');
INSERT INTO ncrna_profile VALUES ('479db595-ef15-472f-8847-d53e820ab8b5','4da9b3f5-19b2-4bf4-b622-5a716a2dd7f7','miRNA','hsa-miR-155-5p','miR-155-5p',6.67,'["SHIP1", "SOCS1"]');
INSERT INTO ncrna_profile VALUES ('7810e10e-9b32-4108-b352-45e1b72c6666','4da9b3f5-19b2-4bf4-b622-5a716a2dd7f7','lncRNA','ENSG00000228630','HOTAIR',3.9,'["SHIP1", "SOCS1"]');
INSERT INTO ncrna_profile VALUES ('9fdbcc13-7d2a-4be1-9d70-d6285abcc108','4da9b3f5-19b2-4bf4-b622-5a716a2dd7f7','lncRNA','ENSG00000251562','MALAT1',42.92,'["SHIP1", "SOCS1"]');
INSERT INTO metabolomics_profile VALUES ('ad068906-4fbf-450e-b9fa-d17e02bbacc1','4da9b3f5-19b2-4bf4-b622-5a716a2dd7f7','Lactate','HMDB0000190','C00186',2.03,'LC-MS','organic_acid',0.02);
INSERT INTO metabolomics_profile VALUES ('ea9083e3-8a90-44a2-ade0-1bda5687b550','4da9b3f5-19b2-4bf4-b622-5a716a2dd7f7','Glutamine','HMDB0000641','C00064',0.44,'LC-MS','amino_acid',-1.04);
INSERT INTO metabolomics_profile VALUES ('a5bc5a99-28f0-44cb-a8d5-3c8ba76e6e11','4da9b3f5-19b2-4bf4-b622-5a716a2dd7f7','Glucose','HMDB0000122','C00031',6.03,'LC-MS','carbohydrate',2.69);
INSERT INTO metabolomics_profile VALUES ('ce119af5-6fc9-482e-a271-1bbfbcb29d7e','4da9b3f5-19b2-4bf4-b622-5a716a2dd7f7','Phosphocholine','HMDB0001565','C00588',0.14,'LC-MS','lipid',-1.24);
INSERT INTO tumor_clone VALUES ('81a85e7a-3bff-44e7-9693-e657474c260b','4da9b3f5-19b2-4bf4-b622-5a716a2dd7f7','clone_A',0.94,'[]',1,1,0.1057);
INSERT INTO tumor_clone VALUES ('523f0e8c-4b2e-4905-b9dc-064b8b6d7de2','4da9b3f5-19b2-4bf4-b622-5a716a2dd7f7','clone_B',0.06,'[]',0,2,0.139);
INSERT INTO cell_cycle_state VALUES ('15aa6cb7-9184-4f2f-bbd0-6a8d0dc4727f','4da9b3f5-19b2-4bf4-b622-5a716a2dd7f7',0.732,0.128,0.037,0.103,20.3861,480.0,1.2);
INSERT INTO apoptosis_marker VALUES ('eeb8426f-4585-4bc4-aab0-c54ba75ad0f2','4da9b3f5-19b2-4bf4-b622-5a716a2dd7f7',253.0,112.5117,50.0,5.06,0.0,2.7114,0.3338);
INSERT INTO dna_repair_status VALUES ('c08a43fa-a041-4d24-8cf3-14cb6aedc3e8','4da9b3f5-19b2-4bf4-b622-5a716a2dd7f7','mutated_somatic','mutated_somatic','proficient_MMR',0.04,2.9,0.0,0,'wildtype');
INSERT INTO metabolic_phenotype VALUES ('2198aa4b-a213-487c-b52d-c2196d26510c','4da9b3f5-19b2-4bf4-b622-5a716a2dd7f7',0.389,92.4573,0.266,0.3845,0.1982,1.0379,0.757);
INSERT INTO stemness_profile VALUES ('14ed7575-2c13-4ba1-9198-7b78adbc8eac','4da9b3f5-19b2-4bf4-b622-5a716a2dd7f7',87.7258,7.4173,20.1428,0.183,0.337,0.306,0.5302,0.25);
INSERT INTO drug_resistance_feature VALUES ('8e57807c-ca8b-417f-9ba7-1fc4d4194ddf','4da9b3f5-19b2-4bf4-b622-5a716a2dd7f7',0.1,0.7419,0.5788,0.9639,'[]',0.0);
INSERT INTO immune_infiltration VALUES ('377b6624-9dcf-4dda-a7a5-8af4fa1c21bb','4da9b3f5-19b2-4bf4-b622-5a716a2dd7f7',21.2,9.1088,12.1746,6.0227,2.8272,11.8565,9.5624,4.6507,9.7513,'CIBERSORT');
INSERT INTO checkpoint_expression VALUES ('517425c7-f480-406a-9aa6-197c1f7c3b4f','4da9b3f5-19b2-4bf4-b622-5a716a2dd7f7',7.2,12.96,8.2112,13.0618,16.0583,7.4142,8.2176,40.5289);
INSERT INTO cytokine_milieu VALUES ('7d82dfd9-927d-4fd9-ac23-2fe6ec343207','4da9b3f5-19b2-4bf4-b622-5a716a2dd7f7',17.3407,7.3371,9.6401,28.6556,26.296,10.7,110.8577,51.2844);
INSERT INTO stromal_composition VALUES ('48909e58-fdb0-41b7-94d5-44eaca426447','4da9b3f5-19b2-4bf4-b622-5a716a2dd7f7',0.1333,0.1093,0.1018,0.3414,2.4161,50.5571);
INSERT INTO ecm_profile VALUES ('b4d50332-4247-4cf5-a1c0-5fdb500a57d5','4da9b3f5-19b2-4bf4-b622-5a716a2dd7f7',8.4297,7.5707,31.7635,0.3682,0.3702,0.5646,0.3583);
INSERT INTO hypoxia_vasculature VALUES ('f82c1f93-f6c0-4d43-b22c-65fcb2741df3','4da9b3f5-19b2-4bf4-b622-5a716a2dd7f7',0.56,0.8976,9.3,0.0583,62.0315,209.6163,134.4783,13.6,6.96);
INSERT INTO organ_function VALUES ('ad4fcf4c-9d66-4254-87ea-b8b24cbd72f0','669c7c9d-a45a-42fa-a793-d3b0f9894a11','2023-07-26',54.6,1.0552,24.9959,14.6744,7.9838,35.6177,67.6,409.1824,0.9931);
INSERT INTO immune_baseline VALUES ('10d52ed4-4b38-4649-b92d-f96ba00602b8','669c7c9d-a45a-42fa-a793-d3b0f9894a11','2023-07-26',7.47,1.46,3.67,2.5137,713.2042,349.6931,248.8322,9.1772);
INSERT INTO hormonal_profile VALUES ('e1f2921a-d434-4613-992e-4b03b8810cee','669c7c9d-a45a-42fa-a793-d3b0f9894a11','2023-07-26',2.0,0.79,577.0,65.3451,17.0519,2.1861,4.2466);
INSERT INTO pharmacogenomics VALUES ('1e6b3360-5cb5-4df7-b466-1bcf215fce6c','669c7c9d-a45a-42fa-a793-d3b0f9894a11','PM','NM','NM','*28/*28','low',0,'NM');
INSERT INTO body_composition VALUES ('b810fb58-621d-4f4a-9a93-c3a8400c48ac','669c7c9d-a45a-42fa-a793-d3b0f9894a11','2023-07-26',18.8,39.2,25.6906,50.4317,21.2833,1.5487);
INSERT INTO microbiome_profile VALUES ('c11bd876-90a9-4fae-98df-25ecb6aedaa5','669c7c9d-a45a-42fa-a793-d3b0f9894a11','2023-07-26','gut','16S_rRNA_V4',2.7649,3.0294,0.0094,'[{"genus": "Bacteroides", "rel": 0.183}, {"genus": "Faecalibacterium", "rel": 0.059}, {"genus": "Akkermansia", "rel": 0.0094}]',1);
INSERT INTO tumor_staging VALUES ('b93db5aa-a53a-455d-b559-b88e763d56e5','669c7c9d-a45a-42fa-a793-d3b0f9894a11','2023-07-26','8500/3','C50.4','Invasive ductal carcinoma','T4','N3','M0','I',1,'right');
INSERT INTO imaging_measurement VALUES ('1cb819f7-fea0-4ae2-b552-09e91c48a627','669c7c9d-a45a-42fa-a793-d3b0f9894a11','2023-07-10','MRI','L1','primary_left_breast',6.7,157.4791,4.0713,'SD','{"entropy": 4.19, "sphericity": 0.62}');
INSERT INTO pathology_report VALUES ('5a8581dd-ea29-4ba7-b12b-9cd814c67dce','669c7c9d-a45a-42fa-a793-d3b0f9894a11','2023-07-26','core_needle_biopsy','R0',4,8,0,1,29.9356);
INSERT INTO performance_status VALUES ('34136bc8-237e-4367-8e21-f29ea30c408d','669c7c9d-a45a-42fa-a793-d3b0f9894a11','2023-07-26',0,97,2,43.6113);
INSERT INTO liquid_biopsy VALUES ('c807e3b7-5564-455f-93ea-4c1c55397d3d','669c7c9d-a45a-42fa-a793-d3b0f9894a11','2023-07-26',0.1153,51.885,4,'[]','detected',7.9612);
INSERT INTO treatment_regimen VALUES ('5ffae915-e584-4d1a-a643-2d30e67c47d5','669c7c9d-a45a-42fa-a793-d3b0f9894a11',1,'Letrozole','adjuvant','2023-08-17','2024-11-29','planned_completion','PR',551);
INSERT INTO treatment_drug_dose VALUES ('450657de-6f8f-422d-b0a7-0d57c6d846b1','5ffae915-e584-4d1a-a643-2d30e67c47d5','dea8e584-d12c-47bf-a4c0-e739973380b8','2023-08-17',86.0,86.0,0.0,'oral',1,1.5358);
INSERT INTO adverse_event VALUES ('edee53e4-8afa-41dc-9798-5f39fe252436','669c7c9d-a45a-42fa-a793-d3b0f9894a11','5ffae915-e584-4d1a-a643-2d30e67c47d5','Hand-foot syndrome',3,'2023-10-06','2023-10-23','probable','dose_reduction');
INSERT INTO adverse_event VALUES ('0151f877-4cc0-4044-a811-27ce48832d54','669c7c9d-a45a-42fa-a793-d3b0f9894a11','5ffae915-e584-4d1a-a643-2d30e67c47d5','Peripheral sensory neuropathy',1,'2023-09-06','2023-10-15','probable','none');
INSERT INTO adverse_event VALUES ('e7f8469e-05a4-4715-b41b-e0e1dbe6eb3e','669c7c9d-a45a-42fa-a793-d3b0f9894a11','5ffae915-e584-4d1a-a643-2d30e67c47d5','Neutropenia',3,'2023-09-21','2023-11-17','probable','dose_reduction');
INSERT INTO adverse_event VALUES ('c37a45a7-87f3-4c9e-bf40-acd588e742ed','669c7c9d-a45a-42fa-a793-d3b0f9894a11','5ffae915-e584-4d1a-a643-2d30e67c47d5','Alopecia',2,'2023-11-03','2024-01-02','probable','none');
INSERT INTO carcinogen_exposure VALUES ('ed1bfe34-be02-4df3-a16a-40174510f39c','669c7c9d-a45a-42fa-a793-d3b0f9894a11','former',16.5566,3.5482,9.8352,72.1151,'[]',0.0,0);
INSERT INTO diet_nutrition VALUES ('e3426af1-7fb7-43f6-8308-8cbc2667cd61','669c7c9d-a45a-42fa-a793-d3b0f9894a11','2023-07-26','FFQ',1505.3829,74.4526,198.7205,74.2882,22.8249,32.8277,33.0004,12.1617,'plant_based');
INSERT INTO physical_activity VALUES ('8549b6f8-7607-41db-a088-02d88a0f92d7','669c7c9d-a45a-42fa-a793-d3b0f9894a11','2023-07-26',762.1454,0.0,149.3143,9.0006,33.2688,6162,24.987);
INSERT INTO stress_psychology VALUES ('36efcd78-2aed-46c7-9bf4-26dee9a5442c','669c7c9d-a45a-42fa-a793-d3b0f9894a11','2023-07-26',21,12,6,32.4838,357.74,7.5737,21);
INSERT INTO environmental_exposure VALUES ('0233aa62-93b5-4f96-9edc-ccce4b31cb22','669c7c9d-a45a-42fa-a793-d3b0f9894a11','2023-07-26',2.9338,24.178,50.6782,'negative',NULL,'negative','negative',8.5775,'naive');
INSERT INTO socioeconomic_context VALUES ('0ee63fe9-b13e-4937-a9c0-8669a4b0908c','669c7c9d-a45a-42fa-a793-d3b0f9894a11','2023-07-26',22.9709,'private',0.7389,0.8575,88.6884,'employed_full_time',16.8322,10);
INSERT INTO circadian_profile VALUES ('3dab7cfc-51fc-4ca7-82f2-963413bf2006','669c7c9d-a45a-42fa-a793-d3b0f9894a11','2023-07-26','morning',85.3776,21.8167,'22:06',858.1373,0,10);

-- Patient 24: TNBC
INSERT INTO patient VALUES ('ac9aa8b1-3465-4dea-a1a5-783f72f00e85','MRN-7421548','1953-12-22','female','Black or African American','{"EUR": 0.86, "AFR": 0.1}','2020-01-27','2020-01-27');
INSERT INTO genomic_sample VALUES ('ea090a42-2f93-4881-ae49-47f0e98881ce','ac9aa8b1-3465-4dea-a1a5-783f72f00e85','tumor','C50.4','2020-02-02','Guardant360',0.63,0,'FFPE');
INSERT INTO somatic_mutation VALUES ('c4490ff0-ae6b-4621-a907-22ed5ff0943a','ea090a42-2f93-4881-ae49-47f0e98881ce','PTEN','chr10',89692905,'G','A','SNV','missense_variant','p.Arg130Gly',0.3731,350,'oncogenic','COSV52731827','1','SBS5');
INSERT INTO somatic_mutation VALUES ('9b7c38c3-be98-4db4-9fba-cebfd561d6f4','ea090a42-2f93-4881-ae49-47f0e98881ce','ESR1','chr6',152098794,'T','C','SNV','missense_variant','p.Tyr537Cys',0.0877,191,'oncogenic','COSV52744551','1','SBS1');
INSERT INTO somatic_mutation VALUES ('15fba949-020b-4263-b48c-6a9e9b186438','ea090a42-2f93-4881-ae49-47f0e98881ce','TP53','chr17',7674220,'G','A','SNV','missense_variant','p.Arg248Trp',0.417,167,'oncogenic','COSV52743007','1','SBS5');
INSERT INTO somatic_mutation VALUES ('bd7ff27b-25d9-44f4-b55b-d9987f3819db','ea090a42-2f93-4881-ae49-47f0e98881ce','MYC','chr8',127735434,'A','G','SNV','missense_variant','p.Thr58Ala',0.1387,355,'oncogenic','COSV52759832','3A','SBS5');
INSERT INTO copy_number_variant VALUES ('b3008cd8-566f-417a-9ade-9a999514df96','ea090a42-2f93-4881-ae49-47f0e98881ce','PTEN','chr10',89600000,89900000,0.6,-2.08,'deep_deletion',1);
INSERT INTO copy_number_variant VALUES ('fa16d3f4-e07b-4ffb-ba6a-2e223cbf3319','ea090a42-2f93-4881-ae49-47f0e98881ce','MYC','chr8',127700000,127800000,4.1,-0.18,'neutral',0);
INSERT INTO copy_number_variant VALUES ('7f81508d-8d69-4b05-9cb2-7aedf6beb091','ea090a42-2f93-4881-ae49-47f0e98881ce','CDKN2A','chr9',21967000,21995000,0.6,-1.11,'shallow_deletion',0);
INSERT INTO gene_expression VALUES ('b62b3c50-a0c0-4545-a13e-3eba795553d2','ea090a42-2f93-4881-ae49-47f0e98881ce','ENSG00000091831','ESR1',311.43,31.14,779,2.13,82.0);
INSERT INTO gene_expression VALUES ('85449f0e-dad8-4439-8def-970d4ebe83a0','ea090a42-2f93-4881-ae49-47f0e98881ce','ENSG00000141736','ERBB2',182.17,18.22,455,0.69,60.4);
INSERT INTO gene_expression VALUES ('b6801200-8889-414d-aed6-d0b6a7efaaf8','ea090a42-2f93-4881-ae49-47f0e98881ce','ENSG00000148773','MKI67',524.24,52.42,1311,4.49,99.0);
INSERT INTO gene_expression VALUES ('01a8fdf1-121c-4234-91aa-0df58b0d3831','ea090a42-2f93-4881-ae49-47f0e98881ce','ENSG00000141510','TP53',48.55,2.35,439,-0.79,38.1);
INSERT INTO gene_expression VALUES ('3950f2b3-a782-473d-b664-17293049661c','ea090a42-2f93-4881-ae49-47f0e98881ce','ENSG00000012048','BRCA1',39.55,6.63,96,-0.89,36.6);
INSERT INTO gene_expression VALUES ('11f4fcf4-3e5d-4d0f-96bb-e876601d61d3','ea090a42-2f93-4881-ae49-47f0e98881ce','ENSG00000139618','BRCA2',45.55,1.95,224,-0.83,37.5);
INSERT INTO gene_expression VALUES ('88a9a39e-2251-4f10-b33f-f13f3d396d08','ea090a42-2f93-4881-ae49-47f0e98881ce','ENSG00000171862','PTEN',57.54,4.2,101,-0.69,39.6);
INSERT INTO gene_expression VALUES ('5675e50c-5776-4d40-b6dd-855b2de3901b','ea090a42-2f93-4881-ae49-47f0e98881ce','ENSG00000136997','MYC',26.55,8.04,474,-1.04,34.4);
INSERT INTO protein_expression VALUES ('d7a24901-5af8-4dd2-85b4-631a7e263400','ea090a42-2f93-4881-ae49-47f0e98881ce','ESR1','P03372','IHC',-1.25,25.0,1,'NULL');
INSERT INTO protein_expression VALUES ('fafaa732-5d09-488b-8d0c-ecdf139de2b8','ea090a42-2f93-4881-ae49-47f0e98881ce','PGR','P06401','IHC',-1.5,0.0,0,'NULL');
INSERT INTO protein_expression VALUES ('64417d1f-4c95-437e-b92c-98a0f3b03113','ea090a42-2f93-4881-ae49-47f0e98881ce','ERBB2','P04626','IHC',-0.9,60.0,2,'pY1248');
INSERT INTO protein_expression VALUES ('b02465e9-12d0-4c93-9713-30638577fe7d','ea090a42-2f93-4881-ae49-47f0e98881ce','MKI67','P46013','IHC',0.35,173.0,0,'NULL');
INSERT INTO epigenetic_mark VALUES ('a5561cf0-d9f9-44f9-94d0-6dfb00c21052','ea090a42-2f93-4881-ae49-47f0e98881ce','DNA_methylation','cg15629539',0.598,'0.573','ESR1','CpG_island',NULL);
INSERT INTO epigenetic_mark VALUES ('b5192dce-a72c-4c64-8634-ac8b32d3924f','ea090a42-2f93-4881-ae49-47f0e98881ce','DNA_methylation','cg27053763',0.352,'-0.88','BRCA1','promoter',NULL);
INSERT INTO epigenetic_mark VALUES ('b8dcd536-21b6-4a02-9fb3-d60ca8232b30','ea090a42-2f93-4881-ae49-47f0e98881ce','H3K27ac','chr17:37800000-37850000',0.303,NULL,'ERBB2','enhancer','0.146');
INSERT INTO ncrna_profile VALUES ('7f964804-4bed-4b88-9f10-b3938ce802bf','ea090a42-2f93-4881-ae49-47f0e98881ce','miRNA','hsa-miR-21-5p','miR-21-5p',7.46,'["PTEN", "PDCD4"]');
INSERT INTO ncrna_profile VALUES ('05bb6427-9fa3-4f39-9ea9-52c2da303470','ea090a42-2f93-4881-ae49-47f0e98881ce','miRNA','hsa-miR-155-5p','miR-155-5p',8.53,'["SHIP1", "SOCS1"]');
INSERT INTO ncrna_profile VALUES ('09e6ace9-2f6a-4442-95a7-009b43b61a7a','ea090a42-2f93-4881-ae49-47f0e98881ce','lncRNA','ENSG00000228630','HOTAIR',1.33,'["SHIP1", "SOCS1"]');
INSERT INTO ncrna_profile VALUES ('41aabb32-e381-484e-a93a-d34fa7146738','ea090a42-2f93-4881-ae49-47f0e98881ce','lncRNA','ENSG00000251562','MALAT1',49.43,'["SHIP1", "SOCS1"]');
INSERT INTO metabolomics_profile VALUES ('abb1679a-4134-467c-b587-892db83a0b82','ea090a42-2f93-4881-ae49-47f0e98881ce','Lactate','HMDB0000190','C00186',4.29,'LC-MS','organic_acid',1.53);
INSERT INTO metabolomics_profile VALUES ('e7a9c970-d887-4450-8939-5c7ae1d4979b','ea090a42-2f93-4881-ae49-47f0e98881ce','Glutamine','HMDB0000641','C00064',0.31,'LC-MS','amino_acid',-1.13);
INSERT INTO metabolomics_profile VALUES ('c540a78f-241f-4ea9-8c26-83c4aeeebd44','ea090a42-2f93-4881-ae49-47f0e98881ce','Glucose','HMDB0000122','C00031',4.94,'LC-MS','carbohydrate',1.96);
INSERT INTO metabolomics_profile VALUES ('78aa03f7-7375-4678-b806-d5688f9cc649','ea090a42-2f93-4881-ae49-47f0e98881ce','Phosphocholine','HMDB0001565','C00588',0.15,'LC-MS','lipid',-1.23);
INSERT INTO tumor_clone VALUES ('7159078c-a310-44c9-93b7-39e94547d117','ea090a42-2f93-4881-ae49-47f0e98881ce','clone_A',0.84,'[]',1,1,0.1494);
INSERT INTO tumor_clone VALUES ('703b7b1a-6164-48c6-9167-a827f3cddb84','ea090a42-2f93-4881-ae49-47f0e98881ce','clone_B',0.16,'[]',0,2,0.1139);
INSERT INTO cell_cycle_state VALUES ('4a33047b-ada3-41fd-b748-8d0a20c1a0d8','ea090a42-2f93-4881-ae49-47f0e98881ce',0.442,0.31,0.146,0.102,61.6174,265.7,9.3);
INSERT INTO apoptosis_marker VALUES ('0ee5c4c2-b664-4e97-8dc3-d83412948178','ea090a42-2f93-4881-ae49-47f0e98881ce',46.0,183.8561,84.0,0.55,0.0801,9.4952,1.8226);
INSERT INTO dna_repair_status VALUES ('c9a242cd-667e-48b1-b9a2-4300c51562be','ea090a42-2f93-4881-ae49-47f0e98881ce','wildtype','wildtype','deficient_MMR',0.32,9.5,68.7,0,'wildtype');
INSERT INTO metabolic_phenotype VALUES ('8967eef6-e630-408e-b2fa-421e6bb909ae','ea090a42-2f93-4881-ae49-47f0e98881ce',0.884,108.945,0.535,0.2842,0.42,0.8285,0.3746);
INSERT INTO stemness_profile VALUES ('3c9116eb-6270-42bb-8ad0-abbc590589c5','ea090a42-2f93-4881-ae49-47f0e98881ce',156.1681,23.8728,30.0571,0.304,0.487,0.89,0.9301,0.5537);
INSERT INTO drug_resistance_feature VALUES ('1de8f1c5-5fa8-411c-8916-36214462860a','ea090a42-2f93-4881-ae49-47f0e98881ce',2.81,0.8774,0.5954,0.778,'[]',1.0);
INSERT INTO immune_infiltration VALUES ('e230c454-f938-42cc-9dc2-fc2b20a66023','ea090a42-2f93-4881-ae49-47f0e98881ce',19.5,2.3728,4.6515,7.0279,8.0008,12.4271,15.6406,4.3405,7.0518,'CIBERSORT');
INSERT INTO checkpoint_expression VALUES ('dcd14087-c130-44fa-a1dd-ea75d09bda07','ea090a42-2f93-4881-ae49-47f0e98881ce',57.1,102.78,2.8753,15.8909,9.4096,7.5636,6.0352,27.328);
INSERT INTO cytokine_milieu VALUES ('e618fcbf-ce24-45d2-b01b-904fb0eb0ecf','ea090a42-2f93-4881-ae49-47f0e98881ce',37.1515,15.9988,5.0876,23.938,17.5537,37.8,44.776,127.6053);
INSERT INTO stromal_composition VALUES ('863143b0-17bd-49e6-93de-900cd38c79d3','ea090a42-2f93-4881-ae49-47f0e98881ce',0.2218,0.0974,0.0884,0.4734,4.1987,30.0918);
INSERT INTO ecm_profile VALUES ('f43e3bc0-a769-42df-a191-3dbe81199c97','ea090a42-2f93-4881-ae49-47f0e98881ce',14.1725,6.0395,19.4638,0.2822,0.5063,0.7635,0.3624);
INSERT INTO hypoxia_vasculature VALUES ('f6e2c9da-7654-4ac6-bf52-0b57f9d0ab14','ea090a42-2f93-4881-ae49-47f0e98881ce',1.82,1.1073,4.2,0.3788,55.07,82.9752,101.5113,18.6,6.62);
INSERT INTO organ_function VALUES ('a0a1af11-798c-4d38-9e7d-9b5566660887','ac9aa8b1-3465-4dea-a1a5-783f72f00e85','2020-01-27',46.1,0.9532,5.0,20.6208,9.2315,35.4986,61.8,425.6692,1.0402);
INSERT INTO immune_baseline VALUES ('52384348-1070-49ac-8ec5-908f395aac2a','ac9aa8b1-3465-4dea-a1a5-783f72f00e85','2020-01-27',7.74,1.83,4.78,2.612,455.0136,378.9515,261.3408,10.8634);
INSERT INTO hormonal_profile VALUES ('5c84825f-864d-4593-957a-541bb39215b0','ac9aa8b1-3465-4dea-a1a5-783f72f00e85','2020-01-27',2.0,0.75,462.0,57.541,21.6327,1.7806,5.3919);
INSERT INTO pharmacogenomics VALUES ('e2c7ec62-5aa9-4da7-9be1-ac0a423dfa95','ac9aa8b1-3465-4dea-a1a5-783f72f00e85','UM','NM','PM','*28/*28','low',0,'NM');
INSERT INTO body_composition VALUES ('78d8e82c-a15d-410e-b9c9-81de855ef46a','ac9aa8b1-3465-4dea-a1a5-783f72f00e85','2020-01-27',27.9,35.8,36.8044,107.6645,38.848,1.5656);
INSERT INTO microbiome_profile VALUES ('702d1314-c660-4160-b5cc-7b5dfb38878a','ac9aa8b1-3465-4dea-a1a5-783f72f00e85','2020-01-27','gut','16S_rRNA_V4',3.632,2.1607,0.0261,'[{"genus": "Bacteroides", "rel": 0.154}, {"genus": "Faecalibacterium", "rel": 0.12}, {"genus": "Akkermansia", "rel": 0.0261}]',0);
INSERT INTO tumor_staging VALUES ('643fa2f8-cabc-4ca2-8f53-a666ce3d8d60','ac9aa8b1-3465-4dea-a1a5-783f72f00e85','2020-01-27','8500/3','C50.4','Invasive ductal carcinoma, triple negative','T3','N2','M0','IIIA',2,'left');
INSERT INTO imaging_measurement VALUES ('78cbf2de-6551-45ab-8e54-fd0c30213c46','ac9aa8b1-3465-4dea-a1a5-783f72f00e85','2020-01-01','MRI','L1','primary_left_breast',26.3,9525.0194,2.857,'SD','{"entropy": 4.82, "sphericity": 0.7}');
INSERT INTO pathology_report VALUES ('53b2c72b-a5f2-471a-8183-462bb7e5f4b3','ac9aa8b1-3465-4dea-a1a5-783f72f00e85','2020-01-27','core_needle_biopsy','R0',3,16,0,0,15.5833);
INSERT INTO performance_status VALUES ('037324fb-4777-4a43-859f-69dc276e9d0e','ac9aa8b1-3465-4dea-a1a5-783f72f00e85','2020-01-27',1,95,0,40.7531);
INSERT INTO liquid_biopsy VALUES ('6eb84888-cf6f-4072-b14b-825cbbc9f557','ac9aa8b1-3465-4dea-a1a5-783f72f00e85','2020-01-27',0.1133,50.985,4,'[]','detected',8.8665);
INSERT INTO treatment_regimen VALUES ('76d28518-e80e-443f-8399-6f1ff701face','ac9aa8b1-3465-4dea-a1a5-783f72f00e85',1,'AC-T','neoadjuvant','2020-02-18','2020-07-11','planned_completion','PR',484);
INSERT INTO treatment_drug_dose VALUES ('346a1595-e03d-4bf4-bb93-a05f3a1c45f1','76d28518-e80e-443f-8399-6f1ff701face','8ed4a385-e60c-4c06-9827-b17fc4f5be7e','2020-02-18',85.0,81.0,4.7,'IV',1,1.6244);
INSERT INTO adverse_event VALUES ('fd2fd211-3827-407c-b1c3-f158d246ad89','ac9aa8b1-3465-4dea-a1a5-783f72f00e85','76d28518-e80e-443f-8399-6f1ff701face','Nausea',1,'2020-04-08','2020-05-21','probable','none');
INSERT INTO adverse_event VALUES ('ffa9599f-b06a-4903-b080-438ca168efd4','ac9aa8b1-3465-4dea-a1a5-783f72f00e85','76d28518-e80e-443f-8399-6f1ff701face','Hand-foot syndrome',2,'2020-05-02','2020-05-22','probable','none');
INSERT INTO radiation_plan VALUES ('974bb23d-5fb4-4585-ad09-152d1ad40383','ac9aa8b1-3465-4dea-a1a5-783f72f00e85','photon_EBRT','CTV',53.2586,2.0,25,5,'IMRT',NULL,'{"heart": {"V20Gy_pct": "<25"}, "lung": {"mean_Gy": "<18"}}');
INSERT INTO carcinogen_exposure VALUES ('18fab416-24a3-479c-9a5b-164e90b978ab','ac9aa8b1-3465-4dea-a1a5-783f72f00e85','former',12.2211,11.8429,14.3555,77.296,'[]',0.0,0);
INSERT INTO diet_nutrition VALUES ('00af48c3-e855-4e91-8651-d460e11cba6d','ac9aa8b1-3465-4dea-a1a5-783f72f00e85','2020-01-27','FFQ',1920.176,82.4759,175.0272,58.0172,22.3195,39.2771,36.5796,9.0908,'Mediterranean');
INSERT INTO physical_activity VALUES ('abaea5a3-3f7b-410e-beae-ea7b2aee8ee3','ac9aa8b1-3465-4dea-a1a5-783f72f00e85','2020-01-27',445.1529,100.7217,308.0119,7.4235,12.0,7256,19.8909);
INSERT INTO stress_psychology VALUES ('0700e917-ef5a-4787-bc13-bd32cf827a6f','ac9aa8b1-3465-4dea-a1a5-783f72f00e85','2020-01-27',15,9,3,26.5856,286.44,6.1767,6);
INSERT INTO environmental_exposure VALUES ('18facac6-9a70-40b8-a656-23e48e46fd83','ac9aa8b1-3465-4dea-a1a5-783f72f00e85','2020-01-27',11.2035,20.7376,56.23,'negative',NULL,'negative','negative',7.1976,'naive');
INSERT INTO socioeconomic_context VALUES ('96c6df68-1c64-404c-9e1d-409f47c86c13','ac9aa8b1-3465-4dea-a1a5-783f72f00e85','2020-01-27',28.0282,'public_Medicare',0.4182,0.809,90.0359,'unable_to_work_disability',27.9915,14);
INSERT INTO circadian_profile VALUES ('ac65b059-d505-48dd-9a46-1ab82dd63d39','ac9aa8b1-3465-4dea-a1a5-783f72f00e85','2020-01-27','intermediate',78.2573,19.5546,'22:38',837.9897,0,7);

-- Patient 25: HR+/HER2- early
INSERT INTO patient VALUES ('7411bf15-0c50-4b7d-9c62-3363979c3faf','MRN-5012454','1958-12-06','female','White','{"EUR": 0.44, "AFR": 0.27}','2023-03-17','2023-03-17');
INSERT INTO genomic_sample VALUES ('4deb005e-fdd9-48b7-bb6b-428992692665','7411bf15-0c50-4b7d-9c62-3363979c3faf','tumor','C50.4','2023-03-24','TruSight Oncology 500',0.66,0,'FFPE');
INSERT INTO somatic_mutation VALUES ('3bc5dcc5-308e-41d6-a77c-f25874de46ae','4deb005e-fdd9-48b7-bb6b-428992692665','MYC','chr8',127735434,'A','G','SNV','missense_variant','p.Thr58Ala',0.3174,90,'oncogenic','COSV52759832','3A','SBS5');
INSERT INTO somatic_mutation VALUES ('d50d53f0-1273-43b5-a14c-e0352bb54289','4deb005e-fdd9-48b7-bb6b-428992692665','PTEN','chr10',89692905,'G','A','SNV','missense_variant','p.Arg130Gly',0.4501,240,'oncogenic','COSV52731827','1','SBS5');
INSERT INTO somatic_mutation VALUES ('0c3d562c-24d5-40c4-9359-6b700fdcc77d','4deb005e-fdd9-48b7-bb6b-428992692665','CDH1','chr16',68771195,'C','T','SNV','nonsense_variant','p.Gln333Ter',0.4235,388,'oncogenic','COSV52697483','3A','SBS1');
INSERT INTO somatic_mutation VALUES ('44dcbeae-003e-48ae-b612-748dbc6755d0','4deb005e-fdd9-48b7-bb6b-428992692665','PIK3CA','chr3',179234297,'C','T','SNV','missense_variant','p.His1047Arg',0.2435,288,'oncogenic','COSV52748762','1','SBS1');
INSERT INTO somatic_mutation VALUES ('e42eb567-72a8-48a9-9e95-55bdd8752587','4deb005e-fdd9-48b7-bb6b-428992692665','BRCA2','chr13',32338709,'A','T','SNV','stop_gained','p.Lys1690Ter',0.4408,266,'pathogenic','COSV52712043','1','SBS3');
INSERT INTO copy_number_variant VALUES ('a0a37215-9cd9-40df-8e8a-9bf9f59271c8','4deb005e-fdd9-48b7-bb6b-428992692665','MYC','chr8',127700000,127800000,2.9,-0.1,'neutral',0);
INSERT INTO copy_number_variant VALUES ('75a124f7-5c81-4234-9fda-64053c249cf5','4deb005e-fdd9-48b7-bb6b-428992692665','CDKN2A','chr9',21967000,21995000,0.4,-1.15,'shallow_deletion',0);
INSERT INTO gene_expression VALUES ('173e69c2-e41d-48f4-82c4-fd184c70b6b0','4deb005e-fdd9-48b7-bb6b-428992692665','ENSG00000091831','ESR1',748.58,74.86,1871,6.98,99.0);
INSERT INTO gene_expression VALUES ('9d49495a-2b60-4da7-8670-3c757171b1b2','4deb005e-fdd9-48b7-bb6b-428992692665','ENSG00000141736','ERBB2',39.9,3.99,100,-0.89,36.6);
INSERT INTO gene_expression VALUES ('393f0e40-391a-4c65-a8bd-9202fb747ec1','4deb005e-fdd9-48b7-bb6b-428992692665','ENSG00000148773','MKI67',146.3,14.63,366,0.29,54.4);
INSERT INTO gene_expression VALUES ('6085664b-b5df-4d8e-a5d9-015c40e1193a','4deb005e-fdd9-48b7-bb6b-428992692665','ENSG00000141510','TP53',20.33,5.74,304,-1.11,33.3);
INSERT INTO gene_expression VALUES ('6486c9d0-5bbe-4d83-9394-7e07cec4b620','4deb005e-fdd9-48b7-bb6b-428992692665','ENSG00000012048','BRCA1',14.6,6.75,102,-1.17,32.5);
INSERT INTO gene_expression VALUES ('5783bdca-af36-4156-8408-08ed0024ff16','4deb005e-fdd9-48b7-bb6b-428992692665','ENSG00000139618','BRCA2',34.47,5.55,339,-0.95,35.8);
INSERT INTO gene_expression VALUES ('9a64a8d5-2796-4a15-97e3-890e4e73f303','4deb005e-fdd9-48b7-bb6b-428992692665','ENSG00000171862','PTEN',33.58,4.79,301,-0.96,35.6);
INSERT INTO gene_expression VALUES ('84ffcb71-0b87-45d6-9a27-bd658e54a135','4deb005e-fdd9-48b7-bb6b-428992692665','ENSG00000136997','MYC',2.21,7.0,189,-1.31,30.3);
INSERT INTO protein_expression VALUES ('91ed22de-561e-4391-998a-a687f9fe0fae','4deb005e-fdd9-48b7-bb6b-428992692665','ESR1','P03372','IHC',0.82,232.0,6,'NULL');
INSERT INTO protein_expression VALUES ('6c103565-c7c7-431d-a5a1-ab1b7d1ed6fe','4deb005e-fdd9-48b7-bb6b-428992692665','PGR','P06401','IHC',0.78,228.0,6,'NULL');
INSERT INTO protein_expression VALUES ('cd7bc6db-eca1-4163-8a9e-479f8f0dfce3','4deb005e-fdd9-48b7-bb6b-428992692665','ERBB2','P04626','IHC',-0.59,91.0,2,'pY1248');
INSERT INTO protein_expression VALUES ('1e8e863c-26e0-4526-833b-7c772af17e01','4deb005e-fdd9-48b7-bb6b-428992692665','MKI67','P46013','IHC',-0.88,58.0,0,'NULL');
INSERT INTO epigenetic_mark VALUES ('5f030b3a-68c8-4214-bee0-a576d685e2a7','4deb005e-fdd9-48b7-bb6b-428992692665','DNA_methylation','cg15629539',0.044,'-4.441','ESR1','CpG_island',NULL);
INSERT INTO epigenetic_mark VALUES ('26711ce1-dc25-4c1c-8a1f-0ba824b12d0b','4deb005e-fdd9-48b7-bb6b-428992692665','DNA_methylation','cg27053763',0.173,'-2.257','BRCA1','promoter',NULL);
INSERT INTO epigenetic_mark VALUES ('e54e4010-d63b-4fb1-aba3-185c2c275de4','4deb005e-fdd9-48b7-bb6b-428992692665','H3K27ac','chr17:37800000-37850000',0.176,NULL,'ERBB2','enhancer','0.314');
INSERT INTO ncrna_profile VALUES ('edba77ec-ff30-4513-8de8-c10d80887622','4deb005e-fdd9-48b7-bb6b-428992692665','miRNA','hsa-miR-21-5p','miR-21-5p',0.52,'["PTEN", "PDCD4"]');
INSERT INTO ncrna_profile VALUES ('9f770055-adb6-40c5-8013-a4a110af5e6f','4deb005e-fdd9-48b7-bb6b-428992692665','miRNA','hsa-miR-155-5p','miR-155-5p',8.21,'["SHIP1", "SOCS1"]');
INSERT INTO ncrna_profile VALUES ('b60ab291-b066-4fcc-8d71-2883da5c03b8','4deb005e-fdd9-48b7-bb6b-428992692665','lncRNA','ENSG00000228630','HOTAIR',2.42,'["SHIP1", "SOCS1"]');
INSERT INTO ncrna_profile VALUES ('682be2ae-ea53-4ab2-91a9-e1deb00a29bd','4deb005e-fdd9-48b7-bb6b-428992692665','lncRNA','ENSG00000251562','MALAT1',56.72,'["SHIP1", "SOCS1"]');
INSERT INTO metabolomics_profile VALUES ('d23d6991-bf18-4c20-84c9-43ea60c37cb8','4deb005e-fdd9-48b7-bb6b-428992692665','Lactate','HMDB0000190','C00186',1.06,'LC-MS','organic_acid',-0.63);
INSERT INTO metabolomics_profile VALUES ('90bb1be7-76fa-4813-9fd6-5bdbf6d171d8','4deb005e-fdd9-48b7-bb6b-428992692665','Glutamine','HMDB0000641','C00064',0.14,'LC-MS','amino_acid',-1.24);
INSERT INTO metabolomics_profile VALUES ('fd79db4b-8668-4698-a5d4-97f607a5f96f','4deb005e-fdd9-48b7-bb6b-428992692665','Glucose','HMDB0000122','C00031',6.12,'LC-MS','carbohydrate',2.75);
INSERT INTO metabolomics_profile VALUES ('eb29cc86-0ff5-43b2-80ab-bb4d75702a8c','4deb005e-fdd9-48b7-bb6b-428992692665','Phosphocholine','HMDB0001565','C00588',0.08,'LC-MS','lipid',-1.28);
INSERT INTO tumor_clone VALUES ('d3f7d7fc-d30d-4a3b-91a1-f9386deb7696','4deb005e-fdd9-48b7-bb6b-428992692665','clone_A',0.62,'[]',1,1,0.2222);
INSERT INTO tumor_clone VALUES ('7b737dfd-3ac2-4a4c-b38e-a6ea373698a0','4deb005e-fdd9-48b7-bb6b-428992692665','clone_B',0.38,'[]',0,2,0.0836);
INSERT INTO cell_cycle_state VALUES ('5c45cb75-f36f-4895-a303-12add1a1787f','4deb005e-fdd9-48b7-bb6b-428992692665',0.734,0.091,0.069,0.106,20.8244,480.0,0.1);
INSERT INTO apoptosis_marker VALUES ('634233d4-b30c-4dcd-879e-2a11e44ffd71','4deb005e-fdd9-48b7-bb6b-428992692665',230.0,115.3611,76.0,3.03,0.1225,2.8731,0.7161);
INSERT INTO dna_repair_status VALUES ('7866f0be-827a-42fb-9d54-b869f54d125a','4deb005e-fdd9-48b7-bb6b-428992692665','mutated_somatic','mutated_somatic','proficient_MMR',0.04,7.2,17.1,0,'wildtype');
INSERT INTO metabolic_phenotype VALUES ('efde52d3-1ade-45a5-a211-77e8f6c0e277','4deb005e-fdd9-48b7-bb6b-428992692665',0.443,76.5094,0.4589,0.2042,0.0523,1.5036,0.4039);
INSERT INTO stemness_profile VALUES ('9b6268b3-6e37-4eb5-bde2-9c4e223e6bf8','4deb005e-fdd9-48b7-bb6b-428992692665',73.0403,18.8788,1.4237,0.1914,0.318,0.487,0.7075,0.383);
INSERT INTO drug_resistance_feature VALUES ('c9e6b4a7-f125-46a7-963a-f8d29398a8ce','4deb005e-fdd9-48b7-bb6b-428992692665',0.47,1.072,0.2656,0.6345,'[]',0.3112);
INSERT INTO immune_infiltration VALUES ('eef434b0-98d9-4d1f-9381-01496ff94434','4deb005e-fdd9-48b7-bb6b-428992692665',14.2,15.9902,6.7508,0.9931,7.9918,3.9405,12.1103,2.3103,4.5677,'CIBERSORT');
INSERT INTO checkpoint_expression VALUES ('f8ef384f-304c-4ffa-8107-d9d64eaac9c1','4deb005e-fdd9-48b7-bb6b-428992692665',0.0,0.0,11.2669,18.1748,5.9681,9.0983,9.2045,41.5647);
INSERT INTO cytokine_milieu VALUES ('df50dbc8-854c-468e-b6e1-eb4c5a8b36b2','4deb005e-fdd9-48b7-bb6b-428992692665',32.6061,5.9499,4.1268,27.3114,22.5815,26.4,17.9853,64.9541);
INSERT INTO stromal_composition VALUES ('aeff391b-6440-420b-8947-fdc33e298e7f','4deb005e-fdd9-48b7-bb6b-428992692665',0.3259,0.0887,0.02,0.3474,3.8588,16.1269);
INSERT INTO ecm_profile VALUES ('dfe35f12-b04b-40d3-89f6-be9e66886e4a','4deb005e-fdd9-48b7-bb6b-428992692665',15.4827,4.2565,23.8579,0.3231,0.1862,0.5898,0.4077);
INSERT INTO hypoxia_vasculature VALUES ('67156e1a-c5ff-49dd-b186-fe03d2dd8dfd','4deb005e-fdd9-48b7-bb6b-428992692665',1.41,0.1235,9.7,0.2462,109.533,222.4307,135.9289,7.9,6.85);
INSERT INTO organ_function VALUES ('5f493145-b2c6-49fa-893c-fff9168681c1','7411bf15-0c50-4b7d-9c62-3363979c3faf','2023-03-17',81.4,1.3768,25.1062,36.8094,17.1126,35.3182,58.5,382.554,0.9255);
INSERT INTO immune_baseline VALUES ('4d6daa3d-c0ec-4dc1-a2c9-2f1cc33e4eb9','7411bf15-0c50-4b7d-9c62-3363979c3faf','2023-03-17',8.38,1.74,3.98,2.2874,480.4345,302.5675,329.3265,9.7587);
INSERT INTO hormonal_profile VALUES ('92036dd2-13e2-43e0-824b-cf8b1e5dc1f4','7411bf15-0c50-4b7d-9c62-3363979c3faf','2023-03-17',20.9,0.27,563.0,89.2187,23.3531,0.4492,8.7592);
INSERT INTO pharmacogenomics VALUES ('e795f7cb-a64f-4077-8ac2-81894503cebc','7411bf15-0c50-4b7d-9c62-3363979c3faf','NM','UM','IM','*28/*28','low',0,'NM');
INSERT INTO body_composition VALUES ('68c309c7-cc4d-4e35-bf59-a2289c842985','7411bf15-0c50-4b7d-9c62-3363979c3faf','2023-03-17',25.9,34.2,41.0325,35.0555,33.2292,1.7343);
INSERT INTO microbiome_profile VALUES ('1327dacb-0a20-4e90-bcfc-97ce79d9418b','7411bf15-0c50-4b7d-9c62-3363979c3faf','2023-03-17','gut','16S_rRNA_V4',2.9701,1.633,0.0479,'[{"genus": "Bacteroides", "rel": 0.349}, {"genus": "Faecalibacterium", "rel": 0.092}, {"genus": "Akkermansia", "rel": 0.0479}]',0);
INSERT INTO tumor_staging VALUES ('5e98d481-d04a-42f8-a741-13ded4cbe19b','7411bf15-0c50-4b7d-9c62-3363979c3faf','2023-03-17','8500/3','C50.4','Invasive ductal carcinoma','T2','N1','M0','IIA',1,'right');
INSERT INTO imaging_measurement VALUES ('82ad2590-fdec-4b9e-97da-0c3f7b09cf93','7411bf15-0c50-4b7d-9c62-3363979c3faf','2023-02-26','MRI','L1','primary_left_breast',30.8,15298.5677,3.1124,'SD','{"entropy": 7.63, "sphericity": 0.65}');
INSERT INTO pathology_report VALUES ('974138b5-7392-4b3e-abb9-5407d93757ad','7411bf15-0c50-4b7d-9c62-3363979c3faf','2023-03-17','core_needle_biopsy','R0',2,20,1,1,0.0);
INSERT INTO performance_status VALUES ('7cb6be12-beaf-4b3a-8532-207aad7a43ce','7411bf15-0c50-4b7d-9c62-3363979c3faf','2023-03-17',1,92,3,46.2618);
INSERT INTO liquid_biopsy VALUES ('57de9bbf-5bed-40d3-ad1b-9c193a96ec7b','7411bf15-0c50-4b7d-9c62-3363979c3faf','2023-03-17',0.0589,26.505,4,'[]','detected',7.269);
INSERT INTO treatment_regimen VALUES ('8653e7b1-1b4e-4e51-9b9c-fe18575840e3','7411bf15-0c50-4b7d-9c62-3363979c3faf',1,'Letrozole','adjuvant','2023-04-02','2023-09-17','planned_completion','PR',240);
INSERT INTO treatment_drug_dose VALUES ('b227f2d3-29e2-4f4e-9171-721ce2699208','8653e7b1-1b4e-4e51-9b9c-fe18575840e3','dea8e584-d12c-47bf-a4c0-e739973380b8','2023-04-02',97.0,96.0,1.0,'oral',1,1.0401);
INSERT INTO adverse_event VALUES ('1b9f9e83-a148-455e-b60a-fa0bc1b66f8f','7411bf15-0c50-4b7d-9c62-3363979c3faf','8653e7b1-1b4e-4e51-9b9c-fe18575840e3','Fatigue',1,'2023-06-27','2023-07-29','probable','none');
INSERT INTO adverse_event VALUES ('82774922-e8d5-4eb2-8dac-adb7f4550d9a','7411bf15-0c50-4b7d-9c62-3363979c3faf','8653e7b1-1b4e-4e51-9b9c-fe18575840e3','Diarrhoea',1,'2023-05-26','2023-07-07','probable','none');
INSERT INTO adverse_event VALUES ('3eab17aa-ffe9-4345-a1df-d05d58d67674','7411bf15-0c50-4b7d-9c62-3363979c3faf','8653e7b1-1b4e-4e51-9b9c-fe18575840e3','Peripheral sensory neuropathy',2,'2023-04-14','2023-05-07','probable','none');
INSERT INTO adverse_event VALUES ('c644fb0b-4c20-4473-9a87-86510bbf091c','7411bf15-0c50-4b7d-9c62-3363979c3faf','8653e7b1-1b4e-4e51-9b9c-fe18575840e3','Hand-foot syndrome',2,'2023-04-30','2023-05-28','probable','none');
INSERT INTO carcinogen_exposure VALUES ('d3239d9c-7f47-4eee-879e-7b195f64d143','7411bf15-0c50-4b7d-9c62-3363979c3faf','never',0.0,5.6795,21.9436,95.6365,'[]',0.0,0);
INSERT INTO diet_nutrition VALUES ('42dfd7df-01f9-4f14-a4d7-21db5bc6913b','7411bf15-0c50-4b7d-9c62-3363979c3faf','2023-03-17','FFQ',1920.2887,73.8149,232.6392,74.5793,29.8815,20.7606,17.6253,0.0,'Western');
INSERT INTO physical_activity VALUES ('38289a02-741b-4134-9277-65c02fe3b403','7411bf15-0c50-4b7d-9c62-3363979c3faf','2023-03-17',720.8668,93.1046,267.698,4.1874,20.5535,5949,32.9917);
INSERT INTO stress_psychology VALUES ('c96c592e-abee-4a6e-b936-2b4a766a675d','7411bf15-0c50-4b7d-9c62-3363979c3faf','2023-03-17',23,0,8,18.0,349.06,5.9466,7);
INSERT INTO environmental_exposure VALUES ('317341f0-3cd8-406e-896f-c1c41ed39571','7411bf15-0c50-4b7d-9c62-3363979c3faf','2023-03-17',7.1094,19.0035,53.5914,'negative',NULL,'negative','negative',9.5792,'naive');
INSERT INTO socioeconomic_context VALUES ('88a6f433-57dc-48b9-9aa0-d1e51871b2f8','7411bf15-0c50-4b7d-9c62-3363979c3faf','2023-03-17',60.5263,'private',0.6673,0.4955,100.0,'employed_full_time',33.448,17);
INSERT INTO circadian_profile VALUES ('8ccff8b4-b302-4590-a336-ea438e42f275','7411bf15-0c50-4b7d-9c62-3363979c3faf','2023-03-17','intermediate',92.2379,21.6398,'22:29',279.0668,0,8);

-- Patient 26: HR+/HER2- early
INSERT INTO patient VALUES ('1292acc1-e72b-45a8-99ad-65d65bdf56ef','MRN-9691411','1954-02-20','female','East Asian','{"EUR": 0.7, "AFR": 0.25}','2021-03-09','2021-03-09');
INSERT INTO genomic_sample VALUES ('9c047662-0c58-46ef-8e33-a052a69f05db','1292acc1-e72b-45a8-99ad-65d65bdf56ef','tumor','C50.4','2021-03-28','Guardant360',0.76,0,'FFPE');
INSERT INTO somatic_mutation VALUES ('9e669aa4-9a53-4a2e-939b-5897ca018074','9c047662-0c58-46ef-8e33-a052a69f05db','PTEN','chr10',89692905,'G','A','SNV','missense_variant','p.Arg130Gly',0.2796,293,'oncogenic','COSV52731827','1','SBS5');
INSERT INTO somatic_mutation VALUES ('b2826596-b6a7-4d2a-bb39-0af85931c60c','9c047662-0c58-46ef-8e33-a052a69f05db','ESR1','chr6',152098794,'T','C','SNV','missense_variant','p.Tyr537Cys',0.2196,335,'oncogenic','COSV52744551','1','SBS1');
INSERT INTO somatic_mutation VALUES ('18eae723-2a31-4860-84e1-2dc0096de629','9c047662-0c58-46ef-8e33-a052a69f05db','CDH1','chr16',68771195,'C','T','SNV','nonsense_variant','p.Gln333Ter',0.3584,128,'oncogenic','COSV52697483','3A','SBS1');
INSERT INTO copy_number_variant VALUES ('06a3cc27-4fce-472f-abf3-3e12b72cfeee','9c047662-0c58-46ef-8e33-a052a69f05db','MYC','chr8',127700000,127800000,3.8,0.17,'amplification',0);
INSERT INTO copy_number_variant VALUES ('885e3d7d-e737-4ef4-ab87-b54692f9930e','9c047662-0c58-46ef-8e33-a052a69f05db','CDKN2A','chr9',21967000,21995000,0.0,-2.46,'shallow_deletion',0);
INSERT INTO gene_expression VALUES ('8ae311ea-1c2e-4a3a-a603-18afdedc68b9','9c047662-0c58-46ef-8e33-a052a69f05db','ENSG00000091831','ESR1',910.06,91.01,2275,8.78,99.0);
INSERT INTO gene_expression VALUES ('db0472f2-cd39-401b-a780-1f58b92224b8','9c047662-0c58-46ef-8e33-a052a69f05db','ENSG00000141736','ERBB2',5.0,0.5,12,-1.28,30.8);
INSERT INTO gene_expression VALUES ('db05fa6b-0f47-4f63-95d8-da6df1d7390e','9c047662-0c58-46ef-8e33-a052a69f05db','ENSG00000148773','MKI67',153.54,15.35,384,0.37,55.5);
INSERT INTO gene_expression VALUES ('84781ab6-7949-4105-ac0a-aaaba60dbf58','9c047662-0c58-46ef-8e33-a052a69f05db','ENSG00000141510','TP53',77.73,3.54,187,-0.47,43.0);
INSERT INTO gene_expression VALUES ('6dcbcae9-146a-463f-a9de-af854bc99fe2','9c047662-0c58-46ef-8e33-a052a69f05db','ENSG00000012048','BRCA1',20.83,4.95,62,-1.1,33.5);
INSERT INTO gene_expression VALUES ('bdfa81e8-14ae-4efe-b35d-04e37f8b8618','9c047662-0c58-46ef-8e33-a052a69f05db','ENSG00000139618','BRCA2',45.28,1.38,206,-0.83,37.5);
INSERT INTO gene_expression VALUES ('583488ae-6a42-4a9e-91ac-c366e4171008','9c047662-0c58-46ef-8e33-a052a69f05db','ENSG00000171862','PTEN',1.2,15.0,192,-1.32,30.2);
INSERT INTO gene_expression VALUES ('4db598be-1569-49db-875b-6b5181593e94','9c047662-0c58-46ef-8e33-a052a69f05db','ENSG00000136997','MYC',21.41,5.41,739,-1.1,33.5);
INSERT INTO protein_expression VALUES ('c723c0eb-2975-4d79-b8a0-de61adb73f60','9c047662-0c58-46ef-8e33-a052a69f05db','ESR1','P03372','IHC',0.99,249.0,6,'NULL');
INSERT INTO protein_expression VALUES ('40ee4fb2-fdda-480a-9ca1-41251fd12ea0','9c047662-0c58-46ef-8e33-a052a69f05db','PGR','P06401','IHC',0.15,165.0,4,'NULL');
INSERT INTO protein_expression VALUES ('5fd7c095-2392-4862-b8d7-e40353ce463b','9c047662-0c58-46ef-8e33-a052a69f05db','ERBB2','P04626','IHC',-0.77,73.0,2,'pY1248');
INSERT INTO protein_expression VALUES ('e3b52122-6100-489f-bfd5-fc1e0973de75','9c047662-0c58-46ef-8e33-a052a69f05db','MKI67','P46013','IHC',-1.11,36.0,0,'NULL');
INSERT INTO epigenetic_mark VALUES ('1b4bdbb2-1677-4ba9-9f12-b0a3301b26cb','9c047662-0c58-46ef-8e33-a052a69f05db','DNA_methylation','cg15629539',0.078,'-3.563','ESR1','CpG_island',NULL);
INSERT INTO epigenetic_mark VALUES ('5f24fdd2-3f1c-4c01-b318-cbf5ff249659','9c047662-0c58-46ef-8e33-a052a69f05db','DNA_methylation','cg27053763',0.049,'-4.279','BRCA1','promoter',NULL);
INSERT INTO epigenetic_mark VALUES ('839be724-6c0f-4fbb-9b57-727f7c622218','9c047662-0c58-46ef-8e33-a052a69f05db','H3K27ac','chr17:37800000-37850000',0.218,NULL,'ERBB2','enhancer','0.818');
INSERT INTO ncrna_profile VALUES ('8fabe1af-7712-4928-a030-ac8d54748591','9c047662-0c58-46ef-8e33-a052a69f05db','miRNA','hsa-miR-21-5p','miR-21-5p',3.06,'["PTEN", "PDCD4"]');
INSERT INTO ncrna_profile VALUES ('e6aabb4a-276a-455b-b977-a46b7fa42f1b','9c047662-0c58-46ef-8e33-a052a69f05db','miRNA','hsa-miR-155-5p','miR-155-5p',6.43,'["SHIP1", "SOCS1"]');
INSERT INTO ncrna_profile VALUES ('b4e03182-7bc1-4516-9e05-80edc73d6c99','9c047662-0c58-46ef-8e33-a052a69f05db','lncRNA','ENSG00000228630','HOTAIR',2.92,'["SHIP1", "SOCS1"]');
INSERT INTO ncrna_profile VALUES ('7f93bc22-0ebf-42fa-bc10-6fbad4f668f2','9c047662-0c58-46ef-8e33-a052a69f05db','lncRNA','ENSG00000251562','MALAT1',33.2,'["SHIP1", "SOCS1"]');
INSERT INTO metabolomics_profile VALUES ('2663a094-2bf0-4dce-ba05-83ba0e0bd35c','9c047662-0c58-46ef-8e33-a052a69f05db','Lactate','HMDB0000190','C00186',2.44,'LC-MS','organic_acid',0.29);
INSERT INTO metabolomics_profile VALUES ('2c5a9b64-fd51-4fdf-b191-bf181e59d3f0','9c047662-0c58-46ef-8e33-a052a69f05db','Glutamine','HMDB0000641','C00064',0.43,'LC-MS','amino_acid',-1.05);
INSERT INTO metabolomics_profile VALUES ('07405318-7c06-449e-a045-7fd79e60178f','9c047662-0c58-46ef-8e33-a052a69f05db','Glucose','HMDB0000122','C00031',4.63,'LC-MS','carbohydrate',1.75);
INSERT INTO metabolomics_profile VALUES ('c1b9b492-d2d9-422b-8349-aed60d6fec48','9c047662-0c58-46ef-8e33-a052a69f05db','Phosphocholine','HMDB0001565','C00588',0.22,'LC-MS','lipid',-1.19);
INSERT INTO tumor_clone VALUES ('3d2535bd-45a7-482e-a281-91c85742957a','9c047662-0c58-46ef-8e33-a052a69f05db','clone_A',0.57,'[]',1,1,0.05);
INSERT INTO tumor_clone VALUES ('d1879114-5e3e-40f0-925b-ddf734872ea6','9c047662-0c58-46ef-8e33-a052a69f05db','clone_B',0.43,'[]',0,2,0.0991);
INSERT INTO cell_cycle_state VALUES ('48f64835-da91-4a75-8f67-49d6249b42c9','9c047662-0c58-46ef-8e33-a052a69f05db',0.854,0.066,0.037,0.043,13.022,480.0,0.0);
INSERT INTO apoptosis_marker VALUES ('2ea3130a-a94a-4136-a9e3-2c7797ab6aac','9c047662-0c58-46ef-8e33-a052a69f05db',154.0,133.6343,76.0,2.03,0.2235,5.1728,1.1097);
INSERT INTO dna_repair_status VALUES ('7adfccc7-801a-4bcc-8f46-8c520a89c3bc','9c047662-0c58-46ef-8e33-a052a69f05db','wildtype','wildtype','proficient_MMR',0.04,1.9,26.1,0,'wildtype');
INSERT INTO metabolic_phenotype VALUES ('d660ae2b-f348-4196-8a8c-c32382933026','9c047662-0c58-46ef-8e33-a052a69f05db',0.378,80.3855,0.1984,0.4338,0.275,1.475,0.7201);
INSERT INTO stemness_profile VALUES ('847d88e0-6290-4016-91db-a68a092f959c','9c047662-0c58-46ef-8e33-a052a69f05db',52.467,3.6161,0.0,0.2388,0.468,0.359,0.1967,0.1622);
INSERT INTO drug_resistance_feature VALUES ('b7a13077-411e-40d4-9729-64a03ca9d4b8','9c047662-0c58-46ef-8e33-a052a69f05db',0.7,0.5806,0.5161,0.7807,'[]',0.2597);
INSERT INTO immune_infiltration VALUES ('9fcf5ca1-aacc-4482-871c-23e9aed14b7f','9c047662-0c58-46ef-8e33-a052a69f05db',15.6,14.2749,1.6427,3.5936,3.0217,8.6981,9.2247,4.8715,5.9814,'CIBERSORT');
INSERT INTO checkpoint_expression VALUES ('dd767ad2-b592-46b7-a39a-adb6e2345ca6','9c047662-0c58-46ef-8e33-a052a69f05db',15.7,28.26,2.6032,10.9174,16.1857,10.0847,8.4604,27.336);
INSERT INTO cytokine_milieu VALUES ('951b2b22-ce91-42c3-8570-cf9bc32c1653','9c047662-0c58-46ef-8e33-a052a69f05db',16.8705,14.1679,2.3764,29.9673,19.7466,16.1,80.0911,56.6928);
INSERT INTO stromal_composition VALUES ('b45885a0-cb49-4d51-9aee-db44b8dfa112','9c047662-0c58-46ef-8e33-a052a69f05db',0.2555,0.0302,0.0509,0.4474,2.2284,43.0301);
INSERT INTO ecm_profile VALUES ('c4fa1932-6da0-42cf-b20d-02ea4b5bbcb1','9c047662-0c58-46ef-8e33-a052a69f05db',13.014,6.0793,42.0184,0.6509,0.3695,0.8188,0.3991);
INSERT INTO hypoxia_vasculature VALUES ('f9e6a928-223b-4d9e-9dc7-4711c9db4a55','9c047662-0c58-46ef-8e33-a052a69f05db',0.83,0.6301,8.3,0.1704,61.9621,119.4208,113.0922,13.6,6.93);
INSERT INTO organ_function VALUES ('5a1ad5db-3e33-4a33-a4b2-bcf7f801053f','1292acc1-e72b-45a8-99ad-65d65bdf56ef','2021-03-09',57.3,1.0876,17.2276,32.122,7.4484,33.8977,54.0,436.2704,1.0225);
INSERT INTO immune_baseline VALUES ('4f993498-81b5-43fb-808f-8224b874488e','1292acc1-e72b-45a8-99ad-65d65bdf56ef','2021-03-09',7.46,1.56,4.72,3.0256,608.6095,435.9359,166.9933,9.9324);
INSERT INTO hormonal_profile VALUES ('976f1428-46df-4ae1-ba20-511a60a8ddb5','1292acc1-e72b-45a8-99ad-65d65bdf56ef','2021-03-09',14.5,0.49,425.0,69.7853,27.5938,2.7255,4.672);
INSERT INTO pharmacogenomics VALUES ('c7242e91-e623-4999-9275-8f4048210b1d','1292acc1-e72b-45a8-99ad-65d65bdf56ef','PM','NM','NM','*1/*28','normal',0,'NM');
INSERT INTO body_composition VALUES ('67dc183f-ca28-4cc9-9513-c3833e2b4d10','1292acc1-e72b-45a8-99ad-65d65bdf56ef','2021-03-09',29.0,38.5,39.1689,113.2113,37.3943,1.6991);
INSERT INTO microbiome_profile VALUES ('0aed46b5-8c8f-4273-ac27-e33caaefd66c','1292acc1-e72b-45a8-99ad-65d65bdf56ef','2021-03-09','gut','16S_rRNA_V4',3.2597,2.1198,0.0194,'[{"genus": "Bacteroides", "rel": 0.264}, {"genus": "Faecalibacterium", "rel": 0.175}, {"genus": "Akkermansia", "rel": 0.0194}]',0);
INSERT INTO tumor_staging VALUES ('0b7ffc7f-a4ea-4c9c-9a0d-3d96e47f5b74','1292acc1-e72b-45a8-99ad-65d65bdf56ef','2021-03-09','8500/3','C50.4','Invasive ductal carcinoma','T4','N3','M0','I',2,'left');
INSERT INTO imaging_measurement VALUES ('da18f520-045d-4722-827a-d7d8908804e6','1292acc1-e72b-45a8-99ad-65d65bdf56ef','2021-02-13','MRI','L1','primary_left_breast',21.6,5276.6693,2.1354,'SD','{"entropy": 6.92, "sphericity": 0.9}');
INSERT INTO pathology_report VALUES ('7fcf39a6-6780-4fb5-8fb3-47ce850837d8','1292acc1-e72b-45a8-99ad-65d65bdf56ef','2021-03-09','core_needle_biopsy','R0',4,7,0,0,0.0);
INSERT INTO performance_status VALUES ('4ecbfcb8-6ecf-46af-be7a-ed862c8aee3c','1292acc1-e72b-45a8-99ad-65d65bdf56ef','2021-03-09',2,97,3,24.1385);
INSERT INTO liquid_biopsy VALUES ('8417280a-93c2-4dad-b73d-062e3b8117cd','1292acc1-e72b-45a8-99ad-65d65bdf56ef','2021-03-09',0.082,36.9,0,'[]','detected',13.0549);
INSERT INTO treatment_regimen VALUES ('beff6c30-bf77-4af5-a604-a93a3989bd39','1292acc1-e72b-45a8-99ad-65d65bdf56ef',1,'Letrozole','adjuvant','2021-04-05','2022-05-25','planned_completion','PR',503);
INSERT INTO treatment_drug_dose VALUES ('ac1ee0a0-6cb1-411a-ab27-60c966c9646a','beff6c30-bf77-4af5-a604-a93a3989bd39','dea8e584-d12c-47bf-a4c0-e739973380b8','2021-04-05',68.0,64.0,5.9,'oral',1,0.8746);
INSERT INTO adverse_event VALUES ('7fe1cf32-c066-43ec-9489-2a10cfd5f2c4','1292acc1-e72b-45a8-99ad-65d65bdf56ef','beff6c30-bf77-4af5-a604-a93a3989bd39','Diarrhoea',1,'2021-07-03','2021-08-23','probable','none');
INSERT INTO adverse_event VALUES ('1083798f-240f-48f2-9835-89ff20257a81','1292acc1-e72b-45a8-99ad-65d65bdf56ef','beff6c30-bf77-4af5-a604-a93a3989bd39','Hand-foot syndrome',1,'2021-06-06','2021-07-01','probable','none');
INSERT INTO radiation_plan VALUES ('2a225e9a-54ce-4297-b5c3-ce6cc82306b4','1292acc1-e72b-45a8-99ad-65d65bdf56ef','photon_EBRT','CTV',46.6329,2.0,25,5,'IMRT',NULL,'{"heart": {"V20Gy_pct": "<25"}, "lung": {"mean_Gy": "<18"}}');
INSERT INTO carcinogen_exposure VALUES ('b84c5b65-94d8-4ed0-a1ad-e8abe54e93ad','1292acc1-e72b-45a8-99ad-65d65bdf56ef','never',0.0,5.3162,36.3992,84.9694,'[]',0.0,0);
INSERT INTO diet_nutrition VALUES ('0cbe2ddf-b1a7-491c-aeb5-b74bfc1a84e6','1292acc1-e72b-45a8-99ad-65d65bdf56ef','2021-03-09','FFQ',1662.4987,44.8949,158.2285,66.7325,19.3467,44.3868,36.2191,18.9931,'plant_based');
INSERT INTO physical_activity VALUES ('01db7aab-54bf-4f61-8b16-e39cd9848824','1292acc1-e72b-45a8-99ad-65d65bdf56ef','2021-03-09',475.9753,87.3909,118.1358,3.0,31.2218,6987,31.4799);
INSERT INTO stress_psychology VALUES ('6a7ef620-fcde-4a1a-b47c-4e3b92a7ed41','1292acc1-e72b-45a8-99ad-65d65bdf56ef','2021-03-09',15,6,5,42.7944,263.5,7.511,14);
INSERT INTO environmental_exposure VALUES ('ee0e3d4c-63d1-4330-9a54-e13755e0c007','1292acc1-e72b-45a8-99ad-65d65bdf56ef','2021-03-09',15.8758,3.0,34.8441,'negative',NULL,'negative','negative',8.2865,'naive');
INSERT INTO socioeconomic_context VALUES ('1ceba2e6-8fdc-4a9b-868d-c64ba709a0d8','1292acc1-e72b-45a8-99ad-65d65bdf56ef','2021-03-09',5.0,'public_Medicare',0.4811,0.7533,62.4079,'employed_part_time',41.2203,18);
INSERT INTO circadian_profile VALUES ('4ff5bb52-cbb0-440b-b197-32fbfd25cca1','1292acc1-e72b-45a8-99ad-65d65bdf56ef','2021-03-09','morning',96.1081,23.269,'22:07',581.8297,0,8);

-- Patient 27: TNBC
INSERT INTO patient VALUES ('3b5cd334-0e71-4eda-ba26-b29aaaf18354','MRN-2015104','1966-10-26','female','Mixed','{"EUR": 0.82, "AFR": 0.26}','2020-11-22','2020-11-22');
INSERT INTO genomic_sample VALUES ('8bcc5096-3026-470c-8a94-6a0dcb3a7df0','3b5cd334-0e71-4eda-ba26-b29aaaf18354','tumor','C50.4','2020-12-09','Guardant360',0.39,0,'FFPE');
INSERT INTO somatic_mutation VALUES ('684e0002-94eb-4229-91cf-9b1a15b92dd2','8bcc5096-3026-470c-8a94-6a0dcb3a7df0','TP53','chr17',7674220,'G','A','SNV','missense_variant','p.Arg248Trp',0.4966,136,'oncogenic','COSV52743007','1','SBS5');
INSERT INTO somatic_mutation VALUES ('39e5b7c9-d27d-4b77-8477-9bca7ee95742','8bcc5096-3026-470c-8a94-6a0dcb3a7df0','PIK3CA','chr3',179234297,'C','T','SNV','missense_variant','p.His1047Arg',0.1034,134,'oncogenic','COSV52748762','1','SBS1');
INSERT INTO somatic_mutation VALUES ('d35e3f52-1762-48ad-be65-469f5cce9763','8bcc5096-3026-470c-8a94-6a0dcb3a7df0','BRCA2','chr13',32338709,'A','T','SNV','stop_gained','p.Lys1690Ter',0.4363,132,'pathogenic','COSV52712043','1','SBS3');
INSERT INTO copy_number_variant VALUES ('b7cbc2ff-b7e8-4e33-9b6d-44d4d47b7791','8bcc5096-3026-470c-8a94-6a0dcb3a7df0','PTEN','chr10',89600000,89900000,0.0,-2.05,'deep_deletion',1);
INSERT INTO copy_number_variant VALUES ('969e57ac-c5b3-4b32-be5c-3237ed741bf8','8bcc5096-3026-470c-8a94-6a0dcb3a7df0','MYC','chr8',127700000,127800000,5.2,0.55,'amplification',0);
INSERT INTO copy_number_variant VALUES ('035bfbd2-7888-4b67-9e72-319762689a88','8bcc5096-3026-470c-8a94-6a0dcb3a7df0','CDKN2A','chr9',21967000,21995000,0.0,-1.94,'shallow_deletion',0);
INSERT INTO gene_expression VALUES ('18fa9442-4e13-4d0d-b44b-12347c3f911e','8bcc5096-3026-470c-8a94-6a0dcb3a7df0','ENSG00000091831','ESR1',223.36,22.34,558,1.15,67.2);
INSERT INTO gene_expression VALUES ('17f62401-a7f5-4584-ac65-026f042eb5b3','8bcc5096-3026-470c-8a94-6a0dcb3a7df0','ENSG00000141736','ERBB2',5.0,0.5,12,-1.28,30.8);
INSERT INTO gene_expression VALUES ('4a8aa196-1263-4884-bdaa-a7a99c253581','8bcc5096-3026-470c-8a94-6a0dcb3a7df0','ENSG00000148773','MKI67',473.95,47.4,1185,3.93,99.0);
INSERT INTO gene_expression VALUES ('a30e5982-502c-42f9-9dc5-956e46269ba3','8bcc5096-3026-470c-8a94-6a0dcb3a7df0','ENSG00000141510','TP53',84.8,7.56,221,-0.39,44.1);
INSERT INTO gene_expression VALUES ('5202d845-a4a9-4dc1-92c5-f98fc054753e','8bcc5096-3026-470c-8a94-6a0dcb3a7df0','ENSG00000012048','BRCA1',46.43,3.9,143,-0.82,37.7);
INSERT INTO gene_expression VALUES ('1db8e51b-ab65-4e9a-911b-0086ca43632f','8bcc5096-3026-470c-8a94-6a0dcb3a7df0','ENSG00000139618','BRCA2',22.56,6.28,43,-1.08,33.8);
INSERT INTO gene_expression VALUES ('11a75599-c040-49c3-9230-84490fd1d734','8bcc5096-3026-470c-8a94-6a0dcb3a7df0','ENSG00000171862','PTEN',64.2,10.29,409,-0.62,40.7);
INSERT INTO gene_expression VALUES ('13bbe898-c390-4623-9107-f6babaa64df8','8bcc5096-3026-470c-8a94-6a0dcb3a7df0','ENSG00000136997','MYC',72.11,6.87,352,-0.53,42.0);
INSERT INTO protein_expression VALUES ('c00fca5b-5b4c-4aea-9630-04fb88dfdd49','8bcc5096-3026-470c-8a94-6a0dcb3a7df0','ESR1','P03372','IHC',-1.5,0.0,0,'NULL');
INSERT INTO protein_expression VALUES ('943bc1fb-a615-467b-86f7-eef25743cacb','8bcc5096-3026-470c-8a94-6a0dcb3a7df0','PGR','P06401','IHC',-0.96,54.0,1,'NULL');
INSERT INTO protein_expression VALUES ('61dbdd45-7f82-4823-983a-58eaebb7dc00','8bcc5096-3026-470c-8a94-6a0dcb3a7df0','ERBB2','P04626','IHC',-1.5,0.0,0,'pY1248');
INSERT INTO protein_expression VALUES ('0affad45-032f-4cad-90b7-e5247cd98fd9','8bcc5096-3026-470c-8a94-6a0dcb3a7df0','MKI67','P46013','IHC',0.28,167.0,0,'NULL');
INSERT INTO epigenetic_mark VALUES ('1b8b99c0-4a3f-4558-8f05-039f5ab640dc','8bcc5096-3026-470c-8a94-6a0dcb3a7df0','DNA_methylation','cg15629539',0.707,'1.271','ESR1','CpG_island',NULL);
INSERT INTO epigenetic_mark VALUES ('2bb0c018-a90e-4223-8806-5f03b6d8d587','8bcc5096-3026-470c-8a94-6a0dcb3a7df0','DNA_methylation','cg27053763',0.228,'-1.76','BRCA1','promoter',NULL);
INSERT INTO epigenetic_mark VALUES ('92601d34-4666-430e-a917-c756d78a771f','8bcc5096-3026-470c-8a94-6a0dcb3a7df0','H3K27ac','chr17:37800000-37850000',0.174,NULL,'ERBB2','enhancer','2.191');
INSERT INTO ncrna_profile VALUES ('80c69ad0-8f74-45f3-8a5d-b7f622acc1a9','8bcc5096-3026-470c-8a94-6a0dcb3a7df0','miRNA','hsa-miR-21-5p','miR-21-5p',8.71,'["PTEN", "PDCD4"]');
INSERT INTO ncrna_profile VALUES ('d0f6d40d-7633-4f50-aba5-525820fa585c','8bcc5096-3026-470c-8a94-6a0dcb3a7df0','miRNA','hsa-miR-155-5p','miR-155-5p',5.69,'["SHIP1", "SOCS1"]');
INSERT INTO ncrna_profile VALUES ('7f991230-ee46-4131-82ac-a2e97838e9c4','8bcc5096-3026-470c-8a94-6a0dcb3a7df0','lncRNA','ENSG00000228630','HOTAIR',0.32,'["SHIP1", "SOCS1"]');
INSERT INTO ncrna_profile VALUES ('4c7351ef-e710-4632-9883-7ec601cab935','8bcc5096-3026-470c-8a94-6a0dcb3a7df0','lncRNA','ENSG00000251562','MALAT1',34.0,'["SHIP1", "SOCS1"]');
INSERT INTO metabolomics_profile VALUES ('bfc1adf2-5e96-4f1c-a1a8-d05a791ce338','8bcc5096-3026-470c-8a94-6a0dcb3a7df0','Lactate','HMDB0000190','C00186',4.28,'LC-MS','organic_acid',1.52);
INSERT INTO metabolomics_profile VALUES ('11a54601-0612-42a2-b802-e7bee0d19264','8bcc5096-3026-470c-8a94-6a0dcb3a7df0','Glutamine','HMDB0000641','C00064',0.55,'LC-MS','amino_acid',-0.97);
INSERT INTO metabolomics_profile VALUES ('a361c4a0-ba26-4942-8692-ea5a5fdae342','8bcc5096-3026-470c-8a94-6a0dcb3a7df0','Glucose','HMDB0000122','C00031',4.25,'LC-MS','carbohydrate',1.5);
INSERT INTO metabolomics_profile VALUES ('86d0ecf2-17a9-4f87-8162-658b296ca841','8bcc5096-3026-470c-8a94-6a0dcb3a7df0','Phosphocholine','HMDB0001565','C00588',0.17,'LC-MS','lipid',-1.22);
INSERT INTO tumor_clone VALUES ('88c98a6d-010f-401a-b4b3-31a15c960caa','8bcc5096-3026-470c-8a94-6a0dcb3a7df0','clone_A',0.74,'[]',1,1,0.1552);
INSERT INTO tumor_clone VALUES ('e69eebc5-128a-48eb-95eb-6948dc2af28d','8bcc5096-3026-470c-8a94-6a0dcb3a7df0','clone_B',0.26,'[]',0,2,0.0845);
INSERT INTO cell_cycle_state VALUES ('7e981eab-d686-4a9c-bf48-e81221089e0d','8bcc5096-3026-470c-8a94-6a0dcb3a7df0',0.468,0.307,0.068,0.157,59.4694,271.2,8.6);
INSERT INTO apoptosis_marker VALUES ('46c2475b-44e4-47c6-9039-7b8d93881356','8bcc5096-3026-470c-8a94-6a0dcb3a7df0',58.0,129.0693,129.0,0.45,0.1187,2.0797,1.5847);
INSERT INTO dna_repair_status VALUES ('599a6771-2d47-473b-8c89-645f18d5d0da','8bcc5096-3026-470c-8a94-6a0dcb3a7df0','mutated_somatic','mutated_somatic','deficient_MMR',0.32,11.3,42.2,0,'wildtype');
INSERT INTO metabolic_phenotype VALUES ('ca25a582-95d9-4c3c-9222-f28cc0848293','8bcc5096-3026-470c-8a94-6a0dcb3a7df0',0.58,70.0438,0.5375,0.2319,0.5373,0.949,0.3718);
INSERT INTO stemness_profile VALUES ('2e1cd6ad-d878-4e92-b760-477a5940ee09','8bcc5096-3026-470c-8a94-6a0dcb3a7df0',204.2756,40.4825,5.8416,0.3487,0.331,0.668,0.7332,0.4448);
INSERT INTO drug_resistance_feature VALUES ('18d9f4e4-1dab-4f48-9ac6-c0a1f98fb0a2','8bcc5096-3026-470c-8a94-6a0dcb3a7df0',2.01,1.0613,0.5693,0.7767,'[]',1.0);
INSERT INTO immune_infiltration VALUES ('40dc7964-088a-4199-82f7-4082a503716e','8bcc5096-3026-470c-8a94-6a0dcb3a7df0',8.1,15.5128,8.6232,4.4884,1.9464,15.5438,25.0451,3.8599,8.2942,'CIBERSORT');
INSERT INTO checkpoint_expression VALUES ('6f301e42-ffd7-41b5-99ec-3fc1e339a9b2','8bcc5096-3026-470c-8a94-6a0dcb3a7df0',55.0,99.0,4.5494,13.0598,12.1046,7.64,14.2721,31.1116);
INSERT INTO cytokine_milieu VALUES ('52078127-b104-4f92-a3cb-120191819824','8bcc5096-3026-470c-8a94-6a0dcb3a7df0',21.7881,9.9597,8.7304,9.2659,20.893,27.0,29.2078,125.939);
INSERT INTO stromal_composition VALUES ('a9395ead-6696-42ec-960a-4ec439993b71','8bcc5096-3026-470c-8a94-6a0dcb3a7df0',0.312,0.0604,0.0932,0.5463,3.5429,32.7657);
INSERT INTO ecm_profile VALUES ('6d6e90e8-505c-473a-9c6f-38a0d5322551','8bcc5096-3026-470c-8a94-6a0dcb3a7df0',14.3754,7.7282,13.2403,0.7198,0.3568,0.7819,0.4093);
INSERT INTO hypoxia_vasculature VALUES ('d2f83ffe-4c55-4843-b841-755c9e4aa227','8bcc5096-3026-470c-8a94-6a0dcb3a7df0',2.24,1.1051,3.9,0.3976,72.9401,213.0507,102.5575,19.4,6.92);
INSERT INTO organ_function VALUES ('8792b8d5-d6fa-4289-9bb7-c53bdc8988a2','3b5cd334-0e71-4eda-ba26-b29aaaf18354','2020-11-22',56.4,1.0768,10.8102,14.7597,11.6281,35.5164,58.3,430.9975,1.0835);
INSERT INTO immune_baseline VALUES ('d998cb97-82b7-41c6-9ad5-dfbebeeae85b','3b5cd334-0e71-4eda-ba26-b29aaaf18354','2020-11-22',5.67,2.57,5.29,2.0584,573.4779,347.2121,434.9407,10.9968);
INSERT INTO hormonal_profile VALUES ('3695ad91-345a-449c-ab38-a43400621ec1','3b5cd334-0e71-4eda-ba26-b29aaaf18354','2020-11-22',2.0,0.63,353.0,84.1058,12.8572,1.5905,5.4413);
INSERT INTO pharmacogenomics VALUES ('3a8b07a7-e732-466b-8ad9-7442f69926c2','3b5cd334-0e71-4eda-ba26-b29aaaf18354','NM','NM','NM','*1/*28','normal',0,'NM');
INSERT INTO body_composition VALUES ('a0e8319e-13c5-433f-8072-22aae05cb0ec','3b5cd334-0e71-4eda-ba26-b29aaaf18354','2020-11-22',28.5,37.3,23.7453,93.5447,33.8835,1.6474);
INSERT INTO microbiome_profile VALUES ('f8d27fd6-29c5-43e4-b076-fd6920114299','3b5cd334-0e71-4eda-ba26-b29aaaf18354','2020-11-22','gut','16S_rRNA_V4',3.1492,2.386,0.0,'[{"genus": "Bacteroides", "rel": 0.289}, {"genus": "Faecalibacterium", "rel": 0.118}, {"genus": "Akkermansia", "rel": 0.0}]',0);
INSERT INTO tumor_staging VALUES ('1229626c-d66d-4577-a04b-24bd562c2b83','3b5cd334-0e71-4eda-ba26-b29aaaf18354','2020-11-22','8500/3','C50.4','Invasive ductal carcinoma, triple negative','T3','N2','M0','IIIA',1,'left');
INSERT INTO imaging_measurement VALUES ('28e77060-9a2b-462c-96f1-ab7a0afdaf47','3b5cd334-0e71-4eda-ba26-b29aaaf18354','2020-11-04','MRI','L1','primary_left_breast',26.0,9202.7721,3.7911,'SD','{"entropy": 5.16, "sphericity": 0.71}');
INSERT INTO pathology_report VALUES ('b0f32117-a2db-433b-a3fd-ca6ebcd22a0f','3b5cd334-0e71-4eda-ba26-b29aaaf18354','2020-11-22','core_needle_biopsy','R0',6,9,0,0,46.0497);
INSERT INTO performance_status VALUES ('3059981b-18a0-4b33-ad3e-37ecfee2322c','3b5cd334-0e71-4eda-ba26-b29aaaf18354','2020-11-22',0,70,1,43.0211);
INSERT INTO liquid_biopsy VALUES ('d9513a3f-1429-4a05-b94f-239afb55af6b','3b5cd334-0e71-4eda-ba26-b29aaaf18354','2020-11-22',0.132,59.4,0,'[]','detected',14.3609);
INSERT INTO treatment_regimen VALUES ('150e148f-1993-4a69-836d-434393df00a1','3b5cd334-0e71-4eda-ba26-b29aaaf18354',1,'AC-T','neoadjuvant','2020-12-15','2021-08-02','planned_completion','PR',367);
INSERT INTO treatment_drug_dose VALUES ('9c6cc8e6-2967-48f1-a028-9e36122756b8','150e148f-1993-4a69-836d-434393df00a1','8ed4a385-e60c-4c06-9827-b17fc4f5be7e','2020-12-15',72.0,71.0,1.4,'IV',1,0.9746);
INSERT INTO adverse_event VALUES ('ae440632-a422-404a-8a09-f967883a9268','3b5cd334-0e71-4eda-ba26-b29aaaf18354','150e148f-1993-4a69-836d-434393df00a1','Alopecia',1,'2020-12-27','2021-02-08','probable','none');
INSERT INTO adverse_event VALUES ('7a45b591-595d-4f84-ad2f-9dc20be0a300','3b5cd334-0e71-4eda-ba26-b29aaaf18354','150e148f-1993-4a69-836d-434393df00a1','Fatigue',2,'2021-01-30','2021-02-27','probable','none');
INSERT INTO carcinogen_exposure VALUES ('93fb938a-4d48-4a36-a967-986225837cea','3b5cd334-0e71-4eda-ba26-b29aaaf18354','never',0.0,3.9785,11.9176,64.6682,'[]',0.0,0);
INSERT INTO diet_nutrition VALUES ('3125efa6-c275-490e-8c8a-9a061a4f23a9','3b5cd334-0e71-4eda-ba26-b29aaaf18354','2020-11-22','FFQ',1441.7049,52.0913,221.9552,37.7206,25.7863,34.5888,37.164,4.8478,'Mediterranean');
INSERT INTO physical_activity VALUES ('626d8442-cff2-4200-bbb6-2a72134bab2f','3b5cd334-0e71-4eda-ba26-b29aaaf18354','2020-11-22',385.9511,164.2188,137.3024,11.0573,30.9614,4539,29.6926);
INSERT INTO stress_psychology VALUES ('da070f41-f009-4c0f-a4a1-96cae300c6f4','3b5cd334-0e71-4eda-ba26-b29aaaf18354','2020-11-22',19,9,13,44.627,218.86,6.9279,7);
INSERT INTO environmental_exposure VALUES ('1aa56c01-a383-4632-82c7-16293d00d923','3b5cd334-0e71-4eda-ba26-b29aaaf18354','2020-11-22',6.7221,8.9089,86.5864,'negative',NULL,'negative','negative',12.0116,'naive');
INSERT INTO socioeconomic_context VALUES ('a2e1cac6-95cf-45f8-b2e4-49b44ab3cc73','3b5cd334-0e71-4eda-ba26-b29aaaf18354','2020-11-22',12.7364,'public_Medicaid',0.6413,0.4024,68.594,'employed_full_time',47.6581,12);
INSERT INTO circadian_profile VALUES ('37f2a9d3-1de4-4494-b1fa-a1129ed915f7','3b5cd334-0e71-4eda-ba26-b29aaaf18354','2020-11-22','morning',94.8716,21.5758,'22:53',1007.7479,0,14);

-- Patient 28: HR+/HER2- early
INSERT INTO patient VALUES ('3921efa0-2fe5-4ede-9397-50c60f407f71','MRN-5671996','1968-12-07','female','White','{"EUR": 0.37, "AFR": 0.05}','2021-08-05','2021-08-05');
INSERT INTO genomic_sample VALUES ('6fb42a33-2030-4fbb-a207-2ac7b7dd7558','3921efa0-2fe5-4ede-9397-50c60f407f71','tumor','C50.4','2021-08-06','Guardant360',0.7,0,'FFPE');
INSERT INTO somatic_mutation VALUES ('ea7d9d65-266e-42ff-953e-6b03b0056994','6fb42a33-2030-4fbb-a207-2ac7b7dd7558','BRCA1','chr17',43094464,'T','A','SNV','missense_variant','p.Cys1697Ser',0.3525,173,'pathogenic','COSV52701256','1','SBS3');
INSERT INTO somatic_mutation VALUES ('58c796d0-62d0-428c-88a7-4949bf776445','6fb42a33-2030-4fbb-a207-2ac7b7dd7558','MAP3K1','chr5',56115628,'G','A','SNV','missense_variant','p.Glu1298Lys',0.2072,210,'oncogenic','COSV52721033','3A','SBS1');
INSERT INTO somatic_mutation VALUES ('8776d1ee-8710-4124-8ca3-ca9a496afc2e','6fb42a33-2030-4fbb-a207-2ac7b7dd7558','TP53','chr17',7674220,'G','A','SNV','missense_variant','p.Arg248Trp',0.454,288,'oncogenic','COSV52743007','1','SBS5');
INSERT INTO somatic_mutation VALUES ('3fb6c41b-1bf2-47b4-9667-23d91f3be310','6fb42a33-2030-4fbb-a207-2ac7b7dd7558','ESR1','chr6',152098794,'T','C','SNV','missense_variant','p.Tyr537Cys',0.1455,166,'oncogenic','COSV52744551','1','SBS1');
INSERT INTO somatic_mutation VALUES ('12e85a86-f8a7-47a1-a985-961891238d0e','6fb42a33-2030-4fbb-a207-2ac7b7dd7558','PTEN','chr10',89692905,'G','A','SNV','missense_variant','p.Arg130Gly',0.4726,172,'oncogenic','COSV52731827','1','SBS5');
INSERT INTO copy_number_variant VALUES ('5fa7780d-4357-4873-9d09-ed85073b00e4','6fb42a33-2030-4fbb-a207-2ac7b7dd7558','MYC','chr8',127700000,127800000,6.6,1.0,'neutral',0);
INSERT INTO copy_number_variant VALUES ('6f0974ad-d53e-48dc-b868-63db89a43fd8','6fb42a33-2030-4fbb-a207-2ac7b7dd7558','CDKN2A','chr9',21967000,21995000,0.6,-2.02,'shallow_deletion',0);
INSERT INTO gene_expression VALUES ('7748261e-4a0f-4338-98d8-9b5cce9eee50','6fb42a33-2030-4fbb-a207-2ac7b7dd7558','ENSG00000091831','ESR1',1023.36,102.34,2558,10.04,99.0);
INSERT INTO gene_expression VALUES ('d55ec0c6-45c1-492b-8633-39c9abdedbcb','6fb42a33-2030-4fbb-a207-2ac7b7dd7558','ENSG00000141736','ERBB2',68.6,6.86,171,-0.57,41.5);
INSERT INTO gene_expression VALUES ('4f56d2d7-f1c2-4059-b453-57df8dd56b9d','6fb42a33-2030-4fbb-a207-2ac7b7dd7558','ENSG00000148773','MKI67',266.02,26.6,665,1.62,74.3);
INSERT INTO gene_expression VALUES ('e58aceff-3143-4ad4-8007-da45dbf819c6','6fb42a33-2030-4fbb-a207-2ac7b7dd7558','ENSG00000141510','TP53',65.73,9.67,350,-0.6,41.0);
INSERT INTO gene_expression VALUES ('f669867b-d96c-48c9-aec9-c947afabe213','6fb42a33-2030-4fbb-a207-2ac7b7dd7558','ENSG00000012048','BRCA1',43.86,8.53,298,-0.85,37.2);
INSERT INTO gene_expression VALUES ('aaac8d11-36ee-4756-84bb-fef470314c12','6fb42a33-2030-4fbb-a207-2ac7b7dd7558','ENSG00000139618','BRCA2',37.45,6.12,71,-0.92,36.2);
INSERT INTO gene_expression VALUES ('843c0cfa-43e9-40c0-8073-a72301262861','6fb42a33-2030-4fbb-a207-2ac7b7dd7558','ENSG00000171862','PTEN',44.65,8.43,127,-0.84,37.4);
INSERT INTO gene_expression VALUES ('69abb018-6ad5-44e9-9da0-cb257346f6fb','6fb42a33-2030-4fbb-a207-2ac7b7dd7558','ENSG00000136997','MYC',35.23,5.48,319,-0.94,35.9);
INSERT INTO protein_expression VALUES ('9d245e22-e4b9-4e3d-941e-82167a43f03a','6fb42a33-2030-4fbb-a207-2ac7b7dd7558','ESR1','P03372','IHC',0.95,245.0,6,'NULL');
INSERT INTO protein_expression VALUES ('02e826e7-fcf9-4809-809d-7f27f029dbd2','6fb42a33-2030-4fbb-a207-2ac7b7dd7558','PGR','P06401','IHC',0.26,176.0,4,'NULL');
INSERT INTO protein_expression VALUES ('5253632d-0faf-4f71-bd94-2f16aa840b74','6fb42a33-2030-4fbb-a207-2ac7b7dd7558','ERBB2','P04626','IHC',-1.5,0.0,0,'pY1248');
INSERT INTO protein_expression VALUES ('95ced7a0-cd5e-431d-8c97-1bfeec28b87d','6fb42a33-2030-4fbb-a207-2ac7b7dd7558','MKI67','P46013','IHC',-0.45,98.0,0,'NULL');
INSERT INTO epigenetic_mark VALUES ('e1381dbe-85a9-45c7-94ca-174367d04f8c','6fb42a33-2030-4fbb-a207-2ac7b7dd7558','DNA_methylation','cg15629539',0.058,'-4.022','ESR1','CpG_island',NULL);
INSERT INTO epigenetic_mark VALUES ('24de4ff6-92bb-4ecc-98a3-12c1f0dc21a4','6fb42a33-2030-4fbb-a207-2ac7b7dd7558','DNA_methylation','cg27053763',0.259,'-1.517','BRCA1','promoter',NULL);
INSERT INTO epigenetic_mark VALUES ('d19ddc19-ae2b-4ec3-8677-4e87026a7cb2','6fb42a33-2030-4fbb-a207-2ac7b7dd7558','H3K27ac','chr17:37800000-37850000',0.214,NULL,'ERBB2','enhancer','1.908');
INSERT INTO ncrna_profile VALUES ('edee94f9-97b8-4616-9af2-34b9365ff894','6fb42a33-2030-4fbb-a207-2ac7b7dd7558','miRNA','hsa-miR-21-5p','miR-21-5p',2.47,'["PTEN", "PDCD4"]');
INSERT INTO ncrna_profile VALUES ('1588c161-97da-48c4-907c-3e3b46344c20','6fb42a33-2030-4fbb-a207-2ac7b7dd7558','miRNA','hsa-miR-155-5p','miR-155-5p',3.32,'["SHIP1", "SOCS1"]');
INSERT INTO ncrna_profile VALUES ('e6d925dd-754f-47f4-96b1-379c2c12915a','6fb42a33-2030-4fbb-a207-2ac7b7dd7558','lncRNA','ENSG00000228630','HOTAIR',2.39,'["SHIP1", "SOCS1"]');
INSERT INTO ncrna_profile VALUES ('ecebab50-250b-478b-9566-91e7abbc0c1c','6fb42a33-2030-4fbb-a207-2ac7b7dd7558','lncRNA','ENSG00000251562','MALAT1',53.24,'["SHIP1", "SOCS1"]');
INSERT INTO metabolomics_profile VALUES ('e550e599-2436-465f-8463-4cb2c9dd5146','6fb42a33-2030-4fbb-a207-2ac7b7dd7558','Lactate','HMDB0000190','C00186',1.12,'LC-MS','organic_acid',-0.59);
INSERT INTO metabolomics_profile VALUES ('49ccdcd4-391f-4e65-9f16-a2163f58a20a','6fb42a33-2030-4fbb-a207-2ac7b7dd7558','Glutamine','HMDB0000641','C00064',0.43,'LC-MS','amino_acid',-1.05);
INSERT INTO metabolomics_profile VALUES ('cf18ef6d-8521-46b1-aa91-5e13a99020c7','6fb42a33-2030-4fbb-a207-2ac7b7dd7558','Glucose','HMDB0000122','C00031',4.77,'LC-MS','carbohydrate',1.85);
INSERT INTO metabolomics_profile VALUES ('578e95c6-bdfb-4b49-a71f-0787abdb4247','6fb42a33-2030-4fbb-a207-2ac7b7dd7558','Phosphocholine','HMDB0001565','C00588',0.14,'LC-MS','lipid',-1.24);
INSERT INTO tumor_clone VALUES ('182cd27b-5933-44b6-962e-607e2e891e7b','6fb42a33-2030-4fbb-a207-2ac7b7dd7558','clone_A',0.7,'[]',1,1,0.1545);
INSERT INTO tumor_clone VALUES ('ffeac93f-67ab-47bd-ba72-f6954e5e6c3d','6fb42a33-2030-4fbb-a207-2ac7b7dd7558','clone_B',0.3,'[]',0,2,0.1787);
INSERT INTO cell_cycle_state VALUES ('c5de70b3-de9d-498a-84a5-31992aba896a','6fb42a33-2030-4fbb-a207-2ac7b7dd7558',0.519,0.192,0.081,0.208,34.934,456.1,7.1);
INSERT INTO apoptosis_marker VALUES ('a8802c37-a2e4-42e9-b96d-0fc7e00ed60e','6fb42a33-2030-4fbb-a207-2ac7b7dd7558',168.0,95.1072,81.0,2.07,0.3479,6.1669,0.7667);
INSERT INTO dna_repair_status VALUES ('b11b2c9e-a0ba-4c4d-a324-d4f22a6fb13b','6fb42a33-2030-4fbb-a207-2ac7b7dd7558','mutated_somatic','mutated_somatic','proficient_MMR',0.04,6.6,0.6,0,'wildtype');
INSERT INTO metabolic_phenotype VALUES ('19a30fb7-0712-41e0-b08f-3f600163f98b','6fb42a33-2030-4fbb-a207-2ac7b7dd7558',0.1,91.8315,0.2306,0.4326,0.1516,1.3132,0.7249);
INSERT INTO stemness_profile VALUES ('3dd6bb7e-1aca-4edb-bd3d-3e140e946410','6fb42a33-2030-4fbb-a207-2ac7b7dd7558',42.0039,0.0,2.2719,0.02,0.338,0.327,0.3993,0.1285);
INSERT INTO drug_resistance_feature VALUES ('d2f99fd3-c312-4de6-9bdb-d055890a7e08','6fb42a33-2030-4fbb-a207-2ac7b7dd7558',0.1,0.6836,0.8596,0.7179,'[]',0.0);
INSERT INTO immune_infiltration VALUES ('17db47f8-3567-4789-b204-2c5f21720da3','6fb42a33-2030-4fbb-a207-2ac7b7dd7558',0.5,14.4758,15.3515,2.9033,10.8787,13.5248,22.4171,3.8923,6.8245,'CIBERSORT');
INSERT INTO checkpoint_expression VALUES ('7545e7cd-49be-455d-9e81-a49c1be635a3','6fb42a33-2030-4fbb-a207-2ac7b7dd7558',14.9,26.82,9.8489,15.1857,6.1987,7.8788,6.0105,28.6913);
INSERT INTO cytokine_milieu VALUES ('576b585c-d1aa-4433-ad1f-3ea9b7064443','6fb42a33-2030-4fbb-a207-2ac7b7dd7558',45.8587,16.9932,5.8307,13.9033,26.6199,11.8,7.0019,70.6753);
INSERT INTO stromal_composition VALUES ('c3e8319e-688f-4b6a-a536-89b02de3f691','6fb42a33-2030-4fbb-a207-2ac7b7dd7558',0.2956,0.1087,0.1132,0.2846,2.7297,35.7691);
INSERT INTO ecm_profile VALUES ('f73c7b54-3eb7-4a99-8570-887968276d5c','6fb42a33-2030-4fbb-a207-2ac7b7dd7558',5.8057,9.5408,21.5802,0.3825,0.4371,0.8463,0.4316);
INSERT INTO hypoxia_vasculature VALUES ('3d863246-455a-4f49-839d-77ea348de528','6fb42a33-2030-4fbb-a207-2ac7b7dd7558',0.83,0.5504,6.2,0.1695,99.1688,115.9353,100.5816,7.7,6.99);
INSERT INTO organ_function VALUES ('3b58110c-3be5-48e2-aeb7-9a5b24eccd8b','3921efa0-2fe5-4ede-9397-50c60f407f71','2021-08-05',67.1,1.2052,19.3931,27.9398,13.068,36.4455,75.0,386.4488,1.2803);
INSERT INTO immune_baseline VALUES ('1cb53e6f-73ef-441c-ac53-999a0c827db3','3921efa0-2fe5-4ede-9397-50c60f407f71','2021-08-05',7.43,1.61,3.76,2.3354,525.8303,484.4554,305.1572,10.6641);
INSERT INTO hormonal_profile VALUES ('f6d142df-1db8-461a-b581-f5ff08e2f635','3921efa0-2fe5-4ede-9397-50c60f407f71','2021-08-05',4.9,0.3,380.0,61.2586,10.9605,1.4033,10.3669);
INSERT INTO pharmacogenomics VALUES ('e46b2413-b674-4b75-a671-5b8da35b8a47','3921efa0-2fe5-4ede-9397-50c60f407f71','IM','NM','IM','*28/*28','low',0,'NM');
INSERT INTO body_composition VALUES ('129c3bbd-9274-455f-b1bc-acd93ba221a5','3921efa0-2fe5-4ede-9397-50c60f407f71','2021-08-05',33.5,38.7,30.5854,164.3376,35.4145,1.5703);
INSERT INTO microbiome_profile VALUES ('306c720e-bc57-450a-bf2d-6575862feb7f','3921efa0-2fe5-4ede-9397-50c60f407f71','2021-08-05','gut','16S_rRNA_V4',3.2065,2.3682,0.0384,'[{"genus": "Bacteroides", "rel": 0.285}, {"genus": "Faecalibacterium", "rel": 0.148}, {"genus": "Akkermansia", "rel": 0.0384}]',0);
INSERT INTO tumor_staging VALUES ('f5613af9-ccea-4aff-9f13-d3e8248f7731','3921efa0-2fe5-4ede-9397-50c60f407f71','2021-08-05','8500/3','C50.4','Invasive ductal carcinoma','T4','N3','M0','I',2,'right');
INSERT INTO imaging_measurement VALUES ('c314a381-d57c-4bc4-a87e-838684d4c0eb','3921efa0-2fe5-4ede-9397-50c60f407f71','2021-07-10','MRI','L1','primary_left_breast',8.4,310.3391,2.2703,'SD','{"entropy": 6.07, "sphericity": 0.52}');
INSERT INTO pathology_report VALUES ('ae096d6f-efae-48ad-927c-7248caa600c9','3921efa0-2fe5-4ede-9397-50c60f407f71','2021-08-05','core_needle_biopsy','R0',1,13,0,0,2.5846);
INSERT INTO performance_status VALUES ('db4a6fff-1840-437e-95f3-8a81af8676b8','3921efa0-2fe5-4ede-9397-50c60f407f71','2021-08-05',0,70,3,38.8455);
INSERT INTO liquid_biopsy VALUES ('36b9b40b-9df4-4c41-ae2e-7e16f00704fb','3921efa0-2fe5-4ede-9397-50c60f407f71','2021-08-05',0.0994,44.73,0,'[]','detected',14.1414);
INSERT INTO treatment_regimen VALUES ('b325f391-52cf-46c9-9696-53628e2387af','3921efa0-2fe5-4ede-9397-50c60f407f71',1,'Letrozole','adjuvant','2021-09-10','2022-08-12','planned_completion','PR',256);
INSERT INTO treatment_drug_dose VALUES ('60679ebc-71e9-4111-878d-0f71f0a3feec','b325f391-52cf-46c9-9696-53628e2387af','dea8e584-d12c-47bf-a4c0-e739973380b8','2021-09-10',75.0,74.0,1.3,'oral',1,1.335);
INSERT INTO adverse_event VALUES ('f6c34374-47de-4f23-863f-5518670db76b','3921efa0-2fe5-4ede-9397-50c60f407f71','b325f391-52cf-46c9-9696-53628e2387af','Hand-foot syndrome',1,'2021-12-06','2022-01-12','probable','none');
INSERT INTO adverse_event VALUES ('382e9f36-f4ca-496e-bee3-e174f712379c','3921efa0-2fe5-4ede-9397-50c60f407f71','b325f391-52cf-46c9-9696-53628e2387af','Fatigue',3,'2021-11-11','2021-12-25','probable','dose_reduction');
INSERT INTO adverse_event VALUES ('e8032293-ad2d-491c-9fbd-ac5e9eca82ec','3921efa0-2fe5-4ede-9397-50c60f407f71','b325f391-52cf-46c9-9696-53628e2387af','Alopecia',3,'2021-12-06','2022-02-04','probable','dose_reduction');
INSERT INTO radiation_plan VALUES ('4877656f-6868-47a0-8c02-3231c3c4dbc7','3921efa0-2fe5-4ede-9397-50c60f407f71','photon_EBRT','CTV',45.0182,2.0,25,5,'IMRT',NULL,'{"heart": {"V20Gy_pct": "<25"}, "lung": {"mean_Gy": "<18"}}');
INSERT INTO carcinogen_exposure VALUES ('e5f589a6-183a-4499-8299-67a26638aec5','3921efa0-2fe5-4ede-9397-50c60f407f71','former',22.1739,7.1074,14.915,62.9712,'[]',0.0,0);
INSERT INTO diet_nutrition VALUES ('cc1a86bf-2c6d-49cc-af62-955b14814bd0','3921efa0-2fe5-4ede-9397-50c60f407f71','2021-08-05','FFQ',1944.0854,54.9595,181.5897,88.1448,25.6906,102.9459,40.9639,13.0593,'plant_based');
INSERT INTO physical_activity VALUES ('64dd3864-9016-4dd0-a688-ecd937db41d5','3921efa0-2fe5-4ede-9397-50c60f407f71','2021-08-05',472.9715,148.7621,196.6034,10.0871,24.321,5219,35.9808);
INSERT INTO stress_psychology VALUES ('fc4174f3-ad39-4a50-b1a5-c100221c84f2','3921efa0-2fe5-4ede-9397-50c60f407f71','2021-08-05',23,10,4,38.3505,235.6,6.437,11);
INSERT INTO environmental_exposure VALUES ('5f4254aa-9447-4e64-b9aa-d7cd9184ab35','3921efa0-2fe5-4ede-9397-50c60f407f71','2021-08-05',12.0539,12.1718,26.5764,'negative',NULL,'negative','negative',5.6203,'naive');
INSERT INTO socioeconomic_context VALUES ('2fda4f52-e85b-4e17-adb7-9213d648cd39','3921efa0-2fe5-4ede-9397-50c60f407f71','2021-08-05',59.6773,'public_Medicare',0.7318,0.8019,57.7249,'retired',26.9988,10);
INSERT INTO circadian_profile VALUES ('4daccf30-d82f-4063-bca1-0652014f2d38','3921efa0-2fe5-4ede-9397-50c60f407f71','2021-08-05','intermediate',72.2454,16.7056,'22:06',779.7612,1,8);

-- Patient 29: TNBC
INSERT INTO patient VALUES ('e6b77e60-804d-4aa1-bd3c-79af003615e4','MRN-7816365','1953-09-08','female','White','{"EUR": 0.25, "AFR": 0.04}','2019-06-01','2019-06-01');
INSERT INTO genomic_sample VALUES ('0471eb91-b5ce-4054-8317-c000869162b5','e6b77e60-804d-4aa1-bd3c-79af003615e4','tumor','C50.4','2019-06-03','Illumina NovaSeq 6000 WGS',0.77,0,'FFPE');
INSERT INTO somatic_mutation VALUES ('a36d24df-d04a-4189-91e7-542d49904b9a','0471eb91-b5ce-4054-8317-c000869162b5','TP53','chr17',7674220,'G','A','SNV','missense_variant','p.Arg248Trp',0.5473,239,'oncogenic','COSV52743007','1','SBS5');
INSERT INTO somatic_mutation VALUES ('e849dd4e-55cd-4ebf-adaa-b4519d664be8','0471eb91-b5ce-4054-8317-c000869162b5','ESR1','chr6',152098794,'T','C','SNV','missense_variant','p.Tyr537Cys',0.1548,378,'oncogenic','COSV52744551','1','SBS1');
INSERT INTO somatic_mutation VALUES ('d14ed082-7da0-4e94-8dcc-532d2ba56776','0471eb91-b5ce-4054-8317-c000869162b5','BRCA1','chr17',43094464,'T','A','SNV','missense_variant','p.Cys1697Ser',0.4779,155,'pathogenic','COSV52701256','1','SBS3');
INSERT INTO somatic_mutation VALUES ('ba6e637d-a611-4865-90d4-48b5ef437d5b','0471eb91-b5ce-4054-8317-c000869162b5','PTEN','chr10',89692905,'G','A','SNV','missense_variant','p.Arg130Gly',0.2615,320,'oncogenic','COSV52731827','1','SBS5');
INSERT INTO copy_number_variant VALUES ('f001f7ee-103e-4880-a360-7569e7d8d014','0471eb91-b5ce-4054-8317-c000869162b5','PTEN','chr10',89600000,89900000,0.2,-1.76,'deep_deletion',1);
INSERT INTO copy_number_variant VALUES ('29ca0f80-1969-4f39-8cca-b5e497ab793e','0471eb91-b5ce-4054-8317-c000869162b5','MYC','chr8',127700000,127800000,7.1,0.12,'amplification',0);
INSERT INTO copy_number_variant VALUES ('6eca1568-c5fe-41d1-aa8c-e30f93fa8d1a','0471eb91-b5ce-4054-8317-c000869162b5','CDKN2A','chr9',21967000,21995000,0.0,-1.84,'shallow_deletion',0);
INSERT INTO gene_expression VALUES ('e9320797-e63f-46e6-a198-2b6af988cafa','0471eb91-b5ce-4054-8317-c000869162b5','ENSG00000091831','ESR1',147.18,14.72,368,0.3,54.5);
INSERT INTO gene_expression VALUES ('c5f148e7-8b94-4a8f-8914-01855c0c969f','0471eb91-b5ce-4054-8317-c000869162b5','ENSG00000141736','ERBB2',5.0,0.5,12,-1.28,30.8);
INSERT INTO gene_expression VALUES ('3add77e2-4c8c-4a2a-b802-76432b761212','0471eb91-b5ce-4054-8317-c000869162b5','ENSG00000148773','MKI67',442.78,44.28,1107,3.59,99.0);
INSERT INTO gene_expression VALUES ('d5dbf70c-6f25-4111-b95f-65e7e7ec4a01','0471eb91-b5ce-4054-8317-c000869162b5','ENSG00000141510','TP53',69.63,9.32,224,-0.56,41.6);
INSERT INTO gene_expression VALUES ('9f1d4351-5c76-445d-8aff-f27dc16cbde9','0471eb91-b5ce-4054-8317-c000869162b5','ENSG00000012048','BRCA1',20.23,6.38,394,-1.11,33.3);
INSERT INTO gene_expression VALUES ('bef70891-8e34-4f15-bd6b-144386b04bde','0471eb91-b5ce-4054-8317-c000869162b5','ENSG00000139618','BRCA2',73.39,8.96,209,-0.52,42.2);
INSERT INTO gene_expression VALUES ('a25600eb-d897-4296-a4a8-549c65ba9bd6','0471eb91-b5ce-4054-8317-c000869162b5','ENSG00000171862','PTEN',57.25,7.36,403,-0.7,39.5);
INSERT INTO gene_expression VALUES ('e2dbd811-c9d9-4cb0-9aba-2706c717659a','0471eb91-b5ce-4054-8317-c000869162b5','ENSG00000136997','MYC',34.5,3.03,246,-0.95,35.8);
INSERT INTO protein_expression VALUES ('0b046203-5a26-4f48-9e94-1b9067ace308','0471eb91-b5ce-4054-8317-c000869162b5','ESR1','P03372','IHC',-1.5,0.0,0,'NULL');
INSERT INTO protein_expression VALUES ('d1fc5281-ed5e-4ead-9b97-4d235a1776f5','0471eb91-b5ce-4054-8317-c000869162b5','PGR','P06401','IHC',-0.79,71.0,2,'NULL');
INSERT INTO protein_expression VALUES ('e955af08-c13a-4ade-bd5a-13a2c3bf1e69','0471eb91-b5ce-4054-8317-c000869162b5','ERBB2','P04626','IHC',-0.92,58.0,1,'pY1248');
INSERT INTO protein_expression VALUES ('52595a7a-af57-431a-811b-04ca56fcd8ec','0471eb91-b5ce-4054-8317-c000869162b5','MKI67','P46013','IHC',0.14,153.0,0,'NULL');
INSERT INTO epigenetic_mark VALUES ('137f13e3-5dc9-45bf-89c5-6e379e4de3c4','0471eb91-b5ce-4054-8317-c000869162b5','DNA_methylation','cg15629539',0.7,'1.222','ESR1','CpG_island',NULL);
INSERT INTO epigenetic_mark VALUES ('500fb655-9910-46a5-a5f1-a21b77bd4a91','0471eb91-b5ce-4054-8317-c000869162b5','DNA_methylation','cg27053763',0.1,'-3.17','BRCA1','promoter',NULL);
INSERT INTO epigenetic_mark VALUES ('974589f3-e930-4507-9711-a23e8139e420','0471eb91-b5ce-4054-8317-c000869162b5','H3K27ac','chr17:37800000-37850000',0.167,NULL,'ERBB2','enhancer','2.1');
INSERT INTO ncrna_profile VALUES ('01a32ed3-bff7-4b5e-8581-fe1e30377d14','0471eb91-b5ce-4054-8317-c000869162b5','miRNA','hsa-miR-21-5p','miR-21-5p',7.61,'["PTEN", "PDCD4"]');
INSERT INTO ncrna_profile VALUES ('17ad28b2-40f8-44ba-9b65-fa684a98f7e9','0471eb91-b5ce-4054-8317-c000869162b5','miRNA','hsa-miR-155-5p','miR-155-5p',3.21,'["SHIP1", "SOCS1"]');
INSERT INTO ncrna_profile VALUES ('2345e968-19ad-437b-914f-96e2ec3d512b','0471eb91-b5ce-4054-8317-c000869162b5','lncRNA','ENSG00000228630','HOTAIR',1.44,'["SHIP1", "SOCS1"]');
INSERT INTO ncrna_profile VALUES ('a9272939-2fd9-4c4c-b7e5-33538aa36736','0471eb91-b5ce-4054-8317-c000869162b5','lncRNA','ENSG00000251562','MALAT1',58.57,'["SHIP1", "SOCS1"]');
INSERT INTO metabolomics_profile VALUES ('e204c76e-6e09-42e7-af61-4d332e7878ed','0471eb91-b5ce-4054-8317-c000869162b5','Lactate','HMDB0000190','C00186',3.97,'LC-MS','organic_acid',1.31);
INSERT INTO metabolomics_profile VALUES ('0cbabd4a-1300-44c0-b0de-84e3e57d0ea9','0471eb91-b5ce-4054-8317-c000869162b5','Glutamine','HMDB0000641','C00064',0.2,'LC-MS','amino_acid',-1.2);
INSERT INTO metabolomics_profile VALUES ('ae26bd9c-1f2e-41c6-8b60-a624566e1334','0471eb91-b5ce-4054-8317-c000869162b5','Glucose','HMDB0000122','C00031',5.31,'LC-MS','carbohydrate',2.21);
INSERT INTO metabolomics_profile VALUES ('8c0e5965-4a2f-46d8-824b-36f3ac732132','0471eb91-b5ce-4054-8317-c000869162b5','Phosphocholine','HMDB0001565','C00588',0.13,'LC-MS','lipid',-1.25);
INSERT INTO tumor_clone VALUES ('b8d9ac02-710e-4332-9ab9-6d8ffbb8cfd6','0471eb91-b5ce-4054-8317-c000869162b5','clone_A',0.57,'[]',1,1,0.2158);
INSERT INTO tumor_clone VALUES ('6755c584-e624-42ec-9341-d05069518518','0471eb91-b5ce-4054-8317-c000869162b5','clone_B',0.43,'[]',0,2,0.0856);
INSERT INTO cell_cycle_state VALUES ('92ba2f00-07d4-43d0-810f-06a439722a3b','0471eb91-b5ce-4054-8317-c000869162b5',0.474,0.246,0.11,0.17,54.5046,299.7,8.5);
INSERT INTO apoptosis_marker VALUES ('d6825832-4183-48d1-b8b5-ca4964e17811','0471eb91-b5ce-4054-8317-c000869162b5',8.0,58.0071,49.0,0.16,0.3478,5.0139,1.7328);
INSERT INTO dna_repair_status VALUES ('324a8338-2e54-4b43-88e2-3c2304512ebb','0471eb91-b5ce-4054-8317-c000869162b5','mutated_somatic','mutated_somatic','deficient_MMR',0.32,12.5,64.2,0,'wildtype');
INSERT INTO metabolic_phenotype VALUES ('50fd289d-7f8e-4cc9-b142-d971f2780d00','0471eb91-b5ce-4054-8317-c000869162b5',0.772,73.9357,0.5749,0.4504,0.4466,1.2652,0.4266);
INSERT INTO stemness_profile VALUES ('37482791-336b-4a8f-9175-0cb6201006b2','0471eb91-b5ce-4054-8317-c000869162b5',128.4223,35.6532,33.8381,0.306,0.433,0.623,0.8522,0.5361);
INSERT INTO drug_resistance_feature VALUES ('c205e0b9-e3fa-4648-90f2-dfa13a0acd68','0471eb91-b5ce-4054-8317-c000869162b5',2.06,0.1703,0.4397,0.9712,'[]',1.0);
INSERT INTO immune_infiltration VALUES ('77396086-1bc2-4dd7-b15d-0e166fcb96b4','0471eb91-b5ce-4054-8317-c000869162b5',17.4,16.5825,7.101,3.3562,2.7878,10.8275,21.4617,2.7879,1.9749,'CIBERSORT');
INSERT INTO checkpoint_expression VALUES ('dbb58ea5-1c75-4c89-8aff-bf638e490fb0','0471eb91-b5ce-4054-8317-c000869162b5',44.7,80.46,4.9281,14.2228,14.1818,10.1002,13.2267,27.0233);
INSERT INTO cytokine_milieu VALUES ('c5ff473e-29c2-4616-9e8e-a4f0ee8ca635','0471eb91-b5ce-4054-8317-c000869162b5',33.1074,5.386,7.7936,9.1343,18.6685,38.1,92.647,20.8958);
INSERT INTO stromal_composition VALUES ('f56931a4-47da-49dd-8047-a6166d3082cc','0471eb91-b5ce-4054-8317-c000869162b5',0.2391,0.068,0.0569,0.5405,3.2055,20.2536);
INSERT INTO ecm_profile VALUES ('2037c5d7-d912-40f8-8f1e-b5b4c0d002ab','0471eb91-b5ce-4054-8317-c000869162b5',9.5054,7.7769,19.7189,0.2719,0.082,0.5971,0.2638);
INSERT INTO hypoxia_vasculature VALUES ('30362c13-41ba-4a93-990e-6d896d710938','0471eb91-b5ce-4054-8317-c000869162b5',1.89,1.0953,3.5,0.3879,71.234,223.3128,80.1952,16.2,6.87);
INSERT INTO organ_function VALUES ('aa86f41f-d71d-4ac2-a915-6577d27a18a5','e6b77e60-804d-4aa1-bd3c-79af003615e4','2019-06-01',58.8,1.1056,15.0641,23.0912,16.2336,44.4195,65.5,409.7844,1.0837);
INSERT INTO immune_baseline VALUES ('4cea6df5-205d-4a5f-93d8-39f40ba9e249','e6b77e60-804d-4aa1-bd3c-79af003615e4','2019-06-01',7.22,1.3,3.34,2.5692,539.7597,484.2646,304.5068,8.9514);
INSERT INTO hormonal_profile VALUES ('b73695f8-e93e-46fa-8269-b9ec79c4d93f','e6b77e60-804d-4aa1-bd3c-79af003615e4','2019-06-01',36.1,0.43,452.0,53.6275,18.0616,2.9533,7.1674);
INSERT INTO pharmacogenomics VALUES ('bbef972d-fe32-4b64-90c5-133f52eb1d86','e6b77e60-804d-4aa1-bd3c-79af003615e4','NM','NM','PM','*1/*1','normal',0,'NM');
INSERT INTO body_composition VALUES ('c72c7a55-d589-4eda-a240-ee43436d2fec','e6b77e60-804d-4aa1-bd3c-79af003615e4','2019-06-01',25.1,44.8,28.9101,71.5029,31.5588,1.6886);
INSERT INTO microbiome_profile VALUES ('29356243-6bba-4eb6-a61f-3a6c260e92e4','e6b77e60-804d-4aa1-bd3c-79af003615e4','2019-06-01','gut','16S_rRNA_V4',3.1999,2.9268,0.028,'[{"genus": "Bacteroides", "rel": 0.217}, {"genus": "Faecalibacterium", "rel": 0.151}, {"genus": "Akkermansia", "rel": 0.028}]',0);
INSERT INTO tumor_staging VALUES ('819587a1-8a1f-4ef0-9dc1-05ef77c442ae','e6b77e60-804d-4aa1-bd3c-79af003615e4','2019-06-01','8500/3','C50.4','Invasive ductal carcinoma, triple negative','T4','N2','M0','IIIB',2,'right');
INSERT INTO imaging_measurement VALUES ('242c3f60-15a8-4ce6-badf-52797ebe570e','e6b77e60-804d-4aa1-bd3c-79af003615e4','2019-05-03','MRI','L1','primary_left_breast',21.5,5203.721,2.935,'SD','{"entropy": 6.86, "sphericity": 0.72}');
INSERT INTO pathology_report VALUES ('454131d2-82e7-4e26-93b8-d815278669fc','e6b77e60-804d-4aa1-bd3c-79af003615e4','2019-06-01','core_needle_biopsy','R0',1,14,0,0,0.1499);
INSERT INTO performance_status VALUES ('700a82d5-8bf2-4796-9d10-8af2435ed6b0','e6b77e60-804d-4aa1-bd3c-79af003615e4','2019-06-01',2,96,4,52.0);
INSERT INTO liquid_biopsy VALUES ('cb150072-8297-4f9a-97e4-2cb92943b592','e6b77e60-804d-4aa1-bd3c-79af003615e4','2019-06-01',0.0804,36.18,8,'[]','detected',11.5365);
INSERT INTO treatment_regimen VALUES ('fddc8e4a-69b1-4aae-b708-68d616642f94','e6b77e60-804d-4aa1-bd3c-79af003615e4',1,'AC-T','neoadjuvant','2019-07-09','2020-01-21','planned_completion','PR',587);
INSERT INTO treatment_drug_dose VALUES ('ae57ed01-6e80-4e6c-b2a4-e3fd02516763','fddc8e4a-69b1-4aae-b708-68d616642f94','8ed4a385-e60c-4c06-9827-b17fc4f5be7e','2019-07-09',77.0,77.0,0.0,'IV',1,1.591);
INSERT INTO adverse_event VALUES ('5eeb669e-94f8-46ad-8422-18c3a3e00cf7','e6b77e60-804d-4aa1-bd3c-79af003615e4','fddc8e4a-69b1-4aae-b708-68d616642f94','Diarrhoea',1,'2019-07-26','2019-08-14','probable','none');
INSERT INTO adverse_event VALUES ('672a7a27-188f-4cf1-b373-bf4524c19217','e6b77e60-804d-4aa1-bd3c-79af003615e4','fddc8e4a-69b1-4aae-b708-68d616642f94','Alopecia',2,'2019-09-08','2019-10-29','probable','none');
INSERT INTO adverse_event VALUES ('31b12728-84db-4ee1-9ea4-407265041dc0','e6b77e60-804d-4aa1-bd3c-79af003615e4','fddc8e4a-69b1-4aae-b708-68d616642f94','Neutropenia',1,'2019-09-07','2019-10-12','probable','none');
INSERT INTO adverse_event VALUES ('f964b586-8f97-486f-b92f-840d80c51bd4','e6b77e60-804d-4aa1-bd3c-79af003615e4','fddc8e4a-69b1-4aae-b708-68d616642f94','Peripheral sensory neuropathy',1,'2019-09-25','2019-10-10','probable','none');
INSERT INTO radiation_plan VALUES ('016e2056-c02d-435f-8a70-ca46458cb87c','e6b77e60-804d-4aa1-bd3c-79af003615e4','photon_EBRT','CTV',51.4132,2.0,25,5,'IMRT',NULL,'{"heart": {"V20Gy_pct": "<25"}, "lung": {"mean_Gy": "<18"}}');
INSERT INTO carcinogen_exposure VALUES ('fb63f4f6-a568-4c15-8682-0914eede117f','e6b77e60-804d-4aa1-bd3c-79af003615e4','never',0.0,4.6396,13.9166,46.7839,'[]',0.0,0);
INSERT INTO diet_nutrition VALUES ('7e861343-f45c-4d21-8bcc-652914ef29e4','e6b77e60-804d-4aa1-bd3c-79af003615e4','2019-06-01','FFQ',1568.2941,70.4233,256.8341,72.5039,11.8225,47.2967,8.5713,1.3618,'Mediterranean');
INSERT INTO physical_activity VALUES ('a7a3502e-9ace-4d15-be11-4eab53fa73b6','e6b77e60-804d-4aa1-bd3c-79af003615e4','2019-06-01',431.9869,150.597,158.2827,9.912,26.1622,4151,22.0604);
INSERT INTO stress_psychology VALUES ('8f717cbe-a287-4eeb-bb7d-e331dcc08e8b','e6b77e60-804d-4aa1-bd3c-79af003615e4','2019-06-01',8,3,10,40.9922,280.24,5.7484,13);
INSERT INTO environmental_exposure VALUES ('ac428f3e-cb7c-4557-8e79-41f3eceeed7f','e6b77e60-804d-4aa1-bd3c-79af003615e4','2019-06-01',13.0872,21.5524,30.1237,'negative',NULL,'negative','negative',6.8091,'naive');
INSERT INTO socioeconomic_context VALUES ('59a2ca1b-42bc-4308-8076-35ba68fd46ae','e6b77e60-804d-4aa1-bd3c-79af003615e4','2019-06-01',48.2849,'private',0.6711,0.6073,63.6443,'unable_to_work_disability',39.2538,16);
INSERT INTO circadian_profile VALUES ('93f605ec-cc1d-4e3b-b15c-7ef01d33061c','e6b77e60-804d-4aa1-bd3c-79af003615e4','2019-06-01','intermediate',82.8944,22.9078,'22:33',1043.402,1,7);

-- Patient 30: HR+/HER2- early
INSERT INTO patient VALUES ('9c708361-8ab0-4a4a-8ce9-248cd3855a5f','MRN-3180760','1945-06-30','female','East Asian','{"EUR": 0.2, "AFR": 0.13}','2019-12-05','2019-12-05');
INSERT INTO genomic_sample VALUES ('bd3b5364-0a4f-4dd9-9f65-bf8a8870524f','9c708361-8ab0-4a4a-8ce9-248cd3855a5f','tumor','C50.4','2019-12-08','Tempus xT',0.55,0,'FFPE');
INSERT INTO somatic_mutation VALUES ('049999a1-0078-42e0-a329-795e8fecfcce','bd3b5364-0a4f-4dd9-9f65-bf8a8870524f','CDH1','chr16',68771195,'C','T','SNV','nonsense_variant','p.Gln333Ter',0.4167,161,'oncogenic','COSV52697483','3A','SBS1');
INSERT INTO somatic_mutation VALUES ('933ef849-8cbd-4109-88d6-3b1a8f28ec9b','bd3b5364-0a4f-4dd9-9f65-bf8a8870524f','GATA3','chr10',8115610,'CT','C','indel','frameshift_variant','p.Thr443fs',0.2292,389,'oncogenic','COSV52704812','1','SBS5');
INSERT INTO somatic_mutation VALUES ('aa7aeab1-44e3-499e-b013-ce616de5804f','bd3b5364-0a4f-4dd9-9f65-bf8a8870524f','MAP3K1','chr5',56115628,'G','A','SNV','missense_variant','p.Glu1298Lys',0.1739,183,'oncogenic','COSV52721033','3A','SBS1');
INSERT INTO somatic_mutation VALUES ('51baf3c6-20a6-49a2-8e22-1408a0613755','bd3b5364-0a4f-4dd9-9f65-bf8a8870524f','BRCA1','chr17',43094464,'T','A','SNV','missense_variant','p.Cys1697Ser',0.3765,337,'pathogenic','COSV52701256','1','SBS3');
INSERT INTO copy_number_variant VALUES ('410a6899-3ab7-4ab6-aaa7-2cf0e55629de','bd3b5364-0a4f-4dd9-9f65-bf8a8870524f','MYC','chr8',127700000,127800000,1.2,0.15,'neutral',0);
INSERT INTO copy_number_variant VALUES ('50dbd0f7-5d2c-42ee-895c-747b948c4698','bd3b5364-0a4f-4dd9-9f65-bf8a8870524f','CDKN2A','chr9',21967000,21995000,0.6,-2.41,'shallow_deletion',0);
INSERT INTO gene_expression VALUES ('c06c7a4d-4897-496e-977d-f6d84b4efcc3','bd3b5364-0a4f-4dd9-9f65-bf8a8870524f','ENSG00000091831','ESR1',853.55,85.35,2134,8.15,99.0);
INSERT INTO gene_expression VALUES ('51cfbab6-5d04-42ec-8fd7-ba1ec8c60f7f','bd3b5364-0a4f-4dd9-9f65-bf8a8870524f','ENSG00000141736','ERBB2',147.15,14.72,368,0.3,54.5);
INSERT INTO gene_expression VALUES ('9dc26781-2d1d-4100-b5a6-f35c6f80c8b3','bd3b5364-0a4f-4dd9-9f65-bf8a8870524f','ENSG00000148773','MKI67',145.06,14.51,363,0.28,54.2);
INSERT INTO gene_expression VALUES ('91e04059-1147-4d73-adf1-e1ad99036cd4','bd3b5364-0a4f-4dd9-9f65-bf8a8870524f','ENSG00000141510','TP53',38.29,4.43,96,-0.91,36.4);
INSERT INTO gene_expression VALUES ('3df8e423-e29c-41f3-bac9-ddbf986f3ed1','bd3b5364-0a4f-4dd9-9f65-bf8a8870524f','ENSG00000012048','BRCA1',43.07,3.84,273,-0.85,37.2);
INSERT INTO gene_expression VALUES ('c32194c0-96c9-4917-accc-19995283cca4','bd3b5364-0a4f-4dd9-9f65-bf8a8870524f','ENSG00000139618','BRCA2',97.33,2.12,192,-0.25,46.2);
INSERT INTO gene_expression VALUES ('40ecfded-e271-438d-8aab-40d9e4b6fdeb','bd3b5364-0a4f-4dd9-9f65-bf8a8870524f','ENSG00000171862','PTEN',115.43,1.16,239,-0.05,49.2);
INSERT INTO gene_expression VALUES ('ac235b9f-e557-46da-b423-994d11266b6c','bd3b5364-0a4f-4dd9-9f65-bf8a8870524f','ENSG00000136997','MYC',127.44,3.68,712,0.08,51.2);
INSERT INTO protein_expression VALUES ('f2eb7293-f441-43ff-a196-16d2f6d29785','bd3b5364-0a4f-4dd9-9f65-bf8a8870524f','ESR1','P03372','IHC',1.0,250.0,6,'NULL');
INSERT INTO protein_expression VALUES ('290e77e6-0f1b-4d18-b08b-a92e4c484655','bd3b5364-0a4f-4dd9-9f65-bf8a8870524f','PGR','P06401','IHC',0.25,175.0,4,'NULL');
INSERT INTO protein_expression VALUES ('6ff5e991-af71-4a0d-825b-34b53abac892','bd3b5364-0a4f-4dd9-9f65-bf8a8870524f','ERBB2','P04626','IHC',-1.5,0.0,0,'pY1248');
INSERT INTO protein_expression VALUES ('4d173b17-082c-4277-a749-a29bf0ed722a','bd3b5364-0a4f-4dd9-9f65-bf8a8870524f','MKI67','P46013','IHC',-0.84,62.0,0,'NULL');
INSERT INTO epigenetic_mark VALUES ('1e083ccc-ed01-4054-b1af-bacbc7ffee8c','bd3b5364-0a4f-4dd9-9f65-bf8a8870524f','DNA_methylation','cg15629539',0.107,'-3.061','ESR1','CpG_island',NULL);
INSERT INTO epigenetic_mark VALUES ('11b51835-c9a2-439f-b861-d2e5c73d402e','bd3b5364-0a4f-4dd9-9f65-bf8a8870524f','DNA_methylation','cg27053763',0.123,'-2.834','BRCA1','promoter',NULL);
INSERT INTO epigenetic_mark VALUES ('17267406-2128-476c-8eba-4d499ad370bc','bd3b5364-0a4f-4dd9-9f65-bf8a8870524f','H3K27ac','chr17:37800000-37850000',0.2,NULL,'ERBB2','enhancer','0.373');
INSERT INTO ncrna_profile VALUES ('3e15061d-e756-45cc-9176-90639efb33c3','bd3b5364-0a4f-4dd9-9f65-bf8a8870524f','miRNA','hsa-miR-21-5p','miR-21-5p',4.15,'["PTEN", "PDCD4"]');
INSERT INTO ncrna_profile VALUES ('1c3dd87b-031f-4dea-88ad-0339220352b4','bd3b5364-0a4f-4dd9-9f65-bf8a8870524f','miRNA','hsa-miR-155-5p','miR-155-5p',4.65,'["SHIP1", "SOCS1"]');
INSERT INTO ncrna_profile VALUES ('f09a6c4d-5bcf-4125-beea-85604c298af2','bd3b5364-0a4f-4dd9-9f65-bf8a8870524f','lncRNA','ENSG00000228630','HOTAIR',3.29,'["SHIP1", "SOCS1"]');
INSERT INTO ncrna_profile VALUES ('86af10fc-1e88-490b-abc2-4831b05f66fb','bd3b5364-0a4f-4dd9-9f65-bf8a8870524f','lncRNA','ENSG00000251562','MALAT1',38.23,'["SHIP1", "SOCS1"]');
INSERT INTO metabolomics_profile VALUES ('2a2a18bf-c6ac-45cf-871b-23c1442138fd','bd3b5364-0a4f-4dd9-9f65-bf8a8870524f','Lactate','HMDB0000190','C00186',1.44,'LC-MS','organic_acid',-0.37);
INSERT INTO metabolomics_profile VALUES ('8e279584-6f4a-4d26-94ed-c117ca2e7a6b','bd3b5364-0a4f-4dd9-9f65-bf8a8870524f','Glutamine','HMDB0000641','C00064',0.35,'LC-MS','amino_acid',-1.1);
INSERT INTO metabolomics_profile VALUES ('d2776a68-6897-44e7-a3a0-bbeae98343aa','bd3b5364-0a4f-4dd9-9f65-bf8a8870524f','Glucose','HMDB0000122','C00031',5.9,'LC-MS','carbohydrate',2.6);
INSERT INTO metabolomics_profile VALUES ('d4e5fb63-8647-49bd-a494-015c07076d26','bd3b5364-0a4f-4dd9-9f65-bf8a8870524f','Phosphocholine','HMDB0001565','C00588',0.13,'LC-MS','lipid',-1.25);
INSERT INTO tumor_clone VALUES ('2ad74d25-a847-412a-bf9f-27c91411fad2','bd3b5364-0a4f-4dd9-9f65-bf8a8870524f','clone_A',0.71,'[]',1,1,0.1086);
INSERT INTO tumor_clone VALUES ('523b7501-b1da-42c7-9620-246fbf3b3282','bd3b5364-0a4f-4dd9-9f65-bf8a8870524f','clone_B',0.29,'[]',0,2,0.01);
INSERT INTO cell_cycle_state VALUES ('7d0d02e9-d137-4915-af67-a3dd9ab7af78','bd3b5364-0a4f-4dd9-9f65-bf8a8870524f',0.817,0.102,0.014,0.067,22.0849,480.0,3.2);
INSERT INTO apoptosis_marker VALUES ('e7a5ee16-ce49-42ac-8a9c-f6a948f1c9b0','bd3b5364-0a4f-4dd9-9f65-bf8a8870524f',183.0,88.1781,68.0,2.69,0.1985,2.2741,0.7873);
INSERT INTO dna_repair_status VALUES ('88559c64-90bb-4d29-8952-fb5a88e72a7e','bd3b5364-0a4f-4dd9-9f65-bf8a8870524f','mutated_somatic','mutated_somatic','proficient_MMR',0.04,8.8,28.2,0,'wildtype');
INSERT INTO metabolic_phenotype VALUES ('14ca1c3d-9178-4ed0-a247-ef94ee03fd8f','bd3b5364-0a4f-4dd9-9f65-bf8a8870524f',0.42,67.3655,0.294,0.1439,0.2083,1.1722,0.7877);
INSERT INTO stemness_profile VALUES ('4595504b-b7b9-49f8-9c92-6d22679c2a29','bd3b5364-0a4f-4dd9-9f65-bf8a8870524f',104.1198,10.509,8.3595,0.0931,0.243,0.457,0.2554,0.2784);
INSERT INTO drug_resistance_feature VALUES ('4a04495c-1577-4c13-8f77-43d9cef067e2','bd3b5364-0a4f-4dd9-9f65-bf8a8870524f',0.8,0.9466,0.1531,0.7274,'[]',0.5135);
INSERT INTO immune_infiltration VALUES ('6d308a91-31c7-4beb-a230-62299d941256','bd3b5364-0a4f-4dd9-9f65-bf8a8870524f',11.4,15.182,7.2369,3.9635,4.9026,10.6314,21.322,4.483,7.9778,'CIBERSORT');
INSERT INTO checkpoint_expression VALUES ('d300b09c-e7ad-4a9f-b57e-ad3b6ff8d1c4','bd3b5364-0a4f-4dd9-9f65-bf8a8870524f',25.4,45.72,12.53,19.7237,5.7455,5.9833,5.311,35.9408);
INSERT INTO cytokine_milieu VALUES ('2ad9a410-5c64-4857-8a00-26124ebf0fc4','bd3b5364-0a4f-4dd9-9f65-bf8a8870524f',21.9995,11.4121,8.9191,35.7588,18.3026,10.2,34.9347,20.0);
INSERT INTO stromal_composition VALUES ('8ca85faf-3653-4c4d-a762-57c736d08470','bd3b5364-0a4f-4dd9-9f65-bf8a8870524f',0.2331,0.0957,0.1551,0.4482,3.9238,27.5122);
INSERT INTO ecm_profile VALUES ('bcf54080-0a5d-4a9e-a99c-0f27b1485958','bd3b5364-0a4f-4dd9-9f65-bf8a8870524f',14.1145,12.1694,25.0429,0.755,0.4457,0.2255,0.4558);
INSERT INTO hypoxia_vasculature VALUES ('35957a34-3a94-416f-878f-3906090da0bf','bd3b5364-0a4f-4dd9-9f65-bf8a8870524f',1.01,0.6724,7.9,0.1721,113.4256,192.6301,108.9202,8.9,7.33);
INSERT INTO organ_function VALUES ('73b4a289-92f0-48d7-a2f0-f6c27b5d854b','9c708361-8ab0-4a4a-8ce9-248cd3855a5f','2019-12-05',30.6,0.7672,26.0255,23.3413,10.4667,39.9368,58.9,397.1795,1.0902);
INSERT INTO immune_baseline VALUES ('b277c92a-a57d-4253-997a-70a94f844f99','9c708361-8ab0-4a4a-8ce9-248cd3855a5f','2019-12-05',5.67,2.23,6.22,2.7892,638.8524,329.2123,217.9089,10.7606);
INSERT INTO hormonal_profile VALUES ('95454d85-cecd-440c-93fc-04d01f948712','9c708361-8ab0-4a4a-8ce9-248cd3855a5f','2019-12-05',16.6,0.51,523.0,76.2945,17.7545,0.3,5.2863);
INSERT INTO pharmacogenomics VALUES ('b72f9590-2c5d-4bd9-ba42-2eb10b3822f7','9c708361-8ab0-4a4a-8ce9-248cd3855a5f','NM','IM','UM','*1/*28','normal',0,'NM');
INSERT INTO body_composition VALUES ('ba20cdfd-85cb-4b04-978c-d196db6d9a87','9c708361-8ab0-4a4a-8ce9-248cd3855a5f','2019-12-05',23.8,51.6,18.0912,118.9468,27.4214,1.6936);
INSERT INTO microbiome_profile VALUES ('bf65b695-c332-44f2-8c3b-bba3185c7c2d','9c708361-8ab0-4a4a-8ce9-248cd3855a5f','2019-12-05','gut','16S_rRNA_V4',3.286,2.1388,0.0498,'[{"genus": "Bacteroides", "rel": 0.346}, {"genus": "Faecalibacterium", "rel": 0.15}, {"genus": "Akkermansia", "rel": 0.0498}]',0);
INSERT INTO tumor_staging VALUES ('0a4db9f9-6446-402f-ab4d-af9c1a4c5be1','9c708361-8ab0-4a4a-8ce9-248cd3855a5f','2019-12-05','8500/3','C50.4','Invasive ductal carcinoma','T4','N3','M0','I',2,'right');
INSERT INTO imaging_measurement VALUES ('d89ab1a4-8a23-4796-845a-6393c7cb07ed','9c708361-8ab0-4a4a-8ce9-248cd3855a5f','2019-11-12','MRI','L1','primary_left_breast',10.3,572.1505,2.7503,'SD','{"entropy": 6.82, "sphericity": 0.51}');
INSERT INTO pathology_report VALUES ('ccbed43c-fc7d-4550-b17f-4692e6c0a205','9c708361-8ab0-4a4a-8ce9-248cd3855a5f','2019-12-05','core_needle_biopsy','R0',5,6,0,1,6.6255);
INSERT INTO performance_status VALUES ('b5f4df41-b9f7-4821-a803-31e83dc44316','9c708361-8ab0-4a4a-8ce9-248cd3855a5f','2019-12-05',0,72,0,44.3237);
INSERT INTO liquid_biopsy VALUES ('9e97def7-88e0-4d3a-8ad1-b2441b01feed','9c708361-8ab0-4a4a-8ce9-248cd3855a5f','2019-12-05',0.1181,53.145,3,'[]','detected',14.6818);
INSERT INTO treatment_regimen VALUES ('2c114f91-f9fa-4062-9e00-c26a0c65143e','9c708361-8ab0-4a4a-8ce9-248cd3855a5f',1,'Letrozole','adjuvant','2019-12-23','2020-10-30','planned_completion','PR',389);
INSERT INTO treatment_drug_dose VALUES ('cb033bce-8d36-45a4-bcc3-5981ef1abc48','2c114f91-f9fa-4062-9e00-c26a0c65143e','dea8e584-d12c-47bf-a4c0-e739973380b8','2019-12-23',70.0,64.0,8.6,'oral',1,1.269);
INSERT INTO adverse_event VALUES ('fb859c0d-b976-4b88-a8ca-6d2d08461857','9c708361-8ab0-4a4a-8ce9-248cd3855a5f','2c114f91-f9fa-4062-9e00-c26a0c65143e','Alopecia',2,'2020-02-08','2020-04-03','probable','none');
INSERT INTO adverse_event VALUES ('32c123f3-daa0-40bc-bb97-c4bbbfa0a9f1','9c708361-8ab0-4a4a-8ce9-248cd3855a5f','2c114f91-f9fa-4062-9e00-c26a0c65143e','Nausea',2,'2020-01-04','2020-02-06','probable','none');
INSERT INTO adverse_event VALUES ('b43a6b2e-ec96-4131-a384-e9bbae06d41a','9c708361-8ab0-4a4a-8ce9-248cd3855a5f','2c114f91-f9fa-4062-9e00-c26a0c65143e','Peripheral sensory neuropathy',3,'2020-03-21','2020-05-15','probable','dose_reduction');
INSERT INTO radiation_plan VALUES ('10bbd228-85c3-4668-b08a-b52a3e837e8a','9c708361-8ab0-4a4a-8ce9-248cd3855a5f','photon_EBRT','CTV',44.0919,2.0,25,5,'IMRT',NULL,'{"heart": {"V20Gy_pct": "<25"}, "lung": {"mean_Gy": "<18"}}');
INSERT INTO carcinogen_exposure VALUES ('7b626440-e51c-400e-b23a-166d12202865','9c708361-8ab0-4a4a-8ce9-248cd3855a5f','former',14.2646,7.2675,53.2844,84.3427,'[]',0.0,0);
INSERT INTO diet_nutrition VALUES ('b3723205-565e-40ca-b117-9dc6104e93ba','9c708361-8ab0-4a4a-8ce9-248cd3855a5f','2019-12-05','FFQ',2393.8833,66.0318,199.4285,59.9519,27.0763,33.2301,24.86,15.7317,'Mediterranean');
INSERT INTO physical_activity VALUES ('3d0b99d8-a0e2-43d3-845c-9d7be6866338','9c708361-8ab0-4a4a-8ce9-248cd3855a5f','2019-12-05',637.3173,103.3257,220.1364,10.8537,30.9807,7355,34.7412);
INSERT INTO stress_psychology VALUES ('714a5ab3-04e3-455e-8254-fef591dbba0f','9c708361-8ab0-4a4a-8ce9-248cd3855a5f','2019-12-05',20,13,0,42.4159,324.26,7.2422,9);
INSERT INTO environmental_exposure VALUES ('ea356980-fcca-4a88-8f4c-9ca1f5d512e2','9c708361-8ab0-4a4a-8ce9-248cd3855a5f','2019-12-05',6.8803,16.9383,34.7206,'negative',NULL,'negative','negative',9.2123,'naive');
INSERT INTO socioeconomic_context VALUES ('57dfcb29-6522-474a-bf9a-f804c0d0d4ad','9c708361-8ab0-4a4a-8ce9-248cd3855a5f','2019-12-05',54.1916,'public_Medicare',0.3017,0.4684,80.9819,'unable_to_work_disability',49.1971,11);
INSERT INTO circadian_profile VALUES ('51999122-ddca-4457-8e95-640f58deff7b','9c708361-8ab0-4a4a-8ce9-248cd3855a5f','2019-12-05','intermediate',78.1093,23.4464,'22:28',480.4751,0,9);

-- Patient 31: HR+ metastatic
INSERT INTO patient VALUES ('bd027d49-0697-4bdb-9258-6ec511234c92','MRN-9615600','1980-08-06','female','East Asian','{"EUR": 0.44, "AFR": 0.02}','2023-05-29','2023-05-29');
INSERT INTO genomic_sample VALUES ('654bf5f3-d415-4a6c-9768-ec0fd2c186a2','bd027d49-0697-4bdb-9258-6ec511234c92','tumor','C50.4','2023-06-08','Foundation One CDx',0.55,0,'FFPE');
INSERT INTO somatic_mutation VALUES ('d12506a5-204e-456b-932f-7fb18f79caa8','654bf5f3-d415-4a6c-9768-ec0fd2c186a2','BRCA1','chr17',43094464,'T','A','SNV','missense_variant','p.Cys1697Ser',0.3805,272,'pathogenic','COSV52701256','1','SBS3');
INSERT INTO somatic_mutation VALUES ('d8cd94c1-9c61-4507-933f-ce08e51021b0','654bf5f3-d415-4a6c-9768-ec0fd2c186a2','BRCA2','chr13',32338709,'A','T','SNV','stop_gained','p.Lys1690Ter',0.3565,250,'pathogenic','COSV52712043','1','SBS3');
INSERT INTO somatic_mutation VALUES ('05560a32-ff97-4855-8407-ba05ca6fb66a','654bf5f3-d415-4a6c-9768-ec0fd2c186a2','MAP3K1','chr5',56115628,'G','A','SNV','missense_variant','p.Glu1298Lys',0.1939,149,'oncogenic','COSV52721033','3A','SBS1');
INSERT INTO somatic_mutation VALUES ('dc7bfc54-ea37-45f8-8dc0-57b7b1ebddc0','654bf5f3-d415-4a6c-9768-ec0fd2c186a2','MYC','chr8',127735434,'A','G','SNV','missense_variant','p.Thr58Ala',0.2813,177,'oncogenic','COSV52759832','3A','SBS5');
INSERT INTO somatic_mutation VALUES ('cb974edd-a466-43e2-bd73-91360693b3ef','654bf5f3-d415-4a6c-9768-ec0fd2c186a2','ESR1','chr6',152098794,'T','C','SNV','missense_variant','p.Tyr537Cys',0.1414,82,'oncogenic','COSV52744551','1','SBS1');
INSERT INTO copy_number_variant VALUES ('534c0081-1bb8-4448-8a78-d39b05147d5d','654bf5f3-d415-4a6c-9768-ec0fd2c186a2','MYC','chr8',127700000,127800000,3.6,0.1,'neutral',0);
INSERT INTO copy_number_variant VALUES ('7c2d0d88-fc2b-4521-bb5b-a7bdd4d4439e','654bf5f3-d415-4a6c-9768-ec0fd2c186a2','CDKN2A','chr9',21967000,21995000,1.1,-2.29,'shallow_deletion',0);
INSERT INTO gene_expression VALUES ('81555c91-4c9f-42fb-a870-d2505a21fbff','654bf5f3-d415-4a6c-9768-ec0fd2c186a2','ENSG00000091831','ESR1',687.91,68.79,1720,6.31,99.0);
INSERT INTO gene_expression VALUES ('a171797e-6abc-4b5b-855d-679956e5ccb4','654bf5f3-d415-4a6c-9768-ec0fd2c186a2','ENSG00000141736','ERBB2',139.55,13.95,349,0.22,53.3);
INSERT INTO gene_expression VALUES ('508c6216-e009-4fc5-87b5-f6a873dcb1db','654bf5f3-d415-4a6c-9768-ec0fd2c186a2','ENSG00000148773','MKI67',212.18,21.22,530,1.02,65.3);
INSERT INTO gene_expression VALUES ('bf3a5700-74b4-4634-8465-3da30e6f424b','654bf5f3-d415-4a6c-9768-ec0fd2c186a2','ENSG00000141510','TP53',23.1,4.54,113,-1.08,33.8);
INSERT INTO gene_expression VALUES ('60f4fb8b-f438-49db-861b-e9efa4a5748b','654bf5f3-d415-4a6c-9768-ec0fd2c186a2','ENSG00000012048','BRCA1',45.02,2.49,139,-0.83,37.5);
INSERT INTO gene_expression VALUES ('797b49d7-c6d2-47e8-89e7-b330a8b496fa','654bf5f3-d415-4a6c-9768-ec0fd2c186a2','ENSG00000139618','BRCA2',68.35,5.77,218,-0.57,41.5);
INSERT INTO gene_expression VALUES ('6bf7e971-8e26-4752-a72a-0362208083e7','654bf5f3-d415-4a6c-9768-ec0fd2c186a2','ENSG00000171862','PTEN',1.2,1.96,437,-1.32,30.2);
INSERT INTO gene_expression VALUES ('714ad307-73ef-45ad-9bd1-b1a4616cf92c','654bf5f3-d415-4a6c-9768-ec0fd2c186a2','ENSG00000136997','MYC',75.06,3.86,514,-0.5,42.5);
INSERT INTO protein_expression VALUES ('2626c3af-14f6-44b9-ba82-cf0b5cbe080c','654bf5f3-d415-4a6c-9768-ec0fd2c186a2','ESR1','P03372','IHC',0.49,199.0,5,'NULL');
INSERT INTO protein_expression VALUES ('1f305e06-eb67-463c-ad76-df1a7a1f3b33','654bf5f3-d415-4a6c-9768-ec0fd2c186a2','PGR','P06401','IHC',0.27,177.0,4,'NULL');
INSERT INTO protein_expression VALUES ('24f8ad71-9655-4618-aacf-88a47136b966','654bf5f3-d415-4a6c-9768-ec0fd2c186a2','ERBB2','P04626','IHC',-1.5,0.0,0,'pY1248');
INSERT INTO protein_expression VALUES ('d20ba340-4ab7-42aa-a784-3737ebf8e939','654bf5f3-d415-4a6c-9768-ec0fd2c186a2','MKI67','P46013','IHC',-0.61,83.0,0,'NULL');
INSERT INTO epigenetic_mark VALUES ('39253258-ee90-4575-b047-7c6cad182c5f','654bf5f3-d415-4a6c-9768-ec0fd2c186a2','DNA_methylation','cg15629539',0.169,'-2.298','ESR1','CpG_island',NULL);
INSERT INTO epigenetic_mark VALUES ('f009b9fc-f22b-435f-a5aa-ed2a9ad4597f','654bf5f3-d415-4a6c-9768-ec0fd2c186a2','DNA_methylation','cg27053763',0.182,'-2.168','BRCA1','promoter',NULL);
INSERT INTO epigenetic_mark VALUES ('c0df9683-81b7-4012-a161-90f7a1faa336','654bf5f3-d415-4a6c-9768-ec0fd2c186a2','H3K27ac','chr17:37800000-37850000',0.118,NULL,'ERBB2','enhancer','0.283');
INSERT INTO ncrna_profile VALUES ('462d2eb4-8c09-4caa-badd-0f1dc83fbb2d','654bf5f3-d415-4a6c-9768-ec0fd2c186a2','miRNA','hsa-miR-21-5p','miR-21-5p',2.4,'["PTEN", "PDCD4"]');
INSERT INTO ncrna_profile VALUES ('a1db8503-d0ac-4c7d-942d-44282652c4b2','654bf5f3-d415-4a6c-9768-ec0fd2c186a2','miRNA','hsa-miR-155-5p','miR-155-5p',2.65,'["SHIP1", "SOCS1"]');
INSERT INTO ncrna_profile VALUES ('d4479e17-be3a-416e-a776-68ba81b5c1da','654bf5f3-d415-4a6c-9768-ec0fd2c186a2','lncRNA','ENSG00000228630','HOTAIR',2.73,'["SHIP1", "SOCS1"]');
INSERT INTO ncrna_profile VALUES ('cc77dae9-2522-420e-af8f-2755fa572e64','654bf5f3-d415-4a6c-9768-ec0fd2c186a2','lncRNA','ENSG00000251562','MALAT1',58.4,'["SHIP1", "SOCS1"]');
INSERT INTO metabolomics_profile VALUES ('1a0f4577-f5ce-40bb-a63f-b648e6a4252b','654bf5f3-d415-4a6c-9768-ec0fd2c186a2','Lactate','HMDB0000190','C00186',1.64,'LC-MS','organic_acid',-0.24);
INSERT INTO metabolomics_profile VALUES ('fc466662-58e5-4395-88c7-0e10526362e6','654bf5f3-d415-4a6c-9768-ec0fd2c186a2','Glutamine','HMDB0000641','C00064',0.34,'LC-MS','amino_acid',-1.11);
INSERT INTO metabolomics_profile VALUES ('5db154bb-0675-4e13-aad2-bb0f625fe3b9','654bf5f3-d415-4a6c-9768-ec0fd2c186a2','Glucose','HMDB0000122','C00031',3.92,'LC-MS','carbohydrate',1.28);
INSERT INTO metabolomics_profile VALUES ('0e7a9655-d7e1-486e-b0d5-b505bfc15af0','654bf5f3-d415-4a6c-9768-ec0fd2c186a2','Phosphocholine','HMDB0001565','C00588',0.09,'LC-MS','lipid',-1.27);
INSERT INTO tumor_clone VALUES ('28b9b90f-83f8-4af2-ab95-1632f0c586b5','654bf5f3-d415-4a6c-9768-ec0fd2c186a2','clone_A',0.73,'[]',1,1,0.1421);
INSERT INTO tumor_clone VALUES ('078e12c7-c1c5-4a13-936b-265d2667e67b','654bf5f3-d415-4a6c-9768-ec0fd2c186a2','clone_B',0.27,'[]',0,2,0.0876);
INSERT INTO cell_cycle_state VALUES ('d64cb01b-9599-434d-ad4d-38a39e37d07e','654bf5f3-d415-4a6c-9768-ec0fd2c186a2',0.715,0.1,0.09,0.095,29.6813,480.0,1.5);
INSERT INTO apoptosis_marker VALUES ('3e2ffb42-1c92-4806-b18f-ff2625c4de04','654bf5f3-d415-4a6c-9768-ec0fd2c186a2',158.0,60.0357,88.0,1.8,0.2501,4.4694,1.0545);
INSERT INTO dna_repair_status VALUES ('34edaa03-7c0d-41d8-9a1c-84d0658c68b6','654bf5f3-d415-4a6c-9768-ec0fd2c186a2','mutated_somatic','mutated_somatic','proficient_MMR',0.04,10.0,24.5,0,'wildtype');
INSERT INTO metabolic_phenotype VALUES ('c674bfb9-398e-40b5-8c2a-5d49ace1ae3e','654bf5f3-d415-4a6c-9768-ec0fd2c186a2',0.344,95.3741,0.1,0.5094,0.214,1.0432,0.5065);
INSERT INTO stemness_profile VALUES ('77bcc46e-0c0e-4ae1-8006-65425ef58325','654bf5f3-d415-4a6c-9768-ec0fd2c186a2',73.8052,14.7792,0.0,0.095,0.289,0.123,0.4027,0.4753);
INSERT INTO drug_resistance_feature VALUES ('be4ae67b-71a5-47fd-9491-49a52d73ff0f','654bf5f3-d415-4a6c-9768-ec0fd2c186a2',0.81,0.8142,0.5008,0.5789,'[]',0.2557);
INSERT INTO immune_infiltration VALUES ('8a00e83a-55f8-4283-8a7b-6b419d0dc8a0','654bf5f3-d415-4a6c-9768-ec0fd2c186a2',3.4,9.4526,11.0283,9.4329,1.6307,10.6796,14.686,4.4808,9.0765,'CIBERSORT');
INSERT INTO checkpoint_expression VALUES ('f02886f6-65f7-459e-8b5c-fa9190fc25ff','654bf5f3-d415-4a6c-9768-ec0fd2c186a2',0.0,0.0,12.6167,14.3667,20.6117,5.2809,11.284,13.7086);
INSERT INTO cytokine_milieu VALUES ('73b56108-a929-4b20-9229-d84f5cddb039','654bf5f3-d415-4a6c-9768-ec0fd2c186a2',13.8121,14.0946,10.1598,17.3688,21.3563,21.7,15.4728,134.4427);
INSERT INTO stromal_composition VALUES ('a73021d3-9b74-434b-8888-43857ed6d7d4','654bf5f3-d415-4a6c-9768-ec0fd2c186a2',0.1468,0.0862,0.1314,0.4052,3.2011,27.0365);
INSERT INTO ecm_profile VALUES ('11b32def-69d3-49be-958d-4670fecb26f4','654bf5f3-d415-4a6c-9768-ec0fd2c186a2',2.0,3.5976,29.9794,0.5542,0.5429,0.5612,0.6225);
INSERT INTO hypoxia_vasculature VALUES ('0d8a5270-9cf0-4091-bac8-8009897c111e','654bf5f3-d415-4a6c-9768-ec0fd2c186a2',0.74,0.4595,10.0,0.1759,107.6229,107.6859,128.5497,14.3,7.07);
INSERT INTO organ_function VALUES ('424685fd-1a45-41b5-a691-1c702204c60a','bd027d49-0697-4bdb-9258-6ec511234c92','2023-05-29',97.1,1.5652,33.0287,16.2486,11.0081,38.95,62.0,400.0397,1.1063);
INSERT INTO immune_baseline VALUES ('435c1ce5-a7be-42f8-b965-37705ac0e1b8','bd027d49-0697-4bdb-9258-6ec511234c92','2023-05-29',8.81,2.19,3.58,1.6347,367.2024,417.5163,251.6884,7.3747);
INSERT INTO hormonal_profile VALUES ('c5f4052f-d03a-497a-a9ce-dfca291784c6','bd027d49-0697-4bdb-9258-6ec511234c92','2023-05-29',143.9,0.54,542.0,74.8585,13.6014,1.2364,4.6157);
INSERT INTO pharmacogenomics VALUES ('02812b52-9271-40e7-b62d-8ff141f61e41','bd027d49-0697-4bdb-9258-6ec511234c92','NM','NM','PM','*1/*28','normal',0,'NM');
INSERT INTO body_composition VALUES ('a189d375-a29d-455e-a6b7-27bf876ab93b','bd027d49-0697-4bdb-9258-6ec511234c92','2023-05-29',37.0,36.7,32.5617,114.9256,44.4095,1.662);
INSERT INTO microbiome_profile VALUES ('f9a7ebd5-7ca9-4533-a4c0-4c2f4031b683','bd027d49-0697-4bdb-9258-6ec511234c92','2023-05-29','gut','16S_rRNA_V4',3.0434,1.9661,0.0,'[{"genus": "Bacteroides", "rel": 0.271}, {"genus": "Faecalibacterium", "rel": 0.11}, {"genus": "Akkermansia", "rel": 0.0}]',0);
INSERT INTO tumor_staging VALUES ('77e99c0d-70d7-428c-8412-afd93741cced','bd027d49-0697-4bdb-9258-6ec511234c92','2023-05-29','8500/3','C50.4','Invasive ductal carcinoma','T4','N3','M1','IV',2,'left');
INSERT INTO imaging_measurement VALUES ('2b64b51e-e692-41e9-aaf8-f36a48a02819','bd027d49-0697-4bdb-9258-6ec511234c92','2023-05-01','MRI','L1','primary_left_breast',24.8,7986.4479,1.842,'SD','{"entropy": 5.54, "sphericity": 0.74}');
INSERT INTO pathology_report VALUES ('5e108cb4-26df-44cb-9c36-778d41588b78','bd027d49-0697-4bdb-9258-6ec511234c92','2023-05-29','core_needle_biopsy','R0',1,10,1,0,0.0);
INSERT INTO performance_status VALUES ('1cb86bef-a38e-4834-8724-cf372d3c3333','bd027d49-0697-4bdb-9258-6ec511234c92','2023-05-29',0,97,3,46.509);
INSERT INTO liquid_biopsy VALUES ('70d20682-8a3c-475d-9d6d-98920bf3c3b4','bd027d49-0697-4bdb-9258-6ec511234c92','2023-05-29',0.1068,48.06,1,'[]','detected',14.839);
INSERT INTO treatment_regimen VALUES ('9a957eda-74e3-40b7-bb68-ff8a334a90d9','bd027d49-0697-4bdb-9258-6ec511234c92',1,'Palbociclib+Let','palliative','2023-06-27','2024-09-28','planned_completion','PR',426);
INSERT INTO treatment_drug_dose VALUES ('3d6d748d-fe0c-462a-95a2-b0e6baa25a27','9a957eda-74e3-40b7-bb68-ff8a334a90d9','14234f22-ddb9-4e92-883c-bd55730bb629','2023-06-27',75.0,74.0,1.3,'IV',1,2.2286);
INSERT INTO adverse_event VALUES ('c535bbaf-0b41-4171-98fd-ed95bac6473e','bd027d49-0697-4bdb-9258-6ec511234c92','9a957eda-74e3-40b7-bb68-ff8a334a90d9','Arthralgia',1,'2023-07-07','2023-08-03','probable','none');
INSERT INTO adverse_event VALUES ('56a2dfdd-fa89-41c5-a249-e75c6f40e273','bd027d49-0697-4bdb-9258-6ec511234c92','9a957eda-74e3-40b7-bb68-ff8a334a90d9','Alopecia',2,'2023-08-22','2023-09-12','probable','none');
INSERT INTO carcinogen_exposure VALUES ('083dafa8-961d-470d-b192-835b395adeff','bd027d49-0697-4bdb-9258-6ec511234c92','former',12.6719,0.0404,5.0,40.7588,'[]',0.0,0);
INSERT INTO diet_nutrition VALUES ('e7b6a3cf-83fd-4845-a81a-f2ca8de4cccb','bd027d49-0697-4bdb-9258-6ec511234c92','2023-05-29','FFQ',1404.1511,86.7987,180.247,39.9687,22.5399,46.1537,25.4118,0.0,'Mediterranean');
INSERT INTO physical_activity VALUES ('946076a8-3bdc-43cf-aeaf-4e5c2b255011','bd027d49-0697-4bdb-9258-6ec511234c92','2023-05-29',350.6274,83.9308,118.8084,7.5369,16.8138,3879,33.8226);
INSERT INTO stress_psychology VALUES ('e15ebef8-e98f-4ae3-9bc7-41f5475ff425','bd027d49-0697-4bdb-9258-6ec511234c92','2023-05-29',7,5,8,34.0327,336.04,7.1521,11);
INSERT INTO environmental_exposure VALUES ('5050b073-4b29-4627-8720-c09a640c6c75','bd027d49-0697-4bdb-9258-6ec511234c92','2023-05-29',20.3505,24.9817,75.4562,'negative',NULL,'negative','negative',6.2948,'naive');
INSERT INTO socioeconomic_context VALUES ('16b638a3-9ccf-4d6a-9dcf-3b1332cfd4b2','bd027d49-0697-4bdb-9258-6ec511234c92','2023-05-29',54.8493,'public_Medicare',0.8349,0.8386,66.4005,'employed_full_time',30.0172,13);
INSERT INTO circadian_profile VALUES ('70f2e986-5eef-46c9-ad99-97001548d39e','bd027d49-0697-4bdb-9258-6ec511234c92','2023-05-29','intermediate',91.9137,25.4825,'22:23',788.9697,0,9);

-- Patient 32: HR+/HER2+
INSERT INTO patient VALUES ('175a66ee-642c-47f0-bb37-482ec9e06a44','MRN-4553770','1971-12-27','female','East Asian','{"EUR": 0.22, "AFR": 0.28}','2020-06-28','2020-06-28');
INSERT INTO genomic_sample VALUES ('96259087-a692-4eab-8963-2f10b2aa570a','175a66ee-642c-47f0-bb37-482ec9e06a44','tumor','C50.4','2020-07-06','Tempus xT',0.64,0,'FFPE');
INSERT INTO somatic_mutation VALUES ('78f94aa2-8d94-4b04-abd7-ecdc39ba68e4','96259087-a692-4eab-8963-2f10b2aa570a','CDH1','chr16',68771195,'C','T','SNV','nonsense_variant','p.Gln333Ter',0.3498,143,'oncogenic','COSV52697483','3A','SBS1');
INSERT INTO somatic_mutation VALUES ('1e30b65f-7495-4884-9086-34d12586164d','96259087-a692-4eab-8963-2f10b2aa570a','ESR1','chr6',152098794,'T','C','SNV','missense_variant','p.Tyr537Cys',0.2441,220,'oncogenic','COSV52744551','1','SBS1');
INSERT INTO somatic_mutation VALUES ('28a49360-26e8-4c73-8baf-08a213140b01','96259087-a692-4eab-8963-2f10b2aa570a','MAP3K1','chr5',56115628,'G','A','SNV','missense_variant','p.Glu1298Lys',0.3139,324,'oncogenic','COSV52721033','3A','SBS1');
INSERT INTO somatic_mutation VALUES ('45c8bb0a-2bca-44a2-a6a0-7177b960f853','96259087-a692-4eab-8963-2f10b2aa570a','CCND1','chr11',69465258,'G','T','SNV','missense_variant','p.Pro241Leu',0.2381,190,'oncogenic','COSV52718943','3A','SBS1');
INSERT INTO somatic_mutation VALUES ('d6e88d93-8bf9-4106-b980-52d9e268913d','96259087-a692-4eab-8963-2f10b2aa570a','PIK3CA','chr3',179234297,'C','T','SNV','missense_variant','p.His1047Arg',0.1564,272,'oncogenic','COSV52748762','1','SBS1');
INSERT INTO somatic_mutation VALUES ('23b80901-f0fa-45f7-9bbe-68be21ed197c','96259087-a692-4eab-8963-2f10b2aa570a','MYC','chr8',127735434,'A','G','SNV','missense_variant','p.Thr58Ala',0.2929,110,'oncogenic','COSV52759832','3A','SBS5');
INSERT INTO copy_number_variant VALUES ('019d2be7-c33a-40ed-8667-8a02b79d18c9','96259087-a692-4eab-8963-2f10b2aa570a','ERBB2','chr17',37800000,38200000,17.6,3.14,'amplification',1);
INSERT INTO copy_number_variant VALUES ('350ecb5d-c47a-4af2-8480-af6311a50298','96259087-a692-4eab-8963-2f10b2aa570a','MYC','chr8',127700000,127800000,2.5,0.57,'neutral',0);
INSERT INTO copy_number_variant VALUES ('827bc84e-06a9-4e29-b7ab-f91817031c7c','96259087-a692-4eab-8963-2f10b2aa570a','CDKN2A','chr9',21967000,21995000,1.0,-1.48,'shallow_deletion',0);
INSERT INTO gene_expression VALUES ('03202cc4-8d63-43a2-839f-c7c2dc64d3ef','96259087-a692-4eab-8963-2f10b2aa570a','ENSG00000091831','ESR1',949.75,94.97,2374,9.22,99.0);
INSERT INTO gene_expression VALUES ('6d38260c-e2e2-43f4-942f-a3bbf1243ff1','96259087-a692-4eab-8963-2f10b2aa570a','ENSG00000141736','ERBB2',575.18,57.52,1438,5.06,99.0);
INSERT INTO gene_expression VALUES ('cf44e3fa-546a-430c-923b-f93d6670435b','96259087-a692-4eab-8963-2f10b2aa570a','ENSG00000148773','MKI67',344.17,34.42,860,2.49,87.3);
INSERT INTO gene_expression VALUES ('757522fc-fe71-494b-9759-3be0af51da1c','96259087-a692-4eab-8963-2f10b2aa570a','ENSG00000141510','TP53',102.77,2.26,61,-0.19,47.1);
INSERT INTO gene_expression VALUES ('7e1ad4ef-c073-41d4-a806-e37a8bea7cd7','96259087-a692-4eab-8963-2f10b2aa570a','ENSG00000012048','BRCA1',4.97,2.77,387,-1.28,30.8);
INSERT INTO gene_expression VALUES ('435c9eb6-728c-4a64-a575-a75baf5b421b','96259087-a692-4eab-8963-2f10b2aa570a','ENSG00000139618','BRCA2',40.01,2.65,240,-0.89,36.6);
INSERT INTO gene_expression VALUES ('3ff97d33-7c14-4d6e-809c-92ebe380c45c','96259087-a692-4eab-8963-2f10b2aa570a','ENSG00000171862','PTEN',67.57,2.54,349,-0.58,41.3);
INSERT INTO gene_expression VALUES ('39ce85db-418c-4877-835d-63cdf2af3e43','96259087-a692-4eab-8963-2f10b2aa570a','ENSG00000136997','MYC',110.53,3.92,797,-0.11,48.4);
INSERT INTO protein_expression VALUES ('0a093bce-158d-495a-b61e-2516613417e2','96259087-a692-4eab-8963-2f10b2aa570a','ESR1','P03372','IHC',1.5,300.0,8,'NULL');
INSERT INTO protein_expression VALUES ('7f68d502-76d0-432c-abd2-3e8eae31a349','96259087-a692-4eab-8963-2f10b2aa570a','PGR','P06401','IHC',0.55,205.0,5,'NULL');
INSERT INTO protein_expression VALUES ('cc38cb3f-04c0-4c37-b46b-a25df366431c','96259087-a692-4eab-8963-2f10b2aa570a','ERBB2','P04626','IHC',0.86,236.0,6,'pY1248');
INSERT INTO protein_expression VALUES ('b7fbdbab-730f-4159-96ea-677c438c09c3','96259087-a692-4eab-8963-2f10b2aa570a','MKI67','P46013','IHC',0.04,144.0,0,'NULL');
INSERT INTO epigenetic_mark VALUES ('0c03a671-9e95-4dd1-be7f-7577730cba4c','96259087-a692-4eab-8963-2f10b2aa570a','DNA_methylation','cg15629539',0.137,'-2.655','ESR1','CpG_island',NULL);
INSERT INTO epigenetic_mark VALUES ('ad372e0a-8dd3-42ed-8b41-c8cc915146b1','96259087-a692-4eab-8963-2f10b2aa570a','DNA_methylation','cg27053763',0.248,'-1.6','BRCA1','promoter',NULL);
INSERT INTO epigenetic_mark VALUES ('af1e6197-de3f-42eb-a9e5-245f73e25ed5','96259087-a692-4eab-8963-2f10b2aa570a','H3K27ac','chr17:37800000-37850000',0.145,NULL,'ERBB2','enhancer','2.934');
INSERT INTO ncrna_profile VALUES ('50a11337-02b3-4e3c-9438-5de30eec3ca9','96259087-a692-4eab-8963-2f10b2aa570a','miRNA','hsa-miR-21-5p','miR-21-5p',4.48,'["PTEN", "PDCD4"]');
INSERT INTO ncrna_profile VALUES ('59033ad5-75c2-46e0-ad96-035806cb23d4','96259087-a692-4eab-8963-2f10b2aa570a','miRNA','hsa-miR-155-5p','miR-155-5p',2.81,'["SHIP1", "SOCS1"]');
INSERT INTO ncrna_profile VALUES ('b6859d4b-e78b-40d5-bcf9-713277f21ad8','96259087-a692-4eab-8963-2f10b2aa570a','lncRNA','ENSG00000228630','HOTAIR',2.28,'["SHIP1", "SOCS1"]');
INSERT INTO ncrna_profile VALUES ('b89470b5-534c-43d9-ad5d-1bf049c7e6d2','96259087-a692-4eab-8963-2f10b2aa570a','lncRNA','ENSG00000251562','MALAT1',47.09,'["SHIP1", "SOCS1"]');
INSERT INTO metabolomics_profile VALUES ('0dd0cacb-bf0d-4dcb-a4f3-3947cce04dd9','96259087-a692-4eab-8963-2f10b2aa570a','Lactate','HMDB0000190','C00186',2.7,'LC-MS','organic_acid',0.47);
INSERT INTO metabolomics_profile VALUES ('54272012-44c6-405a-a5ee-9a19e05cc006','96259087-a692-4eab-8963-2f10b2aa570a','Glutamine','HMDB0000641','C00064',0.56,'LC-MS','amino_acid',-0.96);
INSERT INTO metabolomics_profile VALUES ('b791667a-4ba1-4000-a4c1-9c8ddb075f64','96259087-a692-4eab-8963-2f10b2aa570a','Glucose','HMDB0000122','C00031',5.01,'LC-MS','carbohydrate',2.01);
INSERT INTO metabolomics_profile VALUES ('7cc6cde7-9bbc-4472-852c-13499b1d31aa','96259087-a692-4eab-8963-2f10b2aa570a','Phosphocholine','HMDB0001565','C00588',0.21,'LC-MS','lipid',-1.19);
INSERT INTO tumor_clone VALUES ('e82b7d91-c54e-4346-bbc6-8bcdea14a564','96259087-a692-4eab-8963-2f10b2aa570a','clone_A',0.75,'[]',1,1,0.2477);
INSERT INTO tumor_clone VALUES ('43efcca9-4ce7-4e6f-8fc2-3673f245e75d','96259087-a692-4eab-8963-2f10b2aa570a','clone_B',0.25,'[]',0,2,0.0795);
INSERT INTO cell_cycle_state VALUES ('19c07ce0-b17d-415c-b684-8f5191c1cedb','96259087-a692-4eab-8963-2f10b2aa570a',0.596,0.226,0.123,0.055,51.433,277.3,1.0);
INSERT INTO apoptosis_marker VALUES ('16427e5c-46a2-4fab-81c0-ba3b98e47eed','96259087-a692-4eab-8963-2f10b2aa570a',231.0,58.3383,139.0,1.66,0.2479,5.3033,0.7395);
INSERT INTO dna_repair_status VALUES ('883f8994-b907-41a7-9083-620cae40c60c','96259087-a692-4eab-8963-2f10b2aa570a','wildtype','wildtype','proficient_MMR',0.04,8.2,28.8,0,'wildtype');
INSERT INTO metabolic_phenotype VALUES ('f13aacdd-9dec-4b42-8adb-5606128aaf95','96259087-a692-4eab-8963-2f10b2aa570a',0.738,101.3295,0.2055,0.2497,0.3579,1.0836,0.5983);
INSERT INTO stemness_profile VALUES ('6b76e75d-ce8b-4d78-aad3-2fd2ebee3c73','96259087-a692-4eab-8963-2f10b2aa570a',94.6871,3.6655,0.0,0.1055,0.327,0.298,0.141,0.1045);
INSERT INTO drug_resistance_feature VALUES ('84f675d8-eb24-4167-8dcf-fada4d09469a','96259087-a692-4eab-8963-2f10b2aa570a',0.1,0.4171,0.2089,1.4874,'[]',0.0);
INSERT INTO immune_infiltration VALUES ('664f022d-e44c-4994-86c9-7303f7025cb5','96259087-a692-4eab-8963-2f10b2aa570a',6.9,14.3007,6.2506,2.9161,9.2273,9.5643,10.4103,3.4713,6.8444,'CIBERSORT');
INSERT INTO checkpoint_expression VALUES ('de2e353a-6698-4be5-85ad-a8e39c7a0d14','96259087-a692-4eab-8963-2f10b2aa570a',39.6,71.28,2.6667,17.4137,16.178,7.3772,6.4772,23.8763);
INSERT INTO cytokine_milieu VALUES ('9a427b90-f0f5-45ba-a9c1-4a0590afee2c','96259087-a692-4eab-8963-2f10b2aa570a',26.0143,22.0848,10.5509,23.4341,14.3173,15.3,31.5371,172.6264);
INSERT INTO stromal_composition VALUES ('33998101-1e30-4fdc-a99a-09f84caa9bbb','96259087-a692-4eab-8963-2f10b2aa570a',0.1753,0.0672,0.1376,0.2515,2.1469,26.7434);
INSERT INTO ecm_profile VALUES ('52463ff0-8aaa-47f5-84fa-a62f31875799','96259087-a692-4eab-8963-2f10b2aa570a',10.4041,2.8362,31.514,0.6264,0.6303,0.4678,0.4885);
INSERT INTO hypoxia_vasculature VALUES ('908ebe18-b024-44c0-bcdb-cb1ece9b9deb','96259087-a692-4eab-8963-2f10b2aa570a',1.29,0.9452,9.3,0.2328,72.8287,203.4462,105.8233,11.9,7.25);
INSERT INTO organ_function VALUES ('0170e200-0611-4356-8035-3b89f4dfbf03','175a66ee-642c-47f0-bb37-482ec9e06a44','2020-06-28',83.2,1.3984,23.271,18.4983,16.7138,37.4024,67.5,395.2273,1.1258);
INSERT INTO immune_baseline VALUES ('ec4ce8c7-32c9-4a75-9606-818d5dfefea9','175a66ee-642c-47f0-bb37-482ec9e06a44','2020-06-28',3.36,2.47,5.21,2.1093,550.0546,482.7937,247.8895,10.2504);
INSERT INTO hormonal_profile VALUES ('ecb971bd-9970-4e64-817d-f4aa1721412f','175a66ee-642c-47f0-bb37-482ec9e06a44','2020-06-28',136.9,0.35,456.0,60.5978,12.2773,2.8425,6.6202);
INSERT INTO pharmacogenomics VALUES ('e4997c5c-92b5-4757-98c8-94e32716bb07','175a66ee-642c-47f0-bb37-482ec9e06a44','NM','NM','PM','*1/*1','normal',0,'NM');
INSERT INTO body_composition VALUES ('e2c5d06f-1988-4822-8096-ce173d6aeedf','175a66ee-642c-47f0-bb37-482ec9e06a44','2020-06-28',26.7,41.9,27.352,128.9793,34.7096,1.654);
INSERT INTO microbiome_profile VALUES ('cc245f43-ce64-4ac0-8403-ba080b2b927b','175a66ee-642c-47f0-bb37-482ec9e06a44','2020-06-28','gut','16S_rRNA_V4',3.1847,2.5901,0.068,'[{"genus": "Bacteroides", "rel": 0.274}, {"genus": "Faecalibacterium", "rel": 0.061}, {"genus": "Akkermansia", "rel": 0.068}]',0);
INSERT INTO tumor_staging VALUES ('14592299-ce2d-4726-a009-d640012aee83','175a66ee-642c-47f0-bb37-482ec9e06a44','2020-06-28','8500/3','C50.4','Invasive ductal carcinoma','T2','N1','M0','IIB',2,'right');
INSERT INTO imaging_measurement VALUES ('9bb8b31d-dbfa-49c8-baad-f0ddc668b4ef','175a66ee-642c-47f0-bb37-482ec9e06a44','2020-06-01','MRI','L1','primary_left_breast',36.3,25044.8536,2.791,'SD','{"entropy": 4.57, "sphericity": 0.58}');
INSERT INTO pathology_report VALUES ('dfa2d53e-6043-493d-a064-204a2abc4bf6','175a66ee-642c-47f0-bb37-482ec9e06a44','2020-06-28','core_needle_biopsy','R0',4,14,0,0,0.0);
INSERT INTO performance_status VALUES ('85b37f26-d497-49a4-b282-bab9420a9e35','175a66ee-642c-47f0-bb37-482ec9e06a44','2020-06-28',0,96,1,32.2499);
INSERT INTO liquid_biopsy VALUES ('7b056e1a-800b-45e8-867c-9853c25758f7','175a66ee-642c-47f0-bb37-482ec9e06a44','2020-06-28',0.0443,19.935,6,'[]','detected',16.8297);
INSERT INTO treatment_regimen VALUES ('b4dfea52-4736-4071-a6b0-1e06d425e2c6','175a66ee-642c-47f0-bb37-482ec9e06a44',1,'T-DM1','adjuvant','2020-07-12','2021-09-14','planned_completion','PR',433);
INSERT INTO treatment_drug_dose VALUES ('c487d9bd-babc-466e-ae40-a2dbd2f363a5','b4dfea52-4736-4071-a6b0-1e06d425e2c6','6875e431-ad8e-4272-8f17-9b89825e25c6','2020-07-12',80.0,77.0,3.8,'IV',1,1.9858);
INSERT INTO adverse_event VALUES ('5643d646-001e-46a6-881a-a9c8daed36a4','175a66ee-642c-47f0-bb37-482ec9e06a44','b4dfea52-4736-4071-a6b0-1e06d425e2c6','Alopecia',1,'2020-07-30','2020-08-27','probable','none');
INSERT INTO adverse_event VALUES ('93244472-dab7-4d17-94fa-0db6475680e2','175a66ee-642c-47f0-bb37-482ec9e06a44','b4dfea52-4736-4071-a6b0-1e06d425e2c6','Diarrhoea',1,'2020-08-22','2020-10-19','probable','none');
INSERT INTO radiation_plan VALUES ('3e92127f-95ba-4ca9-80bc-befa97ac7dff','175a66ee-642c-47f0-bb37-482ec9e06a44','photon_EBRT','CTV',51.6073,2.0,25,5,'IMRT',NULL,'{"heart": {"V20Gy_pct": "<25"}, "lung": {"mean_Gy": "<18"}}');
INSERT INTO carcinogen_exposure VALUES ('86be2363-ecab-4f57-810d-b4ab58a26ab2','175a66ee-642c-47f0-bb37-482ec9e06a44','never',0.0,7.8124,26.9064,112.0334,'[]',0.0,0);
INSERT INTO diet_nutrition VALUES ('a4e239d2-e33f-4a84-aa44-51076cec33f7','175a66ee-642c-47f0-bb37-482ec9e06a44','2020-06-28','FFQ',1653.1795,81.0905,248.5399,89.0236,16.3618,58.914,12.9611,3.4483,'Western');
INSERT INTO physical_activity VALUES ('bf924dd3-cb28-47e3-af43-452835eed57b','175a66ee-642c-47f0-bb37-482ec9e06a44','2020-06-28',813.0849,42.2107,145.1849,9.1744,25.4081,8264,26.034);
INSERT INTO stress_psychology VALUES ('0b42b9c7-c923-4889-999c-ae60b42e7465','175a66ee-642c-47f0-bb37-482ec9e06a44','2020-06-28',11,13,12,39.0481,282.72,5.0261,6);
INSERT INTO environmental_exposure VALUES ('b2f6a48f-f27e-4c17-8c62-745aa8cf0084','175a66ee-642c-47f0-bb37-482ec9e06a44','2020-06-28',8.8984,18.6055,69.5713,'negative',NULL,'negative','negative',8.4148,'naive');
INSERT INTO socioeconomic_context VALUES ('6d505bae-0bae-42b5-ae6a-b4b4696b439d','175a66ee-642c-47f0-bb37-482ec9e06a44','2020-06-28',47.2352,'public_Medicare',0.7975,0.5422,67.1268,'retired',32.4021,19);
INSERT INTO circadian_profile VALUES ('1b1bc6c4-087b-4dc8-86c3-f3a48affe6d5','175a66ee-642c-47f0-bb37-482ec9e06a44','2020-06-28','intermediate',76.1589,21.3177,'22:22',648.4456,0,11);

-- Patient 33: HR+/HER2- early
INSERT INTO patient VALUES ('bb67fe3f-b0e9-45c6-bb63-ac9f53d5a782','MRN-4171937','1964-03-10','female','South Asian','{"EUR": 0.61, "AFR": 0.03}','2023-11-03','2023-11-03');
INSERT INTO genomic_sample VALUES ('4fe5e10d-c01f-4ef9-ac85-af4a7c5ac920','bb67fe3f-b0e9-45c6-bb63-ac9f53d5a782','tumor','C50.4','2023-11-13','Tempus xT',0.45,0,'FFPE');
INSERT INTO somatic_mutation VALUES ('a7f4bbed-b7fe-42e4-a5d7-bdf3e9bd10b7','4fe5e10d-c01f-4ef9-ac85-af4a7c5ac920','TP53','chr17',7674220,'G','A','SNV','missense_variant','p.Arg248Trp',0.4839,109,'oncogenic','COSV52743007','1','SBS5');
INSERT INTO somatic_mutation VALUES ('a4e9cd8a-9fcd-4df0-b1a7-03c4b7df1f14','4fe5e10d-c01f-4ef9-ac85-af4a7c5ac920','MYC','chr8',127735434,'A','G','SNV','missense_variant','p.Thr58Ala',0.2778,123,'oncogenic','COSV52759832','3A','SBS5');
INSERT INTO somatic_mutation VALUES ('ba8d994e-f1b9-48c0-8613-fe60e3fd7ef4','4fe5e10d-c01f-4ef9-ac85-af4a7c5ac920','CCND1','chr11',69465258,'G','T','SNV','missense_variant','p.Pro241Leu',0.2368,332,'oncogenic','COSV52718943','3A','SBS1');
INSERT INTO somatic_mutation VALUES ('c92402ad-38d1-4cb0-bc23-1b63f5645fa4','4fe5e10d-c01f-4ef9-ac85-af4a7c5ac920','ESR1','chr6',152098794,'T','C','SNV','missense_variant','p.Tyr537Cys',0.1038,85,'oncogenic','COSV52744551','1','SBS1');
INSERT INTO somatic_mutation VALUES ('835cae64-f44a-499e-b6fb-0f27dd85929a','4fe5e10d-c01f-4ef9-ac85-af4a7c5ac920','GATA3','chr10',8115610,'CT','C','indel','frameshift_variant','p.Thr443fs',0.3712,340,'oncogenic','COSV52704812','1','SBS5');
INSERT INTO copy_number_variant VALUES ('1938acf5-f38f-495f-8c5d-a3d72bdb593f','4fe5e10d-c01f-4ef9-ac85-af4a7c5ac920','MYC','chr8',127700000,127800000,1.7,0.74,'neutral',0);
INSERT INTO copy_number_variant VALUES ('01714fdb-10b3-42f1-932e-11a31cab4523','4fe5e10d-c01f-4ef9-ac85-af4a7c5ac920','CDKN2A','chr9',21967000,21995000,0.4,-2.05,'shallow_deletion',0);
INSERT INTO gene_expression VALUES ('bbc3f6d1-54f8-4b02-8796-3c1ffe0b7e4e','4fe5e10d-c01f-4ef9-ac85-af4a7c5ac920','ENSG00000091831','ESR1',829.13,82.91,2073,7.88,99.0);
INSERT INTO gene_expression VALUES ('05039ffe-ea01-439f-97e1-a421ab1c388c','4fe5e10d-c01f-4ef9-ac85-af4a7c5ac920','ENSG00000141736','ERBB2',117.65,11.76,294,-0.03,49.5);
INSERT INTO gene_expression VALUES ('70cdff2b-06d3-47d4-9101-f0e517206943','4fe5e10d-c01f-4ef9-ac85-af4a7c5ac920','ENSG00000148773','MKI67',227.1,22.71,568,1.19,67.8);
INSERT INTO gene_expression VALUES ('2b5f24f9-bdb8-449a-9f07-822dd51b8b3a','4fe5e10d-c01f-4ef9-ac85-af4a7c5ac920','ENSG00000141510','TP53',53.66,4.91,267,-0.74,38.9);
INSERT INTO gene_expression VALUES ('856a8e13-90aa-48c8-8dac-ae830477bbc8','4fe5e10d-c01f-4ef9-ac85-af4a7c5ac920','ENSG00000012048','BRCA1',30.66,0.74,165,-0.99,35.1);
INSERT INTO gene_expression VALUES ('652fee77-440c-44c0-a7fb-0760cbdadc9c','4fe5e10d-c01f-4ef9-ac85-af4a7c5ac920','ENSG00000139618','BRCA2',83.85,5.05,310,-0.4,44.0);
INSERT INTO gene_expression VALUES ('a987ea55-cf53-4731-a2fd-efe336523376','4fe5e10d-c01f-4ef9-ac85-af4a7c5ac920','ENSG00000171862','PTEN',58.42,4.45,519,-0.68,39.8);
INSERT INTO gene_expression VALUES ('3804dc67-96f4-4e55-a172-18ef2eb27298','4fe5e10d-c01f-4ef9-ac85-af4a7c5ac920','ENSG00000136997','MYC',139.38,4.28,616,0.22,53.3);
INSERT INTO protein_expression VALUES ('7db5c50d-1a08-4600-bf4d-dd4541a93b3a','4fe5e10d-c01f-4ef9-ac85-af4a7c5ac920','ESR1','P03372','IHC',1.05,255.0,6,'NULL');
INSERT INTO protein_expression VALUES ('ea666277-c4da-4516-9f4c-1ed3fc7ba64f','4fe5e10d-c01f-4ef9-ac85-af4a7c5ac920','PGR','P06401','IHC',0.16,166.0,4,'NULL');
INSERT INTO protein_expression VALUES ('288d36b4-a73b-4e2c-a124-cf176a645d64','4fe5e10d-c01f-4ef9-ac85-af4a7c5ac920','ERBB2','P04626','IHC',-1.41,9.0,0,'pY1248');
INSERT INTO protein_expression VALUES ('eebda162-3a16-4ea6-9a26-88e6f5134db2','4fe5e10d-c01f-4ef9-ac85-af4a7c5ac920','MKI67','P46013','IHC',-0.65,79.0,0,'NULL');
INSERT INTO epigenetic_mark VALUES ('40f228be-e976-46f7-92cb-685d30300fc0','4fe5e10d-c01f-4ef9-ac85-af4a7c5ac920','DNA_methylation','cg15629539',0.1,'-3.17','ESR1','CpG_island',NULL);
INSERT INTO epigenetic_mark VALUES ('444150bb-ffd3-479b-9a02-4d3b9cccd301','4fe5e10d-c01f-4ef9-ac85-af4a7c5ac920','DNA_methylation','cg27053763',0.134,'-2.692','BRCA1','promoter',NULL);
INSERT INTO epigenetic_mark VALUES ('4faba479-2061-4056-a7e8-0831c5036260','4fe5e10d-c01f-4ef9-ac85-af4a7c5ac920','H3K27ac','chr17:37800000-37850000',0.177,NULL,'ERBB2','enhancer','1.306');
INSERT INTO ncrna_profile VALUES ('cf40b814-ca66-4548-a7ad-30b13df817e8','4fe5e10d-c01f-4ef9-ac85-af4a7c5ac920','miRNA','hsa-miR-21-5p','miR-21-5p',3.13,'["PTEN", "PDCD4"]');
INSERT INTO ncrna_profile VALUES ('95591e4a-ef5f-466d-93a4-36b076b6339c','4fe5e10d-c01f-4ef9-ac85-af4a7c5ac920','miRNA','hsa-miR-155-5p','miR-155-5p',6.71,'["SHIP1", "SOCS1"]');
INSERT INTO ncrna_profile VALUES ('a673b803-0133-4115-84ce-31d210256cd0','4fe5e10d-c01f-4ef9-ac85-af4a7c5ac920','lncRNA','ENSG00000228630','HOTAIR',2.65,'["SHIP1", "SOCS1"]');
INSERT INTO ncrna_profile VALUES ('5f407fa5-9f09-4f8c-9e57-5c75180f4676','4fe5e10d-c01f-4ef9-ac85-af4a7c5ac920','lncRNA','ENSG00000251562','MALAT1',35.43,'["SHIP1", "SOCS1"]');
INSERT INTO metabolomics_profile VALUES ('0ddeec2b-01e5-439a-8d7d-0aa465ed18d1','4fe5e10d-c01f-4ef9-ac85-af4a7c5ac920','Lactate','HMDB0000190','C00186',0.54,'LC-MS','organic_acid',-0.97);
INSERT INTO metabolomics_profile VALUES ('c9b9d3e9-0b87-4894-a6c5-0c245d3ce66a','4fe5e10d-c01f-4ef9-ac85-af4a7c5ac920','Glutamine','HMDB0000641','C00064',0.56,'LC-MS','amino_acid',-0.96);
INSERT INTO metabolomics_profile VALUES ('5ccfd461-e8db-4ba6-86b4-83a8d2402da2','4fe5e10d-c01f-4ef9-ac85-af4a7c5ac920','Glucose','HMDB0000122','C00031',4.14,'LC-MS','carbohydrate',1.43);
INSERT INTO metabolomics_profile VALUES ('4b113944-7451-467c-a4ff-4f008da9a700','4fe5e10d-c01f-4ef9-ac85-af4a7c5ac920','Phosphocholine','HMDB0001565','C00588',0.16,'LC-MS','lipid',-1.23);
INSERT INTO tumor_clone VALUES ('2bf259cc-5064-43e1-afdc-4de8aab4f15e','4fe5e10d-c01f-4ef9-ac85-af4a7c5ac920','clone_A',0.83,'[]',1,1,0.1496);
INSERT INTO tumor_clone VALUES ('84e67b79-8110-45ff-aaef-5bd1d1a37e96','4fe5e10d-c01f-4ef9-ac85-af4a7c5ac920','clone_B',0.17,'[]',0,2,0.0827);
INSERT INTO cell_cycle_state VALUES ('0377813f-0876-450c-b137-8daee554c793','4fe5e10d-c01f-4ef9-ac85-af4a7c5ac920',0.609,0.111,0.058,0.222,28.1756,480.0,5.9);
INSERT INTO apoptosis_marker VALUES ('a778a05f-98e2-4520-8708-e73462c64eaf','4fe5e10d-c01f-4ef9-ac85-af4a7c5ac920',169.0,66.409,136.0,1.24,0.3013,2.0711,0.8305);
INSERT INTO dna_repair_status VALUES ('5f969a15-aa5d-41c5-9d35-5a47f42b1ed5','4fe5e10d-c01f-4ef9-ac85-af4a7c5ac920','wildtype','wildtype','proficient_MMR',0.04,4.1,10.2,0,'wildtype');
INSERT INTO metabolic_phenotype VALUES ('74270c38-305d-4943-8cc2-861ebf6c1ffa','4fe5e10d-c01f-4ef9-ac85-af4a7c5ac920',0.445,98.0547,0.3694,0.359,0.1201,1.415,0.6259);
INSERT INTO stemness_profile VALUES ('bd6c7450-edb5-405e-9c89-95c210cbc766','4fe5e10d-c01f-4ef9-ac85-af4a7c5ac920',84.7901,7.6528,9.0065,0.1451,0.436,0.328,0.3185,0.087);
INSERT INTO drug_resistance_feature VALUES ('6ac8b3c1-73e7-42ab-9a8e-51ed0cf0dfd7','4fe5e10d-c01f-4ef9-ac85-af4a7c5ac920',0.33,0.7532,0.2218,1.1763,'[]',0.0436);
INSERT INTO immune_infiltration VALUES ('0bb3e20e-0e7f-409f-b226-2c8bca032109','4fe5e10d-c01f-4ef9-ac85-af4a7c5ac920',7.1,11.9921,7.6762,7.3393,3.3752,10.8864,16.6232,5.0468,9.3355,'CIBERSORT');
INSERT INTO checkpoint_expression VALUES ('2265f1a5-d02e-43f2-b674-d592ecf84efe','4fe5e10d-c01f-4ef9-ac85-af4a7c5ac920',39.9,71.82,7.6286,16.1058,7.1062,1.5803,17.2866,20.8521);
INSERT INTO cytokine_milieu VALUES ('b320339e-83e8-407a-89f8-3b5bb6d1d510','4fe5e10d-c01f-4ef9-ac85-af4a7c5ac920',36.5079,15.9344,3.4622,22.3371,24.9666,17.2,53.9432,97.6586);
INSERT INTO stromal_composition VALUES ('d4456164-686b-4fba-96cb-b81b3a941b01','4fe5e10d-c01f-4ef9-ac85-af4a7c5ac920',0.1907,0.0726,0.0549,0.4091,2.8224,41.6937);
INSERT INTO ecm_profile VALUES ('89788b90-2f98-44fc-9571-7cfa27882fe5','4fe5e10d-c01f-4ef9-ac85-af4a7c5ac920',10.1352,9.9345,27.2321,0.677,0.3956,0.8708,0.4925);
INSERT INTO hypoxia_vasculature VALUES ('f6ac936b-5244-4732-8846-6264f01516ea','4fe5e10d-c01f-4ef9-ac85-af4a7c5ac920',0.31,0.9427,9.4,0.2246,82.9123,200.3398,67.4843,7.5,7.13);
INSERT INTO organ_function VALUES ('ed8c17c6-1d19-443d-8801-06a8803cd144','bb67fe3f-b0e9-45c6-bb63-ac9f53d5a782','2023-11-03',82.2,1.3864,16.8981,19.3273,13.9397,37.4722,61.6,437.8676,1.0075);
INSERT INTO immune_baseline VALUES ('31ac4521-28c5-4167-854c-afaed010f230','bb67fe3f-b0e9-45c6-bb63-ac9f53d5a782','2023-11-03',5.55,0.77,4.54,5.8961,704.9741,467.9152,240.3687,9.1766);
INSERT INTO hormonal_profile VALUES ('6a85d7a9-bed4-4738-8954-017ad9bc92e8','bb67fe3f-b0e9-45c6-bb63-ac9f53d5a782','2023-11-03',33.9,0.38,444.0,75.3352,14.745,2.472,7.2396);
INSERT INTO pharmacogenomics VALUES ('9711af2c-605b-4145-a67d-afbdaaec6b01','bb67fe3f-b0e9-45c6-bb63-ac9f53d5a782','PM','NM','PM','*1/*1','normal',0,'NM');
INSERT INTO body_composition VALUES ('afb31883-87ff-4e67-9f40-3b3a526bf63d','bb67fe3f-b0e9-45c6-bb63-ac9f53d5a782','2023-11-03',28.7,32.7,38.6662,49.1281,26.4686,1.7126);
INSERT INTO microbiome_profile VALUES ('ad988ada-6157-40fe-b177-b09cb98453d0','bb67fe3f-b0e9-45c6-bb63-ac9f53d5a782','2023-11-03','gut','16S_rRNA_V4',3.272,2.8384,0.0377,'[{"genus": "Bacteroides", "rel": 0.172}, {"genus": "Faecalibacterium", "rel": 0.105}, {"genus": "Akkermansia", "rel": 0.0377}]',0);
INSERT INTO tumor_staging VALUES ('9c4d5639-191c-47ac-8325-b6ccdb256475','bb67fe3f-b0e9-45c6-bb63-ac9f53d5a782','2023-11-03','8500/3','C50.4','Invasive ductal carcinoma','T2','N1','M0','IIA',1,'right');
INSERT INTO imaging_measurement VALUES ('004fb422-49a6-4190-b7c0-14603de4d101','bb67fe3f-b0e9-45c6-bb63-ac9f53d5a782','2023-10-29','MRI','L1','primary_left_breast',20.6,4577.2042,4.4518,'SD','{"entropy": 4.85, "sphericity": 0.69}');
INSERT INTO pathology_report VALUES ('fbecead4-06b0-489e-95c2-8ff5adf38f72','bb67fe3f-b0e9-45c6-bb63-ac9f53d5a782','2023-11-03','core_needle_biopsy','R0',7,9,1,0,14.5701);
INSERT INTO performance_status VALUES ('2cbdd0ba-5876-48f3-8340-c9a0d969caa8','bb67fe3f-b0e9-45c6-bb63-ac9f53d5a782','2023-11-03',0,79,0,38.8164);
INSERT INTO liquid_biopsy VALUES ('4254dd4f-5907-4544-ae95-355031de20d1','bb67fe3f-b0e9-45c6-bb63-ac9f53d5a782','2023-11-03',0.0847,38.115,8,'[]','detected',12.2033);
INSERT INTO treatment_regimen VALUES ('a876ad34-08e7-4bec-ba3b-4a82af83adc2','bb67fe3f-b0e9-45c6-bb63-ac9f53d5a782',1,'Letrozole','adjuvant','2023-11-28','2025-04-10','planned_completion','PR',550);
INSERT INTO treatment_drug_dose VALUES ('7cd66589-b1da-479e-8134-49e0c018c719','a876ad34-08e7-4bec-ba3b-4a82af83adc2','dea8e584-d12c-47bf-a4c0-e739973380b8','2023-11-28',70.0,66.0,5.7,'oral',1,0.834);
INSERT INTO adverse_event VALUES ('108bbe22-0125-4956-b80f-cadfb9bf85ef','bb67fe3f-b0e9-45c6-bb63-ac9f53d5a782','a876ad34-08e7-4bec-ba3b-4a82af83adc2','Alopecia',2,'2023-12-31','2024-01-12','probable','none');
INSERT INTO adverse_event VALUES ('41f70054-4a38-404b-8a87-874b0ad85edd','bb67fe3f-b0e9-45c6-bb63-ac9f53d5a782','a876ad34-08e7-4bec-ba3b-4a82af83adc2','Nausea',1,'2023-12-18','2024-02-10','probable','none');
INSERT INTO adverse_event VALUES ('00076467-3228-4e4f-b5f8-ccb9b1ca2f64','bb67fe3f-b0e9-45c6-bb63-ac9f53d5a782','a876ad34-08e7-4bec-ba3b-4a82af83adc2','Diarrhoea',1,'2024-02-20','2024-04-04','probable','none');
INSERT INTO adverse_event VALUES ('31086192-7543-4078-830f-3e42528b1348','bb67fe3f-b0e9-45c6-bb63-ac9f53d5a782','a876ad34-08e7-4bec-ba3b-4a82af83adc2','Peripheral sensory neuropathy',3,'2024-02-26','2024-03-16','probable','dose_reduction');
INSERT INTO radiation_plan VALUES ('f75449dd-6b50-4f7b-9a52-deee38444478','bb67fe3f-b0e9-45c6-bb63-ac9f53d5a782','photon_EBRT','CTV',52.2421,2.0,25,5,'IMRT',NULL,'{"heart": {"V20Gy_pct": "<25"}, "lung": {"mean_Gy": "<18"}}');
INSERT INTO carcinogen_exposure VALUES ('c9203288-6761-48fa-ac51-6dc5b1b5d0bc','bb67fe3f-b0e9-45c6-bb63-ac9f53d5a782','never',0.0,7.2806,22.4035,5.0,'[]',0.0,0);
INSERT INTO diet_nutrition VALUES ('e9df067d-581b-423a-9c99-3ebe173a657d','bb67fe3f-b0e9-45c6-bb63-ac9f53d5a782','2023-11-03','FFQ',1971.8334,90.8783,238.2539,75.192,17.6507,49.0493,34.8444,0.0,'plant_based');
INSERT INTO physical_activity VALUES ('7ba5afec-cca6-4694-b080-2d8d3c36d702','bb67fe3f-b0e9-45c6-bb63-ac9f53d5a782','2023-11-03',1041.3063,100.1757,59.4341,9.2112,30.2206,5762,15.8728);
INSERT INTO stress_psychology VALUES ('33bfd1d5-6f53-4719-ae72-e33d15771725','bb67fe3f-b0e9-45c6-bb63-ac9f53d5a782','2023-11-03',22,7,7,26.946,275.28,5.8086,11);
INSERT INTO environmental_exposure VALUES ('4b85ccda-d696-4b09-b57c-c9f5735bc9cd','bb67fe3f-b0e9-45c6-bb63-ac9f53d5a782','2023-11-03',13.3256,4.9832,35.0686,'negative',NULL,'negative','negative',6.4955,'naive');
INSERT INTO socioeconomic_context VALUES ('81a49c28-50ce-4716-91dc-05ad88f26cc3','bb67fe3f-b0e9-45c6-bb63-ac9f53d5a782','2023-11-03',14.2494,'public_Medicare',0.4981,0.6558,66.0988,'unable_to_work_disability',33.7326,22);
INSERT INTO circadian_profile VALUES ('1d6f01ba-697f-4224-8149-ddcbb2487b2b','bb67fe3f-b0e9-45c6-bb63-ac9f53d5a782','2023-11-03','evening',71.6164,26.6267,'22:25',670.9908,1,10);

-- Patient 34: TNBC
INSERT INTO patient VALUES ('bc3198ff-c687-4056-b80f-f156f9d42228','MRN-1509918','1945-05-26','female','White','{"EUR": 0.34, "AFR": 0.07}','2023-10-02','2023-10-02');
INSERT INTO genomic_sample VALUES ('8c535e7d-5952-46af-9076-d5cabc692e38','bc3198ff-c687-4056-b80f-f156f9d42228','tumor','C50.4','2023-10-11','Illumina NovaSeq 6000 WGS',0.54,0,'FFPE');
INSERT INTO somatic_mutation VALUES ('0beaac89-f46d-4fba-b5b6-041640723034','8c535e7d-5952-46af-9076-d5cabc692e38','TP53','chr17',7674220,'G','A','SNV','missense_variant','p.Arg248Trp',0.4382,148,'oncogenic','COSV52743007','1','SBS5');
INSERT INTO somatic_mutation VALUES ('64666190-1c97-435c-af07-c1b4cdd6f8f9','8c535e7d-5952-46af-9076-d5cabc692e38','PIK3CA','chr3',179234297,'C','T','SNV','missense_variant','p.His1047Arg',0.2364,207,'oncogenic','COSV52748762','1','SBS1');
INSERT INTO somatic_mutation VALUES ('2f28ed18-d8aa-4034-a7a7-7e4a02dcf500','8c535e7d-5952-46af-9076-d5cabc692e38','CDH1','chr16',68771195,'C','T','SNV','nonsense_variant','p.Gln333Ter',0.4852,187,'oncogenic','COSV52697483','3A','SBS1');
INSERT INTO somatic_mutation VALUES ('452e6d8c-34a2-41c0-a905-4962194da261','8c535e7d-5952-46af-9076-d5cabc692e38','CCND1','chr11',69465258,'G','T','SNV','missense_variant','p.Pro241Leu',0.2369,257,'oncogenic','COSV52718943','3A','SBS1');
INSERT INTO copy_number_variant VALUES ('32275441-ce6e-4993-b2a9-890bda9b93e1','8c535e7d-5952-46af-9076-d5cabc692e38','PTEN','chr10',89600000,89900000,0.3,-2.82,'deep_deletion',1);
INSERT INTO copy_number_variant VALUES ('8761511b-bac9-4b2a-8587-987c2237fed1','8c535e7d-5952-46af-9076-d5cabc692e38','MYC','chr8',127700000,127800000,3.1,0.28,'amplification',0);
INSERT INTO copy_number_variant VALUES ('8aa6b2f9-fedb-4d8b-bd91-93ddf9390836','8c535e7d-5952-46af-9076-d5cabc692e38','CDKN2A','chr9',21967000,21995000,0.2,-1.46,'shallow_deletion',0);
INSERT INTO gene_expression VALUES ('d82df837-2675-4bc3-9b59-21fb0d99e441','8c535e7d-5952-46af-9076-d5cabc692e38','ENSG00000091831','ESR1',1.0,0.1,2,-1.32,30.2);
INSERT INTO gene_expression VALUES ('bf44b318-221c-4c86-9965-beed4cca9f3c','8c535e7d-5952-46af-9076-d5cabc692e38','ENSG00000141736','ERBB2',207.57,20.76,519,0.97,64.5);
INSERT INTO gene_expression VALUES ('10b82027-477b-4174-bf64-b7efa52f2dac','8c535e7d-5952-46af-9076-d5cabc692e38','ENSG00000148773','MKI67',395.33,39.53,988,3.06,95.9);
INSERT INTO gene_expression VALUES ('f351e422-6711-41cf-951a-6b59e68d6f83','8c535e7d-5952-46af-9076-d5cabc692e38','ENSG00000141510','TP53',78.19,5.37,424,-0.46,43.1);
INSERT INTO gene_expression VALUES ('98661080-0211-4bb1-ae63-1de83a6865eb','8c535e7d-5952-46af-9076-d5cabc692e38','ENSG00000012048','BRCA1',55.24,4.82,48,-0.72,39.2);
INSERT INTO gene_expression VALUES ('76480043-f72f-42ac-9e50-b59250f3a420','8c535e7d-5952-46af-9076-d5cabc692e38','ENSG00000139618','BRCA2',0.9,3.39,338,-1.32,30.2);
INSERT INTO gene_expression VALUES ('500dfa48-8b66-4d9d-a924-a52818be2ec7','8c535e7d-5952-46af-9076-d5cabc692e38','ENSG00000171862','PTEN',106.03,8.07,451,-0.16,47.6);
INSERT INTO gene_expression VALUES ('d9d53a49-02a0-4828-b4fb-b57843e96f94','8c535e7d-5952-46af-9076-d5cabc692e38','ENSG00000136997','MYC',108.53,4.48,721,-0.13,48.0);
INSERT INTO protein_expression VALUES ('37210f9a-8c33-4df0-9178-9d6bb9ca53cf','8c535e7d-5952-46af-9076-d5cabc692e38','ESR1','P03372','IHC',-1.5,0.0,0,'NULL');
INSERT INTO protein_expression VALUES ('e9efcb4e-7f0b-4819-be00-ef593d05c68b','8c535e7d-5952-46af-9076-d5cabc692e38','PGR','P06401','IHC',-1.5,0.0,0,'NULL');
INSERT INTO protein_expression VALUES ('5eb064dc-469c-4e28-99ba-c638754524b9','8c535e7d-5952-46af-9076-d5cabc692e38','ERBB2','P04626','IHC',-1.21,29.0,1,'pY1248');
INSERT INTO protein_expression VALUES ('72610d21-22ab-4e63-af1b-fbc04b747eda','8c535e7d-5952-46af-9076-d5cabc692e38','MKI67','P46013','IHC',-0.0,140.0,0,'NULL');
INSERT INTO epigenetic_mark VALUES ('89766c3f-4967-4048-aa59-9e6ed07e6450','8c535e7d-5952-46af-9076-d5cabc692e38','DNA_methylation','cg15629539',0.618,'0.694','ESR1','CpG_island',NULL);
INSERT INTO epigenetic_mark VALUES ('e8865d8e-4fb3-4083-9712-1bf6f61bbde2','8c535e7d-5952-46af-9076-d5cabc692e38','DNA_methylation','cg27053763',0.138,'-2.643','BRCA1','promoter',NULL);
INSERT INTO epigenetic_mark VALUES ('f70aaf6f-1d1d-4666-a43e-006c8a53918b','8c535e7d-5952-46af-9076-d5cabc692e38','H3K27ac','chr17:37800000-37850000',0.321,NULL,'ERBB2','enhancer','2.149');
INSERT INTO ncrna_profile VALUES ('b6b09d65-7de7-4bde-92ec-44127caab8c8','8c535e7d-5952-46af-9076-d5cabc692e38','miRNA','hsa-miR-21-5p','miR-21-5p',5.86,'["PTEN", "PDCD4"]');
INSERT INTO ncrna_profile VALUES ('9b4406e9-c36f-4c7e-9130-4651aa7a7bbe','8c535e7d-5952-46af-9076-d5cabc692e38','miRNA','hsa-miR-155-5p','miR-155-5p',5.83,'["SHIP1", "SOCS1"]');
INSERT INTO ncrna_profile VALUES ('8915a4c9-9c0b-4e71-a6d4-e48ac3664ab4','8c535e7d-5952-46af-9076-d5cabc692e38','lncRNA','ENSG00000228630','HOTAIR',1.74,'["SHIP1", "SOCS1"]');
INSERT INTO ncrna_profile VALUES ('8d016f1c-e5c4-4afa-bd47-43047218c1e5','8c535e7d-5952-46af-9076-d5cabc692e38','lncRNA','ENSG00000251562','MALAT1',43.49,'["SHIP1", "SOCS1"]');
INSERT INTO metabolomics_profile VALUES ('ba12b18b-478e-4e53-8526-529150ad19c0','8c535e7d-5952-46af-9076-d5cabc692e38','Lactate','HMDB0000190','C00186',3.04,'LC-MS','organic_acid',0.69);
INSERT INTO metabolomics_profile VALUES ('dae216f5-f9ef-4eb8-b9df-11697531dd06','8c535e7d-5952-46af-9076-d5cabc692e38','Glutamine','HMDB0000641','C00064',0.46,'LC-MS','amino_acid',-1.03);
INSERT INTO metabolomics_profile VALUES ('cd6bc81c-355f-44e9-b474-b5989455db37','8c535e7d-5952-46af-9076-d5cabc692e38','Glucose','HMDB0000122','C00031',4.95,'LC-MS','carbohydrate',1.97);
INSERT INTO metabolomics_profile VALUES ('d39cb9b1-263b-4251-879a-f42746dd7c51','8c535e7d-5952-46af-9076-d5cabc692e38','Phosphocholine','HMDB0001565','C00588',0.2,'LC-MS','lipid',-1.2);
INSERT INTO tumor_clone VALUES ('a387cd2d-1c11-4e0a-bbc4-755e671e1c27','8c535e7d-5952-46af-9076-d5cabc692e38','clone_A',0.78,'[]',1,1,0.1752);
INSERT INTO tumor_clone VALUES ('dfb8f904-be82-42f3-9ac3-8ebe46d0c2f3','8c535e7d-5952-46af-9076-d5cabc692e38','clone_B',0.22,'[]',0,2,0.0603);
INSERT INTO cell_cycle_state VALUES ('742c061d-ca41-4abb-b843-7d68dc4bdd62','8c535e7d-5952-46af-9076-d5cabc692e38',0.598,0.16,0.128,0.114,49.9023,309.3,6.9);
INSERT INTO apoptosis_marker VALUES ('cc79fb2d-d01f-4bbe-b1a3-1dee03509a22','8c535e7d-5952-46af-9076-d5cabc692e38',79.0,135.3214,63.0,1.25,0.208,4.8269,1.5196);
INSERT INTO dna_repair_status VALUES ('960357a2-d24d-4928-b479-7641fa1bbd04','8c535e7d-5952-46af-9076-d5cabc692e38','wildtype','wildtype','deficient_MMR',0.32,19.7,60.4,0,'wildtype');
INSERT INTO metabolic_phenotype VALUES ('14587675-5950-49fa-a56c-d986384255dc','8c535e7d-5952-46af-9076-d5cabc692e38',0.71,80.2429,0.3343,0.2869,0.3911,1.614,0.4243);
INSERT INTO stemness_profile VALUES ('2eafc543-5303-4927-bb8b-bebb071e30eb','8c535e7d-5952-46af-9076-d5cabc692e38',201.8177,42.4607,32.8,0.4023,0.407,0.695,0.777,0.5823);
INSERT INTO drug_resistance_feature VALUES ('ad97fd6e-404c-4f74-b759-02b33604b3e6','8c535e7d-5952-46af-9076-d5cabc692e38',3.28,0.5418,0.7563,1.5034,'[]',1.0);
INSERT INTO immune_infiltration VALUES ('941086cf-bf24-4f80-a280-e3aafaf0fccf','8c535e7d-5952-46af-9076-d5cabc692e38',24.7,13.8642,10.3024,5.3829,6.6997,7.4984,7.4341,6.0039,10.912,'CIBERSORT');
INSERT INTO checkpoint_expression VALUES ('49e116a6-8cde-42f8-a25f-20d7f843d016','8c535e7d-5952-46af-9076-d5cabc692e38',57.1,102.78,10.01,17.5256,4.4077,9.4484,13.1586,45.1553);
INSERT INTO cytokine_milieu VALUES ('aef2a0cc-642c-4f75-a9e2-7835769b59ea','8c535e7d-5952-46af-9076-d5cabc692e38',38.4358,12.7929,10.6319,31.3325,19.8613,43.7,125.6327,27.7818);
INSERT INTO stromal_composition VALUES ('c207299d-c906-4bea-b7d9-2e07561b6abb','8c535e7d-5952-46af-9076-d5cabc692e38',0.4038,0.0865,0.1025,0.4081,3.5381,44.0387);
INSERT INTO ecm_profile VALUES ('6d9a2205-10ea-428c-862e-ad5f116e14f7','8c535e7d-5952-46af-9076-d5cabc692e38',17.9611,5.4098,30.6429,0.7002,0.5641,0.8852,0.2969);
INSERT INTO hypoxia_vasculature VALUES ('82bc5cc4-d95a-4298-8a60-721e4e1a9b75','8c535e7d-5952-46af-9076-d5cabc692e38',1.6,1.1015,4.6,0.3994,78.8806,154.2298,85.7419,13.0,6.74);
INSERT INTO organ_function VALUES ('11b32063-5d4f-45f9-b758-5c9604a69c0f','bc3198ff-c687-4056-b80f-f156f9d42228','2023-10-02',49.2,0.9904,15.253,32.382,17.412,33.1039,63.9,374.4329,1.097);
INSERT INTO immune_baseline VALUES ('774331c0-733a-41ea-ab41-a3c393dc0fcc','bc3198ff-c687-4056-b80f-f156f9d42228','2023-10-02',4.57,1.84,4.24,2.3043,612.1507,359.1628,240.8013,8.7059);
INSERT INTO hormonal_profile VALUES ('ae669903-1221-44f2-9d8d-aacdac20ff50','bc3198ff-c687-4056-b80f-f156f9d42228','2023-10-02',2.0,0.8,440.0,47.9725,23.9879,2.5312,8.5205);
INSERT INTO pharmacogenomics VALUES ('16f22f07-086f-46b7-924a-5e6d0ed6845b','bc3198ff-c687-4056-b80f-f156f9d42228','PM','NM','NM','*1/*1','normal',0,'NM');
INSERT INTO body_composition VALUES ('ed9dcfe0-d704-438a-86fd-6339ec9e16db','bc3198ff-c687-4056-b80f-f156f9d42228','2023-10-02',25.6,33.8,39.4658,20.0,28.5622,1.5806);
INSERT INTO microbiome_profile VALUES ('cfac3939-dc82-4c1a-8462-589bea712add','bc3198ff-c687-4056-b80f-f156f9d42228','2023-10-02','gut','16S_rRNA_V4',2.8114,1.5347,0.098,'[{"genus": "Bacteroides", "rel": 0.227}, {"genus": "Faecalibacterium", "rel": 0.132}, {"genus": "Akkermansia", "rel": 0.098}]',0);
INSERT INTO tumor_staging VALUES ('1b9c2950-2c18-408b-986f-8a82fa856f42','bc3198ff-c687-4056-b80f-f156f9d42228','2023-10-02','8500/3','C50.4','Invasive ductal carcinoma, triple negative','T3','N2','M0','IIIA',2,'right');
INSERT INTO imaging_measurement VALUES ('9b755437-0574-4543-b9ea-5de1c5d64a40','bc3198ff-c687-4056-b80f-f156f9d42228','2023-09-09','MRI','L1','primary_left_breast',22.8,6205.877,2.986,'SD','{"entropy": 7.11, "sphericity": 0.82}');
INSERT INTO pathology_report VALUES ('2f4269b1-2e82-4941-802e-9b9da80aa958','bc3198ff-c687-4056-b80f-f156f9d42228','2023-10-02','core_needle_biopsy','R0',2,13,0,1,13.5088);
INSERT INTO performance_status VALUES ('57a9ca08-e3b0-48fc-9f65-c016435b2cff','bc3198ff-c687-4056-b80f-f156f9d42228','2023-10-02',2,70,2,23.9173);
INSERT INTO liquid_biopsy VALUES ('dec5e7a2-7bd7-4ba4-b13a-3b08fb3a0bcf','bc3198ff-c687-4056-b80f-f156f9d42228','2023-10-02',0.0349,15.705,1,'[]','detected',14.5888);
INSERT INTO treatment_regimen VALUES ('a6c24285-4579-4542-a95a-ea4adca78c23','bc3198ff-c687-4056-b80f-f156f9d42228',1,'AC-T','neoadjuvant','2023-11-12','2025-04-13','planned_completion','PR',322);
INSERT INTO treatment_drug_dose VALUES ('e33cddd6-8bf6-4a0c-9c7f-968bbac97173','a6c24285-4579-4542-a95a-ea4adca78c23','8ed4a385-e60c-4c06-9827-b17fc4f5be7e','2023-11-12',78.0,73.0,6.4,'IV',1,1.768);
INSERT INTO adverse_event VALUES ('d0d27fc3-fe09-45e4-a7ba-fdc11131e7d1','bc3198ff-c687-4056-b80f-f156f9d42228','a6c24285-4579-4542-a95a-ea4adca78c23','Arthralgia',2,'2023-11-26','2023-12-10','probable','none');
INSERT INTO adverse_event VALUES ('27f266fe-f91f-4b48-b141-febb058a5cf2','bc3198ff-c687-4056-b80f-f156f9d42228','a6c24285-4579-4542-a95a-ea4adca78c23','Nausea',1,'2023-12-07','2023-12-15','probable','none');
INSERT INTO adverse_event VALUES ('83fce571-c80e-4732-9efc-be321a4d05f1','bc3198ff-c687-4056-b80f-f156f9d42228','a6c24285-4579-4542-a95a-ea4adca78c23','Diarrhoea',1,'2024-01-12','2024-03-03','probable','none');
INSERT INTO adverse_event VALUES ('c9ff0709-2ce3-4934-8918-6341b28cf790','bc3198ff-c687-4056-b80f-f156f9d42228','a6c24285-4579-4542-a95a-ea4adca78c23','Alopecia',2,'2023-12-02','2023-12-13','probable','none');
INSERT INTO radiation_plan VALUES ('1d8d4db6-87d4-478a-820f-8e178f126cbd','bc3198ff-c687-4056-b80f-f156f9d42228','photon_EBRT','CTV',50.3401,2.0,25,5,'IMRT',NULL,'{"heart": {"V20Gy_pct": "<25"}, "lung": {"mean_Gy": "<18"}}');
INSERT INTO carcinogen_exposure VALUES ('5ffe5858-8b21-46d9-84bb-cb78f1ac34bc','bc3198ff-c687-4056-b80f-f156f9d42228','never',0.0,4.2801,32.226,67.7214,'[]',0.0,0);
INSERT INTO diet_nutrition VALUES ('3f664d9a-0954-4e77-a54a-ee413acb66d5','bc3198ff-c687-4056-b80f-f156f9d42228','2023-10-02','FFQ',1287.9086,56.4193,226.8286,81.2305,21.5968,13.5197,14.7844,3.1995,'Western');
INSERT INTO physical_activity VALUES ('25a404fa-507a-4c67-8890-f2c13fd5d83f','bc3198ff-c687-4056-b80f-f156f9d42228','2023-10-02',539.1036,55.9566,171.9939,7.9425,29.8848,6698,22.8907);
INSERT INTO stress_psychology VALUES ('4a223e14-6704-4dc3-bd24-44d92aebfb19','bc3198ff-c687-4056-b80f-f156f9d42228','2023-10-02',11,9,9,31.9793,272.8,7.4997,14);
INSERT INTO environmental_exposure VALUES ('90756fe9-5177-4cf1-bd1e-38844607869e','bc3198ff-c687-4056-b80f-f156f9d42228','2023-10-02',9.8901,16.5158,34.4995,'negative',NULL,'negative','negative',5.8941,'naive');
INSERT INTO socioeconomic_context VALUES ('959111c2-435d-4f67-94d3-744a323fd5b8','bc3198ff-c687-4056-b80f-f156f9d42228','2023-10-02',35.2688,'private',0.6267,0.6904,89.9534,'employed_part_time',32.3674,21);
INSERT INTO circadian_profile VALUES ('cd147d56-faec-4707-9817-39626e71d038','bc3198ff-c687-4056-b80f-f156f9d42228','2023-10-02','morning',79.7988,22.7954,'22:25',1007.5836,0,8);

-- Patient 35: HR+ metastatic
INSERT INTO patient VALUES ('304e2a04-e6b0-4a3a-898c-a7e331c87567','MRN-0111902','1966-01-05','female','East Asian','{"EUR": 0.76, "AFR": 0.05}','2023-05-10','2023-05-10');
INSERT INTO genomic_sample VALUES ('c89a1e6a-161a-4008-8599-1f424a5111be','304e2a04-e6b0-4a3a-898c-a7e331c87567','tumor','C50.4','2023-05-22','Illumina NovaSeq 6000 WGS',0.56,0,'FFPE');
INSERT INTO somatic_mutation VALUES ('93b2533e-c054-4ecf-95e2-9e472877e216','c89a1e6a-161a-4008-8599-1f424a5111be','TP53','chr17',7674220,'G','A','SNV','missense_variant','p.Arg248Trp',0.4185,251,'oncogenic','COSV52743007','1','SBS5');
INSERT INTO somatic_mutation VALUES ('c213d830-73b4-455c-b015-54ca6032cd29','c89a1e6a-161a-4008-8599-1f424a5111be','ERBB2','chr17',39725084,'A','G','SNV','missense_variant','p.Leu755Ser',0.3281,357,'oncogenic','COSV52735019','1','SBS5');
INSERT INTO somatic_mutation VALUES ('c6d087c0-b5d6-4992-86a2-c5cb1e96febc','c89a1e6a-161a-4008-8599-1f424a5111be','ESR1','chr6',152098794,'T','C','SNV','missense_variant','p.Tyr537Cys',0.1886,134,'oncogenic','COSV52744551','1','SBS1');
INSERT INTO copy_number_variant VALUES ('f1bae9d9-855e-4607-966e-ad86cb1e1220','c89a1e6a-161a-4008-8599-1f424a5111be','MYC','chr8',127700000,127800000,3.8,0.91,'neutral',0);
INSERT INTO copy_number_variant VALUES ('df0468ac-4990-4bac-87ca-b6ba5c1bf97d','c89a1e6a-161a-4008-8599-1f424a5111be','CDKN2A','chr9',21967000,21995000,0.4,-1.9,'shallow_deletion',0);
INSERT INTO gene_expression VALUES ('a0118993-55b4-4bb3-9018-e1208a4b5400','c89a1e6a-161a-4008-8599-1f424a5111be','ENSG00000091831','ESR1',784.13,78.41,1960,7.38,99.0);
INSERT INTO gene_expression VALUES ('b7919a35-a83c-4b39-8a82-f9778ed2d2ad','c89a1e6a-161a-4008-8599-1f424a5111be','ENSG00000141736','ERBB2',366.59,36.66,916,2.74,91.1);
INSERT INTO gene_expression VALUES ('cfed5d5e-c75e-4d0c-bde7-8157ad6218f8','c89a1e6a-161a-4008-8599-1f424a5111be','ENSG00000148773','MKI67',285.85,28.59,715,1.84,77.6);
INSERT INTO gene_expression VALUES ('00d09d75-03a3-41b5-ad6a-ec167fe29ffa','c89a1e6a-161a-4008-8599-1f424a5111be','ENSG00000141510','TP53',37.72,5.41,211,-0.91,36.4);
INSERT INTO gene_expression VALUES ('a40c5b78-11d5-4c66-ba49-99fc19117d59','c89a1e6a-161a-4008-8599-1f424a5111be','ENSG00000012048','BRCA1',34.97,7.21,222,-0.94,35.9);
INSERT INTO gene_expression VALUES ('8c8c511e-df00-4f0a-8d4c-7fef093c8eb8','c89a1e6a-161a-4008-8599-1f424a5111be','ENSG00000139618','BRCA2',58.77,5.28,296,-0.68,39.8);
INSERT INTO gene_expression VALUES ('c6ce8dc2-ed0b-4f7c-a8ab-02ec74940331','c89a1e6a-161a-4008-8599-1f424a5111be','ENSG00000171862','PTEN',1.2,6.79,424,-1.32,30.2);
INSERT INTO gene_expression VALUES ('f3e253cc-a9cb-4cb7-a7c6-11a34370e2b9','c89a1e6a-161a-4008-8599-1f424a5111be','ENSG00000136997','MYC',143.95,9.5,179,0.27,54.0);
INSERT INTO protein_expression VALUES ('cab13213-c1e0-4d21-af4c-74380defc2c0','c89a1e6a-161a-4008-8599-1f424a5111be','ESR1','P03372','IHC',0.82,232.0,6,'NULL');
INSERT INTO protein_expression VALUES ('8de8a812-a622-49ae-bb27-2c254c3ceb89','c89a1e6a-161a-4008-8599-1f424a5111be','PGR','P06401','IHC',-0.12,138.0,3,'NULL');
INSERT INTO protein_expression VALUES ('13b0f0fc-f109-4829-ac09-1fdb2ef765f3','c89a1e6a-161a-4008-8599-1f424a5111be','ERBB2','P04626','IHC',-0.74,76.0,2,'pY1248');
INSERT INTO protein_expression VALUES ('3234e053-4bd5-4820-b96e-e1f0c3769d77','c89a1e6a-161a-4008-8599-1f424a5111be','MKI67','P46013','IHC',-0.29,112.0,0,'NULL');
INSERT INTO epigenetic_mark VALUES ('6bd0e14b-a2a6-4217-9860-95eea2704ba2','c89a1e6a-161a-4008-8599-1f424a5111be','DNA_methylation','cg15629539',0.021,'-5.543','ESR1','CpG_island',NULL);
INSERT INTO epigenetic_mark VALUES ('294cb37c-14e7-49a0-add1-8093923a7e2d','c89a1e6a-161a-4008-8599-1f424a5111be','DNA_methylation','cg27053763',0.148,'-2.525','BRCA1','promoter',NULL);
INSERT INTO epigenetic_mark VALUES ('39b4c475-5076-4e19-81f0-8049af578f6b','c89a1e6a-161a-4008-8599-1f424a5111be','H3K27ac','chr17:37800000-37850000',0.224,NULL,'ERBB2','enhancer','1.127');
INSERT INTO ncrna_profile VALUES ('a476a0ec-222a-4476-87a8-68399c46bca6','c89a1e6a-161a-4008-8599-1f424a5111be','miRNA','hsa-miR-21-5p','miR-21-5p',3.59,'["PTEN", "PDCD4"]');
INSERT INTO ncrna_profile VALUES ('f438dcbb-87e6-4f60-9e62-cf0d0dd03ee2','c89a1e6a-161a-4008-8599-1f424a5111be','miRNA','hsa-miR-155-5p','miR-155-5p',3.14,'["SHIP1", "SOCS1"]');
INSERT INTO ncrna_profile VALUES ('31da642e-04af-4107-9e1c-1ecd877b4177','c89a1e6a-161a-4008-8599-1f424a5111be','lncRNA','ENSG00000228630','HOTAIR',2.97,'["SHIP1", "SOCS1"]');
INSERT INTO ncrna_profile VALUES ('ace18e82-796d-4a4b-a27a-6928d07d2548','c89a1e6a-161a-4008-8599-1f424a5111be','lncRNA','ENSG00000251562','MALAT1',42.77,'["SHIP1", "SOCS1"]');
INSERT INTO metabolomics_profile VALUES ('f4033e2f-7695-4ca9-ad63-4862f0a3d37a','c89a1e6a-161a-4008-8599-1f424a5111be','Lactate','HMDB0000190','C00186',2.54,'LC-MS','organic_acid',0.36);
INSERT INTO metabolomics_profile VALUES ('51c7fd34-8199-40d9-8ed4-aafd24e55a0f','c89a1e6a-161a-4008-8599-1f424a5111be','Glutamine','HMDB0000641','C00064',0.57,'LC-MS','amino_acid',-0.95);
INSERT INTO metabolomics_profile VALUES ('e276a983-0155-4fe7-b70b-67152e9159db','c89a1e6a-161a-4008-8599-1f424a5111be','Glucose','HMDB0000122','C00031',5.84,'LC-MS','carbohydrate',2.56);
INSERT INTO metabolomics_profile VALUES ('3501d511-d7c9-4d0c-bc02-bbb56af46942','c89a1e6a-161a-4008-8599-1f424a5111be','Phosphocholine','HMDB0001565','C00588',0.22,'LC-MS','lipid',-1.19);
INSERT INTO tumor_clone VALUES ('039a093e-0831-4e19-b3ea-e273156e1287','c89a1e6a-161a-4008-8599-1f424a5111be','clone_A',0.79,'[]',1,1,0.1373);
INSERT INTO tumor_clone VALUES ('7f0cb5f6-2d59-4b6f-acd6-5f4d1a4d5f2d','c89a1e6a-161a-4008-8599-1f424a5111be','clone_B',0.21,'[]',0,2,0.093);
INSERT INTO cell_cycle_state VALUES ('46d9e0e4-749e-4d37-b170-e36503bbffcc','c89a1e6a-161a-4008-8599-1f424a5111be',0.465,0.228,0.125,0.182,40.1672,412.0,4.9);
INSERT INTO apoptosis_marker VALUES ('6feb5710-d023-4728-b08a-c55a6701dbaf','c89a1e6a-161a-4008-8599-1f424a5111be',228.0,59.2184,88.0,2.59,0.16,3.4965,0.8516);
INSERT INTO dna_repair_status VALUES ('8eb015da-9d06-406d-abfb-832becc4bb86','c89a1e6a-161a-4008-8599-1f424a5111be','wildtype','wildtype','proficient_MMR',0.04,3.8,44.2,0,'wildtype');
INSERT INTO metabolic_phenotype VALUES ('2913347b-2fbb-4232-96b2-a1dfeeed5796','c89a1e6a-161a-4008-8599-1f424a5111be',0.452,83.1106,0.2578,0.2031,0.2433,2.0004,0.4229);
INSERT INTO stemness_profile VALUES ('8ea9702d-07c9-4b78-92ff-9d464eaf8f85','c89a1e6a-161a-4008-8599-1f424a5111be',20.5734,16.7043,8.9969,0.157,0.05,0.092,0.1288,0.3804);
INSERT INTO drug_resistance_feature VALUES ('4b293511-fd34-45fd-ba7c-890ef8e7416b','c89a1e6a-161a-4008-8599-1f424a5111be',0.11,0.9788,0.3561,1.0244,'[]',0.1002);
INSERT INTO immune_infiltration VALUES ('0ecbca09-3642-4be6-9463-52a660950a64','c89a1e6a-161a-4008-8599-1f424a5111be',7.5,14.7228,0.5,6.4286,10.2044,8.3137,3.3887,5.2133,14.4441,'CIBERSORT');
INSERT INTO checkpoint_expression VALUES ('32b152b1-bb25-4fc5-8d80-5c5cc246aa89','c89a1e6a-161a-4008-8599-1f424a5111be',23.4,42.12,5.0434,10.2604,12.2802,9.0642,11.9959,16.9662);
INSERT INTO cytokine_milieu VALUES ('6c4d85a7-d26d-4e49-8aeb-4a3d30cffb61','c89a1e6a-161a-4008-8599-1f424a5111be',17.6798,6.4161,9.3064,17.0808,14.3276,11.4,47.8738,110.686);
INSERT INTO stromal_composition VALUES ('bffa0953-3700-4792-91b1-2b1bcb11f9c4','c89a1e6a-161a-4008-8599-1f424a5111be',0.1046,0.099,0.1318,0.3781,3.4715,27.6124);
INSERT INTO ecm_profile VALUES ('8dc2ba72-07c6-4faa-96c0-21da4d64a93c','c89a1e6a-161a-4008-8599-1f424a5111be',13.5654,3.4969,17.6983,0.4176,0.4719,0.6574,0.2071);
INSERT INTO hypoxia_vasculature VALUES ('f92a216a-baff-4e8e-8d22-0f1662b051bc','c89a1e6a-161a-4008-8599-1f424a5111be',0.47,1.2021,9.0,0.1839,64.7636,119.3234,100.3561,7.8,7.31);
INSERT INTO organ_function VALUES ('9bb7f215-e223-46c0-a116-70074d4c1aa2','304e2a04-e6b0-4a3a-898c-a7e331c87567','2023-05-10',77.4,1.3288,23.6253,23.0358,15.8937,36.9885,59.8,393.3481,1.0831);
INSERT INTO immune_baseline VALUES ('8b504644-1113-4d09-901c-76c90fcd32c0','304e2a04-e6b0-4a3a-898c-a7e331c87567','2023-05-10',8.71,2.02,3.54,1.7525,499.4035,377.5727,240.6382,7.9935);
INSERT INTO hormonal_profile VALUES ('9987c620-febc-4012-a8e4-47168deded74','304e2a04-e6b0-4a3a-898c-a7e331c87567','2023-05-10',18.6,0.71,406.0,73.3074,24.3101,3.4761,6.5096);
INSERT INTO pharmacogenomics VALUES ('56247e9d-2c48-4a27-9a20-ecad988b3223','304e2a04-e6b0-4a3a-898c-a7e331c87567','PM','UM','NM','*1/*28','normal',0,'NM');
INSERT INTO body_composition VALUES ('2a67d7db-7b73-4d57-9383-99e5ff6e10e2','304e2a04-e6b0-4a3a-898c-a7e331c87567','2023-05-10',27.2,42.0,45.3484,82.2662,31.5127,1.6573);
INSERT INTO microbiome_profile VALUES ('05012ba9-f42c-4847-bbf7-33327c4b27d1','304e2a04-e6b0-4a3a-898c-a7e331c87567','2023-05-10','gut','16S_rRNA_V4',2.7025,2.2568,0.0574,'[{"genus": "Bacteroides", "rel": 0.166}, {"genus": "Faecalibacterium", "rel": 0.181}, {"genus": "Akkermansia", "rel": 0.0574}]',0);
INSERT INTO tumor_staging VALUES ('e79594fd-f8d5-4b0f-8d27-ac5fe0fce22b','304e2a04-e6b0-4a3a-898c-a7e331c87567','2023-05-10','8500/3','C50.4','Invasive ductal carcinoma','T4','N3','M1','IV',2,'right');
INSERT INTO imaging_measurement VALUES ('e81bddc4-4b27-4628-831b-c812d6026094','304e2a04-e6b0-4a3a-898c-a7e331c87567','2023-04-22','MRI','L1','primary_left_breast',30.0,14137.1669,3.7626,'SD','{"entropy": 5.37, "sphericity": 0.8}');
INSERT INTO pathology_report VALUES ('ea3d95b7-583c-4051-8503-f571b0a8d6ce','304e2a04-e6b0-4a3a-898c-a7e331c87567','2023-05-10','core_needle_biopsy','R0',4,11,0,0,0.0);
INSERT INTO performance_status VALUES ('eb2ef263-c912-4b07-bde1-35b412fe3753','304e2a04-e6b0-4a3a-898c-a7e331c87567','2023-05-10',0,92,3,39.4058);
INSERT INTO liquid_biopsy VALUES ('12db4cf8-d9b3-4a66-b3f0-6ac34bd88062','304e2a04-e6b0-4a3a-898c-a7e331c87567','2023-05-10',0.033,14.85,6,'[]','detected',15.6479);
INSERT INTO treatment_regimen VALUES ('98a5a435-4a01-450d-b14f-0d4688aaca3d','304e2a04-e6b0-4a3a-898c-a7e331c87567',1,'Palbociclib+Let','palliative','2023-06-19','2023-10-22','planned_completion','PR',383);
INSERT INTO treatment_drug_dose VALUES ('94a8dbff-658c-4766-871b-a4c6aa8439fa','98a5a435-4a01-450d-b14f-0d4688aaca3d','14234f22-ddb9-4e92-883c-bd55730bb629','2023-06-19',88.0,87.0,1.1,'IV',1,1.1711);
INSERT INTO adverse_event VALUES ('2f478a0d-4f6e-4970-adc4-b1659bc32dcb','304e2a04-e6b0-4a3a-898c-a7e331c87567','98a5a435-4a01-450d-b14f-0d4688aaca3d','Alopecia',2,'2023-07-14','2023-08-10','probable','none');
INSERT INTO adverse_event VALUES ('1558961b-0d4a-44ef-88ef-94157155f084','304e2a04-e6b0-4a3a-898c-a7e331c87567','98a5a435-4a01-450d-b14f-0d4688aaca3d','Fatigue',2,'2023-07-10','2023-08-29','probable','none');
INSERT INTO adverse_event VALUES ('9a698d40-fae2-4cbc-943a-96d57c901297','304e2a04-e6b0-4a3a-898c-a7e331c87567','98a5a435-4a01-450d-b14f-0d4688aaca3d','Nausea',1,'2023-08-17','2023-10-09','probable','none');
INSERT INTO adverse_event VALUES ('b087c478-33c4-4416-8d5e-cba6556b28b5','304e2a04-e6b0-4a3a-898c-a7e331c87567','98a5a435-4a01-450d-b14f-0d4688aaca3d','Neutropenia',4,'2023-06-26','2023-08-25','probable','dose_reduction');
INSERT INTO carcinogen_exposure VALUES ('7a2c1614-14d5-449d-8dfd-2ebaded45c14','304e2a04-e6b0-4a3a-898c-a7e331c87567','former',12.0879,1.2054,15.2025,54.7925,'[]',0.0,0);
INSERT INTO diet_nutrition VALUES ('8be40bc1-3cbb-4570-af29-00a2133cd95b','304e2a04-e6b0-4a3a-898c-a7e331c87567','2023-05-10','FFQ',1778.7502,67.7392,180.9981,61.7442,12.2268,40.946,13.0375,8.9776,'plant_based');
INSERT INTO physical_activity VALUES ('ca1da685-7d47-4792-adcc-d337bb5a9278','304e2a04-e6b0-4a3a-898c-a7e331c87567','2023-05-10',718.7499,110.9579,173.6808,8.341,26.8354,8269,23.7156);
INSERT INTO stress_psychology VALUES ('f650995c-a84c-42d7-a05c-62f79e47e108','304e2a04-e6b0-4a3a-898c-a7e331c87567','2023-05-10',21,3,4,31.341,251.72,5.9332,12);
INSERT INTO environmental_exposure VALUES ('206e3bf4-6b27-41d6-9222-4dc918259e2f','304e2a04-e6b0-4a3a-898c-a7e331c87567','2023-05-10',4.9562,15.4328,48.8355,'negative',NULL,'negative','negative',6.7348,'naive');
INSERT INTO socioeconomic_context VALUES ('65a2bb77-5004-46ef-8048-c1322da47b3e','304e2a04-e6b0-4a3a-898c-a7e331c87567','2023-05-10',50.5559,'private',0.8901,0.5655,69.0914,'unable_to_work_disability',22.6339,21);
INSERT INTO circadian_profile VALUES ('d7cf2e62-1257-4a4b-9274-6edebbf6aa21','304e2a04-e6b0-4a3a-898c-a7e331c87567','2023-05-10','evening',92.4653,18.9841,'22:39',907.4568,0,8);

-- Patient 36: HR+ metastatic
INSERT INTO patient VALUES ('f23e35d9-54dc-4c5a-9dee-7b9f9ee4f27a','MRN-9961882','1949-08-28','female','White','{"EUR": 0.7, "AFR": 0.19}','2019-01-03','2019-01-03');
INSERT INTO genomic_sample VALUES ('17956619-cfae-4d3a-a8ed-2cc59063ea47','f23e35d9-54dc-4c5a-9dee-7b9f9ee4f27a','tumor','C50.4','2019-01-21','Illumina NovaSeq 6000 WGS',0.52,0,'FFPE');
INSERT INTO somatic_mutation VALUES ('8b305fa5-d73b-40d5-9a4c-5a7c821c1550','17956619-cfae-4d3a-a8ed-2cc59063ea47','PTEN','chr10',89692905,'G','A','SNV','missense_variant','p.Arg130Gly',0.3412,275,'oncogenic','COSV52731827','1','SBS5');
INSERT INTO somatic_mutation VALUES ('16e457ea-1dd2-4224-8935-28c5c920f9e8','17956619-cfae-4d3a-a8ed-2cc59063ea47','ESR1','chr6',152098794,'T','C','SNV','missense_variant','p.Tyr537Cys',0.2451,138,'oncogenic','COSV52744551','1','SBS1');
INSERT INTO somatic_mutation VALUES ('876dce04-e750-4328-94b2-a5d0483ae453','17956619-cfae-4d3a-a8ed-2cc59063ea47','PIK3CA','chr3',179234297,'C','T','SNV','missense_variant','p.His1047Arg',0.2727,143,'oncogenic','COSV52748762','1','SBS1');
INSERT INTO somatic_mutation VALUES ('bc3eb913-d8bc-4d06-9315-14b2f1701189','17956619-cfae-4d3a-a8ed-2cc59063ea47','MAP3K1','chr5',56115628,'G','A','SNV','missense_variant','p.Glu1298Lys',0.2837,259,'oncogenic','COSV52721033','3A','SBS1');
INSERT INTO somatic_mutation VALUES ('65219fe3-cc9c-4b91-86c3-f3207a8b74ec','17956619-cfae-4d3a-a8ed-2cc59063ea47','BRCA1','chr17',43094464,'T','A','SNV','missense_variant','p.Cys1697Ser',0.5302,291,'pathogenic','COSV52701256','1','SBS3');
INSERT INTO somatic_mutation VALUES ('d822dc88-cea0-420f-9b6a-8b292085951c','17956619-cfae-4d3a-a8ed-2cc59063ea47','TP53','chr17',7674220,'G','A','SNV','missense_variant','p.Arg248Trp',0.4231,282,'oncogenic','COSV52743007','1','SBS5');
INSERT INTO copy_number_variant VALUES ('f829aaa2-29ad-4bcf-a55b-1aa2fd4371f1','17956619-cfae-4d3a-a8ed-2cc59063ea47','MYC','chr8',127700000,127800000,4.9,1.35,'neutral',0);
INSERT INTO copy_number_variant VALUES ('b35ca60e-c591-4e8b-b26e-bd462e8cf5a6','17956619-cfae-4d3a-a8ed-2cc59063ea47','CDKN2A','chr9',21967000,21995000,0.3,-0.85,'shallow_deletion',0);
INSERT INTO gene_expression VALUES ('04d41f91-c71e-4838-b7e9-383171dfaa80','17956619-cfae-4d3a-a8ed-2cc59063ea47','ENSG00000091831','ESR1',907.93,90.79,2270,8.75,99.0);
INSERT INTO gene_expression VALUES ('38c2ba2a-b91f-4684-96ab-059ed06513e8','17956619-cfae-4d3a-a8ed-2cc59063ea47','ENSG00000141736','ERBB2',5.0,0.5,12,-1.28,30.8);
INSERT INTO gene_expression VALUES ('4621bda2-95d5-433f-b9be-c4b1545f79aa','17956619-cfae-4d3a-a8ed-2cc59063ea47','ENSG00000148773','MKI67',105.81,10.58,265,-0.16,47.6);
INSERT INTO gene_expression VALUES ('8997c5e5-4e1b-4fed-ba86-2a4edadbc021','17956619-cfae-4d3a-a8ed-2cc59063ea47','ENSG00000141510','TP53',112.03,4.77,128,-0.09,48.6);
INSERT INTO gene_expression VALUES ('1eaf5b50-b37e-4c84-8ed0-4464a401f190','17956619-cfae-4d3a-a8ed-2cc59063ea47','ENSG00000012048','BRCA1',43.62,6.55,305,-0.85,37.2);
INSERT INTO gene_expression VALUES ('3bf2b9b9-c8d9-46d8-b496-863cf8ccc3d5','17956619-cfae-4d3a-a8ed-2cc59063ea47','ENSG00000139618','BRCA2',0.9,6.82,211,-1.32,30.2);
INSERT INTO gene_expression VALUES ('f99936e7-1442-440b-88f1-f232216391ba','17956619-cfae-4d3a-a8ed-2cc59063ea47','ENSG00000171862','PTEN',21.25,6.95,500,-1.1,33.5);
INSERT INTO gene_expression VALUES ('9e0abc73-1b6f-4225-ac27-d1245aa82693','17956619-cfae-4d3a-a8ed-2cc59063ea47','ENSG00000136997','MYC',126.03,5.59,277,0.07,51.0);
INSERT INTO protein_expression VALUES ('5ef407f5-1354-462d-a1cd-fc684b1b6e23','17956619-cfae-4d3a-a8ed-2cc59063ea47','ESR1','P03372','IHC',1.5,300.0,8,'NULL');
INSERT INTO protein_expression VALUES ('b4652bea-c8d1-487f-8989-f90ef916eb8a','17956619-cfae-4d3a-a8ed-2cc59063ea47','PGR','P06401','IHC',0.0,150.0,4,'NULL');
INSERT INTO protein_expression VALUES ('8599c064-6746-4fec-8050-c4cb9052f38c','17956619-cfae-4d3a-a8ed-2cc59063ea47','ERBB2','P04626','IHC',-1.5,0.0,0,'pY1248');
INSERT INTO protein_expression VALUES ('5b96d1e3-0149-4156-b43d-51e949d0f8a1','17956619-cfae-4d3a-a8ed-2cc59063ea47','MKI67','P46013','IHC',-1.12,36.0,0,'NULL');
INSERT INTO epigenetic_mark VALUES ('b12295ab-b705-4eaf-87a3-c949f5f95356','17956619-cfae-4d3a-a8ed-2cc59063ea47','DNA_methylation','cg15629539',0.19,'-2.092','ESR1','CpG_island',NULL);
INSERT INTO epigenetic_mark VALUES ('fe540e46-83f0-4e87-a371-08d098aff4c7','17956619-cfae-4d3a-a8ed-2cc59063ea47','DNA_methylation','cg27053763',0.209,'-1.92','BRCA1','promoter',NULL);
INSERT INTO epigenetic_mark VALUES ('5bff6f9c-18bf-4b71-8496-727abdaf75b0','17956619-cfae-4d3a-a8ed-2cc59063ea47','H3K27ac','chr17:37800000-37850000',0.372,NULL,'ERBB2','enhancer',NULL);
INSERT INTO ncrna_profile VALUES ('92f79e60-04c1-495c-b9ac-9e3145fb7e60','17956619-cfae-4d3a-a8ed-2cc59063ea47','miRNA','hsa-miR-21-5p','miR-21-5p',1.23,'["PTEN", "PDCD4"]');
INSERT INTO ncrna_profile VALUES ('32fee85d-b551-426f-8a10-27431ed82b57','17956619-cfae-4d3a-a8ed-2cc59063ea47','miRNA','hsa-miR-155-5p','miR-155-5p',6.95,'["SHIP1", "SOCS1"]');
INSERT INTO ncrna_profile VALUES ('6952351c-9f90-49d8-b6f7-78d0caf63af1','17956619-cfae-4d3a-a8ed-2cc59063ea47','lncRNA','ENSG00000228630','HOTAIR',2.15,'["SHIP1", "SOCS1"]');
INSERT INTO ncrna_profile VALUES ('15b93021-6b12-4110-b7d5-01efa4d51b4c','17956619-cfae-4d3a-a8ed-2cc59063ea47','lncRNA','ENSG00000251562','MALAT1',51.2,'["SHIP1", "SOCS1"]');
INSERT INTO metabolomics_profile VALUES ('b35bdd11-0547-4dfd-b1e9-ef51395d0d6a','17956619-cfae-4d3a-a8ed-2cc59063ea47','Lactate','HMDB0000190','C00186',2.22,'LC-MS','organic_acid',0.15);
INSERT INTO metabolomics_profile VALUES ('64921e7c-b18c-4968-af49-df52a6780c33','17956619-cfae-4d3a-a8ed-2cc59063ea47','Glutamine','HMDB0000641','C00064',0.49,'LC-MS','amino_acid',-1.01);
INSERT INTO metabolomics_profile VALUES ('0d87be9e-fbb4-446e-a9e7-2340de1c3881','17956619-cfae-4d3a-a8ed-2cc59063ea47','Glucose','HMDB0000122','C00031',5.02,'LC-MS','carbohydrate',2.01);
INSERT INTO metabolomics_profile VALUES ('216c2dea-105c-457e-bce0-0daddc14e3eb','17956619-cfae-4d3a-a8ed-2cc59063ea47','Phosphocholine','HMDB0001565','C00588',0.15,'LC-MS','lipid',-1.23);
INSERT INTO tumor_clone VALUES ('b647ee44-7eac-4bf6-a4df-78b9a57a5d55','17956619-cfae-4d3a-a8ed-2cc59063ea47','clone_A',0.82,'[]',1,1,0.2033);
INSERT INTO tumor_clone VALUES ('f50e5216-2014-4f19-9e55-7ddcf7db42f8','17956619-cfae-4d3a-a8ed-2cc59063ea47','clone_B',0.18,'[]',0,2,0.0272);
INSERT INTO cell_cycle_state VALUES ('c337a279-958a-4a66-8662-e49e0d2ba22c','17956619-cfae-4d3a-a8ed-2cc59063ea47',0.815,0.068,0.045,0.072,12.7993,480.0,3.1);
INSERT INTO apoptosis_marker VALUES ('b5a068de-f854-4452-b03e-d1819414e994','17956619-cfae-4d3a-a8ed-2cc59063ea47',187.0,161.301,93.0,2.01,0.1899,6.0878,1.1414);
INSERT INTO dna_repair_status VALUES ('af271da5-60f3-4b51-b370-f05793d9ef78','17956619-cfae-4d3a-a8ed-2cc59063ea47','mutated_somatic','mutated_somatic','proficient_MMR',0.04,0.5,19.3,0,'wildtype');
INSERT INTO metabolic_phenotype VALUES ('801355ef-391d-4555-b3aa-b085212da06a','17956619-cfae-4d3a-a8ed-2cc59063ea47',0.396,83.2239,0.2659,0.05,0.1049,0.8258,0.6764);
INSERT INTO stemness_profile VALUES ('117cbca5-d5a3-41b1-93ee-8fac347458ad','17956619-cfae-4d3a-a8ed-2cc59063ea47',79.384,25.3978,0.0,0.1774,0.332,0.441,0.1175,0.1968);
INSERT INTO drug_resistance_feature VALUES ('6691ab73-383d-49df-9246-8f71aed9d4b2','17956619-cfae-4d3a-a8ed-2cc59063ea47',1.1,0.8449,0.5555,1.5589,'[]',0.7438);
INSERT INTO immune_infiltration VALUES ('803fb193-3516-4dd5-99cf-ba2b9300473b','17956619-cfae-4d3a-a8ed-2cc59063ea47',9.6,14.4252,8.5084,5.7276,9.0925,3.5115,14.6012,4.667,7.8732,'CIBERSORT');
INSERT INTO checkpoint_expression VALUES ('e8d837ba-9090-4fa3-916d-945e65ce95ae','17956619-cfae-4d3a-a8ed-2cc59063ea47',12.6,22.68,5.0252,8.0157,12.4745,11.0306,12.0339,38.9016);
INSERT INTO cytokine_milieu VALUES ('062c5f77-34fe-4ab4-81c8-31e15b8ae94d','17956619-cfae-4d3a-a8ed-2cc59063ea47',18.9483,9.1764,8.5402,16.7813,30.3748,21.7,14.8132,42.36);
INSERT INTO stromal_composition VALUES ('12f253c6-bddb-4f6b-a3fa-684ce15f8cbc','17956619-cfae-4d3a-a8ed-2cc59063ea47',0.3075,0.0682,0.0997,0.4724,4.2824,27.6541);
INSERT INTO ecm_profile VALUES ('45fe6a54-a933-44b4-9120-22cc0ae49567','17956619-cfae-4d3a-a8ed-2cc59063ea47',16.856,8.1148,21.8848,0.5264,0.2631,0.4121,0.2183);
INSERT INTO hypoxia_vasculature VALUES ('af249c53-5604-45b5-aa12-657e144c8be3','17956619-cfae-4d3a-a8ed-2cc59063ea47',0.72,0.8795,8.8,0.2357,81.3598,193.449,102.0232,8.9,7.17);
INSERT INTO organ_function VALUES ('6f646dd2-e889-4c74-a226-6f32438ab316','f23e35d9-54dc-4c5a-9dee-7b9f9ee4f27a','2019-01-03',55.8,1.0696,21.2099,24.6148,17.2578,41.4287,59.6,398.3287,0.9768);
INSERT INTO immune_baseline VALUES ('92ba2be1-571c-438b-af4c-36eb9cf19fa1','f23e35d9-54dc-4c5a-9dee-7b9f9ee4f27a','2019-01-03',7.9,1.2,6.76,5.6333,460.2648,379.965,333.1254,11.1532);
INSERT INTO hormonal_profile VALUES ('fc291f47-7c5b-4459-a61f-79d10d3dbf4b','f23e35d9-54dc-4c5a-9dee-7b9f9ee4f27a','2019-01-03',2.0,0.69,411.0,74.4164,11.5884,2.3746,8.0887);
INSERT INTO pharmacogenomics VALUES ('5a7f6b09-a335-42d7-a49c-ca1230182e46','f23e35d9-54dc-4c5a-9dee-7b9f9ee4f27a','UM','NM','NM','*1/*28','normal',0,'NM');
INSERT INTO body_composition VALUES ('353fa942-c1cb-486e-9e57-f2b9d730f489','f23e35d9-54dc-4c5a-9dee-7b9f9ee4f27a','2019-01-03',23.7,41.3,30.4022,87.9973,28.1513,1.5499);
INSERT INTO microbiome_profile VALUES ('b80aeb47-87f7-4220-8a7e-4e6fdea1130a','f23e35d9-54dc-4c5a-9dee-7b9f9ee4f27a','2019-01-03','gut','16S_rRNA_V4',3.5688,2.0006,0.0546,'[{"genus": "Bacteroides", "rel": 0.24}, {"genus": "Faecalibacterium", "rel": 0.183}, {"genus": "Akkermansia", "rel": 0.0546}]',0);
INSERT INTO tumor_staging VALUES ('75957df5-0f57-49bc-ba12-eecddb23ba65','f23e35d9-54dc-4c5a-9dee-7b9f9ee4f27a','2019-01-03','8500/3','C50.4','Invasive ductal carcinoma','T4','N3','M1','IV',3,'left');
INSERT INTO imaging_measurement VALUES ('b435e0ad-749f-48df-a94b-032dbbf05d70','f23e35d9-54dc-4c5a-9dee-7b9f9ee4f27a','2018-12-18','MRI','L1','primary_left_breast',4.0,33.5103,1.5614,'SD','{"entropy": 5.59, "sphericity": 0.55}');
INSERT INTO pathology_report VALUES ('341898c9-9cea-4620-9317-9e9cb19f85bc','f23e35d9-54dc-4c5a-9dee-7b9f9ee4f27a','2019-01-03','core_needle_biopsy','R0',7,16,0,0,28.6352);
INSERT INTO performance_status VALUES ('b012a78e-4010-493b-a25f-a283ccb03f72','f23e35d9-54dc-4c5a-9dee-7b9f9ee4f27a','2019-01-03',0,94,2,41.8682);
INSERT INTO liquid_biopsy VALUES ('cc674b3f-1ad0-4792-a4c0-1c3353707925','f23e35d9-54dc-4c5a-9dee-7b9f9ee4f27a','2019-01-03',0.1115,50.175,0,'[]','detected',13.8263);
INSERT INTO treatment_regimen VALUES ('ffdfc8b1-cccf-41af-ba39-aa3c3696f39f','f23e35d9-54dc-4c5a-9dee-7b9f9ee4f27a',1,'Palbociclib+Let','palliative','2019-02-08','2019-11-23','planned_completion','PR',398);
INSERT INTO treatment_drug_dose VALUES ('92351473-c62e-4db5-8cf1-1049e7ba79e4','ffdfc8b1-cccf-41af-ba39-aa3c3696f39f','14234f22-ddb9-4e92-883c-bd55730bb629','2019-02-08',58.0,56.0,3.4,'IV',1,2.0165);
INSERT INTO adverse_event VALUES ('f50d3f24-7262-4640-bd3e-6db59f929c8f','f23e35d9-54dc-4c5a-9dee-7b9f9ee4f27a','ffdfc8b1-cccf-41af-ba39-aa3c3696f39f','Hand-foot syndrome',1,'2019-04-23','2019-06-04','probable','none');
INSERT INTO adverse_event VALUES ('368b9609-60f1-4153-af74-a4e15d7a0f61','f23e35d9-54dc-4c5a-9dee-7b9f9ee4f27a','ffdfc8b1-cccf-41af-ba39-aa3c3696f39f','Diarrhoea',2,'2019-03-22','2019-05-19','probable','none');
INSERT INTO adverse_event VALUES ('124a9caf-2974-472a-ac48-172d1fed417a','f23e35d9-54dc-4c5a-9dee-7b9f9ee4f27a','ffdfc8b1-cccf-41af-ba39-aa3c3696f39f','Nausea',2,'2019-02-24','2019-04-13','probable','none');
INSERT INTO carcinogen_exposure VALUES ('8b0c9380-da30-4a0f-a9ab-8f811a7f6ff1','f23e35d9-54dc-4c5a-9dee-7b9f9ee4f27a','never',0.0,1.9477,28.4088,35.7838,'[]',0.0,0);
INSERT INTO diet_nutrition VALUES ('ec8cd4d3-6765-45ae-a077-4c90159f0d63','f23e35d9-54dc-4c5a-9dee-7b9f9ee4f27a','2019-01-03','FFQ',1729.5677,76.9906,227.1996,51.998,28.2631,53.4009,23.2285,10.5846,'Western');
INSERT INTO physical_activity VALUES ('f0df004e-f03e-467a-b70a-56189a323739','f23e35d9-54dc-4c5a-9dee-7b9f9ee4f27a','2019-01-03',444.2072,96.1132,195.0425,8.2506,29.9043,3382,34.6756);
INSERT INTO stress_psychology VALUES ('a738ec6d-96f5-43be-a355-8e492153ae34','f23e35d9-54dc-4c5a-9dee-7b9f9ee4f27a','2019-01-03',16,15,15,56.4194,254.82,7.113,6);
INSERT INTO environmental_exposure VALUES ('740b7b2a-229a-4e35-87e7-c7011cca4913','f23e35d9-54dc-4c5a-9dee-7b9f9ee4f27a','2019-01-03',11.0636,26.9662,50.0698,'negative',NULL,'negative','negative',9.6942,'naive');
INSERT INTO socioeconomic_context VALUES ('e7a9c78d-86c6-4c31-a6be-c24cc8b60757','f23e35d9-54dc-4c5a-9dee-7b9f9ee4f27a','2019-01-03',25.6558,'public_Medicare',0.6735,0.8981,56.502,'retired',39.978,17);
INSERT INTO circadian_profile VALUES ('db7fbc7a-4c94-4c69-8832-38f9102d4948','f23e35d9-54dc-4c5a-9dee-7b9f9ee4f27a','2019-01-03','evening',88.4433,22.9816,'22:29',419.5103,0,12);

-- Patient 37: HR+ metastatic
INSERT INTO patient VALUES ('756ff375-e36d-41ab-9415-7f61bf9bceed','MRN-6592255','1949-08-11','female','East Asian','{"EUR": 0.21, "AFR": 0.3}','2018-04-30','2018-04-30');
INSERT INTO genomic_sample VALUES ('257ee41b-95d5-4036-9aad-706e61993e7f','756ff375-e36d-41ab-9415-7f61bf9bceed','tumor','C50.4','2018-05-14','TruSight Oncology 500',0.63,0,'FFPE');
INSERT INTO somatic_mutation VALUES ('40709878-d612-4c7d-b07d-b6f4f4864c25','257ee41b-95d5-4036-9aad-706e61993e7f','CCND1','chr11',69465258,'G','T','SNV','missense_variant','p.Pro241Leu',0.2655,102,'oncogenic','COSV52718943','3A','SBS1');
INSERT INTO somatic_mutation VALUES ('0d3ab713-9cd4-4b9d-9abe-2fc8e9cdfe25','257ee41b-95d5-4036-9aad-706e61993e7f','PIK3CA','chr3',179234297,'C','T','SNV','missense_variant','p.His1047Arg',0.3616,118,'oncogenic','COSV52748762','1','SBS1');
INSERT INTO somatic_mutation VALUES ('d60cb2d9-c17b-4ce2-9c2a-386b17e65847','257ee41b-95d5-4036-9aad-706e61993e7f','MAP3K1','chr5',56115628,'G','A','SNV','missense_variant','p.Glu1298Lys',0.3133,215,'oncogenic','COSV52721033','3A','SBS1');
INSERT INTO copy_number_variant VALUES ('4e92ab09-5269-4e32-8df3-b5d4cc4af202','257ee41b-95d5-4036-9aad-706e61993e7f','MYC','chr8',127700000,127800000,3.8,0.84,'amplification',0);
INSERT INTO copy_number_variant VALUES ('71b0448e-af6d-4349-b526-1c90d163a03e','257ee41b-95d5-4036-9aad-706e61993e7f','CDKN2A','chr9',21967000,21995000,0.6,-1.38,'shallow_deletion',0);
INSERT INTO gene_expression VALUES ('fafdd2a8-cb06-4764-9316-66f66ecac4d2','257ee41b-95d5-4036-9aad-706e61993e7f','ENSG00000091831','ESR1',1129.12,112.91,2823,11.21,99.0);
INSERT INTO gene_expression VALUES ('9acc9635-89b6-4840-b597-6d677c45a9f4','257ee41b-95d5-4036-9aad-706e61993e7f','ENSG00000141736','ERBB2',210.21,21.02,526,1.0,65.0);
INSERT INTO gene_expression VALUES ('69230661-35e9-40e3-bacb-d737aac5961f','257ee41b-95d5-4036-9aad-706e61993e7f','ENSG00000148773','MKI67',182.95,18.29,457,0.7,60.5);
INSERT INTO gene_expression VALUES ('4a05c92e-900c-4c25-a2eb-0992c8958898','257ee41b-95d5-4036-9aad-706e61993e7f','ENSG00000141510','TP53',1.0,8.03,278,-1.32,30.2);
INSERT INTO gene_expression VALUES ('5c5fc56a-9008-4343-b890-36bb95ce6cdd','257ee41b-95d5-4036-9aad-706e61993e7f','ENSG00000012048','BRCA1',36.67,3.53,163,-0.93,36.0);
INSERT INTO gene_expression VALUES ('f76cae84-62bd-4284-bafd-de93452ba145','257ee41b-95d5-4036-9aad-706e61993e7f','ENSG00000139618','BRCA2',20.14,1.56,183,-1.11,33.3);
INSERT INTO gene_expression VALUES ('55219ea2-9a67-4bd1-95c0-07faf84b8da0','257ee41b-95d5-4036-9aad-706e61993e7f','ENSG00000171862','PTEN',39.16,3.22,291,-0.9,36.5);
INSERT INTO gene_expression VALUES ('fed68167-a15c-414a-8a51-2b9c0306cd8b','257ee41b-95d5-4036-9aad-706e61993e7f','ENSG00000136997','MYC',139.22,9.2,164,0.21,53.1);
INSERT INTO protein_expression VALUES ('acac679c-edf0-424b-83b7-63b242d9bd9c','257ee41b-95d5-4036-9aad-706e61993e7f','ESR1','P03372','IHC',1.18,268.0,7,'NULL');
INSERT INTO protein_expression VALUES ('7e419d9e-b738-4852-95b9-f881ac7e4cda','257ee41b-95d5-4036-9aad-706e61993e7f','PGR','P06401','IHC',-0.16,134.0,3,'NULL');
INSERT INTO protein_expression VALUES ('a5a93f89-331b-43c4-8aef-6005a7309a48','257ee41b-95d5-4036-9aad-706e61993e7f','ERBB2','P04626','IHC',-0.85,65.0,2,'pY1248');
INSERT INTO protein_expression VALUES ('cd7a3dc6-ad48-45e1-b86f-3d404e49a845','257ee41b-95d5-4036-9aad-706e61993e7f','MKI67','P46013','IHC',-0.82,64.0,0,'NULL');
INSERT INTO epigenetic_mark VALUES ('e13ab5b2-cfc4-47d2-8d20-2cd3f505f592','257ee41b-95d5-4036-9aad-706e61993e7f','DNA_methylation','cg15629539',0.083,'-3.466','ESR1','CpG_island',NULL);
INSERT INTO epigenetic_mark VALUES ('1be13746-85db-434c-b72d-fef41158f304','257ee41b-95d5-4036-9aad-706e61993e7f','DNA_methylation','cg27053763',0.265,'-1.472','BRCA1','promoter',NULL);
INSERT INTO epigenetic_mark VALUES ('b5e5fb68-aaab-4f5b-be23-f30e781b414b','257ee41b-95d5-4036-9aad-706e61993e7f','H3K27ac','chr17:37800000-37850000',0.105,NULL,'ERBB2','enhancer','1.861');
INSERT INTO ncrna_profile VALUES ('f29bf998-e489-4f22-8547-4a8951beebb7','257ee41b-95d5-4036-9aad-706e61993e7f','miRNA','hsa-miR-21-5p','miR-21-5p',4.66,'["PTEN", "PDCD4"]');
INSERT INTO ncrna_profile VALUES ('af1e57ec-6178-459f-9f16-5ba8a0f47746','257ee41b-95d5-4036-9aad-706e61993e7f','miRNA','hsa-miR-155-5p','miR-155-5p',6.06,'["SHIP1", "SOCS1"]');
INSERT INTO ncrna_profile VALUES ('a7dfc76c-2ff8-4a3d-9065-fdd55cbf685e','257ee41b-95d5-4036-9aad-706e61993e7f','lncRNA','ENSG00000228630','HOTAIR',3.11,'["SHIP1", "SOCS1"]');
INSERT INTO ncrna_profile VALUES ('d4ec3300-b942-4ee5-a834-b9a72281e3dc','257ee41b-95d5-4036-9aad-706e61993e7f','lncRNA','ENSG00000251562','MALAT1',62.59,'["SHIP1", "SOCS1"]');
INSERT INTO metabolomics_profile VALUES ('b36ab549-1ec1-4fb1-8b23-d548c53e266c','257ee41b-95d5-4036-9aad-706e61993e7f','Lactate','HMDB0000190','C00186',1.13,'LC-MS','organic_acid',-0.58);
INSERT INTO metabolomics_profile VALUES ('a49f9f1f-6d86-4261-9b89-d9d08275d817','257ee41b-95d5-4036-9aad-706e61993e7f','Glutamine','HMDB0000641','C00064',0.44,'LC-MS','amino_acid',-1.04);
INSERT INTO metabolomics_profile VALUES ('b9ce6131-dff5-4c5c-b2ae-54b675449c1f','257ee41b-95d5-4036-9aad-706e61993e7f','Glucose','HMDB0000122','C00031',4.55,'LC-MS','carbohydrate',1.7);
INSERT INTO metabolomics_profile VALUES ('7af308fb-1c03-41e0-8f34-52976b8190cb','257ee41b-95d5-4036-9aad-706e61993e7f','Phosphocholine','HMDB0001565','C00588',0.18,'LC-MS','lipid',-1.21);
INSERT INTO tumor_clone VALUES ('e918d70e-ee45-4ff8-9efd-65fd25bca46d','257ee41b-95d5-4036-9aad-706e61993e7f','clone_A',0.79,'[]',1,1,0.0565);
INSERT INTO tumor_clone VALUES ('085e6481-016b-409e-b7af-37dac0dcd78c','257ee41b-95d5-4036-9aad-706e61993e7f','clone_B',0.21,'[]',0,2,0.0454);
INSERT INTO cell_cycle_state VALUES ('0a7c47a1-3c4b-4b92-a216-be9375ad2264','257ee41b-95d5-4036-9aad-706e61993e7f',0.729,0.101,0.077,0.093,22.719,480.0,0.0);
INSERT INTO apoptosis_marker VALUES ('8ea013dc-d89a-44ac-b167-eee0bd344b1b','257ee41b-95d5-4036-9aad-706e61993e7f',195.0,135.6455,98.0,1.99,0.1405,1.8394,0.923);
INSERT INTO dna_repair_status VALUES ('be11f2fc-6bcd-4616-8737-46c7cc8aa2b2','257ee41b-95d5-4036-9aad-706e61993e7f','wildtype','wildtype','proficient_MMR',0.04,6.0,39.6,0,'wildtype');
INSERT INTO metabolic_phenotype VALUES ('bbb2cb02-b664-408e-bdf8-382b7e4b0bbf','257ee41b-95d5-4036-9aad-706e61993e7f',0.534,92.8923,0.1849,0.1081,0.179,1.0959,0.5738);
INSERT INTO stemness_profile VALUES ('f9a470d7-aac8-4060-a58d-a9b0e916f25e','257ee41b-95d5-4036-9aad-706e61993e7f',63.5029,5.8316,9.9184,0.0527,0.334,0.294,0.3366,0.155);
INSERT INTO drug_resistance_feature VALUES ('a9426abe-cd91-4cc1-88dd-918f913cb4af','257ee41b-95d5-4036-9aad-706e61993e7f',1.14,0.4332,0.4418,0.7712,'[]',0.8795);
INSERT INTO immune_infiltration VALUES ('3f3caf00-af23-4384-8d2b-5e4280b47978','257ee41b-95d5-4036-9aad-706e61993e7f',3.9,13.1934,9.7719,4.4261,6.5788,10.7367,12.8911,6.0242,5.5672,'CIBERSORT');
INSERT INTO checkpoint_expression VALUES ('0d989255-891e-49bd-87d2-14e39a0ecbb2','257ee41b-95d5-4036-9aad-706e61993e7f',23.7,42.66,7.8316,18.5991,12.933,11.5162,9.9538,38.3429);
INSERT INTO cytokine_milieu VALUES ('4da2b38b-0293-4bfc-83b6-8f6600dc7780','257ee41b-95d5-4036-9aad-706e61993e7f',19.9833,12.4346,11.6884,19.3624,30.2606,10.8,23.6473,51.3008);
INSERT INTO stromal_composition VALUES ('424c669e-0aaa-4393-b7dd-36115c9979c1','257ee41b-95d5-4036-9aad-706e61993e7f',0.2304,0.0932,0.1475,0.2155,2.7102,28.1486);
INSERT INTO ecm_profile VALUES ('9b415382-2884-4ec2-b9ca-02cbf40deb49','257ee41b-95d5-4036-9aad-706e61993e7f',13.6374,12.0899,20.1944,0.3311,0.4568,0.5522,0.5601);
INSERT INTO hypoxia_vasculature VALUES ('714e1346-8ef7-4070-bf11-f6d8226ee56b','257ee41b-95d5-4036-9aad-706e61993e7f',0.49,0.1,8.3,0.2014,70.8737,167.3935,82.9296,11.7,7.24);
INSERT INTO organ_function VALUES ('f3372390-c1f9-4846-8336-3f594ad4703a','756ff375-e36d-41ab-9415-7f61bf9bceed','2018-04-30',51.5,1.018,33.5163,17.5636,11.2621,38.3591,66.8,446.6778,1.0235);
INSERT INTO immune_baseline VALUES ('acc46d38-1daf-4374-a30f-2e6636194c96','756ff375-e36d-41ab-9415-7f61bf9bceed','2018-04-30',8.65,2.69,5.32,1.9777,556.8341,376.0155,280.5877,10.9862);
INSERT INTO hormonal_profile VALUES ('ece2af8f-d743-4885-a3fd-571503f2f69f','756ff375-e36d-41ab-9415-7f61bf9bceed','2018-04-30',2.0,0.64,424.0,61.6523,14.2501,2.2287,9.3779);
INSERT INTO pharmacogenomics VALUES ('d301471f-1af9-41aa-bfd1-6b85d8e1026e','756ff375-e36d-41ab-9415-7f61bf9bceed','IM','UM','NM','*1/*1','normal',0,'NM');
INSERT INTO body_composition VALUES ('fe518176-3fe8-4a22-949b-e5fb4095b24a','756ff375-e36d-41ab-9415-7f61bf9bceed','2018-04-30',20.0,46.9,38.1584,73.5169,22.0425,1.705);
INSERT INTO microbiome_profile VALUES ('7ad3cdda-c8d2-4c15-9eff-2069276567f5','756ff375-e36d-41ab-9415-7f61bf9bceed','2018-04-30','gut','16S_rRNA_V4',3.8712,1.2563,0.014,'[{"genus": "Bacteroides", "rel": 0.328}, {"genus": "Faecalibacterium", "rel": 0.166}, {"genus": "Akkermansia", "rel": 0.014}]',0);
INSERT INTO tumor_staging VALUES ('d6a8836b-787e-4f39-8b01-e78c24d84f1c','756ff375-e36d-41ab-9415-7f61bf9bceed','2018-04-30','8500/3','C50.4','Invasive ductal carcinoma','T4','N3','M1','IV',1,'right');
INSERT INTO imaging_measurement VALUES ('7e0080cb-753a-4384-9e66-c6c71451e424','756ff375-e36d-41ab-9415-7f61bf9bceed','2018-04-21','MRI','L1','primary_left_breast',4.0,33.5103,3.0616,'SD','{"entropy": 7.91, "sphericity": 0.84}');
INSERT INTO pathology_report VALUES ('82e947ef-a904-4e6d-87a3-da416475a37c','756ff375-e36d-41ab-9415-7f61bf9bceed','2018-04-30','core_needle_biopsy','R0',6,10,0,1,2.2654);
INSERT INTO performance_status VALUES ('d2e35300-1dc1-4afc-8834-54009662061d','756ff375-e36d-41ab-9415-7f61bf9bceed','2018-04-30',0,93,0,21.8753);
INSERT INTO liquid_biopsy VALUES ('d53854a9-7452-45f0-a2fd-14e725e45aa3','756ff375-e36d-41ab-9415-7f61bf9bceed','2018-04-30',0.123,55.35,1,'[]','detected',19.0063);
INSERT INTO treatment_regimen VALUES ('1d9433aa-871b-47d2-bab9-f17e5d172496','756ff375-e36d-41ab-9415-7f61bf9bceed',1,'Palbociclib+Let','palliative','2018-05-22','2019-08-05','planned_completion','PR',640);
INSERT INTO treatment_drug_dose VALUES ('e7bc6cb2-10e8-4fac-a877-a26d7f960295','1d9433aa-871b-47d2-bab9-f17e5d172496','14234f22-ddb9-4e92-883c-bd55730bb629','2018-05-22',95.0,89.0,6.3,'IV',1,1.9988);
INSERT INTO adverse_event VALUES ('87e8ba91-93f2-4b17-9815-148dc322f9c7','756ff375-e36d-41ab-9415-7f61bf9bceed','1d9433aa-871b-47d2-bab9-f17e5d172496','Alopecia',3,'2018-07-21','2018-08-14','probable','dose_reduction');
INSERT INTO adverse_event VALUES ('7ca34f3d-a0fb-458f-ac34-eaa8bd8d641c','756ff375-e36d-41ab-9415-7f61bf9bceed','1d9433aa-871b-47d2-bab9-f17e5d172496','Neutropenia',1,'2018-07-07','2018-08-20','probable','none');
INSERT INTO adverse_event VALUES ('95c6adbb-e803-4720-b65c-398c631edf94','756ff375-e36d-41ab-9415-7f61bf9bceed','1d9433aa-871b-47d2-bab9-f17e5d172496','Hand-foot syndrome',2,'2018-08-03','2018-10-02','probable','none');
INSERT INTO carcinogen_exposure VALUES ('3e5ebc5e-2bf0-4dbf-8cf7-9c4648c69206','756ff375-e36d-41ab-9415-7f61bf9bceed','former',37.5651,0.9723,33.3683,114.1302,'[]',0.0,0);
INSERT INTO diet_nutrition VALUES ('b8af23a6-593d-4f02-8dba-031745ce2dec','756ff375-e36d-41ab-9415-7f61bf9bceed','2018-04-30','FFQ',1707.2239,58.5301,325.4275,44.621,22.0615,41.0535,19.4383,16.2065,'plant_based');
INSERT INTO physical_activity VALUES ('3b194547-9eb4-4c0f-84f0-5a038ddb4a5e','756ff375-e36d-41ab-9415-7f61bf9bceed','2018-04-30',516.05,156.1729,258.8238,9.7355,30.3102,4724,29.2008);
INSERT INTO stress_psychology VALUES ('b4049ee2-1e6b-4e8c-a1a8-e54fb9cb6281','756ff375-e36d-41ab-9415-7f61bf9bceed','2018-04-30',17,6,7,42.0885,262.88,5.5507,16);
INSERT INTO environmental_exposure VALUES ('37caaae2-8649-4d13-81bc-28ee468e9897','756ff375-e36d-41ab-9415-7f61bf9bceed','2018-04-30',15.107,19.3432,70.8414,'negative',NULL,'negative','negative',4.5671,'naive');
INSERT INTO socioeconomic_context VALUES ('ca706fde-2658-4f79-b845-20148bf15b06','756ff375-e36d-41ab-9415-7f61bf9bceed','2018-04-30',5.0,'public_Medicaid',0.7143,0.6857,77.2622,'retired',42.1202,16);
INSERT INTO circadian_profile VALUES ('7ef053c1-5888-49d8-8ae6-c67d1a7f74cb','756ff375-e36d-41ab-9415-7f61bf9bceed','2018-04-30','evening',92.1545,24.8882,'22:02',705.958,0,12);

-- Patient 38: HR+/HER2- early
INSERT INTO patient VALUES ('73fb55fb-0770-466a-9530-c2fbdea977b3','MRN-4171949','1975-06-09','female','White','{"EUR": 0.84, "AFR": 0.18}','2022-05-02','2022-05-02');
INSERT INTO genomic_sample VALUES ('944939de-4987-4ce5-9455-1b6915f8f37c','73fb55fb-0770-466a-9530-c2fbdea977b3','tumor','C50.4','2022-05-08','Guardant360',0.61,0,'FFPE');
INSERT INTO somatic_mutation VALUES ('12e9eefc-9c3e-4d3b-ab3e-83db982bc012','944939de-4987-4ce5-9455-1b6915f8f37c','MYC','chr8',127735434,'A','G','SNV','missense_variant','p.Thr58Ala',0.3402,234,'oncogenic','COSV52759832','3A','SBS5');
INSERT INTO somatic_mutation VALUES ('b6f015a4-7bee-478d-95bd-ff4880434bf4','944939de-4987-4ce5-9455-1b6915f8f37c','ERBB2','chr17',39725084,'A','G','SNV','missense_variant','p.Leu755Ser',0.3374,236,'oncogenic','COSV52735019','1','SBS5');
INSERT INTO somatic_mutation VALUES ('bd9f46ba-4765-4c63-98ff-47e5f9ad4b4e','944939de-4987-4ce5-9455-1b6915f8f37c','ESR1','chr6',152098794,'T','C','SNV','missense_variant','p.Tyr537Cys',0.2466,316,'oncogenic','COSV52744551','1','SBS1');
INSERT INTO somatic_mutation VALUES ('a582408d-46ba-481e-9bc8-be2025919505','944939de-4987-4ce5-9455-1b6915f8f37c','CDH1','chr16',68771195,'C','T','SNV','nonsense_variant','p.Gln333Ter',0.4197,359,'oncogenic','COSV52697483','3A','SBS1');
INSERT INTO somatic_mutation VALUES ('d277c1b1-c4dc-4a8b-a868-f5a8e5184800','944939de-4987-4ce5-9455-1b6915f8f37c','GATA3','chr10',8115610,'CT','C','indel','frameshift_variant','p.Thr443fs',0.3526,303,'oncogenic','COSV52704812','1','SBS5');
INSERT INTO somatic_mutation VALUES ('a2ae115b-ae95-4e2d-b6af-d52aed96b625','944939de-4987-4ce5-9455-1b6915f8f37c','PTEN','chr10',89692905,'G','A','SNV','missense_variant','p.Arg130Gly',0.4257,129,'oncogenic','COSV52731827','1','SBS5');
INSERT INTO copy_number_variant VALUES ('9c822cac-2930-4d49-b221-f3069fcedecb','944939de-4987-4ce5-9455-1b6915f8f37c','MYC','chr8',127700000,127800000,4.5,0.19,'neutral',0);
INSERT INTO copy_number_variant VALUES ('72abf982-b054-4fe0-920d-ffc31a3a9200','944939de-4987-4ce5-9455-1b6915f8f37c','CDKN2A','chr9',21967000,21995000,0.1,-1.7,'shallow_deletion',0);
INSERT INTO gene_expression VALUES ('c912b004-1a3d-4756-a033-665e6f107ecd','944939de-4987-4ce5-9455-1b6915f8f37c','ENSG00000091831','ESR1',669.57,66.96,1674,6.11,99.0);
INSERT INTO gene_expression VALUES ('b2dadfff-94b5-46f6-b888-bf3900a1b2b7','944939de-4987-4ce5-9455-1b6915f8f37c','ENSG00000141736','ERBB2',99.07,9.91,248,-0.23,46.5);
INSERT INTO gene_expression VALUES ('61b65f47-b6cd-457b-ab57-c8d1fd8818fd','944939de-4987-4ce5-9455-1b6915f8f37c','ENSG00000148773','MKI67',176.5,17.65,441,0.63,59.5);
INSERT INTO gene_expression VALUES ('182e026c-179a-4ef3-94f3-5b2ecfa8ee82','944939de-4987-4ce5-9455-1b6915f8f37c','ENSG00000141510','TP53',58.2,8.02,436,-0.69,39.6);
INSERT INTO gene_expression VALUES ('025ee6d9-66a2-4749-b722-8fb2c32d200a','944939de-4987-4ce5-9455-1b6915f8f37c','ENSG00000012048','BRCA1',35.42,9.07,164,-0.94,35.9);
INSERT INTO gene_expression VALUES ('4b34a937-4612-4113-aef5-3e2784c3a7b8','944939de-4987-4ce5-9455-1b6915f8f37c','ENSG00000139618','BRCA2',89.23,2.83,357,-0.34,44.9);
INSERT INTO gene_expression VALUES ('413614ec-9799-4258-866e-8f776e3069da','944939de-4987-4ce5-9455-1b6915f8f37c','ENSG00000171862','PTEN',46.7,1.72,360,-0.81,37.9);
INSERT INTO gene_expression VALUES ('ee9a1e26-d7c6-4c03-8dc5-6b0d7a8f92cd','944939de-4987-4ce5-9455-1b6915f8f37c','ENSG00000136997','MYC',63.44,10.3,208,-0.63,40.5);
INSERT INTO protein_expression VALUES ('d0a89bce-79b6-4ec0-a352-88b2eba32bbb','944939de-4987-4ce5-9455-1b6915f8f37c','ESR1','P03372','IHC',1.09,259.0,6,'NULL');
INSERT INTO protein_expression VALUES ('1ff9ec53-2ac7-448f-80c5-c729ecc71fba','944939de-4987-4ce5-9455-1b6915f8f37c','PGR','P06401','IHC',0.26,176.0,4,'NULL');
INSERT INTO protein_expression VALUES ('75d8dccb-b9db-4ec6-b037-8dd546c0a1d3','944939de-4987-4ce5-9455-1b6915f8f37c','ERBB2','P04626','IHC',-1.28,22.0,1,'pY1248');
INSERT INTO protein_expression VALUES ('8ed77521-5dcb-45a7-a954-4acc38666900','944939de-4987-4ce5-9455-1b6915f8f37c','MKI67','P46013','IHC',-0.98,49.0,0,'NULL');
INSERT INTO epigenetic_mark VALUES ('d0924bda-349f-4463-a551-05aede0e7104','944939de-4987-4ce5-9455-1b6915f8f37c','DNA_methylation','cg15629539',0.116,'-2.93','ESR1','CpG_island',NULL);
INSERT INTO epigenetic_mark VALUES ('8b3f476f-0ede-4606-b9b7-1f8731817dbd','944939de-4987-4ce5-9455-1b6915f8f37c','H3K27ac','cg27053763',0.0,NULL,'BRCA1','promoter',NULL);
INSERT INTO epigenetic_mark VALUES ('6c1a9809-91e7-4ae1-a529-9246f1e717e3','944939de-4987-4ce5-9455-1b6915f8f37c','H3K27ac','chr17:37800000-37850000',0.26,NULL,'ERBB2','enhancer','0.841');
INSERT INTO ncrna_profile VALUES ('cf288008-810a-4d38-a185-b6cba6fbc868','944939de-4987-4ce5-9455-1b6915f8f37c','miRNA','hsa-miR-21-5p','miR-21-5p',5.76,'["PTEN", "PDCD4"]');
INSERT INTO ncrna_profile VALUES ('f36eb54d-cf28-45e9-a80d-dc4e5f1b81bf','944939de-4987-4ce5-9455-1b6915f8f37c','miRNA','hsa-miR-155-5p','miR-155-5p',6.24,'["SHIP1", "SOCS1"]');
INSERT INTO ncrna_profile VALUES ('ff5804b6-1e3b-41a7-b8d5-bb5831104bf6','944939de-4987-4ce5-9455-1b6915f8f37c','lncRNA','ENSG00000228630','HOTAIR',2.32,'["SHIP1", "SOCS1"]');
INSERT INTO ncrna_profile VALUES ('012ab8b9-93a0-461b-8b60-ba451f8e9f9c','944939de-4987-4ce5-9455-1b6915f8f37c','lncRNA','ENSG00000251562','MALAT1',36.46,'["SHIP1", "SOCS1"]');
INSERT INTO metabolomics_profile VALUES ('884dc8fb-def6-4e8b-85be-2232454affc8','944939de-4987-4ce5-9455-1b6915f8f37c','Lactate','HMDB0000190','C00186',2.44,'LC-MS','organic_acid',0.29);
INSERT INTO metabolomics_profile VALUES ('0a9fbe94-82ae-4246-92fc-8244ca667e37','944939de-4987-4ce5-9455-1b6915f8f37c','Glutamine','HMDB0000641','C00064',0.48,'LC-MS','amino_acid',-1.01);
INSERT INTO metabolomics_profile VALUES ('deb1c739-9b3e-47fc-a833-e61a9e2a51f7','944939de-4987-4ce5-9455-1b6915f8f37c','Glucose','HMDB0000122','C00031',4.57,'LC-MS','carbohydrate',1.71);
INSERT INTO metabolomics_profile VALUES ('ec3241c8-a1a2-4c14-adae-8396fbcde4a7','944939de-4987-4ce5-9455-1b6915f8f37c','Phosphocholine','HMDB0001565','C00588',0.19,'LC-MS','lipid',-1.21);
INSERT INTO tumor_clone VALUES ('10584294-8e6c-4414-931b-a47112ad787f','944939de-4987-4ce5-9455-1b6915f8f37c','clone_A',0.87,'[]',1,1,0.1868);
INSERT INTO tumor_clone VALUES ('5573f481-b197-4ae4-8661-7c892de9a477','944939de-4987-4ce5-9455-1b6915f8f37c','clone_B',0.13,'[]',0,2,0.05);
INSERT INTO cell_cycle_state VALUES ('1bc9244e-2bc8-44e1-b74d-be61556613ef','944939de-4987-4ce5-9455-1b6915f8f37c',0.761,0.058,0.05,0.131,17.3368,480.0,4.8);
INSERT INTO apoptosis_marker VALUES ('7441abda-fc54-4738-969b-eb6d7deae3d8','944939de-4987-4ce5-9455-1b6915f8f37c',155.0,83.5885,91.0,1.7,0.0403,3.9575,1.0458);
INSERT INTO dna_repair_status VALUES ('da2cc879-d2ac-46a8-a601-04a49edaf504','944939de-4987-4ce5-9455-1b6915f8f37c','wildtype','wildtype','proficient_MMR',0.04,4.4,19.9,0,'wildtype');
INSERT INTO metabolic_phenotype VALUES ('a51407d7-9cf8-4f9b-8bc3-b74699ae66c3','944939de-4987-4ce5-9455-1b6915f8f37c',0.238,87.5923,0.3008,0.3807,0.1796,1.0729,0.6755);
INSERT INTO stemness_profile VALUES ('8945425a-9706-4f2b-aaaa-d0e71b90accf','944939de-4987-4ce5-9455-1b6915f8f37c',69.3175,11.1895,9.17,0.2087,0.133,0.326,0.4411,0.4763);
INSERT INTO drug_resistance_feature VALUES ('01df2c12-be77-419c-87a8-c55424049cc2','944939de-4987-4ce5-9455-1b6915f8f37c',0.78,0.9056,0.289,0.8975,'[]',0.1957);
INSERT INTO immune_infiltration VALUES ('c61a6271-5a09-47e8-ab41-812ac715d80a','944939de-4987-4ce5-9455-1b6915f8f37c',12.4,18.779,6.9917,3.9771,5.8354,5.2315,9.9079,4.1853,3.2433,'CIBERSORT');
INSERT INTO checkpoint_expression VALUES ('827ca364-a2ca-45d9-afb8-272e0d58e1fb','944939de-4987-4ce5-9455-1b6915f8f37c',1.9,3.42,1.4104,7.5853,12.2624,5.2036,11.931,36.1126);
INSERT INTO cytokine_milieu VALUES ('7ad5260a-70b2-4c71-acb5-88700bc3cf65','944939de-4987-4ce5-9455-1b6915f8f37c',34.4857,10.9394,8.3251,12.0617,20.0602,7.6,46.9447,92.3502);
INSERT INTO stromal_composition VALUES ('d5f56a2a-ddc2-4406-9533-4175ff7cf6f0','944939de-4987-4ce5-9455-1b6915f8f37c',0.1634,0.0298,0.1114,0.3558,4.9124,16.6835);
INSERT INTO ecm_profile VALUES ('f8cadcc2-bbb3-49bc-9307-51d9ebda3510','944939de-4987-4ce5-9455-1b6915f8f37c',5.7199,8.9628,18.1914,0.8684,0.232,0.8261,0.3089);
INSERT INTO hypoxia_vasculature VALUES ('84fb94be-12e6-4aff-bb6e-b693376b24f8','944939de-4987-4ce5-9455-1b6915f8f37c',0.79,0.3126,8.1,0.3279,99.0313,132.4055,123.1238,12.9,7.21);
INSERT INTO organ_function VALUES ('d656a137-6db9-46ff-b091-df1a1297a8d4','73fb55fb-0770-466a-9530-c2fbdea977b3','2022-05-02',64.9,1.1788,23.4767,14.4956,12.2689,34.6124,68.7,378.4978,1.1601);
INSERT INTO immune_baseline VALUES ('c5aa515e-03ed-4181-8276-d25932f73c4d','73fb55fb-0770-466a-9530-c2fbdea977b3','2022-05-02',6.13,1.34,2.47,1.8433,581.0771,196.9465,195.7505,10.091);
INSERT INTO hormonal_profile VALUES ('18d83958-f824-48d8-b242-6d8cea1f8a94','73fb55fb-0770-466a-9530-c2fbdea977b3','2022-05-02',143.8,0.72,471.0,83.9954,16.715,1.4982,5.2945);
INSERT INTO pharmacogenomics VALUES ('f944f1fe-5404-4aef-a9de-33471af55379','73fb55fb-0770-466a-9530-c2fbdea977b3','PM','PM','PM','*28/*28','low',0,'NM');
INSERT INTO body_composition VALUES ('2175a712-8586-44a2-a707-5676765dee7e','73fb55fb-0770-466a-9530-c2fbdea977b3','2022-05-02',24.0,37.9,28.9604,51.0422,33.6633,1.7483);
INSERT INTO microbiome_profile VALUES ('293441eb-2d88-404e-b1f0-7680f0ea9e6d','73fb55fb-0770-466a-9530-c2fbdea977b3','2022-05-02','gut','16S_rRNA_V4',2.1954,2.996,0.0229,'[{"genus": "Bacteroides", "rel": 0.326}, {"genus": "Faecalibacterium", "rel": 0.159}, {"genus": "Akkermansia", "rel": 0.0229}]',0);
INSERT INTO tumor_staging VALUES ('75a852c5-079c-4560-a1f4-acb33ad590d4','73fb55fb-0770-466a-9530-c2fbdea977b3','2022-05-02','8500/3','C50.4','Invasive ductal carcinoma','T2','N1','M0','IIA',1,'left');
INSERT INTO imaging_measurement VALUES ('d4f73ff3-7a2d-4c2a-86f4-b6a8a0da295e','73fb55fb-0770-466a-9530-c2fbdea977b3','2022-04-25','MRI','L1','primary_left_breast',36.7,25881.9393,4.2209,'SD','{"entropy": 5.77, "sphericity": 0.65}');
INSERT INTO pathology_report VALUES ('f8736956-c904-4e74-952b-55a9efd383fd','73fb55fb-0770-466a-9530-c2fbdea977b3','2022-05-02','core_needle_biopsy','R0',2,6,0,0,0.0);
INSERT INTO performance_status VALUES ('40665651-9c03-444f-9ddb-4e838ab8164d','73fb55fb-0770-466a-9530-c2fbdea977b3','2022-05-02',1,76,1,50.5134);
INSERT INTO liquid_biopsy VALUES ('bac8a14b-dffa-4847-9566-8cc8d7936f2e','73fb55fb-0770-466a-9530-c2fbdea977b3','2022-05-02',0.0792,35.64,4,'[]','detected',15.2178);
INSERT INTO treatment_regimen VALUES ('65409eb8-4474-4556-9030-6d0813d4be5c','73fb55fb-0770-466a-9530-c2fbdea977b3',1,'Letrozole','adjuvant','2022-05-23','2023-01-01','planned_completion','PR',345);
INSERT INTO treatment_drug_dose VALUES ('ff939202-3116-4bc6-8fd8-6c1269c15d79','65409eb8-4474-4556-9030-6d0813d4be5c','dea8e584-d12c-47bf-a4c0-e739973380b8','2022-05-23',64.0,63.0,1.6,'oral',1,1.5527);
INSERT INTO adverse_event VALUES ('578bcc1a-c4c0-4403-b390-e3265ab3f1bf','73fb55fb-0770-466a-9530-c2fbdea977b3','65409eb8-4474-4556-9030-6d0813d4be5c','Nausea',3,'2022-06-03','2022-06-10','probable','dose_reduction');
INSERT INTO adverse_event VALUES ('2e2ce042-63ce-4484-9e20-6110ce281cf8','73fb55fb-0770-466a-9530-c2fbdea977b3','65409eb8-4474-4556-9030-6d0813d4be5c','Diarrhoea',2,'2022-07-15','2022-08-27','probable','none');
INSERT INTO radiation_plan VALUES ('e3adadf6-4515-4591-a8af-f23306b25059','73fb55fb-0770-466a-9530-c2fbdea977b3','photon_EBRT','CTV',49.1784,2.0,25,5,'IMRT',NULL,'{"heart": {"V20Gy_pct": "<25"}, "lung": {"mean_Gy": "<18"}}');
INSERT INTO carcinogen_exposure VALUES ('af7cce4e-eaf9-4dbd-bb0c-64b4e1b05a2c','73fb55fb-0770-466a-9530-c2fbdea977b3','never',0.0,0.8513,5.0,56.9984,'[]',0.0,0);
INSERT INTO diet_nutrition VALUES ('c654cde0-cb88-47f5-bf1e-ece17cdbfaf1','73fb55fb-0770-466a-9530-c2fbdea977b3','2022-05-02','FFQ',1431.4388,71.7575,238.5426,81.9381,15.7506,21.7415,38.1889,14.5293,'Western');
INSERT INTO physical_activity VALUES ('c4eba75c-2ca2-497d-965b-f856078de140','73fb55fb-0770-466a-9530-c2fbdea977b3','2022-05-02',264.9553,67.6583,214.1829,8.9281,29.2162,6574,23.0546);
INSERT INTO stress_psychology VALUES ('699840d1-21c1-4065-9949-4a47fb510ce6','73fb55fb-0770-466a-9530-c2fbdea977b3','2022-05-02',19,10,4,35.5955,292.02,7.2248,19);
INSERT INTO environmental_exposure VALUES ('b6cdcf77-f564-416a-9cbd-3602dc8f374e','73fb55fb-0770-466a-9530-c2fbdea977b3','2022-05-02',16.032,15.1438,46.0458,'negative',NULL,'negative','negative',7.1227,'naive');
INSERT INTO socioeconomic_context VALUES ('adac65ad-d40c-482c-80ae-aec311583d3b','73fb55fb-0770-466a-9530-c2fbdea977b3','2022-05-02',74.6637,'private',0.3786,0.5411,69.6071,'retired',31.7976,21);
INSERT INTO circadian_profile VALUES ('5b1124ac-d5fa-4f43-bedb-916356efaaa1','73fb55fb-0770-466a-9530-c2fbdea977b3','2022-05-02','morning',83.6167,13.8396,'22:16',492.8792,0,7);

-- Patient 39: HR+/HER2- early
INSERT INTO patient VALUES ('937ea4e5-fe23-4f26-ba73-ed749bc833fc','MRN-5758211','1956-09-14','female','East Asian','{"EUR": 0.75, "AFR": 0.1}','2020-04-01','2020-04-01');
INSERT INTO genomic_sample VALUES ('a2c5363c-9a56-4df9-bb86-be4baa21b117','937ea4e5-fe23-4f26-ba73-ed749bc833fc','tumor','C50.4','2020-04-03','Foundation One CDx',0.54,0,'FFPE');
INSERT INTO somatic_mutation VALUES ('7847dc91-b7ef-4c11-8403-21fab3e7783d','a2c5363c-9a56-4df9-bb86-be4baa21b117','TP53','chr17',7674220,'G','A','SNV','missense_variant','p.Arg248Trp',0.527,393,'oncogenic','COSV52743007','1','SBS5');
INSERT INTO somatic_mutation VALUES ('d181ed15-fc6f-45e6-aba6-ea30c5cf8e7e','a2c5363c-9a56-4df9-bb86-be4baa21b117','ESR1','chr6',152098794,'T','C','SNV','missense_variant','p.Tyr537Cys',0.1549,121,'oncogenic','COSV52744551','1','SBS1');
INSERT INTO somatic_mutation VALUES ('1ecbf5db-942c-4919-b1b2-673b5af9fad1','a2c5363c-9a56-4df9-bb86-be4baa21b117','MYC','chr8',127735434,'A','G','SNV','missense_variant','p.Thr58Ala',0.3421,146,'oncogenic','COSV52759832','3A','SBS5');
INSERT INTO somatic_mutation VALUES ('74c49d8a-4608-4ff7-a0c7-521d3f4a8d9a','a2c5363c-9a56-4df9-bb86-be4baa21b117','PIK3CA','chr3',179234297,'C','T','SNV','missense_variant','p.His1047Arg',0.2055,218,'oncogenic','COSV52748762','1','SBS1');
INSERT INTO somatic_mutation VALUES ('c3f6e063-5221-463c-a665-73ace886e62d','a2c5363c-9a56-4df9-bb86-be4baa21b117','ERBB2','chr17',39725084,'A','G','SNV','missense_variant','p.Leu755Ser',0.2753,334,'oncogenic','COSV52735019','1','SBS5');
INSERT INTO somatic_mutation VALUES ('8a05170c-1b11-4658-96be-e04e9e0b9d75','a2c5363c-9a56-4df9-bb86-be4baa21b117','PTEN','chr10',89692905,'G','A','SNV','missense_variant','p.Arg130Gly',0.3023,339,'oncogenic','COSV52731827','1','SBS5');
INSERT INTO copy_number_variant VALUES ('c167109d-109f-4d38-864c-9ab9259e1733','a2c5363c-9a56-4df9-bb86-be4baa21b117','MYC','chr8',127700000,127800000,4.7,0.38,'neutral',0);
INSERT INTO copy_number_variant VALUES ('13ec627f-8348-4633-a3c5-1c4aaa250b74','a2c5363c-9a56-4df9-bb86-be4baa21b117','CDKN2A','chr9',21967000,21995000,0.5,-0.65,'shallow_deletion',0);
INSERT INTO gene_expression VALUES ('2e5fcf35-c0e5-42a6-b86f-f45438f4f88e','a2c5363c-9a56-4df9-bb86-be4baa21b117','ENSG00000091831','ESR1',1194.22,119.42,2986,11.94,99.0);
INSERT INTO gene_expression VALUES ('e998d731-9060-46bd-b465-0d20b4c824bc','a2c5363c-9a56-4df9-bb86-be4baa21b117','ENSG00000141736','ERBB2',74.51,7.45,186,-0.51,42.4);
INSERT INTO gene_expression VALUES ('954d4a47-2929-482b-9e0c-8a6d835b5b8a','a2c5363c-9a56-4df9-bb86-be4baa21b117','ENSG00000148773','MKI67',114.49,11.45,286,-0.06,49.1);
INSERT INTO gene_expression VALUES ('0d9ae58a-6d85-4cad-b23c-3ba1b3fe0ffe','a2c5363c-9a56-4df9-bb86-be4baa21b117','ENSG00000141510','TP53',88.16,2.12,59,-0.35,44.8);
INSERT INTO gene_expression VALUES ('e6201381-612f-4c32-990b-9b51ed16abdd','a2c5363c-9a56-4df9-bb86-be4baa21b117','ENSG00000012048','BRCA1',64.96,4.33,233,-0.61,40.9);
INSERT INTO gene_expression VALUES ('4ba3f13c-6fe8-403b-a97e-9c4a1a55c065','a2c5363c-9a56-4df9-bb86-be4baa21b117','ENSG00000139618','BRCA2',44.13,4.2,258,-0.84,37.4);
INSERT INTO gene_expression VALUES ('28933390-cdfb-43dd-bcb9-0128617080c0','a2c5363c-9a56-4df9-bb86-be4baa21b117','ENSG00000171862','PTEN',28.86,3.88,180,-1.01,34.9);
INSERT INTO gene_expression VALUES ('98192514-bf8d-48a9-ad9c-0fb299c324d3','a2c5363c-9a56-4df9-bb86-be4baa21b117','ENSG00000136997','MYC',71.62,11.56,456,-0.54,41.9);
INSERT INTO protein_expression VALUES ('21a11f92-61fa-41bf-a5c6-f737c9e33bd7','a2c5363c-9a56-4df9-bb86-be4baa21b117','ESR1','P03372','IHC',0.39,189.0,5,'NULL');
INSERT INTO protein_expression VALUES ('ae2cda84-858f-460c-8efa-b6f75aabfd1e','a2c5363c-9a56-4df9-bb86-be4baa21b117','PGR','P06401','IHC',0.08,158.0,4,'NULL');
INSERT INTO protein_expression VALUES ('43567fa5-88c4-4f09-9a22-8366763cf969','a2c5363c-9a56-4df9-bb86-be4baa21b117','ERBB2','P04626','IHC',-1.08,42.0,1,'pY1248');
INSERT INTO protein_expression VALUES ('caffd648-d39f-4315-925f-966cf1bb5569','a2c5363c-9a56-4df9-bb86-be4baa21b117','MKI67','P46013','IHC',-1.12,35.0,0,'NULL');
INSERT INTO epigenetic_mark VALUES ('a0a65e7e-7602-47d0-ad25-5e5721b86ae6','a2c5363c-9a56-4df9-bb86-be4baa21b117','DNA_methylation','cg15629539',0.112,'-2.987','ESR1','CpG_island',NULL);
INSERT INTO epigenetic_mark VALUES ('59fb3bf9-7854-4b84-ba0b-0cfba59ca1f7','a2c5363c-9a56-4df9-bb86-be4baa21b117','DNA_methylation','cg27053763',0.121,'-2.861','BRCA1','promoter',NULL);
INSERT INTO epigenetic_mark VALUES ('14ffcb0a-da1e-47af-9e9a-8895d9ff9805','a2c5363c-9a56-4df9-bb86-be4baa21b117','H3K27ac','chr17:37800000-37850000',0.259,NULL,'ERBB2','enhancer','1.195');
INSERT INTO ncrna_profile VALUES ('2729c817-edae-489d-86e5-c63362aa5098','a2c5363c-9a56-4df9-bb86-be4baa21b117','miRNA','hsa-miR-21-5p','miR-21-5p',0.96,'["PTEN", "PDCD4"]');
INSERT INTO ncrna_profile VALUES ('3d7a36e3-0751-4d84-b6e4-43a170907ad0','a2c5363c-9a56-4df9-bb86-be4baa21b117','miRNA','hsa-miR-155-5p','miR-155-5p',6.66,'["SHIP1", "SOCS1"]');
INSERT INTO ncrna_profile VALUES ('7975451f-ef72-4bea-b7c6-9a73dac611b6','a2c5363c-9a56-4df9-bb86-be4baa21b117','lncRNA','ENSG00000228630','HOTAIR',3.2,'["SHIP1", "SOCS1"]');
INSERT INTO ncrna_profile VALUES ('6540c273-57be-49e4-8431-d311da84f660','a2c5363c-9a56-4df9-bb86-be4baa21b117','lncRNA','ENSG00000251562','MALAT1',31.29,'["SHIP1", "SOCS1"]');
INSERT INTO metabolomics_profile VALUES ('875dba1f-f6d2-4aac-ad85-cac8181ac786','a2c5363c-9a56-4df9-bb86-be4baa21b117','Lactate','HMDB0000190','C00186',3.28,'LC-MS','organic_acid',0.85);
INSERT INTO metabolomics_profile VALUES ('477e0d2f-48e7-45fd-a4be-15fe18fd5074','a2c5363c-9a56-4df9-bb86-be4baa21b117','Glutamine','HMDB0000641','C00064',0.48,'LC-MS','amino_acid',-1.01);
INSERT INTO metabolomics_profile VALUES ('a0180921-e537-42a9-978b-78014f0b179a','a2c5363c-9a56-4df9-bb86-be4baa21b117','Glucose','HMDB0000122','C00031',5.42,'LC-MS','carbohydrate',2.28);
INSERT INTO metabolomics_profile VALUES ('fd404b54-d95a-4fcd-be34-51c1fc047856','a2c5363c-9a56-4df9-bb86-be4baa21b117','Phosphocholine','HMDB0001565','C00588',0.15,'LC-MS','lipid',-1.23);
INSERT INTO tumor_clone VALUES ('2532fbb8-3198-4d67-81e0-494f15debd58','a2c5363c-9a56-4df9-bb86-be4baa21b117','clone_A',0.75,'[]',1,1,0.1572);
INSERT INTO tumor_clone VALUES ('041f8e55-677a-45f9-9dfd-362317392848','a2c5363c-9a56-4df9-bb86-be4baa21b117','clone_B',0.25,'[]',0,2,0.0498);
INSERT INTO cell_cycle_state VALUES ('20323aa4-a441-4443-9151-e21e5a4c6940','a2c5363c-9a56-4df9-bb86-be4baa21b117',0.731,0.06,0.027,0.182,12.6077,480.0,0.0);
INSERT INTO apoptosis_marker VALUES ('d0855ef0-701d-4743-83a0-a48ebfe6819b','a2c5363c-9a56-4df9-bb86-be4baa21b117',204.0,85.9377,108.0,1.89,0.0822,8.6882,1.127);
INSERT INTO dna_repair_status VALUES ('12387334-2b3d-4f77-95bb-017d64e6cb3d','a2c5363c-9a56-4df9-bb86-be4baa21b117','wildtype','wildtype','proficient_MMR',0.04,5.5,38.0,0,'wildtype');
INSERT INTO metabolic_phenotype VALUES ('f3931de8-f1b6-4bf8-b48e-7ad98cb41895','a2c5363c-9a56-4df9-bb86-be4baa21b117',0.519,49.5802,0.382,0.2792,0.1889,1.3761,0.4288);
INSERT INTO stemness_profile VALUES ('49fcd6b4-5c77-4436-9fe7-b338a10758d4','a2c5363c-9a56-4df9-bb86-be4baa21b117',123.3812,8.7173,19.3364,0.2085,0.328,0.203,0.4125,0.02);
INSERT INTO drug_resistance_feature VALUES ('de03be67-9dcb-456e-907a-76fb97d6d0cf','a2c5363c-9a56-4df9-bb86-be4baa21b117',1.68,0.5792,0.507,1.19,'[]',0.8065);
INSERT INTO immune_infiltration VALUES ('f1984724-4f28-44b5-965f-403cc3c255ef','a2c5363c-9a56-4df9-bb86-be4baa21b117',3.8,5.0426,10.1409,5.3272,2.0461,10.869,14.9925,3.9095,8.2294,'CIBERSORT');
INSERT INTO checkpoint_expression VALUES ('fad64342-ba48-40c1-bd80-434547ee437c','a2c5363c-9a56-4df9-bb86-be4baa21b117',16.3,29.34,5.9602,11.4066,10.2199,11.3701,8.771,34.0119);
INSERT INTO cytokine_milieu VALUES ('ec64c6c3-50ea-4754-8b28-238b8bc2c828','a2c5363c-9a56-4df9-bb86-be4baa21b117',20.2065,16.8759,8.3481,16.6453,19.4739,14.1,8.672,130.3975);
INSERT INTO stromal_composition VALUES ('7897b67b-4e78-41fe-a1f7-fa22cdd05cc7','a2c5363c-9a56-4df9-bb86-be4baa21b117',0.1505,0.0711,0.1866,0.4198,4.821,21.2526);
INSERT INTO ecm_profile VALUES ('cf58f6d9-1b65-4e74-b5c7-0ce56b307da0','a2c5363c-9a56-4df9-bb86-be4baa21b117',12.1019,5.2851,24.9443,0.3468,0.3817,0.4243,0.6102);
INSERT INTO hypoxia_vasculature VALUES ('863ba7d7-bbfd-4b63-8055-95261af6bdc6','a2c5363c-9a56-4df9-bb86-be4baa21b117',0.91,0.1843,6.3,0.2574,28.767,181.3688,55.0744,9.2,7.06);
INSERT INTO organ_function VALUES ('b3048f5f-14ed-4f71-a4d6-e2502399191f','937ea4e5-fe23-4f26-ba73-ed749bc833fc','2020-04-01',30.0,0.76,28.002,17.6277,16.9403,37.7169,57.9,384.5336,1.1087);
INSERT INTO immune_baseline VALUES ('c366b17b-8210-4865-8ccd-7058cb1b620a','937ea4e5-fe23-4f26-ba73-ed749bc833fc','2020-04-01',7.37,1.34,5.51,4.1119,516.7554,446.3222,277.2618,10.8186);
INSERT INTO hormonal_profile VALUES ('02c8f8ef-9997-45fe-bf13-b2cbf11dd272','937ea4e5-fe23-4f26-ba73-ed749bc833fc','2020-04-01',2.0,0.53,362.0,98.9205,17.9356,1.8044,9.5447);
INSERT INTO pharmacogenomics VALUES ('39d88593-fff0-4d1d-976b-aaf34969fd23','937ea4e5-fe23-4f26-ba73-ed749bc833fc','PM','NM','NM','*1/*28','normal',0,'NM');
INSERT INTO body_composition VALUES ('61f3bce0-54c8-48ac-a519-0cbf8062f6e9','937ea4e5-fe23-4f26-ba73-ed749bc833fc','2020-04-01',28.0,27.3,28.7912,65.2976,30.1419,1.636);
INSERT INTO microbiome_profile VALUES ('3696f5a3-2466-455f-ab7e-62540ce1618d','937ea4e5-fe23-4f26-ba73-ed749bc833fc','2020-04-01','gut','16S_rRNA_V4',3.7589,1.9783,0.0276,'[{"genus": "Bacteroides", "rel": 0.238}, {"genus": "Faecalibacterium", "rel": 0.12}, {"genus": "Akkermansia", "rel": 0.0276}]',0);
INSERT INTO tumor_staging VALUES ('c0821895-ad5b-4539-8676-4c221d389864','937ea4e5-fe23-4f26-ba73-ed749bc833fc','2020-04-01','8500/3','C50.4','Invasive ductal carcinoma','T2','N1','M0','IIB',1,'right');
INSERT INTO imaging_measurement VALUES ('1481c603-eba9-427a-aef4-f535bf1cb841','937ea4e5-fe23-4f26-ba73-ed749bc833fc','2020-03-08','MRI','L1','primary_left_breast',22.1,5651.6524,3.0439,'SD','{"entropy": 6.21, "sphericity": 0.88}');
INSERT INTO pathology_report VALUES ('41076b25-a3bb-451f-bff4-7b3ff6a26a38','937ea4e5-fe23-4f26-ba73-ed749bc833fc','2020-04-01','core_needle_biopsy','R0',3,20,0,0,3.7396);
INSERT INTO performance_status VALUES ('a2b5ddcd-42e0-4627-af24-1563e21c9b90','937ea4e5-fe23-4f26-ba73-ed749bc833fc','2020-04-01',0,75,1,45.0003);
INSERT INTO liquid_biopsy VALUES ('a857794a-31a8-41f8-9ccd-cbe944fdf5fe','937ea4e5-fe23-4f26-ba73-ed749bc833fc','2020-04-01',0.1304,58.68,3,'[]','detected',8.8287);
INSERT INTO treatment_regimen VALUES ('9b9a0ac2-bcbe-4b37-b68d-f2cd635afbf2','937ea4e5-fe23-4f26-ba73-ed749bc833fc',1,'Letrozole','adjuvant','2020-04-18','2021-07-17','planned_completion','PR',219);
INSERT INTO treatment_drug_dose VALUES ('73209287-cc93-453f-96b7-870e093c8fe5','9b9a0ac2-bcbe-4b37-b68d-f2cd635afbf2','dea8e584-d12c-47bf-a4c0-e739973380b8','2020-04-18',80.0,80.0,0.0,'oral',1,1.0935);
INSERT INTO adverse_event VALUES ('859b8f45-616c-405e-8909-2c984d1f2c8a','937ea4e5-fe23-4f26-ba73-ed749bc833fc','9b9a0ac2-bcbe-4b37-b68d-f2cd635afbf2','Neutropenia',1,'2020-05-27','2020-06-25','probable','none');
INSERT INTO adverse_event VALUES ('9f82e663-5413-4ef0-8f56-de00ceb23f32','937ea4e5-fe23-4f26-ba73-ed749bc833fc','9b9a0ac2-bcbe-4b37-b68d-f2cd635afbf2','Fatigue',2,'2020-07-03','2020-08-17','probable','none');
INSERT INTO adverse_event VALUES ('013103b4-d360-470b-96aa-0f601d4a6a54','937ea4e5-fe23-4f26-ba73-ed749bc833fc','9b9a0ac2-bcbe-4b37-b68d-f2cd635afbf2','Alopecia',1,'2020-05-25','2020-06-05','probable','none');
INSERT INTO adverse_event VALUES ('f80e0769-e9ec-441a-90db-78e70517a50b','937ea4e5-fe23-4f26-ba73-ed749bc833fc','9b9a0ac2-bcbe-4b37-b68d-f2cd635afbf2','Peripheral sensory neuropathy',1,'2020-06-28','2020-08-06','probable','none');
INSERT INTO radiation_plan VALUES ('909d55f4-e7f1-4845-b3b4-c94f32b88edb','937ea4e5-fe23-4f26-ba73-ed749bc833fc','photon_EBRT','CTV',50.6402,2.0,25,5,'IMRT',NULL,'{"heart": {"V20Gy_pct": "<25"}, "lung": {"mean_Gy": "<18"}}');
INSERT INTO carcinogen_exposure VALUES ('e00d9b63-190e-4d85-9be5-861f2c770b4a','937ea4e5-fe23-4f26-ba73-ed749bc833fc','never',0.0,0.0,44.1398,24.8611,'[]',0.0,0);
INSERT INTO diet_nutrition VALUES ('d949887a-f75c-4ba5-a096-049e7d8846b8','937ea4e5-fe23-4f26-ba73-ed749bc833fc','2020-04-01','FFQ',2051.0352,73.9258,192.4123,57.3302,31.3717,41.9681,28.5793,4.0903,'Western');
INSERT INTO physical_activity VALUES ('9620a584-1291-42a8-83b6-604429568217','937ea4e5-fe23-4f26-ba73-ed749bc833fc','2020-04-01',377.4401,94.4387,147.214,12.6361,32.4696,6626,27.2824);
INSERT INTO stress_psychology VALUES ('541a78c2-1f1b-451f-a709-a0c6c1cbf6cc','937ea4e5-fe23-4f26-ba73-ed749bc833fc','2020-04-01',9,3,0,40.5827,224.44,5.35,10);
INSERT INTO environmental_exposure VALUES ('28fcbedf-f6d0-498b-8117-12871ec5f386','937ea4e5-fe23-4f26-ba73-ed749bc833fc','2020-04-01',9.6748,22.6208,50.2511,'negative',NULL,'negative','negative',7.5249,'naive');
INSERT INTO socioeconomic_context VALUES ('702d51df-1419-4759-8556-36d6d60a84a3','937ea4e5-fe23-4f26-ba73-ed749bc833fc','2020-04-01',39.3796,'public_Medicaid',0.5456,0.703,74.8472,'employed_part_time',10.0,20);
INSERT INTO circadian_profile VALUES ('c70884ac-6f24-4d9f-8d92-feb3fcb62ec3','937ea4e5-fe23-4f26-ba73-ed749bc833fc','2020-04-01','evening',70.8147,21.4989,'22:07',473.3333,0,7);

-- Patient 40: TNBC
INSERT INTO patient VALUES ('9b0cef6b-2b92-437b-b6e5-5e81b2de5c61','MRN-3289534','1974-07-28','female','White','{"EUR": 0.83, "AFR": 0.1}','2023-11-19','2023-11-19');
INSERT INTO genomic_sample VALUES ('d0823d83-e369-4fec-af0d-b9c5b767e266','9b0cef6b-2b92-437b-b6e5-5e81b2de5c61','tumor','C50.4','2023-12-01','Foundation One CDx',0.7,0,'FFPE');
INSERT INTO somatic_mutation VALUES ('958720cc-7ca1-4378-be7a-045e9ddabec7','d0823d83-e369-4fec-af0d-b9c5b767e266','ERBB2','chr17',39725084,'A','G','SNV','missense_variant','p.Leu755Ser',0.3475,119,'oncogenic','COSV52735019','1','SBS5');
INSERT INTO somatic_mutation VALUES ('97eb1501-9ccf-44a3-a1d1-01070cbf66b8','d0823d83-e369-4fec-af0d-b9c5b767e266','TP53','chr17',7674220,'G','A','SNV','missense_variant','p.Arg248Trp',0.4869,265,'oncogenic','COSV52743007','1','SBS5');
INSERT INTO somatic_mutation VALUES ('85ae9c54-052a-4aab-a7b5-e5152de1b8bf','d0823d83-e369-4fec-af0d-b9c5b767e266','GATA3','chr10',8115610,'CT','C','indel','frameshift_variant','p.Thr443fs',0.2633,309,'oncogenic','COSV52704812','1','SBS5');
INSERT INTO somatic_mutation VALUES ('d4b4bc71-a7e0-478e-80ba-8816ff7de278','d0823d83-e369-4fec-af0d-b9c5b767e266','BRCA2','chr13',32338709,'A','T','SNV','stop_gained','p.Lys1690Ter',0.3528,294,'pathogenic','COSV52712043','1','SBS3');
INSERT INTO somatic_mutation VALUES ('ae8cd128-c752-43f6-bf37-c0509e893ca3','d0823d83-e369-4fec-af0d-b9c5b767e266','BRCA1','chr17',43094464,'T','A','SNV','missense_variant','p.Cys1697Ser',0.4143,144,'pathogenic','COSV52701256','1','SBS3');
INSERT INTO somatic_mutation VALUES ('0cc24ac7-084f-410e-b72d-f7c63eada5b9','d0823d83-e369-4fec-af0d-b9c5b767e266','CDH1','chr16',68771195,'C','T','SNV','nonsense_variant','p.Gln333Ter',0.4916,355,'oncogenic','COSV52697483','3A','SBS1');
INSERT INTO copy_number_variant VALUES ('e570d93b-0ec9-4fde-a281-f563c5058234','d0823d83-e369-4fec-af0d-b9c5b767e266','PTEN','chr10',89600000,89900000,0.3,-1.22,'deep_deletion',1);
INSERT INTO copy_number_variant VALUES ('b0ec9ebe-2bbb-41c9-b00a-d7b3455a33e2','d0823d83-e369-4fec-af0d-b9c5b767e266','MYC','chr8',127700000,127800000,1.2,-0.25,'amplification',0);
INSERT INTO copy_number_variant VALUES ('6698595d-a5a7-4629-800c-a58cbc76b446','d0823d83-e369-4fec-af0d-b9c5b767e266','CDKN2A','chr9',21967000,21995000,0.6,-1.45,'shallow_deletion',0);
INSERT INTO gene_expression VALUES ('ceea721a-f21f-4e73-b644-c5b4903f1e3a','d0823d83-e369-4fec-af0d-b9c5b767e266','ENSG00000091831','ESR1',1.0,0.1,2,-1.32,30.2);
INSERT INTO gene_expression VALUES ('e643c561-73e5-4f04-a6f5-477972c9675f','d0823d83-e369-4fec-af0d-b9c5b767e266','ENSG00000141736','ERBB2',37.85,3.79,95,-0.91,36.4);
INSERT INTO gene_expression VALUES ('95f0ce61-178b-4132-9376-ecf7948e06b5','d0823d83-e369-4fec-af0d-b9c5b767e266','ENSG00000148773','MKI67',352.27,35.23,881,2.58,88.7);
INSERT INTO gene_expression VALUES ('467c8f8c-692e-4bc9-aa3f-979c296e034f','d0823d83-e369-4fec-af0d-b9c5b767e266','ENSG00000141510','TP53',54.11,5.76,282,-0.73,39.0);
INSERT INTO gene_expression VALUES ('b76af062-24ec-457e-918d-7e7a9832ae08','d0823d83-e369-4fec-af0d-b9c5b767e266','ENSG00000012048','BRCA1',54.97,6.61,174,-0.72,39.2);
INSERT INTO gene_expression VALUES ('75755100-49a5-4eaa-86bb-efa148a18018','d0823d83-e369-4fec-af0d-b9c5b767e266','ENSG00000139618','BRCA2',48.04,5.63,280,-0.8,38.0);
INSERT INTO gene_expression VALUES ('1975bea0-0a77-4e05-b6af-f1b9d696fc68','d0823d83-e369-4fec-af0d-b9c5b767e266','ENSG00000171862','PTEN',9.68,5.13,94,-1.23,31.6);
INSERT INTO gene_expression VALUES ('0fd01ebc-b726-41b5-980d-a54062b5b1c5','d0823d83-e369-4fec-af0d-b9c5b767e266','ENSG00000136997','MYC',56.19,5.51,250,-0.71,39.4);
INSERT INTO protein_expression VALUES ('05a4dddd-7cc1-42d2-bfc3-9d901334119d','d0823d83-e369-4fec-af0d-b9c5b767e266','ESR1','P03372','IHC',-1.48,2.0,0,'NULL');
INSERT INTO protein_expression VALUES ('16f3c4c5-2593-4d22-9984-9d5aaf5751b8','d0823d83-e369-4fec-af0d-b9c5b767e266','PGR','P06401','IHC',-1.23,27.0,1,'NULL');
INSERT INTO protein_expression VALUES ('0a54343f-3cc9-46f6-9dae-8f53d66c5b2c','d0823d83-e369-4fec-af0d-b9c5b767e266','ERBB2','P04626','IHC',-1.31,19.0,0,'pY1248');
INSERT INTO protein_expression VALUES ('3d6a4e19-4f82-4e2d-91c6-aad6a0339fce','d0823d83-e369-4fec-af0d-b9c5b767e266','MKI67','P46013','IHC',0.05,145.0,0,'NULL');
INSERT INTO epigenetic_mark VALUES ('4097af06-9a3b-4956-9a5b-61b8ef27695a','d0823d83-e369-4fec-af0d-b9c5b767e266','DNA_methylation','cg15629539',0.725,'1.399','ESR1','CpG_island',NULL);
INSERT INTO epigenetic_mark VALUES ('93be2f68-c930-4fec-96bd-573f3bf9cb56','d0823d83-e369-4fec-af0d-b9c5b767e266','DNA_methylation','cg27053763',0.017,'-5.854','BRCA1','promoter',NULL);
INSERT INTO epigenetic_mark VALUES ('0b833778-c7a2-448d-aaec-21bcb78a2102','d0823d83-e369-4fec-af0d-b9c5b767e266','H3K27ac','chr17:37800000-37850000',0.186,NULL,'ERBB2','enhancer','1.717');
INSERT INTO ncrna_profile VALUES ('2b17bba0-c1da-4740-b2fa-bcb460599034','d0823d83-e369-4fec-af0d-b9c5b767e266','miRNA','hsa-miR-21-5p','miR-21-5p',6.64,'["PTEN", "PDCD4"]');
INSERT INTO ncrna_profile VALUES ('fc99368a-626d-488d-9d27-8657a642135b','d0823d83-e369-4fec-af0d-b9c5b767e266','miRNA','hsa-miR-155-5p','miR-155-5p',6.42,'["SHIP1", "SOCS1"]');
INSERT INTO ncrna_profile VALUES ('ef2d4c4e-f72e-46d3-9924-fb66fb7778ca','d0823d83-e369-4fec-af0d-b9c5b767e266','lncRNA','ENSG00000228630','HOTAIR',1.09,'["SHIP1", "SOCS1"]');
INSERT INTO ncrna_profile VALUES ('b9021857-fc1c-411c-996d-0df0c22f09bc','d0823d83-e369-4fec-af0d-b9c5b767e266','lncRNA','ENSG00000251562','MALAT1',39.33,'["SHIP1", "SOCS1"]');
INSERT INTO metabolomics_profile VALUES ('be9c419e-0454-4b3f-856b-4926bc7a1620','d0823d83-e369-4fec-af0d-b9c5b767e266','Lactate','HMDB0000190','C00186',5.17,'LC-MS','organic_acid',2.11);
INSERT INTO metabolomics_profile VALUES ('7b0a66d7-4b72-43ca-b543-c532855c2462','d0823d83-e369-4fec-af0d-b9c5b767e266','Glutamine','HMDB0000641','C00064',0.27,'LC-MS','amino_acid',-1.15);
INSERT INTO metabolomics_profile VALUES ('51cfc865-c48c-41d8-9bbf-4cc33a5155a7','d0823d83-e369-4fec-af0d-b9c5b767e266','Glucose','HMDB0000122','C00031',4.4,'LC-MS','carbohydrate',1.6);
INSERT INTO metabolomics_profile VALUES ('a95b836b-244f-416d-bf88-fab35e7fee47','d0823d83-e369-4fec-af0d-b9c5b767e266','Phosphocholine','HMDB0001565','C00588',0.13,'LC-MS','lipid',-1.25);
INSERT INTO tumor_clone VALUES ('784af55c-4dfc-4539-be37-c8a32f24577f','d0823d83-e369-4fec-af0d-b9c5b767e266','clone_A',0.75,'[]',1,1,0.1493);
INSERT INTO tumor_clone VALUES ('51d8ee34-f598-4a73-972e-8e7116bf2d43','d0823d83-e369-4fec-af0d-b9c5b767e266','clone_B',0.25,'[]',0,2,0.0774);
INSERT INTO cell_cycle_state VALUES ('dbfa47b8-1555-4702-a7a3-edd43d1c78b8','d0823d83-e369-4fec-af0d-b9c5b767e266',0.571,0.194,0.099,0.136,51.7726,265.2,7.7);
INSERT INTO apoptosis_marker VALUES ('18d81791-4170-4848-b212-8a4500e9d589','d0823d83-e369-4fec-af0d-b9c5b767e266',50.0,122.6664,118.0,0.42,0.2181,4.9459,0.8351);
INSERT INTO dna_repair_status VALUES ('0309f0f2-8bc0-4394-a0ff-e69037701fa9','d0823d83-e369-4fec-af0d-b9c5b767e266','mutated_somatic','mutated_somatic','deficient_MMR',0.32,13.3,53.1,0,'wildtype');
INSERT INTO metabolic_phenotype VALUES ('e6aafd2c-1e74-4ee3-9649-2b3cf39d586a','d0823d83-e369-4fec-af0d-b9c5b767e266',0.624,75.4068,0.4808,0.2854,0.3395,1.2622,0.1953);
INSERT INTO stemness_profile VALUES ('11450761-7804-4f71-833c-2b21d421bf65','d0823d83-e369-4fec-af0d-b9c5b767e266',194.414,31.6221,38.8324,0.4642,0.619,0.528,0.6416,0.6882);
INSERT INTO drug_resistance_feature VALUES ('764447a8-fab0-4e34-9ca4-d00d4e5ce941','d0823d83-e369-4fec-af0d-b9c5b767e266',1.27,0.584,0.6572,1.2725,'[]',0.8621);
INSERT INTO immune_infiltration VALUES ('774cf532-c482-40f2-a885-4a452d45ec1f','d0823d83-e369-4fec-af0d-b9c5b767e266',21.2,11.3723,6.9726,4.3925,5.7276,10.4712,13.1975,5.5945,8.8602,'CIBERSORT');
INSERT INTO checkpoint_expression VALUES ('3a794135-02fc-4edc-89cf-3a0d8363c89e','d0823d83-e369-4fec-af0d-b9c5b767e266',29.5,53.1,6.3672,28.0274,6.0722,10.1982,2.1819,25.2363);
INSERT INTO cytokine_milieu VALUES ('04eead79-76d5-4dcc-8881-00f5f5f16fc2','d0823d83-e369-4fec-af0d-b9c5b767e266',23.2293,14.5587,13.5221,22.0576,16.5876,40.5,126.5019,31.6962);
INSERT INTO stromal_composition VALUES ('b13614ac-5da3-4c5c-87e2-146d105de4d5','d0823d83-e369-4fec-af0d-b9c5b767e266',0.1238,0.0667,0.1955,0.3895,3.7321,28.8694);
INSERT INTO ecm_profile VALUES ('13348bc7-c8b0-4c32-9096-bac2e45f0e2a','d0823d83-e369-4fec-af0d-b9c5b767e266',16.8611,6.6042,20.9101,0.2692,0.4289,0.4186,0.565);
INSERT INTO hypoxia_vasculature VALUES ('4433a16c-8dcd-42d7-bd55-a96dcc58ed60','d0823d83-e369-4fec-af0d-b9c5b767e266',2.2,1.2307,6.1,0.3631,93.0645,283.9092,42.813,17.8,6.61);
INSERT INTO organ_function VALUES ('c4bd166a-2cd3-42f3-b5cc-d170279af358','9b0cef6b-2b92-437b-b6e5-5e81b2de5c61','2023-11-19',74.3,1.2916,20.0306,22.2589,13.7337,31.7886,59.5,400.0275,1.1342);
INSERT INTO immune_baseline VALUES ('50b09963-e024-46f2-bac3-03827f6b0e49','9b0cef6b-2b92-437b-b6e5-5e81b2de5c61','2023-11-19',6.79,2.64,2.13,0.8068,533.2402,359.0223,212.9817,11.2233);
INSERT INTO hormonal_profile VALUES ('25a6f02e-b156-4f02-a523-d7ce17cf97fc','9b0cef6b-2b92-437b-b6e5-5e81b2de5c61','2023-11-19',165.4,0.92,361.0,53.779,26.7449,1.2313,2.9759);
INSERT INTO pharmacogenomics VALUES ('c578ef75-b9be-4856-9e35-f745d0b720f4','9b0cef6b-2b92-437b-b6e5-5e81b2de5c61','PM','NM','IM','*28/*28','low',1,'NM');
INSERT INTO body_composition VALUES ('dd0112c1-2245-45e1-a111-257d720e7613','9b0cef6b-2b92-437b-b6e5-5e81b2de5c61','2023-11-19',19.2,37.7,32.9824,94.4522,21.0129,1.6716);
INSERT INTO microbiome_profile VALUES ('7efc840b-bc2d-476c-bce6-17bdb5feb72b','9b0cef6b-2b92-437b-b6e5-5e81b2de5c61','2023-11-19','gut','16S_rRNA_V4',2.4027,2.018,0.072,'[{"genus": "Bacteroides", "rel": 0.277}, {"genus": "Faecalibacterium", "rel": 0.063}, {"genus": "Akkermansia", "rel": 0.072}]',0);
INSERT INTO tumor_staging VALUES ('c511db75-1195-40bf-b00f-1e6d7fb00bf0','9b0cef6b-2b92-437b-b6e5-5e81b2de5c61','2023-11-19','8500/3','C50.4','Invasive ductal carcinoma, triple negative','T3','N2','M0','IIIA',3,'right');
INSERT INTO imaging_measurement VALUES ('7615d805-674b-467c-9e9f-72e3f51bf9a6','9b0cef6b-2b92-437b-b6e5-5e81b2de5c61','2023-11-09','MRI','L1','primary_left_breast',19.9,4126.272,3.0058,'SD','{"entropy": 4.16, "sphericity": 0.78}');
INSERT INTO pathology_report VALUES ('15c6cfae-c969-4a27-99fe-c62dbf0316d4','9b0cef6b-2b92-437b-b6e5-5e81b2de5c61','2023-11-19','core_needle_biopsy','R0',4,18,0,0,28.7396);
INSERT INTO performance_status VALUES ('ae293149-c098-4ecd-a6b8-50192fffedb1','9b0cef6b-2b92-437b-b6e5-5e81b2de5c61','2023-11-19',0,77,2,34.8473);
INSERT INTO liquid_biopsy VALUES ('3c5c1f29-f854-4e7d-a24e-25e69c169179','9b0cef6b-2b92-437b-b6e5-5e81b2de5c61','2023-11-19',0.0514,23.13,6,'[]','detected',8.9698);
INSERT INTO treatment_regimen VALUES ('cea977a8-4051-4fbb-88fb-f937609fb11e','9b0cef6b-2b92-437b-b6e5-5e81b2de5c61',1,'AC-T','neoadjuvant','2023-12-22','2024-10-19','planned_completion','PR',672);
INSERT INTO treatment_drug_dose VALUES ('fcacd570-c857-4e56-a928-808d8762600c','cea977a8-4051-4fbb-88fb-f937609fb11e','8ed4a385-e60c-4c06-9827-b17fc4f5be7e','2023-12-22',73.0,72.0,1.4,'IV',1,2.5369);
INSERT INTO adverse_event VALUES ('81b9bd4a-26b6-424a-bbf2-00315fe82a2d','9b0cef6b-2b92-437b-b6e5-5e81b2de5c61','cea977a8-4051-4fbb-88fb-f937609fb11e','Arthralgia',2,'2024-01-29','2024-02-12','probable','none');
INSERT INTO adverse_event VALUES ('db29615d-fa5b-46ab-8176-27bf52d46e27','9b0cef6b-2b92-437b-b6e5-5e81b2de5c61','cea977a8-4051-4fbb-88fb-f937609fb11e','Neutropenia',2,'2024-01-20','2024-02-16','probable','none');
INSERT INTO adverse_event VALUES ('a3c08054-c41b-4f28-bcc4-27e06aac2548','9b0cef6b-2b92-437b-b6e5-5e81b2de5c61','cea977a8-4051-4fbb-88fb-f937609fb11e','Peripheral sensory neuropathy',1,'2024-01-12','2024-02-13','probable','none');
INSERT INTO radiation_plan VALUES ('33285781-28e2-4d0a-8415-01660a6a18fa','9b0cef6b-2b92-437b-b6e5-5e81b2de5c61','photon_EBRT','CTV',49.0158,2.0,25,5,'IMRT',NULL,'{"heart": {"V20Gy_pct": "<25"}, "lung": {"mean_Gy": "<18"}}');
INSERT INTO carcinogen_exposure VALUES ('0c582c47-a3dd-4254-aa44-2fcc7e6cd862','9b0cef6b-2b92-437b-b6e5-5e81b2de5c61','current',28.7164,0.0,13.2704,34.8696,'[]',0.0,0);
INSERT INTO diet_nutrition VALUES ('2ca9ee8b-71e5-49d2-83b9-bcd000f8ba99','9b0cef6b-2b92-437b-b6e5-5e81b2de5c61','2023-11-19','FFQ',2068.5543,70.1439,229.0974,106.2821,15.5142,72.3879,10.0148,16.061,'Western');
INSERT INTO physical_activity VALUES ('a22b2600-0fd0-4bb6-babc-9e67531a378c','9b0cef6b-2b92-437b-b6e5-5e81b2de5c61','2023-11-19',395.6039,160.8749,38.0494,10.8236,26.7025,9728,22.0697);
INSERT INTO stress_psychology VALUES ('74657f0b-2d08-406e-8f98-94b41e6e3a52','9b0cef6b-2b92-437b-b6e5-5e81b2de5c61','2023-11-19',24,7,11,35.4956,223.82,6.5079,12);
INSERT INTO environmental_exposure VALUES ('c5b859b7-1ce6-44de-afa6-3b1adeaf0dc9','9b0cef6b-2b92-437b-b6e5-5e81b2de5c61','2023-11-19',20.0905,28.4418,40.0184,'negative',NULL,'negative','negative',6.2373,'naive');
INSERT INTO socioeconomic_context VALUES ('f1f080bb-7fdf-45b9-875b-6d8673d90ed7','9b0cef6b-2b92-437b-b6e5-5e81b2de5c61','2023-11-19',63.5214,'private',0.7554,0.6405,53.0509,'retired',43.5878,15);
INSERT INTO circadian_profile VALUES ('769bce1d-4745-4e95-9bf3-7a60b31e31c5','9b0cef6b-2b92-437b-b6e5-5e81b2de5c61','2023-11-19','evening',84.3422,22.4934,'22:13',699.4085,0,13);

-- Patient 41: HR+ metastatic
INSERT INTO patient VALUES ('cfb4d8c0-6a05-44c0-a756-870d6d1ef019','MRN-1984441','1955-04-16','female','Hispanic or Latino','{"EUR": 0.37, "AFR": 0.06}','2021-04-03','2021-04-03');
INSERT INTO genomic_sample VALUES ('8224919c-e6b6-46dd-84ea-afdce6b41941','cfb4d8c0-6a05-44c0-a756-870d6d1ef019','tumor','C50.4','2021-04-11','Illumina NovaSeq 6000 WGS',0.66,0,'FFPE');
INSERT INTO somatic_mutation VALUES ('472ab4d2-66a6-4c60-8a98-bcbe43cff86b','8224919c-e6b6-46dd-84ea-afdce6b41941','PTEN','chr10',89692905,'G','A','SNV','missense_variant','p.Arg130Gly',0.324,101,'oncogenic','COSV52731827','1','SBS5');
INSERT INTO somatic_mutation VALUES ('5922597c-0efb-49d5-9887-2c99117a4b7a','8224919c-e6b6-46dd-84ea-afdce6b41941','BRCA1','chr17',43094464,'T','A','SNV','missense_variant','p.Cys1697Ser',0.4281,197,'pathogenic','COSV52701256','1','SBS3');
INSERT INTO somatic_mutation VALUES ('ece51dad-76e4-4185-8994-ef82779dc704','8224919c-e6b6-46dd-84ea-afdce6b41941','BRCA2','chr13',32338709,'A','T','SNV','stop_gained','p.Lys1690Ter',0.4624,206,'pathogenic','COSV52712043','1','SBS3');
INSERT INTO copy_number_variant VALUES ('06495812-bab5-4864-80e0-ca22f742d459','8224919c-e6b6-46dd-84ea-afdce6b41941','MYC','chr8',127700000,127800000,5.5,0.65,'neutral',0);
INSERT INTO copy_number_variant VALUES ('74921570-d392-4faf-9dab-83eae86f2dfb','8224919c-e6b6-46dd-84ea-afdce6b41941','CDKN2A','chr9',21967000,21995000,0.7,-2.73,'shallow_deletion',0);
INSERT INTO gene_expression VALUES ('1cabc8d9-dbd2-4377-b39f-9c58dc9c304a','8224919c-e6b6-46dd-84ea-afdce6b41941','ENSG00000091831','ESR1',901.63,90.16,2254,8.68,99.0);
INSERT INTO gene_expression VALUES ('3c91338e-bcfe-49c8-baa2-0078979ee633','8224919c-e6b6-46dd-84ea-afdce6b41941','ENSG00000141736','ERBB2',5.0,0.5,12,-1.28,30.8);
INSERT INTO gene_expression VALUES ('b170bc95-46e1-41c1-a89e-cc1da9bea1a4','8224919c-e6b6-46dd-84ea-afdce6b41941','ENSG00000148773','MKI67',177.9,17.79,445,0.64,59.6);
INSERT INTO gene_expression VALUES ('0f61e6d0-7f29-4e6c-a0bb-7712f41bd19a','8224919c-e6b6-46dd-84ea-afdce6b41941','ENSG00000141510','TP53',50.76,5.14,430,-0.77,38.5);
INSERT INTO gene_expression VALUES ('420e0aea-9791-4a28-a253-9436df94d38d','8224919c-e6b6-46dd-84ea-afdce6b41941','ENSG00000012048','BRCA1',37.1,7.04,117,-0.92,36.2);
INSERT INTO gene_expression VALUES ('3a109125-a26d-445c-8309-6099a0121a37','8224919c-e6b6-46dd-84ea-afdce6b41941','ENSG00000139618','BRCA2',16.73,8.28,240,-1.15,32.8);
INSERT INTO gene_expression VALUES ('474f9083-ed9f-414b-acca-1d90890ade7d','8224919c-e6b6-46dd-84ea-afdce6b41941','ENSG00000171862','PTEN',87.68,6.51,379,-0.36,44.6);
INSERT INTO gene_expression VALUES ('010f0977-bd6e-4145-ab9b-4b3d467db049','8224919c-e6b6-46dd-84ea-afdce6b41941','ENSG00000136997','MYC',131.82,5.84,103,0.13,52.0);
INSERT INTO protein_expression VALUES ('1972fc94-c331-4278-a468-d97c02fca81e','8224919c-e6b6-46dd-84ea-afdce6b41941','ESR1','P03372','IHC',0.59,209.0,5,'NULL');
INSERT INTO protein_expression VALUES ('aa98b793-be7e-4a37-a58b-728a47517f63','8224919c-e6b6-46dd-84ea-afdce6b41941','PGR','P06401','IHC',0.16,166.0,4,'NULL');
INSERT INTO protein_expression VALUES ('2a89b9b6-cad2-428d-ba6d-f884d1c62203','8224919c-e6b6-46dd-84ea-afdce6b41941','ERBB2','P04626','IHC',-0.99,51.0,1,'pY1248');
INSERT INTO protein_expression VALUES ('12d8141c-e69c-42cb-8bf8-c4213874ba9f','8224919c-e6b6-46dd-84ea-afdce6b41941','MKI67','P46013','IHC',-0.66,79.0,0,'NULL');
INSERT INTO epigenetic_mark VALUES ('2d3861a5-ce48-4173-abf1-4f14b54f6e53','8224919c-e6b6-46dd-84ea-afdce6b41941','DNA_methylation','cg15629539',0.187,'-2.12','ESR1','CpG_island',NULL);
INSERT INTO epigenetic_mark VALUES ('f051b592-e29c-437f-81d7-0b8db3553a80','8224919c-e6b6-46dd-84ea-afdce6b41941','DNA_methylation','cg27053763',0.274,'-1.406','BRCA1','promoter',NULL);
INSERT INTO epigenetic_mark VALUES ('8e916a88-fb32-4f87-a4b3-28dbd0699d7a','8224919c-e6b6-46dd-84ea-afdce6b41941','H3K27ac','chr17:37800000-37850000',0.196,NULL,'ERBB2','enhancer','0.41');
INSERT INTO ncrna_profile VALUES ('94fcc072-97e1-40f6-a738-a62ae77a623d','8224919c-e6b6-46dd-84ea-afdce6b41941','miRNA','hsa-miR-21-5p','miR-21-5p',2.14,'["PTEN", "PDCD4"]');
INSERT INTO ncrna_profile VALUES ('7052d66e-4b64-4fbb-b517-ba3da16c0f25','8224919c-e6b6-46dd-84ea-afdce6b41941','miRNA','hsa-miR-155-5p','miR-155-5p',5.65,'["SHIP1", "SOCS1"]');
INSERT INTO ncrna_profile VALUES ('d07d71c1-27a4-40e7-ba74-2a89bd93be02','8224919c-e6b6-46dd-84ea-afdce6b41941','lncRNA','ENSG00000228630','HOTAIR',2.2,'["SHIP1", "SOCS1"]');
INSERT INTO ncrna_profile VALUES ('237154ae-f5f1-47bf-acde-46aee96238e3','8224919c-e6b6-46dd-84ea-afdce6b41941','lncRNA','ENSG00000251562','MALAT1',50.58,'["SHIP1", "SOCS1"]');
INSERT INTO metabolomics_profile VALUES ('ea2d8871-3c7d-4d62-ba92-e99ef961b8a9','8224919c-e6b6-46dd-84ea-afdce6b41941','Lactate','HMDB0000190','C00186',1.63,'LC-MS','organic_acid',-0.25);
INSERT INTO metabolomics_profile VALUES ('fcec9c76-5c0a-449f-8aa7-faebcaaf4b11','8224919c-e6b6-46dd-84ea-afdce6b41941','Glutamine','HMDB0000641','C00064',0.6,'LC-MS','amino_acid',-0.93);
INSERT INTO metabolomics_profile VALUES ('c68d7548-e158-4d7c-a516-69acde05dd4b','8224919c-e6b6-46dd-84ea-afdce6b41941','Glucose','HMDB0000122','C00031',4.51,'LC-MS','carbohydrate',1.67);
INSERT INTO metabolomics_profile VALUES ('2b7cc093-ee8d-4322-a028-8c59531b79d3','8224919c-e6b6-46dd-84ea-afdce6b41941','Phosphocholine','HMDB0001565','C00588',0.18,'LC-MS','lipid',-1.21);
INSERT INTO tumor_clone VALUES ('33c8eafd-01f2-4955-8e0c-59af3dec5701','8224919c-e6b6-46dd-84ea-afdce6b41941','clone_A',0.88,'[]',1,1,0.1458);
INSERT INTO tumor_clone VALUES ('e8861319-9ee0-4964-8c3b-bbd9ab725ff4','8224919c-e6b6-46dd-84ea-afdce6b41941','clone_B',0.12,'[]',0,2,0.1447);
INSERT INTO cell_cycle_state VALUES ('7ea0eb68-4253-40b3-ba5d-4d21bbcfcd77','8224919c-e6b6-46dd-84ea-afdce6b41941',0.753,0.115,0.066,0.066,28.0823,480.0,3.3);
INSERT INTO apoptosis_marker VALUES ('5ab43d66-8abd-4259-9e82-fb0ab5ce6e57','8224919c-e6b6-46dd-84ea-afdce6b41941',185.0,95.7432,63.0,2.94,0.1856,4.0858,0.9552);
INSERT INTO dna_repair_status VALUES ('8863b711-ed19-4469-aa1a-578862b35e15','8224919c-e6b6-46dd-84ea-afdce6b41941','mutated_somatic','mutated_somatic','proficient_MMR',0.04,4.0,24.3,0,'wildtype');
INSERT INTO metabolic_phenotype VALUES ('d7b32b91-1ae1-45bf-a4fc-da55cb39ce28','8224919c-e6b6-46dd-84ea-afdce6b41941',0.344,80.4152,0.4505,0.3227,0.3078,1.2778,0.684);
INSERT INTO stemness_profile VALUES ('8120de86-7c6f-46fe-b542-427185fd4382','8224919c-e6b6-46dd-84ea-afdce6b41941',17.1105,28.0465,12.2205,0.0382,0.41,0.156,0.4728,0.2207);
INSERT INTO drug_resistance_feature VALUES ('b038cd40-868a-4a55-a1a2-7203d35f737c','8224919c-e6b6-46dd-84ea-afdce6b41941',0.76,0.5484,0.2493,0.8638,'[]',0.3418);
INSERT INTO immune_infiltration VALUES ('5ee77318-e7ad-4794-bb64-736388202316','8224919c-e6b6-46dd-84ea-afdce6b41941',9.6,11.2612,4.655,5.5521,2.1392,7.3384,12.8031,0.6375,5.9239,'CIBERSORT');
INSERT INTO checkpoint_expression VALUES ('fa95ef90-3f38-4503-94fd-d7d3b738feb1','8224919c-e6b6-46dd-84ea-afdce6b41941',36.7,66.06,8.5423,15.5772,12.4752,7.9802,8.8092,34.556);
INSERT INTO cytokine_milieu VALUES ('2615450c-11e1-4be5-96d2-495a0019fa5e','8224919c-e6b6-46dd-84ea-afdce6b41941',47.0965,19.8659,12.0909,10.7826,18.2546,8.6,19.152,86.6211);
INSERT INTO stromal_composition VALUES ('a0ec76fe-feda-4e2d-8268-782dae2c9865','8224919c-e6b6-46dd-84ea-afdce6b41941',0.3459,0.0578,0.14,0.3835,4.4759,27.6587);
INSERT INTO ecm_profile VALUES ('b4557272-c9d8-4a9a-bada-31c85379ecd3','8224919c-e6b6-46dd-84ea-afdce6b41941',14.322,6.3693,14.6229,0.7329,0.3134,0.5077,0.3744);
INSERT INTO hypoxia_vasculature VALUES ('506840ab-e8ef-408f-80bf-b012c9c91ba1','8224919c-e6b6-46dd-84ea-afdce6b41941',1.39,0.1,9.7,0.1448,109.6388,146.1389,97.6379,10.4,7.21);
INSERT INTO organ_function VALUES ('91764f54-fcab-464b-b1fa-eeddf3ce46ee','cfb4d8c0-6a05-44c0-a756-870d6d1ef019','2021-04-03',48.4,0.9808,40.3386,19.6154,15.2527,43.4404,69.3,394.4728,1.0614);
INSERT INTO immune_baseline VALUES ('205649e8-8818-4de1-bb95-7d79d876071b','cfb4d8c0-6a05-44c0-a756-870d6d1ef019','2021-04-03',8.07,2.41,4.33,1.7967,549.4655,361.9846,229.1267,11.1811);
INSERT INTO hormonal_profile VALUES ('3ee1b7fd-7b6c-4f74-a4cd-7d06bd69928d','cfb4d8c0-6a05-44c0-a756-870d6d1ef019','2021-04-03',26.5,0.83,483.0,62.4525,16.9605,1.0139,3.3538);
INSERT INTO pharmacogenomics VALUES ('f1fd4d0b-0f14-4b46-aac1-5497f6562647','cfb4d8c0-6a05-44c0-a756-870d6d1ef019','NM','NM','NM','*1/*1','normal',0,'NM');
INSERT INTO body_composition VALUES ('247ba263-2ddb-436e-9ebf-0f3197821e32','cfb4d8c0-6a05-44c0-a756-870d6d1ef019','2021-04-03',24.5,56.9,20.4335,96.7017,29.1836,1.7223);
INSERT INTO microbiome_profile VALUES ('52d308c3-eb72-4132-a546-c243fddf1a2c','cfb4d8c0-6a05-44c0-a756-870d6d1ef019','2021-04-03','gut','16S_rRNA_V4',3.4786,2.3105,0.0,'[{"genus": "Bacteroides", "rel": 0.191}, {"genus": "Faecalibacterium", "rel": 0.139}, {"genus": "Akkermansia", "rel": 0.0}]',0);
INSERT INTO tumor_staging VALUES ('bc5f5c92-3f75-4308-8bc7-1419df9d30bf','cfb4d8c0-6a05-44c0-a756-870d6d1ef019','2021-04-03','8500/3','C50.4','Invasive ductal carcinoma','T4','N3','M1','IV',3,'right');
INSERT INTO imaging_measurement VALUES ('c0aa5e37-1e22-4b73-ba9c-9ebd58dce2d2','cfb4d8c0-6a05-44c0-a756-870d6d1ef019','2021-03-05','MRI','L1','primary_left_breast',17.1,2618.1044,2.1815,'SD','{"entropy": 5.53, "sphericity": 0.73}');
INSERT INTO pathology_report VALUES ('9e8c8df8-4bf2-44bc-9514-f8cb215cc3af','cfb4d8c0-6a05-44c0-a756-870d6d1ef019','2021-04-03','core_needle_biopsy','R0',8,14,0,1,6.4321);
INSERT INTO performance_status VALUES ('eee48905-2623-4eca-8855-82ddec06d57c','cfb4d8c0-6a05-44c0-a756-870d6d1ef019','2021-04-03',2,89,1,42.1634);
INSERT INTO liquid_biopsy VALUES ('0f73f80a-724b-4ae7-b903-d929443f4d0a','cfb4d8c0-6a05-44c0-a756-870d6d1ef019','2021-04-03',0.1153,51.885,0,'[]','detected',14.6708);
INSERT INTO treatment_regimen VALUES ('63535326-3bb0-48b6-b5ee-57f0d8c2ce26','cfb4d8c0-6a05-44c0-a756-870d6d1ef019',1,'Palbociclib+Let','palliative','2021-04-27','2021-10-03','planned_completion','PR',233);
INSERT INTO treatment_drug_dose VALUES ('ef73cfb1-35b4-4c28-9164-acd30c853e0d','63535326-3bb0-48b6-b5ee-57f0d8c2ce26','14234f22-ddb9-4e92-883c-bd55730bb629','2021-04-27',87.0,87.0,0.0,'IV',1,0.9961);
INSERT INTO adverse_event VALUES ('3a18de5d-6d13-4f9d-b36e-183f1ac58296','cfb4d8c0-6a05-44c0-a756-870d6d1ef019','63535326-3bb0-48b6-b5ee-57f0d8c2ce26','Nausea',1,'2021-06-23','2021-07-24','probable','none');
INSERT INTO adverse_event VALUES ('2b37286f-6bc7-42ae-abac-3413d55ef1d2','cfb4d8c0-6a05-44c0-a756-870d6d1ef019','63535326-3bb0-48b6-b5ee-57f0d8c2ce26','Diarrhoea',1,'2021-07-03','2021-09-01','probable','none');
INSERT INTO adverse_event VALUES ('ab60b59f-ee6f-4931-995d-49e22fd12165','cfb4d8c0-6a05-44c0-a756-870d6d1ef019','63535326-3bb0-48b6-b5ee-57f0d8c2ce26','Hand-foot syndrome',1,'2021-07-09','2021-07-21','probable','none');
INSERT INTO carcinogen_exposure VALUES ('b15d79b6-6e34-4730-a331-e7be7d034b06','cfb4d8c0-6a05-44c0-a756-870d6d1ef019','current',23.1029,10.4601,5.0,115.5164,'[]',0.0,0);
INSERT INTO diet_nutrition VALUES ('6c0826d0-2c0e-4ad7-bfda-0c60bea05741','cfb4d8c0-6a05-44c0-a756-870d6d1ef019','2021-04-03','FFQ',1616.467,61.0956,126.3951,52.5993,19.4167,64.2153,0.2951,2.0044,'Western');
INSERT INTO physical_activity VALUES ('b3afdbef-8082-4a6f-9ea7-f4e77cdae29e','cfb4d8c0-6a05-44c0-a756-870d6d1ef019','2021-04-03',496.2895,172.5888,324.3037,10.3103,18.524,4889,33.191);
INSERT INTO stress_psychology VALUES ('6a8fd1db-7104-4818-958d-a546076f1f77','cfb4d8c0-6a05-44c0-a756-870d6d1ef019','2021-04-03',8,3,9,38.2623,299.46,4.9996,17);
INSERT INTO environmental_exposure VALUES ('27cd93d1-5f02-47bf-9adf-4fca0072d272','cfb4d8c0-6a05-44c0-a756-870d6d1ef019','2021-04-03',15.9598,17.8486,40.3885,'negative',NULL,'negative','negative',9.7141,'naive');
INSERT INTO socioeconomic_context VALUES ('9bc882f6-5555-4270-87e4-be547b4e585a','cfb4d8c0-6a05-44c0-a756-870d6d1ef019','2021-04-03',28.2355,'public_Medicare',0.6372,0.8031,63.051,'employed_full_time',32.3635,14);
INSERT INTO circadian_profile VALUES ('449a1ec2-97d7-4cc0-a85f-e6f925433c91','cfb4d8c0-6a05-44c0-a756-870d6d1ef019','2021-04-03','evening',80.7011,20.8119,'22:44',831.179,0,11);

-- Patient 42: TNBC
INSERT INTO patient VALUES ('21159607-c022-489a-b979-7365f7a0f23a','MRN-7679636','1970-09-01','female','Hispanic or Latino','{"EUR": 0.49, "AFR": 0.14}','2018-05-05','2018-05-05');
INSERT INTO genomic_sample VALUES ('e9500cd4-96fb-46fb-b10e-3bab59dcb7cb','21159607-c022-489a-b979-7365f7a0f23a','tumor','C50.4','2018-05-26','Guardant360',0.41,0,'FFPE');
INSERT INTO somatic_mutation VALUES ('33fe6cf6-602d-4e50-87b1-72bdc27408b5','e9500cd4-96fb-46fb-b10e-3bab59dcb7cb','TP53','chr17',7674220,'G','A','SNV','missense_variant','p.Arg248Trp',0.378,170,'oncogenic','COSV52743007','1','SBS5');
INSERT INTO somatic_mutation VALUES ('0a2346fd-03ea-48ca-b18c-7351cb8dcea4','e9500cd4-96fb-46fb-b10e-3bab59dcb7cb','ERBB2','chr17',39725084,'A','G','SNV','missense_variant','p.Leu755Ser',0.2182,147,'oncogenic','COSV52735019','1','SBS5');
INSERT INTO somatic_mutation VALUES ('fb03943d-d327-4843-95f9-6425f94cfff4','e9500cd4-96fb-46fb-b10e-3bab59dcb7cb','CCND1','chr11',69465258,'G','T','SNV','missense_variant','p.Pro241Leu',0.3387,141,'oncogenic','COSV52718943','3A','SBS1');
INSERT INTO copy_number_variant VALUES ('8a4db61c-92c1-44e7-8c30-3b601e5a5585','e9500cd4-96fb-46fb-b10e-3bab59dcb7cb','PTEN','chr10',89600000,89900000,0.5,-1.57,'deep_deletion',1);
INSERT INTO copy_number_variant VALUES ('a28fcc69-3ed9-4e2f-ab19-d53ead534a07','e9500cd4-96fb-46fb-b10e-3bab59dcb7cb','MYC','chr8',127700000,127800000,6.1,0.37,'amplification',0);
INSERT INTO copy_number_variant VALUES ('6d8f74f7-5312-44c5-a954-7ba5c85d182d','e9500cd4-96fb-46fb-b10e-3bab59dcb7cb','CDKN2A','chr9',21967000,21995000,0.2,-1.87,'shallow_deletion',0);
INSERT INTO gene_expression VALUES ('e56d1106-926d-4f41-8b5b-3d955f2ecf88','e9500cd4-96fb-46fb-b10e-3bab59dcb7cb','ENSG00000091831','ESR1',1.0,0.1,2,-1.32,30.2);
INSERT INTO gene_expression VALUES ('6d9c0a1d-7f03-4952-9700-dca64b043f5f','e9500cd4-96fb-46fb-b10e-3bab59dcb7cb','ENSG00000141736','ERBB2',161.47,16.15,404,0.46,56.9);
INSERT INTO gene_expression VALUES ('52481036-4f57-4c80-aaf3-fd5cab27e2f8','e9500cd4-96fb-46fb-b10e-3bab59dcb7cb','ENSG00000148773','MKI67',686.23,68.62,1716,6.29,99.0);
INSERT INTO gene_expression VALUES ('817a0d18-3b77-471c-aa45-52a2c0d5dc83','e9500cd4-96fb-46fb-b10e-3bab59dcb7cb','ENSG00000141510','TP53',34.14,9.22,350,-0.95,35.8);
INSERT INTO gene_expression VALUES ('74f6bda3-07bb-48bb-97f8-c89f31a4848b','e9500cd4-96fb-46fb-b10e-3bab59dcb7cb','ENSG00000012048','BRCA1',37.87,2.57,47,-0.91,36.4);
INSERT INTO gene_expression VALUES ('69322e97-ab88-45bd-b43b-0340de544f61','e9500cd4-96fb-46fb-b10e-3bab59dcb7cb','ENSG00000139618','BRCA2',70.64,4.16,381,-0.55,41.8);
INSERT INTO gene_expression VALUES ('00a2da0f-4b48-4bf5-bb19-4e9dfd74b1a4','e9500cd4-96fb-46fb-b10e-3bab59dcb7cb','ENSG00000171862','PTEN',56.45,4.3,573,-0.71,39.4);
INSERT INTO gene_expression VALUES ('df56917d-b9a7-4fb7-ba4b-fc2bf55155ba','e9500cd4-96fb-46fb-b10e-3bab59dcb7cb','ENSG00000136997','MYC',97.86,6.96,256,-0.25,46.2);
INSERT INTO protein_expression VALUES ('200871de-8012-40fc-9544-7584af198ebc','e9500cd4-96fb-46fb-b10e-3bab59dcb7cb','ESR1','P03372','IHC',-1.5,0.0,0,'NULL');
INSERT INTO protein_expression VALUES ('2a10ab35-9353-4c2d-ac6f-6b47544372c7','e9500cd4-96fb-46fb-b10e-3bab59dcb7cb','PGR','P06401','IHC',-1.33,17.0,0,'NULL');
INSERT INTO protein_expression VALUES ('52e2e91e-a5ab-4a87-8426-e7a9dab2c7ab','e9500cd4-96fb-46fb-b10e-3bab59dcb7cb','ERBB2','P04626','IHC',-1.19,31.0,1,'pY1248');
INSERT INTO protein_expression VALUES ('1ddd033b-0a7a-40f6-9f05-aa81ef28ce42','e9500cd4-96fb-46fb-b10e-3bab59dcb7cb','MKI67','P46013','IHC',1.26,258.0,0,'NULL');
INSERT INTO epigenetic_mark VALUES ('c547424b-96f1-462c-affe-28f62beb917a','e9500cd4-96fb-46fb-b10e-3bab59dcb7cb','DNA_methylation','cg15629539',0.706,'1.264','ESR1','CpG_island',NULL);
INSERT INTO epigenetic_mark VALUES ('48412f12-ffba-45d7-98ea-7446955100aa','e9500cd4-96fb-46fb-b10e-3bab59dcb7cb','DNA_methylation','cg27053763',0.212,'-1.894','BRCA1','promoter',NULL);
INSERT INTO epigenetic_mark VALUES ('4257df1b-ecd5-4cc7-a006-69e64af907a8','e9500cd4-96fb-46fb-b10e-3bab59dcb7cb','H3K27ac','chr17:37800000-37850000',0.255,NULL,'ERBB2','enhancer','2.274');
INSERT INTO ncrna_profile VALUES ('84a4212c-5edf-499a-bca8-4065d8c9a7b6','e9500cd4-96fb-46fb-b10e-3bab59dcb7cb','miRNA','hsa-miR-21-5p','miR-21-5p',8.1,'["PTEN", "PDCD4"]');
INSERT INTO ncrna_profile VALUES ('32d25198-2eb5-43b2-9041-48c81a155f94','e9500cd4-96fb-46fb-b10e-3bab59dcb7cb','miRNA','hsa-miR-155-5p','miR-155-5p',4.85,'["SHIP1", "SOCS1"]');
INSERT INTO ncrna_profile VALUES ('704c6d77-6f06-4819-8ea2-d97ee649640d','e9500cd4-96fb-46fb-b10e-3bab59dcb7cb','lncRNA','ENSG00000228630','HOTAIR',2.03,'["SHIP1", "SOCS1"]');
INSERT INTO ncrna_profile VALUES ('78a8fa69-d4f7-4a39-af12-e2436e05a03c','e9500cd4-96fb-46fb-b10e-3bab59dcb7cb','lncRNA','ENSG00000251562','MALAT1',36.75,'["SHIP1", "SOCS1"]');
INSERT INTO metabolomics_profile VALUES ('93359102-25f1-4ba4-a18e-e57a38c06e35','e9500cd4-96fb-46fb-b10e-3bab59dcb7cb','Lactate','HMDB0000190','C00186',4.67,'LC-MS','organic_acid',1.78);
INSERT INTO metabolomics_profile VALUES ('1c6f4d15-c0cd-4645-8de9-f71521512276','e9500cd4-96fb-46fb-b10e-3bab59dcb7cb','Glutamine','HMDB0000641','C00064',0.37,'LC-MS','amino_acid',-1.09);
INSERT INTO metabolomics_profile VALUES ('ffc985fa-518c-4568-81b3-e2081d0708be','e9500cd4-96fb-46fb-b10e-3bab59dcb7cb','Glucose','HMDB0000122','C00031',4.37,'LC-MS','carbohydrate',1.58);
INSERT INTO metabolomics_profile VALUES ('b6522464-d8c5-4b64-a568-a3dafc251f78','e9500cd4-96fb-46fb-b10e-3bab59dcb7cb','Phosphocholine','HMDB0001565','C00588',0.15,'LC-MS','lipid',-1.23);
INSERT INTO tumor_clone VALUES ('2feebd40-c180-4530-b4c6-27d9910e29e0','e9500cd4-96fb-46fb-b10e-3bab59dcb7cb','clone_A',0.73,'[]',1,1,0.2317);
INSERT INTO tumor_clone VALUES ('a1d0ad13-0da7-4a3d-be9b-1b37e77ae561','e9500cd4-96fb-46fb-b10e-3bab59dcb7cb','clone_B',0.27,'[]',0,2,0.1149);
INSERT INTO cell_cycle_state VALUES ('8af04072-f6e3-49e3-808d-6f4ca5319681','e9500cd4-96fb-46fb-b10e-3bab59dcb7cb',0.046,0.453,0.298,0.203,91.9934,162.3,11.8);
INSERT INTO apoptosis_marker VALUES ('ffea0987-1c12-41b6-9197-4678b3e87f76','e9500cd4-96fb-46fb-b10e-3bab59dcb7cb',36.0,118.7603,83.0,0.43,0.1703,3.0141,1.7243);
INSERT INTO dna_repair_status VALUES ('3fb1dc14-594e-411d-9772-76f3e1ecc751','e9500cd4-96fb-46fb-b10e-3bab59dcb7cb','wildtype','wildtype','deficient_MMR',0.32,7.7,61.4,0,'wildtype');
INSERT INTO metabolic_phenotype VALUES ('68cba6a8-54f4-4b63-8f2f-b6ec1cf73d04','e9500cd4-96fb-46fb-b10e-3bab59dcb7cb',0.675,89.0044,0.5794,0.3595,0.3898,1.2883,0.4672);
INSERT INTO stemness_profile VALUES ('68c69fef-598a-4218-9f42-e224bc88d979','e9500cd4-96fb-46fb-b10e-3bab59dcb7cb',193.939,34.9946,23.6917,0.4988,0.614,0.692,0.7788,0.7733);
INSERT INTO drug_resistance_feature VALUES ('f0120e76-dedd-4b4a-bf9a-9f0b3bcafc01','e9500cd4-96fb-46fb-b10e-3bab59dcb7cb',1.31,0.5681,0.3626,0.945,'[]',0.5293);
INSERT INTO immune_infiltration VALUES ('bfe7f604-1724-4178-984c-5585b9a4b44f','e9500cd4-96fb-46fb-b10e-3bab59dcb7cb',11.1,13.5232,12.5275,2.912,9.7426,9.5864,10.7336,3.4476,3.6248,'CIBERSORT');
INSERT INTO checkpoint_expression VALUES ('1caf565a-d8d3-490b-a81b-a0ef59394631','e9500cd4-96fb-46fb-b10e-3bab59dcb7cb',79.7,143.46,10.566,7.2042,17.8019,13.7209,8.8262,39.2147);
INSERT INTO cytokine_milieu VALUES ('ab5b4cd6-44f2-4db4-adab-994837767feb','e9500cd4-96fb-46fb-b10e-3bab59dcb7cb',32.8535,12.4859,6.9504,17.6901,23.0921,38.5,50.4693,62.916);
INSERT INTO stromal_composition VALUES ('73fd3c03-08ec-4d7a-922f-189069904ea2','e9500cd4-96fb-46fb-b10e-3bab59dcb7cb',0.3431,0.0733,0.1145,0.329,2.1251,28.6866);
INSERT INTO ecm_profile VALUES ('c9b1f7f5-3579-46c9-b4b7-fd362578e010','e9500cd4-96fb-46fb-b10e-3bab59dcb7cb',11.6313,5.6151,25.4234,0.4087,0.3358,0.6816,0.3667);
INSERT INTO hypoxia_vasculature VALUES ('1a78fe15-de76-48f6-b43f-643cc24ee4dd','e9500cd4-96fb-46fb-b10e-3bab59dcb7cb',1.55,2.041,5.4,0.4398,53.4707,197.7007,74.6159,13.3,6.92);
INSERT INTO organ_function VALUES ('95f9e69f-4f58-44fc-a04d-c3ce97662257','21159607-c022-489a-b979-7365f7a0f23a','2018-05-05',79.8,1.3576,16.7281,15.5559,14.5971,36.5334,63.9,396.2986,1.2112);
INSERT INTO immune_baseline VALUES ('e5b05d0d-5067-41f8-81aa-5e99c0ad6c80','21159607-c022-489a-b979-7365f7a0f23a','2018-05-05',6.53,1.91,1.63,0.8534,424.6722,375.8864,309.9112,6.1204);
INSERT INTO hormonal_profile VALUES ('1fff45c7-7cd7-4655-bd55-031be155cf7a','21159607-c022-489a-b979-7365f7a0f23a','2018-05-05',174.1,0.63,240.0,64.8825,27.8068,0.7444,8.17);
INSERT INTO pharmacogenomics VALUES ('1f69e5fa-2aa6-42bf-bd24-98ab6b4f35c3','21159607-c022-489a-b979-7365f7a0f23a','NM','UM','NM','*1/*1','normal',0,'NM');
INSERT INTO body_composition VALUES ('6e93816c-6741-45dc-a5dd-3a1856778a1b','21159607-c022-489a-b979-7365f7a0f23a','2018-05-05',25.5,38.5,29.4172,119.8755,34.8539,1.6901);
INSERT INTO microbiome_profile VALUES ('00008034-ff58-48c5-bb8a-5f3b9ee3a506','21159607-c022-489a-b979-7365f7a0f23a','2018-05-05','gut','16S_rRNA_V4',3.3797,1.987,0.0095,'[{"genus": "Bacteroides", "rel": 0.19}, {"genus": "Faecalibacterium", "rel": 0.076}, {"genus": "Akkermansia", "rel": 0.0095}]',0);
INSERT INTO tumor_staging VALUES ('0b3a12f7-57a1-4e18-b03f-767a8f8ceb0a','21159607-c022-489a-b979-7365f7a0f23a','2018-05-05','8500/3','C50.4','Invasive ductal carcinoma, triple negative','T4','N2','M0','IIIB',3,'right');
INSERT INTO imaging_measurement VALUES ('3b38ae1f-4bf0-40ba-89bf-a1f623919633','21159607-c022-489a-b979-7365f7a0f23a','2018-04-23','MRI','L1','primary_left_breast',29.8,13856.3044,3.7771,'SD','{"entropy": 7.1, "sphericity": 0.5}');
INSERT INTO pathology_report VALUES ('54f0685e-1add-40d9-8316-671f05e1ca0b','21159607-c022-489a-b979-7365f7a0f23a','2018-05-05','core_needle_biopsy','R0',6,11,1,0,53.884);
INSERT INTO performance_status VALUES ('7f67ada9-d571-4483-8eb8-33be3fc6e429','21159607-c022-489a-b979-7365f7a0f23a','2018-05-05',0,76,3,32.4491);
INSERT INTO liquid_biopsy VALUES ('0b6c229d-ba59-497c-a799-10fa34b8c01c','21159607-c022-489a-b979-7365f7a0f23a','2018-05-05',0.005,2.25,3,'[]','detected',12.1103);
INSERT INTO treatment_regimen VALUES ('c9db648a-0b82-44d5-a6cd-eac1bf065e73','21159607-c022-489a-b979-7365f7a0f23a',1,'AC-T','neoadjuvant','2018-05-23','2019-03-01','planned_completion','PR',316);
INSERT INTO treatment_drug_dose VALUES ('5b423730-d069-4979-882a-5e5ee24a990c','c9db648a-0b82-44d5-a6cd-eac1bf065e73','8ed4a385-e60c-4c06-9827-b17fc4f5be7e','2018-05-23',71.0,64.0,9.9,'IV',1,1.7619);
INSERT INTO adverse_event VALUES ('dd6b39e6-b558-435a-8fb0-844a01994064','21159607-c022-489a-b979-7365f7a0f23a','c9db648a-0b82-44d5-a6cd-eac1bf065e73','Arthralgia',1,'2018-08-06','2018-09-13','probable','none');
INSERT INTO adverse_event VALUES ('8b7db7ea-f03c-4503-ad47-7616fca0246f','21159607-c022-489a-b979-7365f7a0f23a','c9db648a-0b82-44d5-a6cd-eac1bf065e73','Hand-foot syndrome',1,'2018-08-13','2018-09-27','probable','none');
INSERT INTO adverse_event VALUES ('b91f7fbb-b46d-420f-bd8b-b8d0e8aaa75f','21159607-c022-489a-b979-7365f7a0f23a','c9db648a-0b82-44d5-a6cd-eac1bf065e73','Neutropenia',2,'2018-06-21','2018-07-21','probable','none');
INSERT INTO radiation_plan VALUES ('97e16982-4c38-4359-901b-53e9b5d9d983','21159607-c022-489a-b979-7365f7a0f23a','photon_EBRT','CTV',51.2198,2.0,25,5,'IMRT',NULL,'{"heart": {"V20Gy_pct": "<25"}, "lung": {"mean_Gy": "<18"}}');
INSERT INTO carcinogen_exposure VALUES ('7ac03404-9f74-4412-a7ed-5684674cc4c7','21159607-c022-489a-b979-7365f7a0f23a','former',5.695,9.9513,19.1631,74.5193,'[]',0.0,0);
INSERT INTO diet_nutrition VALUES ('d326341d-62e6-4302-86f7-fdd4279642ff','21159607-c022-489a-b979-7365f7a0f23a','2018-05-05','FFQ',1977.5132,71.8682,256.6955,58.0048,29.3933,36.7141,22.4229,0.0,'Mediterranean');
INSERT INTO physical_activity VALUES ('fd0d3fa1-1c87-4202-89bb-2b246c00c95d','21159607-c022-489a-b979-7365f7a0f23a','2018-05-05',846.4798,109.6618,378.7683,9.0637,34.3742,5162,27.6903);
INSERT INTO stress_psychology VALUES ('f17ecded-3bfb-4286-98ff-bc19a0d3707a','21159607-c022-489a-b979-7365f7a0f23a','2018-05-05',18,5,6,24.5761,148.8,5.1537,14);
INSERT INTO environmental_exposure VALUES ('a14f3bb8-3e4e-4a0e-b964-4d293dfd4cad','21159607-c022-489a-b979-7365f7a0f23a','2018-05-05',13.6731,21.5586,20.6176,'negative',NULL,'negative','negative',8.0,'naive');
INSERT INTO socioeconomic_context VALUES ('1451132b-01d7-4b1e-9c75-0cde0425cd45','21159607-c022-489a-b979-7365f7a0f23a','2018-05-05',68.1487,'public_Medicaid',0.7391,0.4399,86.9224,'retired',22.2662,11);
INSERT INTO circadian_profile VALUES ('d8f202eb-f2aa-4603-aa8e-eb0b88f471da','21159607-c022-489a-b979-7365f7a0f23a','2018-05-05','evening',87.9804,25.0708,'22:32',247.0497,0,14);

-- Patient 43: HER2+ HR-
INSERT INTO patient VALUES ('ca0cfe2f-1a17-4e4e-bba5-1993f9d47bb8','MRN-7011956','1968-12-31','female','East Asian','{"EUR": 0.8, "AFR": 0.02}','2022-02-03','2022-02-03');
INSERT INTO genomic_sample VALUES ('a2a609c7-528b-4dc7-a0ec-7f5bea059eec','ca0cfe2f-1a17-4e4e-bba5-1993f9d47bb8','tumor','C50.4','2022-02-04','TruSight Oncology 500',0.75,0,'FFPE');
INSERT INTO somatic_mutation VALUES ('8243e066-8f22-4af2-8c00-f3545529de1f','a2a609c7-528b-4dc7-a0ec-7f5bea059eec','GATA3','chr10',8115610,'CT','C','indel','frameshift_variant','p.Thr443fs',0.3566,142,'oncogenic','COSV52704812','1','SBS5');
INSERT INTO somatic_mutation VALUES ('334736ee-78a7-4740-8a51-0a35546eeac8','a2a609c7-528b-4dc7-a0ec-7f5bea059eec','PTEN','chr10',89692905,'G','A','SNV','missense_variant','p.Arg130Gly',0.3447,330,'oncogenic','COSV52731827','1','SBS5');
INSERT INTO somatic_mutation VALUES ('054e418a-d644-47bd-a77a-077156da1ebc','a2a609c7-528b-4dc7-a0ec-7f5bea059eec','ESR1','chr6',152098794,'T','C','SNV','missense_variant','p.Tyr537Cys',0.1614,386,'oncogenic','COSV52744551','1','SBS1');
INSERT INTO somatic_mutation VALUES ('44fc2bfc-e145-4d24-bab3-fa46fa3d80ee','a2a609c7-528b-4dc7-a0ec-7f5bea059eec','BRCA2','chr13',32338709,'A','T','SNV','stop_gained','p.Lys1690Ter',0.4248,269,'pathogenic','COSV52712043','1','SBS3');
INSERT INTO somatic_mutation VALUES ('842d730b-9dbf-4ac5-9e29-3a0436f962ea','a2a609c7-528b-4dc7-a0ec-7f5bea059eec','BRCA1','chr17',43094464,'T','A','SNV','missense_variant','p.Cys1697Ser',0.3992,231,'pathogenic','COSV52701256','1','SBS3');
INSERT INTO copy_number_variant VALUES ('60a8cada-786f-4746-bc09-98716e45af32','a2a609c7-528b-4dc7-a0ec-7f5bea059eec','ERBB2','chr17',37800000,38200000,17.6,3.21,'amplification',1);
INSERT INTO copy_number_variant VALUES ('5bbe64ee-d90d-465d-99ef-2ec1b3a58953','a2a609c7-528b-4dc7-a0ec-7f5bea059eec','MYC','chr8',127700000,127800000,5.2,0.92,'amplification',0);
INSERT INTO copy_number_variant VALUES ('62d93ded-b22b-447e-bb4c-2dbbdd5d9616','a2a609c7-528b-4dc7-a0ec-7f5bea059eec','CDKN2A','chr9',21967000,21995000,0.6,-1.56,'shallow_deletion',0);
INSERT INTO gene_expression VALUES ('026add84-78e3-4f27-bdc2-ecd5994aac34','a2a609c7-528b-4dc7-a0ec-7f5bea059eec','ENSG00000091831','ESR1',36.6,3.66,91,-0.93,36.0);
INSERT INTO gene_expression VALUES ('93d94edb-a588-4ab5-99d1-6c4bbddad061','a2a609c7-528b-4dc7-a0ec-7f5bea059eec','ENSG00000141736','ERBB2',433.24,43.32,1083,3.48,99.0);
INSERT INTO gene_expression VALUES ('42bef88e-14e2-4ab7-90b9-121a52f586ed','a2a609c7-528b-4dc7-a0ec-7f5bea059eec','ENSG00000148773','MKI67',326.91,32.69,817,2.3,84.5);
INSERT INTO gene_expression VALUES ('4e8cbf83-9208-4a08-b44e-4c98bc01f59a','a2a609c7-528b-4dc7-a0ec-7f5bea059eec','ENSG00000141510','TP53',38.19,6.25,323,-0.91,36.4);
INSERT INTO gene_expression VALUES ('ec70a0ef-65dd-4875-a7ab-a3b950d54149','a2a609c7-528b-4dc7-a0ec-7f5bea059eec','ENSG00000012048','BRCA1',71.5,7.72,364,-0.54,41.9);
INSERT INTO gene_expression VALUES ('c13ad652-390f-48d9-9799-ad7c3537f66d','a2a609c7-528b-4dc7-a0ec-7f5bea059eec','ENSG00000139618','BRCA2',0.9,5.44,216,-1.32,30.2);
INSERT INTO gene_expression VALUES ('7521a4c9-0b32-46ce-a985-0bba16440863','a2a609c7-528b-4dc7-a0ec-7f5bea059eec','ENSG00000171862','PTEN',112.96,4.45,309,-0.08,48.8);
INSERT INTO gene_expression VALUES ('d525a99a-7a24-40aa-a2c0-22828862d2ec','a2a609c7-528b-4dc7-a0ec-7f5bea059eec','ENSG00000136997','MYC',157.26,2.24,616,0.41,56.1);
INSERT INTO protein_expression VALUES ('ba6841ac-6d19-4a4b-8f8c-98f8b30ad284','a2a609c7-528b-4dc7-a0ec-7f5bea059eec','ESR1','P03372','IHC',-1.5,0.0,0,'NULL');
INSERT INTO protein_expression VALUES ('e9adc867-92c1-4ee9-8e8c-4c1c37cd8e0e','a2a609c7-528b-4dc7-a0ec-7f5bea059eec','PGR','P06401','IHC',-1.49,1.0,0,'NULL');
INSERT INTO protein_expression VALUES ('a418a609-d81f-472f-93df-de1bb683ac52','a2a609c7-528b-4dc7-a0ec-7f5bea059eec','ERBB2','P04626','IHC',1.06,256.0,6,'pY1248');
INSERT INTO protein_expression VALUES ('7af020a3-b7fa-4abc-b940-7cc829ac5f80','a2a609c7-528b-4dc7-a0ec-7f5bea059eec','MKI67','P46013','IHC',-0.14,127.0,0,'NULL');
INSERT INTO epigenetic_mark VALUES ('025de6b6-0c22-4dc4-8fc5-31215635c323','a2a609c7-528b-4dc7-a0ec-7f5bea059eec','DNA_methylation','cg15629539',0.662,'0.97','ESR1','CpG_island',NULL);
INSERT INTO epigenetic_mark VALUES ('c5066867-8c6b-4744-a8ef-33d16acfbe66','a2a609c7-528b-4dc7-a0ec-7f5bea059eec','DNA_methylation','cg27053763',0.051,'-4.218','BRCA1','promoter',NULL);
INSERT INTO epigenetic_mark VALUES ('a12e71e0-01ab-49ac-a568-46dba5e43ca0','a2a609c7-528b-4dc7-a0ec-7f5bea059eec','H3K27ac','chr17:37800000-37850000',0.271,NULL,'ERBB2','enhancer','3.386');
INSERT INTO ncrna_profile VALUES ('0b0e6f3c-c073-4da5-b129-c5876f7d8a68','a2a609c7-528b-4dc7-a0ec-7f5bea059eec','miRNA','hsa-miR-21-5p','miR-21-5p',2.46,'["PTEN", "PDCD4"]');
INSERT INTO ncrna_profile VALUES ('f6549be3-1409-4e78-9aa1-42d539a0cdda','a2a609c7-528b-4dc7-a0ec-7f5bea059eec','miRNA','hsa-miR-155-5p','miR-155-5p',2.22,'["SHIP1", "SOCS1"]');
INSERT INTO ncrna_profile VALUES ('f66b9fba-757e-46c1-90eb-8a3fc7843693','a2a609c7-528b-4dc7-a0ec-7f5bea059eec','lncRNA','ENSG00000228630','HOTAIR',1.09,'["SHIP1", "SOCS1"]');
INSERT INTO ncrna_profile VALUES ('fcd6fa61-808b-441f-b69a-596474b526ac','a2a609c7-528b-4dc7-a0ec-7f5bea059eec','lncRNA','ENSG00000251562','MALAT1',36.25,'["SHIP1", "SOCS1"]');
INSERT INTO metabolomics_profile VALUES ('26cbfb01-87ff-4b5b-b8de-16d5a608ffd0','a2a609c7-528b-4dc7-a0ec-7f5bea059eec','Lactate','HMDB0000190','C00186',2.87,'LC-MS','organic_acid',0.58);
INSERT INTO metabolomics_profile VALUES ('aaec282e-4130-490d-960d-770dc01d7a10','a2a609c7-528b-4dc7-a0ec-7f5bea059eec','Glutamine','HMDB0000641','C00064',0.38,'LC-MS','amino_acid',-1.08);
INSERT INTO metabolomics_profile VALUES ('c8bacced-bc8f-4bdb-b27a-b916d4e4754f','a2a609c7-528b-4dc7-a0ec-7f5bea059eec','Glucose','HMDB0000122','C00031',5.68,'LC-MS','carbohydrate',2.45);
INSERT INTO metabolomics_profile VALUES ('8e4ce4df-71d5-4b08-b072-8883373e933c','a2a609c7-528b-4dc7-a0ec-7f5bea059eec','Phosphocholine','HMDB0001565','C00588',0.22,'LC-MS','lipid',-1.19);
INSERT INTO tumor_clone VALUES ('86a887c1-cdfd-47ab-bce3-73b796394d6c','a2a609c7-528b-4dc7-a0ec-7f5bea059eec','clone_A',0.87,'[]',1,1,0.1324);
INSERT INTO tumor_clone VALUES ('849301ac-a6bd-4aa8-8a31-7ea11d27df18','a2a609c7-528b-4dc7-a0ec-7f5bea059eec','clone_B',0.13,'[]',0,2,0.0151);
INSERT INTO cell_cycle_state VALUES ('9d4827ac-f3b2-4798-a720-4c615c9b18de','a2a609c7-528b-4dc7-a0ec-7f5bea059eec',0.376,0.275,0.142,0.207,45.4503,335.5,0.0);
INSERT INTO apoptosis_marker VALUES ('51836588-aeac-46a9-969f-e1a2a0a9e5b2','a2a609c7-528b-4dc7-a0ec-7f5bea059eec',11.0,85.2028,67.0,0.16,0.2134,1.5365,1.8733);
INSERT INTO dna_repair_status VALUES ('681bb722-fd91-4b75-8a25-2fd3406f7770','a2a609c7-528b-4dc7-a0ec-7f5bea059eec','mutated_somatic','mutated_somatic','proficient_MMR',0.04,8.4,31.1,0,'wildtype');
INSERT INTO metabolic_phenotype VALUES ('9ef262a4-c266-4ddd-8f02-297703370f11','a2a609c7-528b-4dc7-a0ec-7f5bea059eec',0.694,80.7336,0.4812,0.4357,0.3285,1.3918,0.6486);
INSERT INTO stemness_profile VALUES ('0e531cc8-c58d-4589-b73b-26a4a07df6e3','a2a609c7-528b-4dc7-a0ec-7f5bea059eec',80.4296,15.2594,10.9269,0.0353,0.394,0.321,0.2655,0.3651);
INSERT INTO drug_resistance_feature VALUES ('aad0ca68-5370-4132-be37-6e153bc2717b','a2a609c7-528b-4dc7-a0ec-7f5bea059eec',1.11,0.2877,0.617,1.3227,'[]',0.63);
INSERT INTO immune_infiltration VALUES ('db2033fb-86da-4140-b266-d29c97b70c34','a2a609c7-528b-4dc7-a0ec-7f5bea059eec',4.6,7.2733,9.9268,2.8042,5.2684,6.4289,12.376,2.8178,12.0538,'CIBERSORT');
INSERT INTO checkpoint_expression VALUES ('8e32b680-8862-4a5d-8a7a-2cdfd82d3495','a2a609c7-528b-4dc7-a0ec-7f5bea059eec',0.0,0.0,11.4079,23.0043,7.0692,10.0318,10.4369,36.7142);
INSERT INTO cytokine_milieu VALUES ('81bddaa9-e912-4fac-8f85-6e9aaf080e1a','a2a609c7-528b-4dc7-a0ec-7f5bea059eec',15.9477,16.2105,6.9059,20.5975,2.0,9.7,34.8947,237.5663);
INSERT INTO stromal_composition VALUES ('fe2477fc-be05-490f-bce7-7ebf409568ac','a2a609c7-528b-4dc7-a0ec-7f5bea059eec',0.3545,0.0549,0.1137,0.3807,2.3232,23.4398);
INSERT INTO ecm_profile VALUES ('c775b037-bc21-4968-8a61-9e4d63dac3e2','a2a609c7-528b-4dc7-a0ec-7f5bea059eec',12.474,4.3861,16.3058,0.3073,0.3307,0.5782,0.2207);
INSERT INTO hypoxia_vasculature VALUES ('9f21ff1b-5a30-4e35-94b1-3ae75f9515d1','a2a609c7-528b-4dc7-a0ec-7f5bea059eec',0.66,0.8904,10.9,0.215,61.297,168.5896,105.7167,5.7,6.99);
INSERT INTO organ_function VALUES ('3dde78a0-10fa-48d8-a6d0-8951e60456d1','ca0cfe2f-1a17-4e4e-bba5-1993f9d47bb8','2022-02-03',73.1,1.2772,25.3579,24.4433,14.1175,42.5108,59.3,386.9444,1.2712);
INSERT INTO immune_baseline VALUES ('db00f9bf-5f29-406c-b808-a396e1e40626','ca0cfe2f-1a17-4e4e-bba5-1993f9d47bb8','2022-02-03',6.71,1.27,3.85,3.0315,601.8724,569.3749,255.2301,12.3313);
INSERT INTO hormonal_profile VALUES ('4519fce8-f4c1-45c2-822f-47748484eff9','ca0cfe2f-1a17-4e4e-bba5-1993f9d47bb8','2022-02-03',2.0,0.38,376.0,44.4902,14.1277,1.3864,5.2615);
INSERT INTO pharmacogenomics VALUES ('65a36f25-5285-4c44-a1af-201e6a553603','ca0cfe2f-1a17-4e4e-bba5-1993f9d47bb8','NM','NM','NM','*1/*28','normal',0,'NM');
INSERT INTO body_composition VALUES ('4d81dfdb-468d-4f93-b4cb-eedb4d8615d1','ca0cfe2f-1a17-4e4e-bba5-1993f9d47bb8','2022-02-03',25.9,44.7,45.5627,73.015,33.3563,1.5359);
INSERT INTO microbiome_profile VALUES ('a1b5ab6f-2786-4c6a-932c-339ee9d8b1da','ca0cfe2f-1a17-4e4e-bba5-1993f9d47bb8','2022-02-03','gut','16S_rRNA_V4',2.9922,1.8182,0.0074,'[{"genus": "Bacteroides", "rel": 0.266}, {"genus": "Faecalibacterium", "rel": 0.113}, {"genus": "Akkermansia", "rel": 0.0074}]',1);
INSERT INTO tumor_staging VALUES ('055adb1b-18ec-4b9e-92be-951ba5661cfd','ca0cfe2f-1a17-4e4e-bba5-1993f9d47bb8','2022-02-03','8500/3','C50.4','Invasive ductal carcinoma','T3','N2','M0','IIIA',1,'right');
INSERT INTO imaging_measurement VALUES ('699c0da0-251b-46db-aaef-4eb5fc97ab35','ca0cfe2f-1a17-4e4e-bba5-1993f9d47bb8','2022-01-10','MRI','L1','primary_left_breast',27.5,10889.2183,2.8723,'SD','{"entropy": 6.28, "sphericity": 0.66}');
INSERT INTO pathology_report VALUES ('7e87a3c1-6428-424f-a0bc-b115a872ea14','ca0cfe2f-1a17-4e4e-bba5-1993f9d47bb8','2022-02-03','core_needle_biopsy','R0',3,6,0,1,34.8443);
INSERT INTO performance_status VALUES ('4ddc9431-c12d-4210-ba59-edc2c01a9505','ca0cfe2f-1a17-4e4e-bba5-1993f9d47bb8','2022-02-03',1,91,0,39.2279);
INSERT INTO liquid_biopsy VALUES ('1bbf5529-7e2d-4838-9c8c-556ca80ca173','ca0cfe2f-1a17-4e4e-bba5-1993f9d47bb8','2022-02-03',0.0768,34.56,6,'[]','detected',6.3309);
INSERT INTO treatment_regimen VALUES ('c91c7625-517e-4460-92cc-1c0473852952','ca0cfe2f-1a17-4e4e-bba5-1993f9d47bb8',1,'Pertuzumab+Tras','neoadjuvant','2022-03-16','2022-10-04','planned_completion','PR',648);
INSERT INTO treatment_drug_dose VALUES ('810c9fa6-aa1d-4ee3-bd9d-7f01034687ac','c91c7625-517e-4460-92cc-1c0473852952','ee7cd6f0-c90e-4aa4-be8c-5bd7dbf650f6','2022-03-16',69.0,60.0,13.0,'IV',1,2.2469);
INSERT INTO adverse_event VALUES ('f3aa2342-7627-4222-bd95-9734a3702d3f','ca0cfe2f-1a17-4e4e-bba5-1993f9d47bb8','c91c7625-517e-4460-92cc-1c0473852952','Diarrhoea',1,'2022-04-17','2022-05-12','probable','none');
INSERT INTO adverse_event VALUES ('68065c2d-c9f1-4289-ab4e-1150d83604ac','ca0cfe2f-1a17-4e4e-bba5-1993f9d47bb8','c91c7625-517e-4460-92cc-1c0473852952','Alopecia',3,'2022-03-31','2022-04-20','probable','dose_reduction');
INSERT INTO radiation_plan VALUES ('05c33625-19e8-4eaf-9101-dbe89d9b9636','ca0cfe2f-1a17-4e4e-bba5-1993f9d47bb8','photon_EBRT','CTV',50.0846,2.0,25,5,'IMRT',NULL,'{"heart": {"V20Gy_pct": "<25"}, "lung": {"mean_Gy": "<18"}}');
INSERT INTO carcinogen_exposure VALUES ('d075e352-8f17-4221-96d0-b8c1aedabeaa','ca0cfe2f-1a17-4e4e-bba5-1993f9d47bb8','current',31.5908,8.1099,5.0,47.4363,'[]',0.0,0);
INSERT INTO diet_nutrition VALUES ('a84de3d4-cdc0-4771-b3fc-1516f689f9d6','ca0cfe2f-1a17-4e4e-bba5-1993f9d47bb8','2022-02-03','FFQ',1819.7902,57.3165,185.4579,81.2961,20.3004,0.0,25.232,9.5366,'plant_based');
INSERT INTO physical_activity VALUES ('6a4277f3-39b8-4459-8ce6-3ae726e4d284','ca0cfe2f-1a17-4e4e-bba5-1993f9d47bb8','2022-02-03',582.4383,59.5517,233.7829,6.2614,29.2851,7340,13.2401);
INSERT INTO stress_psychology VALUES ('5e1dafb7-eb11-480a-9047-c0285acbb86d','ca0cfe2f-1a17-4e4e-bba5-1993f9d47bb8','2022-02-03',21,5,6,25.9773,233.12,8.5383,10);
INSERT INTO environmental_exposure VALUES ('fedd2c93-f0fd-4a5b-9b40-819e1ed87538','ca0cfe2f-1a17-4e4e-bba5-1993f9d47bb8','2022-02-03',2.0,23.6529,78.5979,'negative',NULL,'negative','negative',10.2112,'naive');
INSERT INTO socioeconomic_context VALUES ('cec02506-4709-4a78-aa00-845c5e57daed','ca0cfe2f-1a17-4e4e-bba5-1993f9d47bb8','2022-02-03',55.6665,'private',0.465,0.4943,90.0285,'unable_to_work_disability',30.29,12);
INSERT INTO circadian_profile VALUES ('758fff07-7302-4d45-9d34-b772ea31fec7','ca0cfe2f-1a17-4e4e-bba5-1993f9d47bb8','2022-02-03','intermediate',83.7861,22.2627,'22:50',451.7395,1,9);

-- Patient 44: HR+/HER2- early
INSERT INTO patient VALUES ('c0646003-6c58-4e96-814a-c0b5d37ad309','MRN-3994767','1974-06-14','female','East Asian','{"EUR": 0.18, "AFR": 0.19}','2021-10-23','2021-10-23');
INSERT INTO genomic_sample VALUES ('30dcaef1-5b12-46be-bd3e-80352c3e4941','c0646003-6c58-4e96-814a-c0b5d37ad309','tumor','C50.4','2021-10-26','Tempus xT',0.78,0,'FFPE');
INSERT INTO somatic_mutation VALUES ('f940942c-1704-45a1-8d45-8fddb59ed38e','30dcaef1-5b12-46be-bd3e-80352c3e4941','GATA3','chr10',8115610,'CT','C','indel','frameshift_variant','p.Thr443fs',0.3317,370,'oncogenic','COSV52704812','1','SBS5');
INSERT INTO somatic_mutation VALUES ('ed1b88ca-2a3f-463d-82f8-55e7b2885e1d','30dcaef1-5b12-46be-bd3e-80352c3e4941','MAP3K1','chr5',56115628,'G','A','SNV','missense_variant','p.Glu1298Lys',0.1295,220,'oncogenic','COSV52721033','3A','SBS1');
INSERT INTO somatic_mutation VALUES ('1fcb2b3e-3c19-49d6-85a9-195ea9b22ce8','30dcaef1-5b12-46be-bd3e-80352c3e4941','ERBB2','chr17',39725084,'A','G','SNV','missense_variant','p.Leu755Ser',0.1958,155,'oncogenic','COSV52735019','1','SBS5');
INSERT INTO somatic_mutation VALUES ('f1bed5c6-ad7b-4489-9255-1d29184017d8','30dcaef1-5b12-46be-bd3e-80352c3e4941','MYC','chr8',127735434,'A','G','SNV','missense_variant','p.Thr58Ala',0.2332,347,'oncogenic','COSV52759832','3A','SBS5');
INSERT INTO somatic_mutation VALUES ('69539d36-57b5-4aa7-9f93-b9e028c09acc','30dcaef1-5b12-46be-bd3e-80352c3e4941','BRCA2','chr13',32338709,'A','T','SNV','stop_gained','p.Lys1690Ter',0.4099,269,'pathogenic','COSV52712043','1','SBS3');
INSERT INTO somatic_mutation VALUES ('7db82566-e9f4-4304-9d19-8e206712f089','30dcaef1-5b12-46be-bd3e-80352c3e4941','CDH1','chr16',68771195,'C','T','SNV','nonsense_variant','p.Gln333Ter',0.4212,368,'oncogenic','COSV52697483','3A','SBS1');
INSERT INTO copy_number_variant VALUES ('4b3a3d94-f4e8-47fc-b7de-2caad79bd4f9','30dcaef1-5b12-46be-bd3e-80352c3e4941','MYC','chr8',127700000,127800000,4.8,1.9,'neutral',0);
INSERT INTO copy_number_variant VALUES ('9ca6d513-888c-4846-83a8-382e4218148d','30dcaef1-5b12-46be-bd3e-80352c3e4941','CDKN2A','chr9',21967000,21995000,0.1,-1.72,'shallow_deletion',0);
INSERT INTO gene_expression VALUES ('50347fb3-cbfd-42f5-a0dd-bc62357346e3','30dcaef1-5b12-46be-bd3e-80352c3e4941','ENSG00000091831','ESR1',758.16,75.82,1895,7.09,99.0);
INSERT INTO gene_expression VALUES ('60ef26c4-91b9-4dd1-ad02-83d8ad11954d','30dcaef1-5b12-46be-bd3e-80352c3e4941','ENSG00000141736','ERBB2',230.2,23.02,575,1.22,68.3);
INSERT INTO gene_expression VALUES ('f1a99cb7-22af-4e28-b8ff-385af0bd1b11','30dcaef1-5b12-46be-bd3e-80352c3e4941','ENSG00000148773','MKI67',95.09,9.51,238,-0.28,45.8);
INSERT INTO gene_expression VALUES ('6e75d85a-98f5-4003-8d6c-ae09c6b82160','30dcaef1-5b12-46be-bd3e-80352c3e4941','ENSG00000141510','TP53',37.17,4.47,376,-0.92,36.2);
INSERT INTO gene_expression VALUES ('d3d1c373-3d07-43f8-9eaa-7ab2408d0b8f','30dcaef1-5b12-46be-bd3e-80352c3e4941','ENSG00000012048','BRCA1',62.88,5.96,338,-0.63,40.5);
INSERT INTO gene_expression VALUES ('1b854976-a11b-4e1a-9cd9-201b987b1136','30dcaef1-5b12-46be-bd3e-80352c3e4941','ENSG00000139618','BRCA2',95.49,3.99,172,-0.27,46.0);
INSERT INTO gene_expression VALUES ('653122de-ab18-4016-a83a-880a8f713fb2','30dcaef1-5b12-46be-bd3e-80352c3e4941','ENSG00000171862','PTEN',104.47,3.01,589,-0.17,47.5);
INSERT INTO gene_expression VALUES ('3f19bebb-6e2c-4df8-b590-f961b7cd73e6','30dcaef1-5b12-46be-bd3e-80352c3e4941','ENSG00000136997','MYC',115.72,1.97,254,-0.05,49.2);
INSERT INTO protein_expression VALUES ('7aef18b5-8627-41f2-b5fc-0a81f25ee512','30dcaef1-5b12-46be-bd3e-80352c3e4941','ESR1','P03372','IHC',1.13,263.0,7,'NULL');
INSERT INTO protein_expression VALUES ('2a5b4844-727b-49d0-8852-cb9da250a702','30dcaef1-5b12-46be-bd3e-80352c3e4941','PGR','P06401','IHC',0.87,237.0,6,'NULL');
INSERT INTO protein_expression VALUES ('4c3e1d01-1339-4a13-9dd2-c0a5e8c880c6','30dcaef1-5b12-46be-bd3e-80352c3e4941','ERBB2','P04626','IHC',-1.37,13.0,0,'pY1248');
INSERT INTO protein_expression VALUES ('02a2d5a7-b934-47dc-bda5-952e5ec653e9','30dcaef1-5b12-46be-bd3e-80352c3e4941','MKI67','P46013','IHC',-1.12,35.0,0,'NULL');
INSERT INTO epigenetic_mark VALUES ('1d8713cd-20f2-43d5-8eac-240342419261','30dcaef1-5b12-46be-bd3e-80352c3e4941','DNA_methylation','cg15629539',0.03,'-5.015','ESR1','CpG_island',NULL);
INSERT INTO epigenetic_mark VALUES ('090b89d5-7476-4193-a04a-8bfa4a9f312b','30dcaef1-5b12-46be-bd3e-80352c3e4941','DNA_methylation','cg27053763',0.101,'-3.154','BRCA1','promoter',NULL);
INSERT INTO epigenetic_mark VALUES ('aa8baf18-2585-4027-9284-c29ae0cb7214','30dcaef1-5b12-46be-bd3e-80352c3e4941','H3K27ac','chr17:37800000-37850000',0.233,NULL,'ERBB2','enhancer','0.329');
INSERT INTO ncrna_profile VALUES ('d02fb65c-ae48-4dd5-a551-7625d53ecf69','30dcaef1-5b12-46be-bd3e-80352c3e4941','miRNA','hsa-miR-21-5p','miR-21-5p',5.04,'["PTEN", "PDCD4"]');
INSERT INTO ncrna_profile VALUES ('4f357d03-4c0a-42f0-a22e-d04b84b3897d','30dcaef1-5b12-46be-bd3e-80352c3e4941','miRNA','hsa-miR-155-5p','miR-155-5p',3.93,'["SHIP1", "SOCS1"]');
INSERT INTO ncrna_profile VALUES ('3e0f5574-5e18-4f80-912b-9213a6a79a17','30dcaef1-5b12-46be-bd3e-80352c3e4941','lncRNA','ENSG00000228630','HOTAIR',3.51,'["SHIP1", "SOCS1"]');
INSERT INTO ncrna_profile VALUES ('75a21dd1-1dac-465e-a4d5-7e90937f28fe','30dcaef1-5b12-46be-bd3e-80352c3e4941','lncRNA','ENSG00000251562','MALAT1',35.21,'["SHIP1", "SOCS1"]');
INSERT INTO metabolomics_profile VALUES ('758afad9-3f0e-49b5-9f88-84518088f5bd','30dcaef1-5b12-46be-bd3e-80352c3e4941','Lactate','HMDB0000190','C00186',1.12,'LC-MS','organic_acid',-0.59);
INSERT INTO metabolomics_profile VALUES ('4d20d643-26b5-494e-9e10-fb920cb204ca','30dcaef1-5b12-46be-bd3e-80352c3e4941','Glutamine','HMDB0000641','C00064',0.43,'LC-MS','amino_acid',-1.05);
INSERT INTO metabolomics_profile VALUES ('befa26fd-0d19-4714-99d5-2b69805d07e9','30dcaef1-5b12-46be-bd3e-80352c3e4941','Glucose','HMDB0000122','C00031',4.99,'LC-MS','carbohydrate',1.99);
INSERT INTO metabolomics_profile VALUES ('db6cd2e9-3afc-4ded-807c-726fab26988b','30dcaef1-5b12-46be-bd3e-80352c3e4941','Phosphocholine','HMDB0001565','C00588',0.16,'LC-MS','lipid',-1.23);
INSERT INTO tumor_clone VALUES ('5f275319-48a7-47df-809b-19d29b9fd995','30dcaef1-5b12-46be-bd3e-80352c3e4941','clone_A',0.73,'[]',1,1,0.1903);
INSERT INTO tumor_clone VALUES ('950282f5-1e95-4346-a7e0-6b205d26953c','30dcaef1-5b12-46be-bd3e-80352c3e4941','clone_B',0.27,'[]',0,2,0.1122);
INSERT INTO cell_cycle_state VALUES ('bba3eb39-e12b-4744-a267-a36138f8b703','30dcaef1-5b12-46be-bd3e-80352c3e4941',0.806,0.068,0.031,0.095,12.5998,480.0,3.8);
INSERT INTO apoptosis_marker VALUES ('e92fe277-69f3-44a0-8c14-6ad6f20ed36e','30dcaef1-5b12-46be-bd3e-80352c3e4941',135.0,159.5389,75.0,1.8,0.1901,5.977,0.3206);
INSERT INTO dna_repair_status VALUES ('48fc6443-750f-4768-8345-57f86eca04be','30dcaef1-5b12-46be-bd3e-80352c3e4941','mutated_somatic','mutated_somatic','proficient_MMR',0.04,8.6,8.2,0,'wildtype');
INSERT INTO metabolic_phenotype VALUES ('db648e95-f8fd-4aa6-bcc1-ddcfa4b41629','30dcaef1-5b12-46be-bd3e-80352c3e4941',0.4,88.5169,0.1,0.169,0.1405,1.1407,0.808);
INSERT INTO stemness_profile VALUES ('e517853a-d20b-40c3-95ca-1751c337cf1b','30dcaef1-5b12-46be-bd3e-80352c3e4941',57.1333,18.8713,0.0,0.0907,0.28,0.225,0.2785,0.2279);
INSERT INTO drug_resistance_feature VALUES ('c059ee6d-5a4f-4ef7-a35a-796a168b9491','30dcaef1-5b12-46be-bd3e-80352c3e4941',0.54,1.2455,0.3462,0.7647,'[]',0.639);
INSERT INTO immune_infiltration VALUES ('1a1dc682-19ce-452e-a215-0debd23e6a8d','30dcaef1-5b12-46be-bd3e-80352c3e4941',14.1,5.5025,13.6679,2.8437,7.4284,10.885,14.9814,5.0824,7.2506,'CIBERSORT');
INSERT INTO checkpoint_expression VALUES ('2f563346-73bb-4947-9bc1-bb8b1d3dd790','30dcaef1-5b12-46be-bd3e-80352c3e4941',55.5,99.9,4.5921,23.4224,16.7843,16.7062,10.6721,38.2267);
INSERT INTO cytokine_milieu VALUES ('ceeec829-ee6c-4b03-8bab-a99afa47607d','30dcaef1-5b12-46be-bd3e-80352c3e4941',33.0543,6.6899,9.2177,30.6402,22.7004,17.4,16.2295,70.4379);
INSERT INTO stromal_composition VALUES ('2b319ce1-9d16-4f6b-9cfd-736a640a778f','30dcaef1-5b12-46be-bd3e-80352c3e4941',0.3752,0.0819,0.1728,0.2724,2.1261,32.0471);
INSERT INTO ecm_profile VALUES ('17e2ce01-77f7-4a01-8596-ef17ff79298e','30dcaef1-5b12-46be-bd3e-80352c3e4941',7.1853,5.742,22.8684,0.05,0.3787,0.7341,0.398);
INSERT INTO hypoxia_vasculature VALUES ('db2c7240-37b2-4110-b0a6-19c7fe3490cc','30dcaef1-5b12-46be-bd3e-80352c3e4941',1.36,0.9035,7.7,0.1958,120.187,174.5085,122.0101,14.0,7.09);
INSERT INTO organ_function VALUES ('54e096b5-4213-4a77-81c4-febdce009616','c0646003-6c58-4e96-814a-c0b5d37ad309','2021-10-23',65.2,1.1824,10.7833,19.8111,17.1415,42.334,68.3,410.8508,1.0583);
INSERT INTO immune_baseline VALUES ('84a1e462-262e-4bff-aedd-c8bc9a595e19','c0646003-6c58-4e96-814a-c0b5d37ad309','2021-10-23',8.88,1.36,3.45,2.5368,551.9931,388.8187,160.6459,12.2738);
INSERT INTO hormonal_profile VALUES ('4dd9e721-588a-4ed6-b44d-43bb80629c7a','c0646003-6c58-4e96-814a-c0b5d37ad309','2021-10-23',213.4,0.43,522.0,73.1987,15.055,2.5506,7.8084);
INSERT INTO pharmacogenomics VALUES ('6a429873-2a55-4b8f-89eb-c5cd94c3e83f','c0646003-6c58-4e96-814a-c0b5d37ad309','NM','NM','UM','*1/*28','normal',0,'NM');
INSERT INTO body_composition VALUES ('255fbb0b-95f2-48c6-ae45-ec4a9fa6f508','c0646003-6c58-4e96-814a-c0b5d37ad309','2021-10-23',20.2,45.6,36.9375,65.9368,21.7649,1.6651);
INSERT INTO microbiome_profile VALUES ('c9431e65-2c65-410a-83a1-fe7c3f7870d1','c0646003-6c58-4e96-814a-c0b5d37ad309','2021-10-23','gut','16S_rRNA_V4',2.9241,2.6359,0.0685,'[{"genus": "Bacteroides", "rel": 0.182}, {"genus": "Faecalibacterium", "rel": 0.149}, {"genus": "Akkermansia", "rel": 0.0685}]',0);
INSERT INTO tumor_staging VALUES ('54c14679-b6d0-4354-a255-e4f458e662a0','c0646003-6c58-4e96-814a-c0b5d37ad309','2021-10-23','8500/3','C50.4','Invasive ductal carcinoma','T2','N1','M0','IIA',3,'left');
INSERT INTO imaging_measurement VALUES ('845522a1-a9d5-419a-9030-8f5d32af167b','c0646003-6c58-4e96-814a-c0b5d37ad309','2021-10-10','MRI','L1','primary_left_breast',26.2,9416.7816,2.5772,'SD','{"entropy": 5.89, "sphericity": 0.84}');
INSERT INTO pathology_report VALUES ('e556f69d-6d81-4c37-a477-73b8f9faf3d4','c0646003-6c58-4e96-814a-c0b5d37ad309','2021-10-23','core_needle_biopsy','R0',6,15,1,0,0.0);
INSERT INTO performance_status VALUES ('5bd1477c-67bc-4e9d-8c68-2e95efdf87dd','c0646003-6c58-4e96-814a-c0b5d37ad309','2021-10-23',0,83,4,45.8806);
INSERT INTO liquid_biopsy VALUES ('388b3f7d-2c61-441b-9c19-3a7432069b3b','c0646003-6c58-4e96-814a-c0b5d37ad309','2021-10-23',0.0392,17.64,6,'[]','detected',13.9329);
INSERT INTO treatment_regimen VALUES ('dae5f092-5f9d-4b20-8f95-caa04b8f2365','c0646003-6c58-4e96-814a-c0b5d37ad309',1,'Letrozole','adjuvant','2021-11-07','2022-10-02','planned_completion','PR',542);
INSERT INTO treatment_drug_dose VALUES ('58f6a0b6-68a5-4a59-a8b9-48a8244a89e9','dae5f092-5f9d-4b20-8f95-caa04b8f2365','dea8e584-d12c-47bf-a4c0-e739973380b8','2021-11-07',72.0,67.0,6.9,'oral',1,1.1143);
INSERT INTO adverse_event VALUES ('47dd7603-47ee-4600-93a5-6517be7fa371','c0646003-6c58-4e96-814a-c0b5d37ad309','dae5f092-5f9d-4b20-8f95-caa04b8f2365','Neutropenia',3,'2021-12-21','2021-12-29','probable','dose_reduction');
INSERT INTO adverse_event VALUES ('44ad749e-eebd-4a09-b751-be2e139ccf53','c0646003-6c58-4e96-814a-c0b5d37ad309','dae5f092-5f9d-4b20-8f95-caa04b8f2365','Nausea',1,'2021-12-25','2022-01-25','probable','none');
INSERT INTO adverse_event VALUES ('05e20a01-df70-4d18-b0d6-4974fb0b1627','c0646003-6c58-4e96-814a-c0b5d37ad309','dae5f092-5f9d-4b20-8f95-caa04b8f2365','Alopecia',2,'2021-12-25','2022-02-17','probable','none');
INSERT INTO adverse_event VALUES ('f1b07e50-e74c-43a6-8de9-0815ce6764ed','c0646003-6c58-4e96-814a-c0b5d37ad309','dae5f092-5f9d-4b20-8f95-caa04b8f2365','Peripheral sensory neuropathy',2,'2021-12-09','2022-01-24','probable','none');
INSERT INTO radiation_plan VALUES ('d0f76290-f6fb-4814-952c-b70cd2b914a3','c0646003-6c58-4e96-814a-c0b5d37ad309','photon_EBRT','CTV',50.4284,2.0,25,5,'IMRT',NULL,'{"heart": {"V20Gy_pct": "<25"}, "lung": {"mean_Gy": "<18"}}');
INSERT INTO carcinogen_exposure VALUES ('3ebc4dc1-55c0-4bed-80f5-6fcf0da3fde2','c0646003-6c58-4e96-814a-c0b5d37ad309','never',0.0,7.1115,31.1989,49.8648,'[]',0.0,0);
INSERT INTO diet_nutrition VALUES ('6d187f3e-38ac-46df-8b01-d8b3ce1f1e02','c0646003-6c58-4e96-814a-c0b5d37ad309','2021-10-23','FFQ',1100.0,37.1554,148.8496,101.6384,18.5625,6.1597,37.3784,6.7716,'plant_based');
INSERT INTO physical_activity VALUES ('99875522-68f5-47be-9a5c-9384fa263bba','c0646003-6c58-4e96-814a-c0b5d37ad309','2021-10-23',419.3788,102.0146,165.5904,9.9195,30.2144,3904,26.4805);
INSERT INTO stress_psychology VALUES ('610c96f6-eb9f-492d-a6ed-fb92903f4dc6','c0646003-6c58-4e96-814a-c0b5d37ad309','2021-10-23',15,12,8,38.7975,323.64,8.5679,9);
INSERT INTO environmental_exposure VALUES ('4a773ced-146c-49cc-b921-85e0eec1da46','c0646003-6c58-4e96-814a-c0b5d37ad309','2021-10-23',17.4967,3.4609,28.1282,'negative',NULL,'negative','negative',6.1038,'naive');
INSERT INTO socioeconomic_context VALUES ('832d79b8-4fbd-4119-a954-10d41e5040c4','c0646003-6c58-4e96-814a-c0b5d37ad309','2021-10-23',24.1092,'public_Medicare',0.6468,0.4217,60.7722,'retired',20.1743,21);
INSERT INTO circadian_profile VALUES ('e294dd03-c617-4767-8a66-d302e8cac784','c0646003-6c58-4e96-814a-c0b5d37ad309','2021-10-23','morning',76.8575,26.3552,'22:55',1190.7284,0,12);

-- Patient 45: HR+ metastatic
INSERT INTO patient VALUES ('8cd09fc4-c204-4ace-a246-5b01cd8aa97d','MRN-7809912','1961-03-16','female','Black or African American','{"EUR": 0.47, "AFR": 0.1}','2023-01-01','2023-01-01');
INSERT INTO genomic_sample VALUES ('a41030b1-ed77-4e17-8771-e307a015243d','8cd09fc4-c204-4ace-a246-5b01cd8aa97d','tumor','C50.4','2023-01-10','TruSight Oncology 500',0.74,0,'FFPE');
INSERT INTO somatic_mutation VALUES ('7d192eae-a4a5-4359-b935-a79d2d2866be','a41030b1-ed77-4e17-8771-e307a015243d','CDH1','chr16',68771195,'C','T','SNV','nonsense_variant','p.Gln333Ter',0.2825,104,'oncogenic','COSV52697483','3A','SBS1');
INSERT INTO somatic_mutation VALUES ('fc4715e6-573a-4237-bc33-a5b5157ddc0e','a41030b1-ed77-4e17-8771-e307a015243d','TP53','chr17',7674220,'G','A','SNV','missense_variant','p.Arg248Trp',0.4979,350,'oncogenic','COSV52743007','1','SBS5');
INSERT INTO somatic_mutation VALUES ('e29091d3-689a-4102-9c61-9e7259f701af','a41030b1-ed77-4e17-8771-e307a015243d','BRCA1','chr17',43094464,'T','A','SNV','missense_variant','p.Cys1697Ser',0.5685,271,'pathogenic','COSV52701256','1','SBS3');
INSERT INTO copy_number_variant VALUES ('25240934-8b96-4e53-829c-87b13a2ebf21','a41030b1-ed77-4e17-8771-e307a015243d','MYC','chr8',127700000,127800000,6.8,0.45,'neutral',0);
INSERT INTO copy_number_variant VALUES ('8cb62ceb-1617-431d-871d-8b91ea966502','a41030b1-ed77-4e17-8771-e307a015243d','CDKN2A','chr9',21967000,21995000,0.5,-1.65,'shallow_deletion',0);
INSERT INTO gene_expression VALUES ('dfb143cb-3dbd-4b65-84b4-90b94b120af5','a41030b1-ed77-4e17-8771-e307a015243d','ENSG00000091831','ESR1',624.59,62.46,1561,5.61,99.0);
INSERT INTO gene_expression VALUES ('8b20ff11-4a7c-447d-a19e-cc0c0dfb09c4','a41030b1-ed77-4e17-8771-e307a015243d','ENSG00000141736','ERBB2',5.0,0.5,12,-1.28,30.8);
INSERT INTO gene_expression VALUES ('2acbd229-4e12-499c-8909-599e5f012ed5','a41030b1-ed77-4e17-8771-e307a015243d','ENSG00000148773','MKI67',175.26,17.53,438,0.61,59.1);
INSERT INTO gene_expression VALUES ('7ed50bcf-32dd-4a57-8145-3b42e353e853','a41030b1-ed77-4e17-8771-e307a015243d','ENSG00000141510','TP53',48.47,1.6,335,-0.79,38.1);
INSERT INTO gene_expression VALUES ('e0b394ef-9a3e-4874-a114-9acd93c61a70','a41030b1-ed77-4e17-8771-e307a015243d','ENSG00000012048','BRCA1',46.87,1.81,302,-0.81,37.9);
INSERT INTO gene_expression VALUES ('ca2020e6-ef65-45a3-a7bb-1e425e280798','a41030b1-ed77-4e17-8771-e307a015243d','ENSG00000139618','BRCA2',52.95,4.21,279,-0.74,38.9);
INSERT INTO gene_expression VALUES ('6ce9840c-872a-4124-ba18-f04223280626','a41030b1-ed77-4e17-8771-e307a015243d','ENSG00000171862','PTEN',1.2,0.1,134,-1.32,30.2);
INSERT INTO gene_expression VALUES ('ccf1b90e-273e-42b9-a814-8fdc91a99e5e','a41030b1-ed77-4e17-8771-e307a015243d','ENSG00000136997','MYC',82.78,2.24,363,-0.41,43.9);
INSERT INTO protein_expression VALUES ('f12af956-eedb-4c1b-8654-be942ec1d55b','a41030b1-ed77-4e17-8771-e307a015243d','ESR1','P03372','IHC',0.29,179.0,4,'NULL');
INSERT INTO protein_expression VALUES ('5db9869d-3358-42c6-b4c3-3ae7b78f77bd','a41030b1-ed77-4e17-8771-e307a015243d','PGR','P06401','IHC',0.48,198.0,5,'NULL');
INSERT INTO protein_expression VALUES ('cb1ddc5f-f2aa-4867-99e2-56fd25410b0c','a41030b1-ed77-4e17-8771-e307a015243d','ERBB2','P04626','IHC',-1.13,37.0,1,'pY1248');
INSERT INTO protein_expression VALUES ('1f19a7d8-0896-441a-a82f-3f7f24fb2706','a41030b1-ed77-4e17-8771-e307a015243d','MKI67','P46013','IHC',-0.77,68.0,0,'NULL');
INSERT INTO epigenetic_mark VALUES ('7c039c20-716d-4bc6-94e2-a33aafb213f9','a41030b1-ed77-4e17-8771-e307a015243d','DNA_methylation','cg15629539',0.079,'-3.543','ESR1','CpG_island',NULL);
INSERT INTO epigenetic_mark VALUES ('69822661-c618-4ab2-9daf-2c70f6822259','a41030b1-ed77-4e17-8771-e307a015243d','DNA_methylation','cg27053763',0.125,'-2.807','BRCA1','promoter',NULL);
INSERT INTO epigenetic_mark VALUES ('9a933d65-9d03-4b76-9e98-3e56788c860d','a41030b1-ed77-4e17-8771-e307a015243d','H3K27ac','chr17:37800000-37850000',0.132,NULL,'ERBB2','enhancer','1.543');
INSERT INTO ncrna_profile VALUES ('14075fe3-554e-4c4e-b735-5869ffc89990','a41030b1-ed77-4e17-8771-e307a015243d','miRNA','hsa-miR-21-5p','miR-21-5p',2.35,'["PTEN", "PDCD4"]');
INSERT INTO ncrna_profile VALUES ('2d56637e-a8a8-4fd9-8e4b-8fd7af81b721','a41030b1-ed77-4e17-8771-e307a015243d','miRNA','hsa-miR-155-5p','miR-155-5p',5.67,'["SHIP1", "SOCS1"]');
INSERT INTO ncrna_profile VALUES ('736272a4-dffd-417e-ab5f-5ef5e6c5110d','a41030b1-ed77-4e17-8771-e307a015243d','lncRNA','ENSG00000228630','HOTAIR',1.35,'["SHIP1", "SOCS1"]');
INSERT INTO ncrna_profile VALUES ('fc8612a1-7b7f-4626-9bcf-74d28176f2d4','a41030b1-ed77-4e17-8771-e307a015243d','lncRNA','ENSG00000251562','MALAT1',69.08,'["SHIP1", "SOCS1"]');
INSERT INTO metabolomics_profile VALUES ('b5c472ee-91c3-4513-be52-1e3c75a64932','a41030b1-ed77-4e17-8771-e307a015243d','Lactate','HMDB0000190','C00186',1.37,'LC-MS','organic_acid',-0.42);
INSERT INTO metabolomics_profile VALUES ('6c6d244f-d813-4e3e-bb7c-78ae9a9e726a','a41030b1-ed77-4e17-8771-e307a015243d','Glutamine','HMDB0000641','C00064',0.34,'LC-MS','amino_acid',-1.11);
INSERT INTO metabolomics_profile VALUES ('dc727bd3-21ea-4fb3-9696-2abe54afe831','a41030b1-ed77-4e17-8771-e307a015243d','Glucose','HMDB0000122','C00031',5.39,'LC-MS','carbohydrate',2.26);
INSERT INTO metabolomics_profile VALUES ('21b676ff-e831-4375-b3f8-316499dc10ed','a41030b1-ed77-4e17-8771-e307a015243d','Phosphocholine','HMDB0001565','C00588',0.14,'LC-MS','lipid',-1.24);
INSERT INTO tumor_clone VALUES ('679d3ce2-dd87-4372-8b65-d4bdbf9810bf','a41030b1-ed77-4e17-8771-e307a015243d','clone_A',0.65,'[]',1,1,0.2029);
INSERT INTO tumor_clone VALUES ('5805723c-24d1-4e15-a6e2-5149b55fbf6b','a41030b1-ed77-4e17-8771-e307a015243d','clone_B',0.35,'[]',0,2,0.0819);
INSERT INTO cell_cycle_state VALUES ('81efffd6-bae1-4906-933d-29d4dce96789','a41030b1-ed77-4e17-8771-e307a015243d',0.738,0.132,0.084,0.046,24.3167,480.0,0.2);
INSERT INTO apoptosis_marker VALUES ('6c4a391c-0996-4acf-bb5f-386ab5413456','a41030b1-ed77-4e17-8771-e307a015243d',170.0,163.005,104.0,1.63,0.331,2.5878,0.7139);
INSERT INTO dna_repair_status VALUES ('c29a8be4-abbc-47f2-be82-4c9740286f86','a41030b1-ed77-4e17-8771-e307a015243d','mutated_somatic','mutated_somatic','proficient_MMR',0.04,0.5,30.5,0,'wildtype');
INSERT INTO metabolic_phenotype VALUES ('65e3e1cd-5079-4b7f-8232-09361146cc25','a41030b1-ed77-4e17-8771-e307a015243d',0.483,82.0177,0.3517,0.0978,0.1699,1.2765,0.6328);
INSERT INTO stemness_profile VALUES ('87149581-acb5-42e5-a973-f583710d730d','a41030b1-ed77-4e17-8771-e307a015243d',107.3426,0.0,4.3384,0.105,0.351,0.254,0.6182,0.5938);
INSERT INTO drug_resistance_feature VALUES ('e0a90413-c97c-467a-b231-720c670cfeb0','a41030b1-ed77-4e17-8771-e307a015243d',1.04,1.3702,0.5066,0.6301,'[]',0.9695);
INSERT INTO immune_infiltration VALUES ('a85bd7a7-cd8a-400d-b186-2ce4038aefd8','a41030b1-ed77-4e17-8771-e307a015243d',0.5,13.6659,6.3722,7.047,6.8174,10.6336,22.1416,3.3471,6.1687,'CIBERSORT');
INSERT INTO checkpoint_expression VALUES ('65697926-a103-4b05-800c-39a6e3940609','a41030b1-ed77-4e17-8771-e307a015243d',44.1,79.38,11.5001,13.8585,7.7497,7.722,10.071,33.8573);
INSERT INTO cytokine_milieu VALUES ('6ff128c4-b7cf-4f57-b3c0-953600f16253','a41030b1-ed77-4e17-8771-e307a015243d',43.3015,9.0095,1.8086,42.3737,14.4492,31.6,36.987,130.0348);
INSERT INTO stromal_composition VALUES ('e42d375c-d161-4db0-bd7b-dab0455cee63','a41030b1-ed77-4e17-8771-e307a015243d',0.3378,0.0446,0.1266,0.4004,3.151,21.9118);
INSERT INTO ecm_profile VALUES ('d2167b66-6f9c-4106-90f4-37ea735520e0','a41030b1-ed77-4e17-8771-e307a015243d',14.8575,9.3376,21.1215,0.3674,0.4595,0.9487,0.5356);
INSERT INTO hypoxia_vasculature VALUES ('bb96235b-6fb3-4aa6-9168-c36a89745ed5','a41030b1-ed77-4e17-8771-e307a015243d',0.63,0.4687,7.6,0.1094,103.8529,85.0616,151.5006,19.9,7.15);
INSERT INTO organ_function VALUES ('f383901a-9282-48aa-b80a-13305c21cb2a','8cd09fc4-c204-4ace-a246-5b01cd8aa97d','2023-01-01',61.1,1.1332,5.0704,33.0258,14.1812,38.2407,60.6,412.2056,1.0063);
INSERT INTO immune_baseline VALUES ('f82a0ea2-95c7-4631-a04f-80555be55cb7','8cd09fc4-c204-4ace-a246-5b01cd8aa97d','2023-01-01',7.08,1.63,4.26,2.6135,482.2376,344.8963,275.7532,8.5532);
INSERT INTO hormonal_profile VALUES ('6d82b44a-8c8c-4fc1-a965-9d6270768aef','8cd09fc4-c204-4ace-a246-5b01cd8aa97d','2023-01-01',2.0,0.35,377.0,73.4193,15.1547,2.0466,7.9926);
INSERT INTO pharmacogenomics VALUES ('ecf4bd28-ee03-4fb0-accd-f8b3c13173f3','8cd09fc4-c204-4ace-a246-5b01cd8aa97d','NM','PM','IM','*1/*1','normal',1,'NM');
INSERT INTO body_composition VALUES ('bc6bb2a3-8a75-4c82-8447-7e82f5938532','8cd09fc4-c204-4ace-a246-5b01cd8aa97d','2023-01-01',20.7,41.1,42.5212,94.8033,22.3356,1.7504);
INSERT INTO microbiome_profile VALUES ('d5882790-a904-4174-9c0a-75443df1d96b','8cd09fc4-c204-4ace-a246-5b01cd8aa97d','2023-01-01','gut','16S_rRNA_V4',3.1151,2.5658,0.0501,'[{"genus": "Bacteroides", "rel": 0.324}, {"genus": "Faecalibacterium", "rel": 0.187}, {"genus": "Akkermansia", "rel": 0.0501}]',0);
INSERT INTO tumor_staging VALUES ('802d99b1-3a1a-4081-9eca-a887e9ba705d','8cd09fc4-c204-4ace-a246-5b01cd8aa97d','2023-01-01','8500/3','C50.4','Invasive ductal carcinoma','T4','N3','M1','IV',3,'right');
INSERT INTO imaging_measurement VALUES ('d87661fb-399d-4f9d-9342-0981f489e43c','8cd09fc4-c204-4ace-a246-5b01cd8aa97d','2022-12-24','MRI','L1','primary_left_breast',16.2,2226.0949,4.8989,'SD','{"entropy": 4.37, "sphericity": 0.9}');
INSERT INTO pathology_report VALUES ('2a0a034f-6e70-4e7a-abc2-7761b54d7830','8cd09fc4-c204-4ace-a246-5b01cd8aa97d','2023-01-01','core_needle_biopsy','R0',8,9,0,0,8.5984);
INSERT INTO performance_status VALUES ('b648d647-d48f-4ada-aaaf-a8e98f20cd18','8cd09fc4-c204-4ace-a246-5b01cd8aa97d','2023-01-01',1,84,1,44.7994);
INSERT INTO liquid_biopsy VALUES ('04fc7ee1-0f40-4655-8282-a09976b6a163','8cd09fc4-c204-4ace-a246-5b01cd8aa97d','2023-01-01',0.0087,3.915,0,'[]','detected',10.7283);
INSERT INTO treatment_regimen VALUES ('90113468-444e-46da-8d98-99b9ba8488e2','8cd09fc4-c204-4ace-a246-5b01cd8aa97d',1,'Palbociclib+Let','palliative','2023-02-12','2023-10-21','planned_completion','PR',311);
INSERT INTO treatment_drug_dose VALUES ('cc51e711-386a-4116-9500-fd95512d4769','90113468-444e-46da-8d98-99b9ba8488e2','14234f22-ddb9-4e92-883c-bd55730bb629','2023-02-12',85.0,78.0,8.2,'IV',1,2.0589);
INSERT INTO adverse_event VALUES ('c7a7da4e-d4e4-42d7-ab88-dc000f35d365','8cd09fc4-c204-4ace-a246-5b01cd8aa97d','90113468-444e-46da-8d98-99b9ba8488e2','Nausea',1,'2023-03-16','2023-04-24','probable','none');
INSERT INTO adverse_event VALUES ('ab5d11d1-654d-4d9f-8b37-d460840c9f70','8cd09fc4-c204-4ace-a246-5b01cd8aa97d','90113468-444e-46da-8d98-99b9ba8488e2','Neutropenia',3,'2023-03-07','2023-03-23','probable','dose_reduction');
INSERT INTO adverse_event VALUES ('393c55f4-6d8c-4b69-81f6-7efdff8c0083','8cd09fc4-c204-4ace-a246-5b01cd8aa97d','90113468-444e-46da-8d98-99b9ba8488e2','Arthralgia',2,'2023-03-19','2023-05-12','probable','none');
INSERT INTO adverse_event VALUES ('3295c5e8-da0b-414b-9d5b-34743a417c86','8cd09fc4-c204-4ace-a246-5b01cd8aa97d','90113468-444e-46da-8d98-99b9ba8488e2','Hand-foot syndrome',2,'2023-03-03','2023-03-28','probable','none');
INSERT INTO carcinogen_exposure VALUES ('f2f7d8c3-cc89-4387-849d-3bf14c84da63','8cd09fc4-c204-4ace-a246-5b01cd8aa97d','current',23.6528,6.7591,35.0322,102.3664,'[]',0.0,0);
INSERT INTO diet_nutrition VALUES ('0f82fc30-876a-41fa-9960-d379786be1e8','8cd09fc4-c204-4ace-a246-5b01cd8aa97d','2023-01-01','FFQ',1410.1494,103.6722,183.2453,53.0008,10.9907,30.8347,18.3962,4.8174,'Western');
INSERT INTO physical_activity VALUES ('1e073a77-ffc0-4f66-9f7f-7b4884786215','8cd09fc4-c204-4ace-a246-5b01cd8aa97d','2023-01-01',492.9789,143.8015,166.6928,4.3133,27.8372,2255,20.7892);
INSERT INTO stress_psychology VALUES ('74def115-f7f0-43cd-ae1f-6331877b6c6a','8cd09fc4-c204-4ace-a246-5b01cd8aa97d','2023-01-01',9,9,7,26.8862,233.74,5.2359,10);
INSERT INTO environmental_exposure VALUES ('decfa5ec-f9a5-4029-8efb-94b39876dcde','8cd09fc4-c204-4ace-a246-5b01cd8aa97d','2023-01-01',18.015,27.1346,49.5153,'negative',NULL,'negative','negative',9.4114,'naive');
INSERT INTO socioeconomic_context VALUES ('629efc81-33c0-4a1e-b73c-42746620818e','8cd09fc4-c204-4ace-a246-5b01cd8aa97d','2023-01-01',32.9489,'public_Medicaid',0.2517,0.9129,60.7894,'unable_to_work_disability',35.8109,11);
INSERT INTO circadian_profile VALUES ('b5e1c3e0-5317-482b-b17f-84b8db077aed','8cd09fc4-c204-4ace-a246-5b01cd8aa97d','2023-01-01','evening',79.4943,28.7271,'22:59',326.3826,0,12);

-- Patient 46: HR+ metastatic
INSERT INTO patient VALUES ('3151892d-8253-4009-bafa-c67021f16201','MRN-8941873','1966-11-11','female','Black or African American','{"EUR": 0.71, "AFR": 0.08}','2023-02-13','2023-02-13');
INSERT INTO genomic_sample VALUES ('293292d0-d1d3-48ef-b72d-163c23dff58d','3151892d-8253-4009-bafa-c67021f16201','tumor','C50.4','2023-02-25','Guardant360',0.59,0,'FFPE');
INSERT INTO somatic_mutation VALUES ('d0fd8799-3b9a-44ee-98d0-4fa81991a21e','293292d0-d1d3-48ef-b72d-163c23dff58d','TP53','chr17',7674220,'G','A','SNV','missense_variant','p.Arg248Trp',0.4561,141,'oncogenic','COSV52743007','1','SBS5');
INSERT INTO somatic_mutation VALUES ('9aab6d38-5f11-4f98-a7ff-9e56901bec7f','293292d0-d1d3-48ef-b72d-163c23dff58d','GATA3','chr10',8115610,'CT','C','indel','frameshift_variant','p.Thr443fs',0.2623,257,'oncogenic','COSV52704812','1','SBS5');
INSERT INTO somatic_mutation VALUES ('ba766189-7552-48dd-8261-aa3ef16f598f','293292d0-d1d3-48ef-b72d-163c23dff58d','BRCA2','chr13',32338709,'A','T','SNV','stop_gained','p.Lys1690Ter',0.4043,237,'pathogenic','COSV52712043','1','SBS3');
INSERT INTO somatic_mutation VALUES ('682ea21e-4025-499b-906d-07d239b1acbb','293292d0-d1d3-48ef-b72d-163c23dff58d','CCND1','chr11',69465258,'G','T','SNV','missense_variant','p.Pro241Leu',0.1672,122,'oncogenic','COSV52718943','3A','SBS1');
INSERT INTO copy_number_variant VALUES ('7ff67e98-bbab-46ad-a751-7996e905cc35','293292d0-d1d3-48ef-b72d-163c23dff58d','MYC','chr8',127700000,127800000,2.4,0.33,'neutral',0);
INSERT INTO copy_number_variant VALUES ('1a334f15-7a4c-438f-a909-8c9c4941a6ae','293292d0-d1d3-48ef-b72d-163c23dff58d','CDKN2A','chr9',21967000,21995000,0.9,-2.08,'shallow_deletion',0);
INSERT INTO gene_expression VALUES ('e7cb965a-fdd6-46a9-9abb-3b292cd2789a','293292d0-d1d3-48ef-b72d-163c23dff58d','ENSG00000091831','ESR1',842.43,84.24,2106,8.03,99.0);
INSERT INTO gene_expression VALUES ('e6863c3b-4ec5-48fa-91fe-f632661434cc','293292d0-d1d3-48ef-b72d-163c23dff58d','ENSG00000141736','ERBB2',5.0,0.5,12,-1.28,30.8);
INSERT INTO gene_expression VALUES ('801c37a2-6ffe-450c-a2f6-e98077842ee8','293292d0-d1d3-48ef-b72d-163c23dff58d','ENSG00000148773','MKI67',405.73,40.57,1014,3.17,97.5);
INSERT INTO gene_expression VALUES ('280ed73d-0a89-4f1a-ac06-11a0f69563c8','293292d0-d1d3-48ef-b72d-163c23dff58d','ENSG00000141510','TP53',66.66,9.59,319,-0.59,41.1);
INSERT INTO gene_expression VALUES ('75928774-bff8-4b94-975f-21127d3fcda4','293292d0-d1d3-48ef-b72d-163c23dff58d','ENSG00000012048','BRCA1',31.25,4.25,311,-0.99,35.1);
INSERT INTO gene_expression VALUES ('2e91db8d-7e3b-4b35-af00-d8d1668f0399','293292d0-d1d3-48ef-b72d-163c23dff58d','ENSG00000139618','BRCA2',2.13,4.41,225,-1.31,30.3);
INSERT INTO gene_expression VALUES ('0344b71d-4296-43e9-8b91-6d2d4ef03ea6','293292d0-d1d3-48ef-b72d-163c23dff58d','ENSG00000171862','PTEN',12.29,4.14,230,-1.2,32.0);
INSERT INTO gene_expression VALUES ('bf727f9b-6a99-426f-a438-1061134d253f','293292d0-d1d3-48ef-b72d-163c23dff58d','ENSG00000136997','MYC',64.41,6.11,249,-0.62,40.7);
INSERT INTO protein_expression VALUES ('3f652878-f2d6-4041-a24f-8937af0f9dd2','293292d0-d1d3-48ef-b72d-163c23dff58d','ESR1','P03372','IHC',0.51,201.0,5,'NULL');
INSERT INTO protein_expression VALUES ('09e5aff2-c65b-47d5-badd-9912bb6edc14','293292d0-d1d3-48ef-b72d-163c23dff58d','PGR','P06401','IHC',-0.29,121.0,3,'NULL');
INSERT INTO protein_expression VALUES ('f3531f58-3f40-4cd3-afa4-c44742e45cd6','293292d0-d1d3-48ef-b72d-163c23dff58d','ERBB2','P04626','IHC',-1.2,30.0,1,'pY1248');
INSERT INTO protein_expression VALUES ('8e7a45b2-afc9-4f28-9491-f7bfc560ba9a','293292d0-d1d3-48ef-b72d-163c23dff58d','MKI67','P46013','IHC',0.2,158.0,0,'NULL');
INSERT INTO epigenetic_mark VALUES ('181d749e-d560-48d1-ba55-48688688fc53','293292d0-d1d3-48ef-b72d-163c23dff58d','DNA_methylation','cg15629539',0.194,'-2.055','ESR1','CpG_island',NULL);
INSERT INTO epigenetic_mark VALUES ('707f793b-9c98-4380-984e-37107e5f77fc','293292d0-d1d3-48ef-b72d-163c23dff58d','DNA_methylation','cg27053763',0.129,'-2.755','BRCA1','promoter',NULL);
INSERT INTO epigenetic_mark VALUES ('3f0b2e2c-0e44-4f91-a534-38fac626f074','293292d0-d1d3-48ef-b72d-163c23dff58d','H3K27ac','chr17:37800000-37850000',0.371,NULL,'ERBB2','enhancer','0.124');
INSERT INTO ncrna_profile VALUES ('76ae3ff3-55b5-495d-9081-73bd4c04e5b1','293292d0-d1d3-48ef-b72d-163c23dff58d','miRNA','hsa-miR-21-5p','miR-21-5p',2.66,'["PTEN", "PDCD4"]');
INSERT INTO ncrna_profile VALUES ('4c46a788-7f51-4b4f-8f30-d3b9177c9abe','293292d0-d1d3-48ef-b72d-163c23dff58d','miRNA','hsa-miR-155-5p','miR-155-5p',5.27,'["SHIP1", "SOCS1"]');
INSERT INTO ncrna_profile VALUES ('679f32ef-a8d8-492d-8bcb-f13322cb3135','293292d0-d1d3-48ef-b72d-163c23dff58d','lncRNA','ENSG00000228630','HOTAIR',3.07,'["SHIP1", "SOCS1"]');
INSERT INTO ncrna_profile VALUES ('0f3464fd-e0da-4a7e-92fb-b2e631aa868b','293292d0-d1d3-48ef-b72d-163c23dff58d','lncRNA','ENSG00000251562','MALAT1',57.12,'["SHIP1", "SOCS1"]');
INSERT INTO metabolomics_profile VALUES ('079ffa2e-c3d2-43cb-b1b0-237f161b229f','293292d0-d1d3-48ef-b72d-163c23dff58d','Lactate','HMDB0000190','C00186',1.74,'LC-MS','organic_acid',-0.17);
INSERT INTO metabolomics_profile VALUES ('d0393aff-89d9-41bd-a6a1-7749c4f2c0df','293292d0-d1d3-48ef-b72d-163c23dff58d','Glutamine','HMDB0000641','C00064',0.31,'LC-MS','amino_acid',-1.13);
INSERT INTO metabolomics_profile VALUES ('e98b7f8b-ac97-4b00-96f3-01f0ddabae20','293292d0-d1d3-48ef-b72d-163c23dff58d','Glucose','HMDB0000122','C00031',5.57,'LC-MS','carbohydrate',2.38);
INSERT INTO metabolomics_profile VALUES ('ef2ba4fd-28cf-403d-8c53-836f09a9f3c9','293292d0-d1d3-48ef-b72d-163c23dff58d','Phosphocholine','HMDB0001565','C00588',0.12,'LC-MS','lipid',-1.25);
INSERT INTO tumor_clone VALUES ('75d466ef-e2f6-472c-a70c-b436c31f5f44','293292d0-d1d3-48ef-b72d-163c23dff58d','clone_A',0.77,'[]',1,1,0.1081);
INSERT INTO tumor_clone VALUES ('3fba7a15-9be3-40bf-8305-202fe2250508','293292d0-d1d3-48ef-b72d-163c23dff58d','clone_B',0.23,'[]',0,2,0.1375);
INSERT INTO cell_cycle_state VALUES ('1615fe3a-b985-43d2-b89e-2e2b17282933','293292d0-d1d3-48ef-b72d-163c23dff58d',0.496,0.249,0.154,0.101,56.5949,247.0,7.9);
INSERT INTO apoptosis_marker VALUES ('77450311-7ebc-4e63-87bc-e31427ccde65','293292d0-d1d3-48ef-b72d-163c23dff58d',235.0,103.788,82.0,2.87,0.1814,3.4009,0.624);
INSERT INTO dna_repair_status VALUES ('866ff77d-3d27-43a3-98bf-c48bffbe239f','293292d0-d1d3-48ef-b72d-163c23dff58d','mutated_somatic','mutated_somatic','proficient_MMR',0.04,5.2,60.4,0,'wildtype');
INSERT INTO metabolic_phenotype VALUES ('3f4e3ca4-aad5-4d3d-b28c-0e7399b5b0e3','293292d0-d1d3-48ef-b72d-163c23dff58d',0.363,102.7681,0.2838,0.4474,0.3078,0.9913,0.5789);
INSERT INTO stemness_profile VALUES ('7b9a879e-92b3-4c19-a3b9-d0ed325b6ae5','293292d0-d1d3-48ef-b72d-163c23dff58d',75.6661,12.9225,0.0,0.2247,0.378,0.229,0.05,0.0848);
INSERT INTO drug_resistance_feature VALUES ('60dce491-6e99-41f2-9181-b663c16addfe','293292d0-d1d3-48ef-b72d-163c23dff58d',0.99,0.8599,0.4716,1.4638,'[]',0.4356);
INSERT INTO immune_infiltration VALUES ('aba9c7f5-1f27-425f-abbc-dda0b441301e','293292d0-d1d3-48ef-b72d-163c23dff58d',3.4,5.1175,10.1088,2.347,5.1205,12.5164,22.4712,4.0639,2.2149,'CIBERSORT');
INSERT INTO checkpoint_expression VALUES ('cdd4e23a-dc9d-45fe-8295-b3676babb255','293292d0-d1d3-48ef-b72d-163c23dff58d',0.0,0.0,13.1913,6.3734,19.3801,11.943,8.8557,42.0339);
INSERT INTO cytokine_milieu VALUES ('4a942c91-76e6-4cd9-be1c-5a2e460801d2','293292d0-d1d3-48ef-b72d-163c23dff58d',22.5723,13.3633,6.4968,6.4845,13.0387,15.9,31.322,72.9498);
INSERT INTO stromal_composition VALUES ('6002e653-5c18-4dae-ba0e-01a8178c8eed','293292d0-d1d3-48ef-b72d-163c23dff58d',0.2745,0.0713,0.02,0.439,2.7543,33.4913);
INSERT INTO ecm_profile VALUES ('1d697ce9-d6d5-4bcd-901b-97b983e3ea01','293292d0-d1d3-48ef-b72d-163c23dff58d',8.2192,7.0438,13.8755,0.5163,0.3997,0.5932,0.1912);
INSERT INTO hypoxia_vasculature VALUES ('9e786dcf-fb06-4bf4-97e1-ef1861b6ab01','293292d0-d1d3-48ef-b72d-163c23dff58d',0.7,0.4296,5.3,0.1649,75.5233,147.0226,92.7958,7.0,7.04);
INSERT INTO organ_function VALUES ('9544bbd5-4c86-4f7c-bf20-844395929cb3','3151892d-8253-4009-bafa-c67021f16201','2023-02-13',76.5,1.318,13.0232,15.7499,10.5475,35.1243,60.7,415.7194,1.1997);
INSERT INTO immune_baseline VALUES ('2c7d0b88-bfe9-48ab-8c71-ba890d46ee96','3151892d-8253-4009-bafa-c67021f16201','2023-02-13',7.14,0.98,4.32,4.4082,399.8147,330.7349,361.489,8.181);
INSERT INTO hormonal_profile VALUES ('d9f55896-ee08-40e2-955e-d4e429f33dc2','3151892d-8253-4009-bafa-c67021f16201','2023-02-13',21.8,0.62,480.0,46.0416,19.8182,2.3074,8.3891);
INSERT INTO pharmacogenomics VALUES ('1bfb239e-0dfc-420f-9081-733e89e2291b','3151892d-8253-4009-bafa-c67021f16201','NM','NM','NM','*28/*28','low',0,'NM');
INSERT INTO body_composition VALUES ('2303de69-0116-4d86-8446-413fe2ca5275','3151892d-8253-4009-bafa-c67021f16201','2023-02-13',25.9,41.8,20.3222,116.9474,29.2859,1.6685);
INSERT INTO microbiome_profile VALUES ('85e11441-f6dc-4541-9755-8cb1f622b184','3151892d-8253-4009-bafa-c67021f16201','2023-02-13','gut','16S_rRNA_V4',3.317,1.1063,0.0365,'[{"genus": "Bacteroides", "rel": 0.311}, {"genus": "Faecalibacterium", "rel": 0.162}, {"genus": "Akkermansia", "rel": 0.0365}]',0);
INSERT INTO tumor_staging VALUES ('91a5d04a-86c4-4da8-8609-f8ae8dc21223','3151892d-8253-4009-bafa-c67021f16201','2023-02-13','8500/3','C50.4','Invasive ductal carcinoma','T4','N3','M1','IV',1,'right');
INSERT INTO imaging_measurement VALUES ('099590de-5692-4ae0-af70-78c47cfb2865','3151892d-8253-4009-bafa-c67021f16201','2023-01-29','MRI','L1','primary_left_breast',21.3,5059.8476,4.665,'SD','{"entropy": 7.21, "sphericity": 0.79}');
INSERT INTO pathology_report VALUES ('09006e19-dc6e-4606-b232-410513537fbd','3151892d-8253-4009-bafa-c67021f16201','2023-02-13','core_needle_biopsy','R0',6,14,0,0,28.5719);
INSERT INTO performance_status VALUES ('c2652106-52ae-4518-8477-79938f7347a4','3151892d-8253-4009-bafa-c67021f16201','2023-02-13',2,77,2,36.2291);
INSERT INTO liquid_biopsy VALUES ('8049baf0-b8be-4d6c-bc40-c17cc720becc','3151892d-8253-4009-bafa-c67021f16201','2023-02-13',0.0852,38.34,7,'[]','detected',10.6614);
INSERT INTO treatment_regimen VALUES ('4997c2bb-45a1-42eb-bffd-9794cb7d7a19','3151892d-8253-4009-bafa-c67021f16201',1,'Palbociclib+Let','palliative','2023-03-23','2024-08-30','planned_completion','PR',344);
INSERT INTO treatment_drug_dose VALUES ('3ecd0c8b-2291-495e-93cf-a8f0d86ba99b','4997c2bb-45a1-42eb-bffd-9794cb7d7a19','14234f22-ddb9-4e92-883c-bd55730bb629','2023-03-23',62.0,61.0,1.6,'IV',1,2.3305);
INSERT INTO adverse_event VALUES ('602e88a5-53c9-4a08-b528-b67530c3697d','3151892d-8253-4009-bafa-c67021f16201','4997c2bb-45a1-42eb-bffd-9794cb7d7a19','Alopecia',3,'2023-04-21','2023-05-03','probable','dose_reduction');
INSERT INTO adverse_event VALUES ('7b5eafe0-8203-48d3-adf3-1cb4d23be712','3151892d-8253-4009-bafa-c67021f16201','4997c2bb-45a1-42eb-bffd-9794cb7d7a19','Diarrhoea',1,'2023-05-11','2023-06-21','probable','none');
INSERT INTO adverse_event VALUES ('642de4fa-aff6-4a25-b7a2-6ee22e08d32a','3151892d-8253-4009-bafa-c67021f16201','4997c2bb-45a1-42eb-bffd-9794cb7d7a19','Neutropenia',1,'2023-04-28','2023-05-24','probable','none');
INSERT INTO adverse_event VALUES ('54898628-d084-4eb8-8855-6e1554693046','3151892d-8253-4009-bafa-c67021f16201','4997c2bb-45a1-42eb-bffd-9794cb7d7a19','Peripheral sensory neuropathy',3,'2023-04-11','2023-04-23','probable','dose_reduction');
INSERT INTO carcinogen_exposure VALUES ('ac54e10b-c8a0-4c45-a979-d256600dd3cd','3151892d-8253-4009-bafa-c67021f16201','former',13.4836,9.3287,32.6,89.1305,'[]',0.0,0);
INSERT INTO diet_nutrition VALUES ('7828a863-aea6-4f31-8ee7-62b779f8d28b','3151892d-8253-4009-bafa-c67021f16201','2023-02-13','FFQ',1773.7905,91.4164,161.86,98.2967,29.979,29.472,28.25,6.6604,'Mediterranean');
INSERT INTO physical_activity VALUES ('ef88d180-fce9-45f8-8e73-40e5b0e26459','3151892d-8253-4009-bafa-c67021f16201','2023-02-13',650.0729,168.0827,65.3701,8.0898,25.4327,8901,31.6452);
INSERT INTO stress_psychology VALUES ('cddb4d79-6fd2-47e4-b91e-5637d662ea63','3151892d-8253-4009-bafa-c67021f16201','2023-02-13',22,10,8,35.6487,297.6,4.4298,6);
INSERT INTO environmental_exposure VALUES ('0ece90c8-cd60-446c-8a48-ed532578d180','3151892d-8253-4009-bafa-c67021f16201','2023-02-13',2.0,22.4434,61.0177,'negative',NULL,'negative','negative',7.2271,'naive');
INSERT INTO socioeconomic_context VALUES ('d492c817-723e-4ab5-84f7-527db77d4e01','3151892d-8253-4009-bafa-c67021f16201','2023-02-13',49.6439,'public_Medicare',1.0,0.8773,84.3743,'retired',18.6363,19);
INSERT INTO circadian_profile VALUES ('fe234f3b-3d11-4e01-a62d-2617b2143212','3151892d-8253-4009-bafa-c67021f16201','2023-02-13','evening',88.9581,21.3532,'22:14',744.4182,0,11);

-- Patient 47: HR+/HER2- early
INSERT INTO patient VALUES ('2a08f3d0-b8ad-47f0-97db-9d2a65fd20be','MRN-0998564','1955-01-26','female','East Asian','{"EUR": 0.45, "AFR": 0.24}','2020-06-15','2020-06-15');
INSERT INTO genomic_sample VALUES ('a9a35e0e-e1da-44ed-bba6-94db04f714a7','2a08f3d0-b8ad-47f0-97db-9d2a65fd20be','tumor','C50.4','2020-06-20','Illumina NovaSeq 6000 WGS',0.72,0,'FFPE');
INSERT INTO somatic_mutation VALUES ('329ff89e-8b15-4a04-af9e-21b49b0b0f03','a9a35e0e-e1da-44ed-bba6-94db04f714a7','BRCA2','chr13',32338709,'A','T','SNV','stop_gained','p.Lys1690Ter',0.4235,175,'pathogenic','COSV52712043','1','SBS3');
INSERT INTO somatic_mutation VALUES ('ea9a1ab0-620d-4950-bb28-1d5a84f88c3f','a9a35e0e-e1da-44ed-bba6-94db04f714a7','BRCA1','chr17',43094464,'T','A','SNV','missense_variant','p.Cys1697Ser',0.4457,374,'pathogenic','COSV52701256','1','SBS3');
INSERT INTO somatic_mutation VALUES ('066fc432-2528-4793-b162-33770a20a0b3','a9a35e0e-e1da-44ed-bba6-94db04f714a7','PTEN','chr10',89692905,'G','A','SNV','missense_variant','p.Arg130Gly',0.2654,278,'oncogenic','COSV52731827','1','SBS5');
INSERT INTO somatic_mutation VALUES ('1bc7d7a2-2085-480c-9b7f-fb3168729f4e','a9a35e0e-e1da-44ed-bba6-94db04f714a7','ESR1','chr6',152098794,'T','C','SNV','missense_variant','p.Tyr537Cys',0.1781,266,'oncogenic','COSV52744551','1','SBS1');
INSERT INTO somatic_mutation VALUES ('c6fd50df-7855-4a61-892d-80cbc05c4fc3','a9a35e0e-e1da-44ed-bba6-94db04f714a7','GATA3','chr10',8115610,'CT','C','indel','frameshift_variant','p.Thr443fs',0.216,214,'oncogenic','COSV52704812','1','SBS5');
INSERT INTO somatic_mutation VALUES ('e9f0c80d-c034-4e76-969b-80932a08dde2','a9a35e0e-e1da-44ed-bba6-94db04f714a7','CCND1','chr11',69465258,'G','T','SNV','missense_variant','p.Pro241Leu',0.1881,200,'oncogenic','COSV52718943','3A','SBS1');
INSERT INTO copy_number_variant VALUES ('40a02bb0-2929-4fdd-85cd-bbe7b7a56cd1','a9a35e0e-e1da-44ed-bba6-94db04f714a7','MYC','chr8',127700000,127800000,6.0,1.36,'neutral',0);
INSERT INTO copy_number_variant VALUES ('86a60c9f-2d04-4fd3-9431-e4318c3eb3f2','a9a35e0e-e1da-44ed-bba6-94db04f714a7','CDKN2A','chr9',21967000,21995000,0.4,-1.42,'shallow_deletion',0);
INSERT INTO gene_expression VALUES ('d847048a-d3b8-491f-9e46-f78580115da7','a9a35e0e-e1da-44ed-bba6-94db04f714a7','ENSG00000091831','ESR1',837.01,83.7,2093,7.97,99.0);
INSERT INTO gene_expression VALUES ('d1ed7242-ee63-473a-bb15-b3e4e6c83141','a9a35e0e-e1da-44ed-bba6-94db04f714a7','ENSG00000141736','ERBB2',5.0,0.5,12,-1.28,30.8);
INSERT INTO gene_expression VALUES ('d548fe47-bb9b-4910-b1e2-60179b4d95c7','a9a35e0e-e1da-44ed-bba6-94db04f714a7','ENSG00000148773','MKI67',102.03,10.2,255,-0.2,47.0);
INSERT INTO gene_expression VALUES ('6c1a9ab7-5ad9-4442-b5f5-35b3719a676b','a9a35e0e-e1da-44ed-bba6-94db04f714a7','ENSG00000141510','TP53',100.69,4.62,309,-0.21,46.9);
INSERT INTO gene_expression VALUES ('75b005f9-3288-4056-9763-c491e86c472f','a9a35e0e-e1da-44ed-bba6-94db04f714a7','ENSG00000012048','BRCA1',34.42,1.85,93,-0.95,35.8);
INSERT INTO gene_expression VALUES ('f2ccba80-8c0f-4159-ba7d-7cb3d70c0f70','a9a35e0e-e1da-44ed-bba6-94db04f714a7','ENSG00000139618','BRCA2',58.88,1.63,218,-0.68,39.8);
INSERT INTO gene_expression VALUES ('5998f9ef-96db-44b1-9993-575779218b6d','a9a35e0e-e1da-44ed-bba6-94db04f714a7','ENSG00000171862','PTEN',52.61,1.25,289,-0.75,38.8);
INSERT INTO gene_expression VALUES ('0c321352-e931-4a7b-9546-64389077f581','a9a35e0e-e1da-44ed-bba6-94db04f714a7','ENSG00000136997','MYC',24.42,5.99,134,-1.06,34.1);
INSERT INTO protein_expression VALUES ('adb03a92-427f-4e85-b85c-c2e86f6813bd','a9a35e0e-e1da-44ed-bba6-94db04f714a7','ESR1','P03372','IHC',0.59,209.0,5,'NULL');
INSERT INTO protein_expression VALUES ('b55d8284-fbba-4937-bbb5-908ef0ec30f6','a9a35e0e-e1da-44ed-bba6-94db04f714a7','PGR','P06401','IHC',0.41,191.0,5,'NULL');
INSERT INTO protein_expression VALUES ('f2665934-2de6-4912-a90b-f502e9c45bc6','a9a35e0e-e1da-44ed-bba6-94db04f714a7','ERBB2','P04626','IHC',-1.39,11.0,0,'pY1248');
INSERT INTO protein_expression VALUES ('c5ed0723-413c-43bf-a059-4283789fae9c','a9a35e0e-e1da-44ed-bba6-94db04f714a7','MKI67','P46013','IHC',-1.1,37.0,0,'NULL');
INSERT INTO epigenetic_mark VALUES ('97d8e956-7676-479f-be5c-58ccba97ab73','a9a35e0e-e1da-44ed-bba6-94db04f714a7','DNA_methylation','cg15629539',0.07,'-3.732','ESR1','CpG_island',NULL);
INSERT INTO epigenetic_mark VALUES ('32464fe0-b40a-4d82-b071-aee1f07c56f5','a9a35e0e-e1da-44ed-bba6-94db04f714a7','DNA_methylation','cg27053763',0.167,'-2.318','BRCA1','promoter',NULL);
INSERT INTO epigenetic_mark VALUES ('7060d938-46e1-4068-9bb6-7d31d0f9c5ed','a9a35e0e-e1da-44ed-bba6-94db04f714a7','H3K27ac','chr17:37800000-37850000',0.085,NULL,'ERBB2','enhancer','1.096');
INSERT INTO ncrna_profile VALUES ('67e5a4e0-885a-44b4-8420-c059bbf1df99','a9a35e0e-e1da-44ed-bba6-94db04f714a7','miRNA','hsa-miR-21-5p','miR-21-5p',3.79,'["PTEN", "PDCD4"]');
INSERT INTO ncrna_profile VALUES ('0533c4f6-b764-4efc-8bac-1ef7a320c452','a9a35e0e-e1da-44ed-bba6-94db04f714a7','miRNA','hsa-miR-155-5p','miR-155-5p',6.73,'["SHIP1", "SOCS1"]');
INSERT INTO ncrna_profile VALUES ('aefc4b06-c3f0-4fc1-a827-495c04eb59c2','a9a35e0e-e1da-44ed-bba6-94db04f714a7','lncRNA','ENSG00000228630','HOTAIR',2.18,'["SHIP1", "SOCS1"]');
INSERT INTO ncrna_profile VALUES ('8079b8e8-78ae-4e57-b62f-55e3ec60edfd','a9a35e0e-e1da-44ed-bba6-94db04f714a7','lncRNA','ENSG00000251562','MALAT1',44.02,'["SHIP1", "SOCS1"]');
INSERT INTO metabolomics_profile VALUES ('bfc5e4ed-4943-4d0e-9685-f148e148d64c','a9a35e0e-e1da-44ed-bba6-94db04f714a7','Lactate','HMDB0000190','C00186',1.62,'LC-MS','organic_acid',-0.25);
INSERT INTO metabolomics_profile VALUES ('1d3275ae-f932-4f6e-96b6-98a9411d5aed','a9a35e0e-e1da-44ed-bba6-94db04f714a7','Glutamine','HMDB0000641','C00064',0.24,'LC-MS','amino_acid',-1.17);
INSERT INTO metabolomics_profile VALUES ('6513c321-b1d3-4a98-920b-bf5aca0d7205','a9a35e0e-e1da-44ed-bba6-94db04f714a7','Glucose','HMDB0000122','C00031',6.28,'LC-MS','carbohydrate',2.85);
INSERT INTO metabolomics_profile VALUES ('55b7b035-b8cf-484d-a73e-8784e51c2348','a9a35e0e-e1da-44ed-bba6-94db04f714a7','Phosphocholine','HMDB0001565','C00588',0.17,'LC-MS','lipid',-1.22);
INSERT INTO tumor_clone VALUES ('9e017ffb-01fc-4c00-8e1c-554d42939447','a9a35e0e-e1da-44ed-bba6-94db04f714a7','clone_A',0.8,'[]',1,1,0.1613);
INSERT INTO tumor_clone VALUES ('867e9859-6f28-449d-970f-58584453925f','a9a35e0e-e1da-44ed-bba6-94db04f714a7','clone_B',0.2,'[]',0,2,0.0743);
INSERT INTO cell_cycle_state VALUES ('6269a12d-be33-40ce-bb8c-5022ef0f15af','a9a35e0e-e1da-44ed-bba6-94db04f714a7',0.8,0.05,0.028,0.122,13.2232,480.0,0.0);
INSERT INTO apoptosis_marker VALUES ('8a2819d2-2628-4f08-95e1-76d4b9183037','a9a35e0e-e1da-44ed-bba6-94db04f714a7',211.0,153.1353,76.0,2.78,0.1604,5.8702,0.907);
INSERT INTO dna_repair_status VALUES ('1f46eb1e-0470-4b33-a843-e3c06ce46afa','a9a35e0e-e1da-44ed-bba6-94db04f714a7','mutated_somatic','mutated_somatic','proficient_MMR',0.04,0.5,2.9,0,'wildtype');
INSERT INTO metabolic_phenotype VALUES ('95f88afc-347b-4142-ab2b-db057ef97b8d','a9a35e0e-e1da-44ed-bba6-94db04f714a7',0.533,108.7485,0.2802,0.5876,0.05,1.546,0.6748);
INSERT INTO stemness_profile VALUES ('77bc19e3-954d-415a-8e26-0f6cb5dc94c1','a9a35e0e-e1da-44ed-bba6-94db04f714a7',69.8133,16.8777,2.9209,0.1745,0.23,0.103,0.4905,0.5939);
INSERT INTO drug_resistance_feature VALUES ('b0fae789-e50a-4d25-9359-bd260742f9b6','a9a35e0e-e1da-44ed-bba6-94db04f714a7',1.17,0.05,0.5251,0.637,'[]',0.9933);
INSERT INTO immune_infiltration VALUES ('c62b3e67-360f-400b-982f-c839d01c3b69','a9a35e0e-e1da-44ed-bba6-94db04f714a7',4.5,9.1427,3.0175,3.3338,7.9242,10.0944,11.3965,3.6484,8.738,'CIBERSORT');
INSERT INTO checkpoint_expression VALUES ('1cc06f90-42e5-4e2e-83a5-e5205ef538b8','a9a35e0e-e1da-44ed-bba6-94db04f714a7',14.7,26.46,5.9292,16.6145,14.6161,11.6772,9.8522,36.8576);
INSERT INTO cytokine_milieu VALUES ('7e5ae268-627c-4aa7-be62-234577374bdc','a9a35e0e-e1da-44ed-bba6-94db04f714a7',25.5174,10.3527,6.7276,23.0619,17.398,21.1,71.0797,137.3599);
INSERT INTO stromal_composition VALUES ('0ae0d1fc-0bbd-40c3-883b-d49a1ab46a6b','a9a35e0e-e1da-44ed-bba6-94db04f714a7',0.3229,0.0745,0.1037,0.7281,3.2252,35.0955);
INSERT INTO ecm_profile VALUES ('3e6e24fd-67d6-4a1f-b02c-77532fe32277','a9a35e0e-e1da-44ed-bba6-94db04f714a7',12.281,6.1365,35.4662,0.3177,0.3318,0.6504,0.4512);
INSERT INTO hypoxia_vasculature VALUES ('2bfb904f-3482-4c4a-9397-c05745ebd0c9','a9a35e0e-e1da-44ed-bba6-94db04f714a7',0.49,0.1,7.2,0.1721,116.0849,223.3826,107.0086,3.6,7.23);
INSERT INTO organ_function VALUES ('88482e03-ab9a-44f2-9569-2c88adc954de','2a08f3d0-b8ad-47f0-97db-9d2a65fd20be','2020-06-15',67.6,1.2112,29.7311,26.8262,6.3351,30.667,64.4,408.4794,0.945);
INSERT INTO immune_baseline VALUES ('334da9f3-2dcc-4fa1-9943-9f67c41bc8c3','2a08f3d0-b8ad-47f0-97db-9d2a65fd20be','2020-06-15',8.05,2.95,3.21,1.0881,566.453,336.1384,451.3273,8.3918);
INSERT INTO hormonal_profile VALUES ('46be1dfb-f26a-41e0-97f4-7bdacb20dd4e','2a08f3d0-b8ad-47f0-97db-9d2a65fd20be','2020-06-15',43.4,0.79,379.0,62.156,20.6536,2.4073,8.5004);
INSERT INTO pharmacogenomics VALUES ('8bfc2506-9377-4dee-b66e-bb2687093014','2a08f3d0-b8ad-47f0-97db-9d2a65fd20be','NM','NM','NM','*28/*28','low',0,'NM');
INSERT INTO body_composition VALUES ('656290bc-3c1d-4e05-bfb2-3cf05a0c4c53','2a08f3d0-b8ad-47f0-97db-9d2a65fd20be','2020-06-15',31.3,41.1,13.2296,114.6032,36.4406,1.6786);
INSERT INTO microbiome_profile VALUES ('96ad424c-fcde-4f38-a3db-c8c5a55f1e1d','2a08f3d0-b8ad-47f0-97db-9d2a65fd20be','2020-06-15','gut','16S_rRNA_V4',3.2515,2.6686,0.0,'[{"genus": "Bacteroides", "rel": 0.158}, {"genus": "Faecalibacterium", "rel": 0.059}, {"genus": "Akkermansia", "rel": 0.0}]',0);
INSERT INTO tumor_staging VALUES ('36c6bb97-b37b-4a6a-a774-4c2f1b30782d','2a08f3d0-b8ad-47f0-97db-9d2a65fd20be','2020-06-15','8500/3','C50.4','Invasive ductal carcinoma','T4','N3','M0','I',3,'right');
INSERT INTO imaging_measurement VALUES ('49d38858-f79d-4bbe-bc37-d9878178ad49','2a08f3d0-b8ad-47f0-97db-9d2a65fd20be','2020-05-25','MRI','L1','primary_left_breast',13.0,1150.3465,4.1814,'SD','{"entropy": 7.65, "sphericity": 0.73}');
INSERT INTO pathology_report VALUES ('0eedc468-14ba-4292-ae71-38700095c2cd','2a08f3d0-b8ad-47f0-97db-9d2a65fd20be','2020-06-15','core_needle_biopsy','R0',7,22,0,0,19.1998);
INSERT INTO performance_status VALUES ('08657c9c-4cf3-4d3b-89b5-5d06b001f626','2a08f3d0-b8ad-47f0-97db-9d2a65fd20be','2020-06-15',0,74,3,38.424);
INSERT INTO liquid_biopsy VALUES ('37c7da77-bf53-4c0c-bd00-8f551179f345','2a08f3d0-b8ad-47f0-97db-9d2a65fd20be','2020-06-15',0.0385,17.325,6,'[]','detected',9.5938);
INSERT INTO treatment_regimen VALUES ('e504e904-b111-4102-9e07-7dcde63eb50c','2a08f3d0-b8ad-47f0-97db-9d2a65fd20be',1,'Letrozole','adjuvant','2020-07-14','2020-11-23','planned_completion','PR',683);
INSERT INTO treatment_drug_dose VALUES ('177879d9-3e5f-452b-9827-340a80046030','e504e904-b111-4102-9e07-7dcde63eb50c','dea8e584-d12c-47bf-a4c0-e739973380b8','2020-07-14',81.0,81.0,0.0,'oral',1,1.8912);
INSERT INTO adverse_event VALUES ('ac679c39-d725-4136-81c6-27d07dde43b7','2a08f3d0-b8ad-47f0-97db-9d2a65fd20be','e504e904-b111-4102-9e07-7dcde63eb50c','Arthralgia',2,'2020-07-28','2020-08-06','probable','none');
INSERT INTO adverse_event VALUES ('db5c9783-24e6-4b02-8a04-7df5fa105566','2a08f3d0-b8ad-47f0-97db-9d2a65fd20be','e504e904-b111-4102-9e07-7dcde63eb50c','Peripheral sensory neuropathy',3,'2020-08-14','2020-09-09','probable','dose_reduction');
INSERT INTO adverse_event VALUES ('f990a68b-134b-4f34-a7c4-6c40116fe4bd','2a08f3d0-b8ad-47f0-97db-9d2a65fd20be','e504e904-b111-4102-9e07-7dcde63eb50c','Neutropenia',2,'2020-10-04','2020-11-16','probable','none');
INSERT INTO adverse_event VALUES ('376c6fa0-1a79-4a11-a41e-ad26c93b1552','2a08f3d0-b8ad-47f0-97db-9d2a65fd20be','e504e904-b111-4102-9e07-7dcde63eb50c','Diarrhoea',1,'2020-09-28','2020-10-25','probable','none');
INSERT INTO radiation_plan VALUES ('4655c213-4602-4a44-8914-850725a6bc10','2a08f3d0-b8ad-47f0-97db-9d2a65fd20be','photon_EBRT','CTV',55.1383,2.0,25,5,'IMRT',NULL,'{"heart": {"V20Gy_pct": "<25"}, "lung": {"mean_Gy": "<18"}}');
INSERT INTO carcinogen_exposure VALUES ('fc8b477f-8766-4739-80e5-96d90b6103b2','2a08f3d0-b8ad-47f0-97db-9d2a65fd20be','never',0.0,6.8244,19.1041,91.9069,'[]',0.0,0);
INSERT INTO diet_nutrition VALUES ('8c7c23f3-8c66-44c6-830f-0c9a2125354c','2a08f3d0-b8ad-47f0-97db-9d2a65fd20be','2020-06-15','FFQ',2037.1491,47.6277,160.9467,80.6665,26.1765,30.7997,16.4779,6.3523,'Mediterranean');
INSERT INTO physical_activity VALUES ('7474c3c8-0245-4008-89c0-66b27bb62178','2a08f3d0-b8ad-47f0-97db-9d2a65fd20be','2020-06-15',1018.2746,205.3044,278.4967,6.2236,32.2357,6857,30.3041);
INSERT INTO stress_psychology VALUES ('c279c17f-1364-4130-b282-9c8429cf3568','2a08f3d0-b8ad-47f0-97db-9d2a65fd20be','2020-06-15',23,17,8,47.0054,234.98,8.4183,10);
INSERT INTO environmental_exposure VALUES ('ab87b65b-4e66-4b2e-8224-663b9f774dc0','2a08f3d0-b8ad-47f0-97db-9d2a65fd20be','2020-06-15',11.7323,18.8852,80.935,'negative',NULL,'negative','negative',12.4311,'naive');
INSERT INTO socioeconomic_context VALUES ('a612cdc1-2134-46be-a7a3-0f81664489b0','2a08f3d0-b8ad-47f0-97db-9d2a65fd20be','2020-06-15',5.0,'public_Medicare',0.8003,0.5218,74.3788,'employed_part_time',31.9381,19);
INSERT INTO circadian_profile VALUES ('70ceb63d-795e-4138-b32c-fe2da3b02969','2a08f3d0-b8ad-47f0-97db-9d2a65fd20be','2020-06-15','morning',77.5401,19.8589,'22:59',497.9025,0,11);

-- Patient 48: HR+/HER2- early
INSERT INTO patient VALUES ('ef37a3be-9719-461b-92f9-495994ae9bdc','MRN-3961613','1974-04-23','female','White','{"EUR": 0.43, "AFR": 0.12}','2021-01-21','2021-01-21');
INSERT INTO genomic_sample VALUES ('d291b1ca-34f8-4b30-afcc-5630f0e31aa8','ef37a3be-9719-461b-92f9-495994ae9bdc','tumor','C50.4','2021-01-30','Tempus xT',0.67,0,'FFPE');
INSERT INTO somatic_mutation VALUES ('7781251d-479f-4668-bd8f-b87bcee25cdb','d291b1ca-34f8-4b30-afcc-5630f0e31aa8','ESR1','chr6',152098794,'T','C','SNV','missense_variant','p.Tyr537Cys',0.1475,145,'oncogenic','COSV52744551','1','SBS1');
INSERT INTO somatic_mutation VALUES ('099c38fe-5ef8-407b-bc77-d52d5be08959','d291b1ca-34f8-4b30-afcc-5630f0e31aa8','PIK3CA','chr3',179234297,'C','T','SNV','missense_variant','p.His1047Arg',0.2278,138,'oncogenic','COSV52748762','1','SBS1');
INSERT INTO somatic_mutation VALUES ('34daf013-7152-4dcd-b909-c96201be8dca','d291b1ca-34f8-4b30-afcc-5630f0e31aa8','BRCA1','chr17',43094464,'T','A','SNV','missense_variant','p.Cys1697Ser',0.3636,139,'pathogenic','COSV52701256','1','SBS3');
INSERT INTO somatic_mutation VALUES ('b6874066-f53f-4b40-ae05-edcc82729612','d291b1ca-34f8-4b30-afcc-5630f0e31aa8','MYC','chr8',127735434,'A','G','SNV','missense_variant','p.Thr58Ala',0.3475,114,'oncogenic','COSV52759832','3A','SBS5');
INSERT INTO somatic_mutation VALUES ('40dff9cf-851c-40ad-ab42-c93050763066','d291b1ca-34f8-4b30-afcc-5630f0e31aa8','BRCA2','chr13',32338709,'A','T','SNV','stop_gained','p.Lys1690Ter',0.5093,173,'pathogenic','COSV52712043','1','SBS3');
INSERT INTO copy_number_variant VALUES ('d895f8c2-89f6-4d4b-82ba-46f8b912a7b6','d291b1ca-34f8-4b30-afcc-5630f0e31aa8','MYC','chr8',127700000,127800000,3.0,0.53,'neutral',0);
INSERT INTO copy_number_variant VALUES ('c51f98b7-2da3-4192-b7b4-92d3423dd3d9','d291b1ca-34f8-4b30-afcc-5630f0e31aa8','CDKN2A','chr9',21967000,21995000,0.3,-2.19,'shallow_deletion',0);
INSERT INTO gene_expression VALUES ('6d9d5ef5-c662-47d3-bd83-3f6b698f8fbc','d291b1ca-34f8-4b30-afcc-5630f0e31aa8','ENSG00000091831','ESR1',760.72,76.07,1902,7.12,99.0);
INSERT INTO gene_expression VALUES ('d8b7f28c-88f2-45d7-889e-c6e2e2538e96','d291b1ca-34f8-4b30-afcc-5630f0e31aa8','ENSG00000141736','ERBB2',269.88,26.99,675,1.67,75.0);
INSERT INTO gene_expression VALUES ('d7f948b9-5eaa-420f-8abd-6c1b2b93e8a1','d291b1ca-34f8-4b30-afcc-5630f0e31aa8','ENSG00000148773','MKI67',150.51,15.05,376,0.34,55.1);
INSERT INTO gene_expression VALUES ('98be0120-5a21-4ce6-9c80-bd842eca741b','d291b1ca-34f8-4b30-afcc-5630f0e31aa8','ENSG00000141510','TP53',99.25,0.59,153,-0.23,46.5);
INSERT INTO gene_expression VALUES ('c83e8e4f-5a11-4fbc-a190-cd0a3ef9919e','d291b1ca-34f8-4b30-afcc-5630f0e31aa8','ENSG00000012048','BRCA1',70.21,8.59,294,-0.55,41.8);
INSERT INTO gene_expression VALUES ('e08073b4-bcfd-46ad-88cc-ffa8e018e571','d291b1ca-34f8-4b30-afcc-5630f0e31aa8','ENSG00000139618','BRCA2',36.94,6.23,58,-0.92,36.2);
INSERT INTO gene_expression VALUES ('6381bb6b-75ea-4bad-8afd-dbf6f5a68502','d291b1ca-34f8-4b30-afcc-5630f0e31aa8','ENSG00000171862','PTEN',101.08,3.88,294,-0.21,46.9);
INSERT INTO gene_expression VALUES ('cc567382-de07-4092-938f-74bae072b9cf','d291b1ca-34f8-4b30-afcc-5630f0e31aa8','ENSG00000136997','MYC',81.92,7.9,165,-0.42,43.7);
INSERT INTO protein_expression VALUES ('db74563c-70f3-4e03-8105-34a67a5202c9','d291b1ca-34f8-4b30-afcc-5630f0e31aa8','ESR1','P03372','IHC',0.97,247.0,6,'NULL');
INSERT INTO protein_expression VALUES ('f4de3e93-eec2-4d7b-8526-456369e1c42b','d291b1ca-34f8-4b30-afcc-5630f0e31aa8','PGR','P06401','IHC',0.36,186.0,5,'NULL');
INSERT INTO protein_expression VALUES ('82d9a115-0a98-480f-aea4-4166404e9677','d291b1ca-34f8-4b30-afcc-5630f0e31aa8','ERBB2','P04626','IHC',-1.5,0.0,0,'pY1248');
INSERT INTO protein_expression VALUES ('6db6f2db-9669-4b31-b5aa-7455e633ddaf','d291b1ca-34f8-4b30-afcc-5630f0e31aa8','MKI67','P46013','IHC',-0.92,54.0,0,'NULL');
INSERT INTO epigenetic_mark VALUES ('e3dee20b-b5b4-4274-ba22-6210bbae6c0e','d291b1ca-34f8-4b30-afcc-5630f0e31aa8','DNA_methylation','cg15629539',0.084,'-3.447','ESR1','CpG_island',NULL);
INSERT INTO epigenetic_mark VALUES ('716115e0-7b06-4ba9-a8d5-0f8949a0991d','d291b1ca-34f8-4b30-afcc-5630f0e31aa8','DNA_methylation','cg27053763',0.26,'-1.509','BRCA1','promoter',NULL);
INSERT INTO epigenetic_mark VALUES ('40f1d3d0-c197-4bcd-a9ea-bdf57693ae4d','d291b1ca-34f8-4b30-afcc-5630f0e31aa8','H3K27ac','chr17:37800000-37850000',0.275,NULL,'ERBB2','enhancer','0.689');
INSERT INTO ncrna_profile VALUES ('d00c2076-5688-4ba2-b487-bb880fb14d56','d291b1ca-34f8-4b30-afcc-5630f0e31aa8','miRNA','hsa-miR-21-5p','miR-21-5p',2.74,'["PTEN", "PDCD4"]');
INSERT INTO ncrna_profile VALUES ('b2a30da7-cbfc-4f5e-9d4d-b80a045316ff','d291b1ca-34f8-4b30-afcc-5630f0e31aa8','miRNA','hsa-miR-155-5p','miR-155-5p',4.8,'["SHIP1", "SOCS1"]');
INSERT INTO ncrna_profile VALUES ('9c9ef0cd-c836-4323-b104-2f69148688af','d291b1ca-34f8-4b30-afcc-5630f0e31aa8','lncRNA','ENSG00000228630','HOTAIR',4.2,'["SHIP1", "SOCS1"]');
INSERT INTO ncrna_profile VALUES ('72712e28-0b60-4956-9c09-df1d5821cf8c','d291b1ca-34f8-4b30-afcc-5630f0e31aa8','lncRNA','ENSG00000251562','MALAT1',36.9,'["SHIP1", "SOCS1"]');
INSERT INTO metabolomics_profile VALUES ('122a8fa4-2df3-4c00-a53d-6b6ce90f800b','d291b1ca-34f8-4b30-afcc-5630f0e31aa8','Lactate','HMDB0000190','C00186',2.11,'LC-MS','organic_acid',0.07);
INSERT INTO metabolomics_profile VALUES ('a31bee7f-fe03-4772-b545-f39707a5e258','d291b1ca-34f8-4b30-afcc-5630f0e31aa8','Glutamine','HMDB0000641','C00064',0.5,'LC-MS','amino_acid',-1.0);
INSERT INTO metabolomics_profile VALUES ('76d3d510-f3e6-4018-b0e4-b7b7cac2ffa6','d291b1ca-34f8-4b30-afcc-5630f0e31aa8','Glucose','HMDB0000122','C00031',4.78,'LC-MS','carbohydrate',1.85);
INSERT INTO metabolomics_profile VALUES ('157d3391-8ff8-4900-8625-1e4e288ce77b','d291b1ca-34f8-4b30-afcc-5630f0e31aa8','Phosphocholine','HMDB0001565','C00588',0.25,'LC-MS','lipid',-1.17);
INSERT INTO tumor_clone VALUES ('39d99c09-7093-4a86-9d1b-ef7c67cb8ef4','d291b1ca-34f8-4b30-afcc-5630f0e31aa8','clone_A',0.81,'[]',1,1,0.1326);
INSERT INTO tumor_clone VALUES ('0c6b9562-670b-445e-bbc7-4e216fa12a55','d291b1ca-34f8-4b30-afcc-5630f0e31aa8','clone_B',0.19,'[]',0,2,0.166);
INSERT INTO cell_cycle_state VALUES ('b14a9e38-d197-468c-9dd3-48e522667f97','d291b1ca-34f8-4b30-afcc-5630f0e31aa8',0.733,0.076,0.044,0.147,19.2712,480.0,0.8);
INSERT INTO apoptosis_marker VALUES ('b2722436-019b-4962-b9cb-90ac975bd2a1','d291b1ca-34f8-4b30-afcc-5630f0e31aa8',197.0,127.6199,107.0,1.84,0.1999,5.5039,1.2129);
INSERT INTO dna_repair_status VALUES ('b61abb34-f7d3-4c28-a10b-039d4e249497','d291b1ca-34f8-4b30-afcc-5630f0e31aa8','mutated_somatic','mutated_somatic','proficient_MMR',0.04,0.5,29.1,0,'wildtype');
INSERT INTO metabolic_phenotype VALUES ('8f8de911-921e-49da-ad55-2a0a7c1a03fa','d291b1ca-34f8-4b30-afcc-5630f0e31aa8',0.502,90.7089,0.1494,0.3527,0.3802,1.6556,0.7624);
INSERT INTO stemness_profile VALUES ('ccd21b55-b75b-43ed-ae7c-085a561577b6','d291b1ca-34f8-4b30-afcc-5630f0e31aa8',79.8874,9.6171,3.862,0.2202,0.216,0.344,0.2212,0.2436);
INSERT INTO drug_resistance_feature VALUES ('8be88631-df5e-4943-9e13-4f0b29d496bf','d291b1ca-34f8-4b30-afcc-5630f0e31aa8',1.12,0.7301,0.6949,0.1922,'[]',0.5312);
INSERT INTO immune_infiltration VALUES ('e3bf1e69-233f-4068-9d2f-b845eb465efb','d291b1ca-34f8-4b30-afcc-5630f0e31aa8',8.3,11.3897,4.085,1.4611,9.3206,7.341,12.5984,6.0324,2.2656,'CIBERSORT');
INSERT INTO checkpoint_expression VALUES ('bccd52e5-0610-475a-8d90-2bf5e2c0e546','d291b1ca-34f8-4b30-afcc-5630f0e31aa8',10.5,18.9,9.5491,12.1814,6.9739,3.3055,16.3735,6.4481);
INSERT INTO cytokine_milieu VALUES ('6a92e763-0afc-4243-8aab-dfbb2605ec61','d291b1ca-34f8-4b30-afcc-5630f0e31aa8',34.2637,15.5448,11.0522,19.1491,20.5802,19.8,21.9356,71.2131);
INSERT INTO stromal_composition VALUES ('1f3850ea-547d-46fc-a24c-e13fa0c1dcfc','d291b1ca-34f8-4b30-afcc-5630f0e31aa8',0.6111,0.0571,0.1483,0.3023,4.6351,29.8988);
INSERT INTO ecm_profile VALUES ('fac0a2d6-ca0f-4dee-869f-f7c6b3da7001','d291b1ca-34f8-4b30-afcc-5630f0e31aa8',14.7437,10.6182,19.5571,0.2684,0.3975,0.7307,0.4801);
INSERT INTO hypoxia_vasculature VALUES ('cba376c3-7f44-40da-a820-f45d0ddde1b3','d291b1ca-34f8-4b30-afcc-5630f0e31aa8',0.49,0.488,10.0,0.1069,105.0922,133.4638,102.5331,16.9,7.05);
INSERT INTO organ_function VALUES ('6d3a25f9-63a3-45c5-94ed-bf577f7548e5','ef37a3be-9719-461b-92f9-495994ae9bdc','2021-01-21',68.0,1.216,11.6781,26.6592,12.765,40.6909,65.4,414.2926,1.0991);
INSERT INTO immune_baseline VALUES ('e86055a8-9725-486b-b01a-cca226c44d3a','ef37a3be-9719-461b-92f9-495994ae9bdc','2021-01-21',9.05,1.17,2.31,1.9744,374.9133,234.024,239.4512,7.9929);
INSERT INTO hormonal_profile VALUES ('a2d1c317-4041-4f04-bd08-4281dc5d27e5','ef37a3be-9719-461b-92f9-495994ae9bdc','2021-01-21',203.5,0.63,463.0,88.2987,22.5846,1.6295,10.7553);
INSERT INTO pharmacogenomics VALUES ('52348699-0084-47c2-b779-b9d5fdbeba83','ef37a3be-9719-461b-92f9-495994ae9bdc','NM','NM','NM','*1/*1','normal',0,'NM');
INSERT INTO body_composition VALUES ('49f8df42-857d-4c00-986f-a6cab1721e3a','ef37a3be-9719-461b-92f9-495994ae9bdc','2021-01-21',24.2,42.9,24.7837,99.0728,32.7605,1.6162);
INSERT INTO microbiome_profile VALUES ('8cfc6ad9-9ec7-451e-8974-e114697ff95a','ef37a3be-9719-461b-92f9-495994ae9bdc','2021-01-21','gut','16S_rRNA_V4',2.9317,1.9872,0.0,'[{"genus": "Bacteroides", "rel": 0.205}, {"genus": "Faecalibacterium", "rel": 0.162}, {"genus": "Akkermansia", "rel": 0.0}]',0);
INSERT INTO tumor_staging VALUES ('a98fd0ab-ca60-4ab0-8afc-01891dfb19ad','ef37a3be-9719-461b-92f9-495994ae9bdc','2021-01-21','8500/3','C50.4','Invasive ductal carcinoma','T4','N3','M0','I',1,'right');
INSERT INTO imaging_measurement VALUES ('c74e7d6c-2805-49ac-8539-c865ec2c5108','ef37a3be-9719-461b-92f9-495994ae9bdc','2020-12-24','MRI','L1','primary_left_breast',11.6,817.2832,3.7491,'SD','{"entropy": 4.52, "sphericity": 0.87}');
INSERT INTO pathology_report VALUES ('d2a09c12-ed13-479a-b308-9cffabad0db8','ef37a3be-9719-461b-92f9-495994ae9bdc','2021-01-21','core_needle_biopsy','R0',1,16,0,0,7.0388);
INSERT INTO performance_status VALUES ('72422268-6924-4861-82a5-cdc293584a01','ef37a3be-9719-461b-92f9-495994ae9bdc','2021-01-21',1,71,2,38.4062);
INSERT INTO liquid_biopsy VALUES ('c517971f-229f-44d0-9741-4393a8355981','ef37a3be-9719-461b-92f9-495994ae9bdc','2021-01-21',0.1061,47.745,5,'[]','detected',9.921);
INSERT INTO treatment_regimen VALUES ('0f155ce1-b819-415c-8e90-f66a49f419ef','ef37a3be-9719-461b-92f9-495994ae9bdc',1,'Letrozole','adjuvant','2021-02-10','2022-06-25','planned_completion','PR',334);
INSERT INTO treatment_drug_dose VALUES ('3bce5a18-3661-458f-b2e1-0cb622856458','0f155ce1-b819-415c-8e90-f66a49f419ef','dea8e584-d12c-47bf-a4c0-e739973380b8','2021-02-10',83.0,78.0,6.0,'oral',1,2.1394);
INSERT INTO adverse_event VALUES ('bef04b26-1e35-4fac-bfc1-bde75993ab10','ef37a3be-9719-461b-92f9-495994ae9bdc','0f155ce1-b819-415c-8e90-f66a49f419ef','Diarrhoea',1,'2021-03-11','2021-03-24','probable','none');
INSERT INTO adverse_event VALUES ('aff39ab4-065b-4740-a595-6ce16a038086','ef37a3be-9719-461b-92f9-495994ae9bdc','0f155ce1-b819-415c-8e90-f66a49f419ef','Neutropenia',1,'2021-04-29','2021-05-15','probable','none');
INSERT INTO adverse_event VALUES ('413830f4-3b4e-436c-ba24-220666494093','ef37a3be-9719-461b-92f9-495994ae9bdc','0f155ce1-b819-415c-8e90-f66a49f419ef','Peripheral sensory neuropathy',1,'2021-03-09','2021-04-19','probable','none');
INSERT INTO carcinogen_exposure VALUES ('29a4c327-5bd9-40ae-9784-45ad9ced7c5b','ef37a3be-9719-461b-92f9-495994ae9bdc','never',0.0,7.2526,12.3606,46.0449,'[]',0.0,0);
INSERT INTO diet_nutrition VALUES ('0fe022b1-ce22-4329-a3c1-a365a7625298','ef37a3be-9719-461b-92f9-495994ae9bdc','2021-01-21','FFQ',1739.4248,56.4098,229.6859,60.8696,32.9515,94.4015,22.5637,6.5354,'Mediterranean');
INSERT INTO physical_activity VALUES ('e395671c-5cdc-436b-b303-a65f404aeee0','ef37a3be-9719-461b-92f9-495994ae9bdc','2021-01-21',721.8759,164.2234,144.4798,9.0405,38.6018,6620,33.7445);
INSERT INTO stress_psychology VALUES ('a19fd1fe-2721-4fb2-9d77-f85327d916e8','ef37a3be-9719-461b-92f9-495994ae9bdc','2021-01-21',5,6,6,67.0212,287.06,4.9974,15);
INSERT INTO environmental_exposure VALUES ('20509e7c-3cfb-4388-a031-0ea76c5db751','ef37a3be-9719-461b-92f9-495994ae9bdc','2021-01-21',9.4449,35.8763,12.8102,'negative',NULL,'negative','negative',9.0572,'naive');
INSERT INTO socioeconomic_context VALUES ('b1837733-b6a4-4d0e-9763-a8250761a936','ef37a3be-9719-461b-92f9-495994ae9bdc','2021-01-21',37.5504,'private',0.5274,0.4914,78.3029,'employed_part_time',32.0619,20);
INSERT INTO circadian_profile VALUES ('84e24c62-fdd2-432e-ae17-4a02b7cddfe9','ef37a3be-9719-461b-92f9-495994ae9bdc','2021-01-21','intermediate',78.2675,28.8472,'22:50',1149.8344,0,7);

-- Patient 49: TNBC
INSERT INTO patient VALUES ('0059b5a1-ef83-49eb-9f90-6112f5214abe','MRN-6436229','1971-06-25','female','Mixed','{"EUR": 0.78, "AFR": 0.06}','2022-09-08','2022-09-08');
INSERT INTO genomic_sample VALUES ('1487571f-151b-4c4e-9f98-800454e40b77','0059b5a1-ef83-49eb-9f90-6112f5214abe','tumor','C50.4','2022-09-17','Illumina NovaSeq 6000 WGS',0.92,0,'FFPE');
INSERT INTO somatic_mutation VALUES ('af4957d0-498b-4814-b523-7a5dd44ceaec','1487571f-151b-4c4e-9f98-800454e40b77','TP53','chr17',7674220,'G','A','SNV','missense_variant','p.Arg248Trp',0.4354,309,'oncogenic','COSV52743007','1','SBS5');
INSERT INTO somatic_mutation VALUES ('f7e1320c-f8dc-4624-9c88-d1c490e9a4ab','1487571f-151b-4c4e-9f98-800454e40b77','CDH1','chr16',68771195,'C','T','SNV','nonsense_variant','p.Gln333Ter',0.4344,219,'oncogenic','COSV52697483','3A','SBS1');
INSERT INTO somatic_mutation VALUES ('7c2ec6ed-8f60-420b-9f77-7b5bba632e25','1487571f-151b-4c4e-9f98-800454e40b77','PIK3CA','chr3',179234297,'C','T','SNV','missense_variant','p.His1047Arg',0.2487,314,'oncogenic','COSV52748762','1','SBS1');
INSERT INTO somatic_mutation VALUES ('0f2e3555-d958-4df8-afe7-d2b10e0eecee','1487571f-151b-4c4e-9f98-800454e40b77','GATA3','chr10',8115610,'CT','C','indel','frameshift_variant','p.Thr443fs',0.2809,96,'oncogenic','COSV52704812','1','SBS5');
INSERT INTO somatic_mutation VALUES ('11f3f65f-3f34-4d5a-b6fa-76fcf0d5986c','1487571f-151b-4c4e-9f98-800454e40b77','MAP3K1','chr5',56115628,'G','A','SNV','missense_variant','p.Glu1298Lys',0.1745,146,'oncogenic','COSV52721033','3A','SBS1');
INSERT INTO somatic_mutation VALUES ('f8b7a8da-165d-4cfb-8a11-eb90f8c15e52','1487571f-151b-4c4e-9f98-800454e40b77','MYC','chr8',127735434,'A','G','SNV','missense_variant','p.Thr58Ala',0.3851,85,'oncogenic','COSV52759832','3A','SBS5');
INSERT INTO copy_number_variant VALUES ('8fe7d849-2c90-40f4-9318-2eddc8f49c7e','1487571f-151b-4c4e-9f98-800454e40b77','PTEN','chr10',89600000,89900000,0.0,-2.11,'deep_deletion',1);
INSERT INTO copy_number_variant VALUES ('4177fcc3-1484-4461-ac3a-eaac4bbc7a85','1487571f-151b-4c4e-9f98-800454e40b77','MYC','chr8',127700000,127800000,5.3,0.04,'neutral',0);
INSERT INTO copy_number_variant VALUES ('e06e2aad-ffc3-4781-b9a6-660123edaf71','1487571f-151b-4c4e-9f98-800454e40b77','CDKN2A','chr9',21967000,21995000,0.5,-1.95,'shallow_deletion',0);
INSERT INTO gene_expression VALUES ('96529806-b95b-436c-a833-e93c4b6bac79','1487571f-151b-4c4e-9f98-800454e40b77','ENSG00000091831','ESR1',1.0,0.1,2,-1.32,30.2);
INSERT INTO gene_expression VALUES ('d9fc2031-ba75-4c57-8ebb-101d6fd3f26f','1487571f-151b-4c4e-9f98-800454e40b77','ENSG00000141736','ERBB2',117.1,11.71,293,-0.03,49.5);
INSERT INTO gene_expression VALUES ('2c8f3aed-343b-4793-8a1c-b947b5866939','1487571f-151b-4c4e-9f98-800454e40b77','ENSG00000148773','MKI67',449.48,44.95,1124,3.66,99.0);
INSERT INTO gene_expression VALUES ('8a7f870b-7a45-4bf0-9ee9-5a364ab1b842','1487571f-151b-4c4e-9f98-800454e40b77','ENSG00000141510','TP53',58.09,2.4,225,-0.69,39.6);
INSERT INTO gene_expression VALUES ('1fc0087d-80f6-471b-bda0-2b4eb6d524c4','1487571f-151b-4c4e-9f98-800454e40b77','ENSG00000012048','BRCA1',55.51,7.11,173,-0.72,39.2);
INSERT INTO gene_expression VALUES ('19a11b66-1c8c-4f40-88db-8e218e443355','1487571f-151b-4c4e-9f98-800454e40b77','ENSG00000139618','BRCA2',19.17,4.15,176,-1.12,33.2);
INSERT INTO gene_expression VALUES ('d1b3d8d4-b139-42c6-9525-2f5dd5644fc9','1487571f-151b-4c4e-9f98-800454e40b77','ENSG00000171862','PTEN',94.21,6.73,146,-0.29,45.6);
INSERT INTO gene_expression VALUES ('4dea2164-2ecc-4781-b55a-81a3d87f7737','1487571f-151b-4c4e-9f98-800454e40b77','ENSG00000136997','MYC',109.73,0.1,601,-0.11,48.4);
INSERT INTO protein_expression VALUES ('41c54da6-8810-43ea-acae-17b43a583213','1487571f-151b-4c4e-9f98-800454e40b77','ESR1','P03372','IHC',-1.37,13.0,0,'NULL');
INSERT INTO protein_expression VALUES ('44b576a1-5e7e-4ad3-b7e2-b2d0c3098cb7','1487571f-151b-4c4e-9f98-800454e40b77','PGR','P06401','IHC',-1.49,1.0,0,'NULL');
INSERT INTO protein_expression VALUES ('fe2c4554-e301-4566-8ef1-659d7ae92566','1487571f-151b-4c4e-9f98-800454e40b77','ERBB2','P04626','IHC',-0.95,55.0,1,'pY1248');
INSERT INTO protein_expression VALUES ('8841994c-3138-43fc-a5fd-d23e9441ec7a','1487571f-151b-4c4e-9f98-800454e40b77','MKI67','P46013','IHC',0.39,177.0,0,'NULL');
INSERT INTO epigenetic_mark VALUES ('b07f6a1b-f37d-4dab-8fa2-6c0ea07898bb','1487571f-151b-4c4e-9f98-800454e40b77','DNA_methylation','cg15629539',0.711,'1.299','ESR1','CpG_island',NULL);
INSERT INTO epigenetic_mark VALUES ('d0c50760-015a-4435-8cce-343b4549ec27','1487571f-151b-4c4e-9f98-800454e40b77','DNA_methylation','cg27053763',0.152,'-2.48','BRCA1','promoter',NULL);
INSERT INTO epigenetic_mark VALUES ('2b899f00-9fd2-4124-a231-dccbd1532405','1487571f-151b-4c4e-9f98-800454e40b77','H3K27ac','chr17:37800000-37850000',0.393,NULL,'ERBB2','enhancer','1.599');
INSERT INTO ncrna_profile VALUES ('5cd95b97-d92d-47df-a0b7-30180a208a86','1487571f-151b-4c4e-9f98-800454e40b77','miRNA','hsa-miR-21-5p','miR-21-5p',8.98,'["PTEN", "PDCD4"]');
INSERT INTO ncrna_profile VALUES ('52b2b956-35de-4abd-81b8-ec5587a9e755','1487571f-151b-4c4e-9f98-800454e40b77','miRNA','hsa-miR-155-5p','miR-155-5p',5.16,'["SHIP1", "SOCS1"]');
INSERT INTO ncrna_profile VALUES ('9cf9ec01-bca9-448e-9126-47beca0f54e4','1487571f-151b-4c4e-9f98-800454e40b77','lncRNA','ENSG00000228630','HOTAIR',1.58,'["SHIP1", "SOCS1"]');
INSERT INTO ncrna_profile VALUES ('d84734b0-bc8b-4fef-9a76-9c795fe3e80a','1487571f-151b-4c4e-9f98-800454e40b77','lncRNA','ENSG00000251562','MALAT1',62.31,'["SHIP1", "SOCS1"]');
INSERT INTO metabolomics_profile VALUES ('7726741d-53e2-4acf-8507-92cf31581b4d','1487571f-151b-4c4e-9f98-800454e40b77','Lactate','HMDB0000190','C00186',4.38,'LC-MS','organic_acid',1.59);
INSERT INTO metabolomics_profile VALUES ('4aadf430-b222-4620-b82c-a76885009ff8','1487571f-151b-4c4e-9f98-800454e40b77','Glutamine','HMDB0000641','C00064',0.41,'LC-MS','amino_acid',-1.06);
INSERT INTO metabolomics_profile VALUES ('3f2b1f79-6583-4871-a53d-bd0de48fe102','1487571f-151b-4c4e-9f98-800454e40b77','Glucose','HMDB0000122','C00031',4.55,'LC-MS','carbohydrate',1.7);
INSERT INTO metabolomics_profile VALUES ('d11095f8-875b-45c5-b1fb-9bb25d746152','1487571f-151b-4c4e-9f98-800454e40b77','Phosphocholine','HMDB0001565','C00588',0.2,'LC-MS','lipid',-1.2);
INSERT INTO tumor_clone VALUES ('1226e7c9-1daa-4167-a3d6-bbc0b8144bca','1487571f-151b-4c4e-9f98-800454e40b77','clone_A',0.7,'[]',1,1,0.05);
INSERT INTO tumor_clone VALUES ('367ae535-6546-4754-9c8e-920c35aec5bb','1487571f-151b-4c4e-9f98-800454e40b77','clone_B',0.3,'[]',0,2,0.0284);
INSERT INTO cell_cycle_state VALUES ('8ae9cdf5-35ef-46eb-bb0f-1fd818c4eea4','1487571f-151b-4c4e-9f98-800454e40b77',0.414,0.354,0.148,0.084,63.1304,272.9,7.4);
INSERT INTO apoptosis_marker VALUES ('22e25851-4201-4308-af9c-2482a269574c','1487571f-151b-4c4e-9f98-800454e40b77',52.0,161.3516,126.0,0.41,0.2259,3.9295,1.4739);
INSERT INTO dna_repair_status VALUES ('f53c08b4-233e-4a09-b92f-d9e915708c23','1487571f-151b-4c4e-9f98-800454e40b77','wildtype','wildtype','deficient_MMR',0.32,10.5,38.3,0,'wildtype');
INSERT INTO metabolic_phenotype VALUES ('5080eb35-1d9b-4625-af5c-41133ebc15ec','1487571f-151b-4c4e-9f98-800454e40b77',0.795,81.3323,0.4338,0.3246,0.4036,1.3116,0.257);
INSERT INTO stemness_profile VALUES ('bb3981bb-3288-46cb-aa94-299d5fb4f6e2','1487571f-151b-4c4e-9f98-800454e40b77',132.2531,43.7416,11.352,0.2933,0.555,0.492,0.5773,0.6631);
INSERT INTO drug_resistance_feature VALUES ('00289c06-dcb5-41e4-ac58-a4776368321b','1487571f-151b-4c4e-9f98-800454e40b77',3.22,1.0889,0.4658,1.8134,'[]',1.0);
INSERT INTO immune_infiltration VALUES ('5c0e2cf5-3407-49b3-a282-545cfad3f54d','1487571f-151b-4c4e-9f98-800454e40b77',16.5,12.1135,5.845,1.9997,8.9217,8.105,18.9346,3.3321,5.3729,'CIBERSORT');
INSERT INTO checkpoint_expression VALUES ('735264ad-0cdc-4c44-a557-c07297b7597a','1487571f-151b-4c4e-9f98-800454e40b77',70.1,126.18,7.9835,19.5975,12.0274,10.4727,12.5165,18.3717);
INSERT INTO cytokine_milieu VALUES ('a8840c96-ec06-4f1e-bdb3-1e52d46af193','1487571f-151b-4c4e-9f98-800454e40b77',26.8357,14.9076,11.2422,25.5253,19.7343,44.5,80.9475,91.5056);
INSERT INTO stromal_composition VALUES ('79269328-8003-4f4a-8a29-e9a3803c9510','1487571f-151b-4c4e-9f98-800454e40b77',0.1846,0.0505,0.044,0.0689,3.9329,24.8005);
INSERT INTO ecm_profile VALUES ('03f51b4f-7fd3-42ba-bf75-c71f39a2c66b','1487571f-151b-4c4e-9f98-800454e40b77',8.8845,8.8913,5.0,0.3844,0.225,0.776,0.3806);
INSERT INTO hypoxia_vasculature VALUES ('948360fb-199a-48a3-a5ee-ad70aa3d46a0','1487571f-151b-4c4e-9f98-800454e40b77',1.75,1.156,3.9,0.5336,70.4958,210.7189,67.4206,21.7,7.07);
INSERT INTO organ_function VALUES ('7b2e71a7-fa50-4f89-b484-4e5657a2bd93','0059b5a1-ef83-49eb-9f90-6112f5214abe','2022-09-08',76.0,1.312,16.246,25.1347,17.3813,31.053,61.9,429.9129,0.9857);
INSERT INTO immune_baseline VALUES ('0a78100d-3170-4e1f-9cf4-8224bd27e331','0059b5a1-ef83-49eb-9f90-6112f5214abe','2022-09-08',10.07,2.37,3.79,1.5992,640.9817,306.1194,355.1498,11.8098);
INSERT INTO hormonal_profile VALUES ('5d92909a-502a-4532-bea9-e9f5c02baf95','0059b5a1-ef83-49eb-9f90-6112f5214abe','2022-09-08',2.0,0.92,519.0,45.343,10.5709,3.1959,8.0405);
INSERT INTO pharmacogenomics VALUES ('00c29380-d0e6-4809-ac3c-e5952a58f48f','0059b5a1-ef83-49eb-9f90-6112f5214abe','NM','UM','IM','*28/*28','low',0,'NM');
INSERT INTO body_composition VALUES ('e0e7a9aa-946e-4ac0-a362-989378434a8b','0059b5a1-ef83-49eb-9f90-6112f5214abe','2022-09-08',29.7,34.8,29.1881,99.7396,39.0985,1.6913);
INSERT INTO microbiome_profile VALUES ('ced5d04a-89b0-4998-b376-d17ab4778b65','0059b5a1-ef83-49eb-9f90-6112f5214abe','2022-09-08','gut','16S_rRNA_V4',3.4665,2.1805,0.0284,'[{"genus": "Bacteroides", "rel": 0.341}, {"genus": "Faecalibacterium", "rel": 0.132}, {"genus": "Akkermansia", "rel": 0.0284}]',0);
INSERT INTO tumor_staging VALUES ('218a613c-1bc0-4593-82a4-80b88f22f24f','0059b5a1-ef83-49eb-9f90-6112f5214abe','2022-09-08','8500/3','C50.4','Invasive ductal carcinoma, triple negative','T3','N2','M0','IIIA',3,'right');
INSERT INTO imaging_measurement VALUES ('58566e78-fe2c-4fbb-95e3-cae5f755e30b','0059b5a1-ef83-49eb-9f90-6112f5214abe','2022-08-29','MRI','L1','primary_left_breast',34.1,20761.6449,2.0193,'SD','{"entropy": 5.41, "sphericity": 0.54}');
INSERT INTO pathology_report VALUES ('38fd94f9-4ae5-45e3-92e8-7669a97a55e1','0059b5a1-ef83-49eb-9f90-6112f5214abe','2022-09-08','core_needle_biopsy','R0',8,16,0,1,37.1172);
INSERT INTO performance_status VALUES ('ad11b071-854d-4829-a408-c4836564bac2','0059b5a1-ef83-49eb-9f90-6112f5214abe','2022-09-08',0,85,1,37.1614);
INSERT INTO liquid_biopsy VALUES ('6aa86a59-ab73-4481-82b9-51490a314853','0059b5a1-ef83-49eb-9f90-6112f5214abe','2022-09-08',0.0841,37.845,4,'[]','detected',10.1517);
INSERT INTO treatment_regimen VALUES ('8c4582c9-5b1e-49ef-bde0-91e024bcc607','0059b5a1-ef83-49eb-9f90-6112f5214abe',1,'AC-T','neoadjuvant','2022-10-01','2024-01-14','planned_completion','PR',619);
INSERT INTO treatment_drug_dose VALUES ('2cbfa0af-a468-4119-8f07-7bd238fc510e','8c4582c9-5b1e-49ef-bde0-91e024bcc607','8ed4a385-e60c-4c06-9827-b17fc4f5be7e','2022-10-01',68.0,60.0,11.8,'IV',1,1.0638);
INSERT INTO adverse_event VALUES ('37f5ebec-fd61-4b31-a82d-9a2d8155fd8a','0059b5a1-ef83-49eb-9f90-6112f5214abe','8c4582c9-5b1e-49ef-bde0-91e024bcc607','Hand-foot syndrome',1,'2022-10-24','2022-11-30','probable','none');
INSERT INTO adverse_event VALUES ('3e1cf023-64d8-43b6-862e-8a7e6b8b3204','0059b5a1-ef83-49eb-9f90-6112f5214abe','8c4582c9-5b1e-49ef-bde0-91e024bcc607','Peripheral sensory neuropathy',1,'2022-10-16','2022-11-15','probable','none');
INSERT INTO adverse_event VALUES ('404e8f55-c9bb-4582-8ddf-4550cc1ebcc3','0059b5a1-ef83-49eb-9f90-6112f5214abe','8c4582c9-5b1e-49ef-bde0-91e024bcc607','Alopecia',1,'2022-11-30','2022-12-27','probable','none');
INSERT INTO adverse_event VALUES ('117e2e23-bb29-44e3-bd3f-b95f7afd2abc','0059b5a1-ef83-49eb-9f90-6112f5214abe','8c4582c9-5b1e-49ef-bde0-91e024bcc607','Arthralgia',3,'2022-11-06','2022-12-03','probable','dose_reduction');
INSERT INTO radiation_plan VALUES ('306b0b6d-674b-477f-904c-ab3951536856','0059b5a1-ef83-49eb-9f90-6112f5214abe','photon_EBRT','CTV',53.4641,2.0,25,5,'IMRT',NULL,'{"heart": {"V20Gy_pct": "<25"}, "lung": {"mean_Gy": "<18"}}');
INSERT INTO carcinogen_exposure VALUES ('13721f56-3967-43fe-bb02-0316bde4745b','0059b5a1-ef83-49eb-9f90-6112f5214abe','former',14.9803,1.8271,22.9815,67.3569,'[]',0.0,0);
INSERT INTO diet_nutrition VALUES ('f77ecde9-76d6-419a-a685-8a7c868bdf8c','0059b5a1-ef83-49eb-9f90-6112f5214abe','2022-09-08','FFQ',1976.7867,58.7404,267.3107,84.7664,21.2197,39.6517,13.1385,10.945,'Western');
INSERT INTO physical_activity VALUES ('75c58934-4cd5-484b-83a6-fad506ed1133','0059b5a1-ef83-49eb-9f90-6112f5214abe','2022-09-08',349.2362,160.2111,135.9612,9.6417,23.3049,7355,32.2442);
INSERT INTO stress_psychology VALUES ('0decfe9c-8a48-4f62-9b4e-7ef436977229','0059b5a1-ef83-49eb-9f90-6112f5214abe','2022-09-08',11,7,15,24.9596,321.78,6.7431,9);
INSERT INTO environmental_exposure VALUES ('dcead7d1-8f92-4a73-aac0-754e30d75dc5','0059b5a1-ef83-49eb-9f90-6112f5214abe','2022-09-08',8.9775,21.352,51.5495,'negative',NULL,'negative','negative',3.5042,'naive');
INSERT INTO socioeconomic_context VALUES ('a54468cd-6dec-44f9-829b-f5f9021539f6','0059b5a1-ef83-49eb-9f90-6112f5214abe','2022-09-08',21.5347,'public_Medicare',0.9557,0.6546,93.2357,'retired',27.1086,18);
INSERT INTO circadian_profile VALUES ('05c892b5-d7bf-441b-96ee-5897431a4970','0059b5a1-ef83-49eb-9f90-6112f5214abe','2022-09-08','morning',90.7509,24.1053,'22:31',134.1038,0,10);

-- Patient 50: HR+ metastatic
INSERT INTO patient VALUES ('c4e0fafd-27a6-426a-922d-7637fe7a9740','MRN-5634346','1973-12-21','female','Mixed','{"EUR": 0.69, "AFR": 0.06}','2020-02-10','2020-02-10');
INSERT INTO genomic_sample VALUES ('9f339c14-2bfb-43b7-ba18-58337938d06d','c4e0fafd-27a6-426a-922d-7637fe7a9740','tumor','C50.4','2020-02-27','TruSight Oncology 500',0.58,0,'FFPE');
INSERT INTO somatic_mutation VALUES ('7f0c747b-1b2e-4796-8b78-e02a0ccfee8f','9f339c14-2bfb-43b7-ba18-58337938d06d','BRCA1','chr17',43094464,'T','A','SNV','missense_variant','p.Cys1697Ser',0.3977,92,'pathogenic','COSV52701256','1','SBS3');
INSERT INTO somatic_mutation VALUES ('34914259-7c5d-4507-983e-cbb4f7beaeec','9f339c14-2bfb-43b7-ba18-58337938d06d','CCND1','chr11',69465258,'G','T','SNV','missense_variant','p.Pro241Leu',0.2734,94,'oncogenic','COSV52718943','3A','SBS1');
INSERT INTO somatic_mutation VALUES ('7258f2ca-7c0b-4f27-875e-3234f8ca2b3f','9f339c14-2bfb-43b7-ba18-58337938d06d','PIK3CA','chr3',179234297,'C','T','SNV','missense_variant','p.His1047Arg',0.1911,120,'oncogenic','COSV52748762','1','SBS1');
INSERT INTO somatic_mutation VALUES ('a7556f38-69a6-48d6-94da-bf34cfea2d8f','9f339c14-2bfb-43b7-ba18-58337938d06d','MAP3K1','chr5',56115628,'G','A','SNV','missense_variant','p.Glu1298Lys',0.1371,268,'oncogenic','COSV52721033','3A','SBS1');
INSERT INTO copy_number_variant VALUES ('ab65051f-20c2-4e27-9f43-7a20ac5b09c8','9f339c14-2bfb-43b7-ba18-58337938d06d','MYC','chr8',127700000,127800000,2.6,0.01,'neutral',0);
INSERT INTO copy_number_variant VALUES ('753c9db6-9981-4c87-813b-77c81f1b46b0','9f339c14-2bfb-43b7-ba18-58337938d06d','CDKN2A','chr9',21967000,21995000,0.0,-2.27,'shallow_deletion',0);
INSERT INTO gene_expression VALUES ('bb336cb5-051f-4b7c-a1d8-b8e6d83ee0b7','9f339c14-2bfb-43b7-ba18-58337938d06d','ENSG00000091831','ESR1',974.63,97.46,2437,9.5,99.0);
INSERT INTO gene_expression VALUES ('0fd72ccc-c994-45fd-a1f1-4b68d3609624','9f339c14-2bfb-43b7-ba18-58337938d06d','ENSG00000141736','ERBB2',100.1,10.01,250,-0.22,46.7);
INSERT INTO gene_expression VALUES ('9fe93dc6-96a7-4fc4-9f1c-c8832f4261ab','9f339c14-2bfb-43b7-ba18-58337938d06d','ENSG00000148773','MKI67',128.61,12.86,322,0.1,51.5);
INSERT INTO gene_expression VALUES ('181cc17a-a7da-4dad-872e-4b4c4c7e3f9f','9f339c14-2bfb-43b7-ba18-58337938d06d','ENSG00000141510','TP53',95.25,3.6,115,-0.28,45.8);
INSERT INTO gene_expression VALUES ('cbf9af49-fa5c-49ef-ac94-7debf04d9a08','9f339c14-2bfb-43b7-ba18-58337938d06d','ENSG00000012048','BRCA1',45.46,4.97,66,-0.83,37.5);
INSERT INTO gene_expression VALUES ('f5544064-aa0e-498e-a2bd-46c80cc09c4a','9f339c14-2bfb-43b7-ba18-58337938d06d','ENSG00000139618','BRCA2',50.98,7.59,228,-0.77,38.5);
INSERT INTO gene_expression VALUES ('e6921ee1-1b9c-4b05-b4b9-5a72bdc4d0e8','9f339c14-2bfb-43b7-ba18-58337938d06d','ENSG00000171862','PTEN',30.92,8.53,444,-0.99,35.1);
INSERT INTO gene_expression VALUES ('756f2770-eb31-4022-9a48-52d0223a4dbd','9f339c14-2bfb-43b7-ba18-58337938d06d','ENSG00000136997','MYC',139.66,1.45,741,0.22,53.3);
INSERT INTO protein_expression VALUES ('3f8697aa-3bf0-421c-b339-7c4545649f33','9f339c14-2bfb-43b7-ba18-58337938d06d','ESR1','P03372','IHC',0.77,227.0,6,'NULL');
INSERT INTO protein_expression VALUES ('a13865e4-3303-4901-b767-71c59d04e77d','9f339c14-2bfb-43b7-ba18-58337938d06d','PGR','P06401','IHC',0.19,169.0,4,'NULL');
INSERT INTO protein_expression VALUES ('a4446959-ae83-4921-aa9c-81a6c1926d1f','9f339c14-2bfb-43b7-ba18-58337938d06d','ERBB2','P04626','IHC',-1.13,37.0,1,'pY1248');
INSERT INTO protein_expression VALUES ('5f3b07bc-e1b9-4363-a760-55a9683aad26','9f339c14-2bfb-43b7-ba18-58337938d06d','MKI67','P46013','IHC',-0.99,48.0,0,'NULL');
INSERT INTO epigenetic_mark VALUES ('04cbe85a-a3e5-496d-bf4d-ec6b13566e01','9f339c14-2bfb-43b7-ba18-58337938d06d','DNA_methylation','cg15629539',0.016,'-5.943','ESR1','CpG_island',NULL);
INSERT INTO epigenetic_mark VALUES ('b7b28b00-d784-453f-89f9-17ac931cc5e1','9f339c14-2bfb-43b7-ba18-58337938d06d','DNA_methylation','cg27053763',0.062,'-3.919','BRCA1','promoter',NULL);
INSERT INTO epigenetic_mark VALUES ('7b9bd403-3f05-471a-90e6-53a2324bd642','9f339c14-2bfb-43b7-ba18-58337938d06d','H3K27ac','chr17:37800000-37850000',0.167,NULL,'ERBB2','enhancer','0.661');
INSERT INTO ncrna_profile VALUES ('62235fd2-acf3-498e-b211-4aa38833f78a','9f339c14-2bfb-43b7-ba18-58337938d06d','miRNA','hsa-miR-21-5p','miR-21-5p',3.12,'["PTEN", "PDCD4"]');
INSERT INTO ncrna_profile VALUES ('6c6111e4-8023-48a6-b844-cc1a78e5ab6d','9f339c14-2bfb-43b7-ba18-58337938d06d','miRNA','hsa-miR-155-5p','miR-155-5p',4.59,'["SHIP1", "SOCS1"]');
INSERT INTO ncrna_profile VALUES ('322164d8-cac7-4c88-abf7-d93161f2e7cb','9f339c14-2bfb-43b7-ba18-58337938d06d','lncRNA','ENSG00000228630','HOTAIR',1.36,'["SHIP1", "SOCS1"]');
INSERT INTO ncrna_profile VALUES ('4f2f2f47-9b18-4049-97c9-b9eb81f612a8','9f339c14-2bfb-43b7-ba18-58337938d06d','lncRNA','ENSG00000251562','MALAT1',43.79,'["SHIP1", "SOCS1"]');
INSERT INTO metabolomics_profile VALUES ('c9507890-eda8-4331-a0e8-ec2e91ffb289','9f339c14-2bfb-43b7-ba18-58337938d06d','Lactate','HMDB0000190','C00186',1.69,'LC-MS','organic_acid',-0.21);
INSERT INTO metabolomics_profile VALUES ('f8c62e87-be69-4666-bb79-897a0a9332cf','9f339c14-2bfb-43b7-ba18-58337938d06d','Glutamine','HMDB0000641','C00064',0.28,'LC-MS','amino_acid',-1.15);
INSERT INTO metabolomics_profile VALUES ('5f3ae9b7-0285-4229-a037-afcb69095042','9f339c14-2bfb-43b7-ba18-58337938d06d','Glucose','HMDB0000122','C00031',5.4,'LC-MS','carbohydrate',2.27);
INSERT INTO metabolomics_profile VALUES ('c10de7de-7178-43bc-b57a-52140e8893b2','9f339c14-2bfb-43b7-ba18-58337938d06d','Phosphocholine','HMDB0001565','C00588',0.17,'LC-MS','lipid',-1.22);
INSERT INTO tumor_clone VALUES ('a0252949-dd3a-46e0-810c-e54ad5a45c1d','9f339c14-2bfb-43b7-ba18-58337938d06d','clone_A',0.77,'[]',1,1,0.1715);
INSERT INTO tumor_clone VALUES ('29d36928-e2e4-4363-9b0e-9697a72375f3','9f339c14-2bfb-43b7-ba18-58337938d06d','clone_B',0.23,'[]',0,2,0.076);
INSERT INTO cell_cycle_state VALUES ('2ca74053-97cd-4e39-ace5-2399b074d4f8','9f339c14-2bfb-43b7-ba18-58337938d06d',0.737,0.071,0.036,0.156,17.0297,480.0,3.0);
INSERT INTO apoptosis_marker VALUES ('fb308920-da79-4da0-b1f6-f7f6f4cef98d','9f339c14-2bfb-43b7-ba18-58337938d06d',212.0,138.7887,101.0,2.1,0.2116,5.261,0.3523);
INSERT INTO dna_repair_status VALUES ('526be9c7-2345-46d8-bbfd-037771cdd2b3','9f339c14-2bfb-43b7-ba18-58337938d06d','mutated_somatic','mutated_somatic','proficient_MMR',0.04,3.6,26.5,0,'wildtype');
INSERT INTO metabolic_phenotype VALUES ('96885e4f-5346-4567-b073-62edb68b8714','9f339c14-2bfb-43b7-ba18-58337938d06d',0.439,95.2153,0.3194,0.139,0.2248,1.2344,0.611);
INSERT INTO stemness_profile VALUES ('9f634476-36c0-44e3-8dce-f90b206e016c','9f339c14-2bfb-43b7-ba18-58337938d06d',23.7317,11.5087,8.3918,0.1605,0.224,0.256,0.05,0.2783);
INSERT INTO drug_resistance_feature VALUES ('44f2e3c7-8ba0-4de8-8403-41cff748ffd2','9f339c14-2bfb-43b7-ba18-58337938d06d',0.81,0.5744,0.6795,0.4999,'[]',0.336);
INSERT INTO immune_infiltration VALUES ('320ca2a7-89c6-4e5e-b814-056cff85dc9b','9f339c14-2bfb-43b7-ba18-58337938d06d',3.9,12.7644,8.2505,5.5152,6.3733,12.46,12.8014,4.499,9.6342,'CIBERSORT');
INSERT INTO checkpoint_expression VALUES ('d846d862-d8e4-4383-a310-4af4965dfdff','9f339c14-2bfb-43b7-ba18-58337938d06d',17.2,30.96,5.5772,17.3968,8.4616,10.28,9.2978,18.2936);
INSERT INTO cytokine_milieu VALUES ('c66f27ad-7370-4d0f-a7e9-5eacaafb84a8','9f339c14-2bfb-43b7-ba18-58337938d06d',17.9612,11.5248,10.8911,10.3987,25.3448,30.5,30.4033,59.2294);
INSERT INTO stromal_composition VALUES ('57371ca0-e25c-41b0-ae71-c7af9c696554','9f339c14-2bfb-43b7-ba18-58337938d06d',0.3443,0.1404,0.0747,0.4887,2.3709,30.5991);
INSERT INTO ecm_profile VALUES ('3c73c45c-57ff-4650-8fa5-f8bc6825e06c','9f339c14-2bfb-43b7-ba18-58337938d06d',17.849,7.0983,22.679,0.3493,0.4702,0.6659,0.6386);
INSERT INTO hypoxia_vasculature VALUES ('3e7032d4-d5b4-4b92-9e3d-69db4f349ebf','9f339c14-2bfb-43b7-ba18-58337938d06d',1.38,1.0871,9.2,0.214,64.0287,167.1643,80.8008,11.2,7.05);
INSERT INTO organ_function VALUES ('aa1b96e4-c6c1-42d0-8a96-63392e532f8e','c4e0fafd-27a6-426a-922d-7637fe7a9740','2020-02-10',66.5,1.198,10.7401,22.2817,13.0637,46.3403,59.6,416.9789,1.0035);
INSERT INTO immune_baseline VALUES ('80e540db-382f-4c58-9829-45ec98100a4a','c4e0fafd-27a6-426a-922d-7637fe7a9740','2020-02-10',7.48,1.81,5.34,2.9503,341.0432,439.0389,466.5371,8.7784);
INSERT INTO hormonal_profile VALUES ('a39c1cf5-3653-44a2-af77-a65c9aa9359d','c4e0fafd-27a6-426a-922d-7637fe7a9740','2020-02-10',197.2,0.87,409.0,78.63,23.0113,1.4916,6.1274);
INSERT INTO pharmacogenomics VALUES ('90617c29-3689-4e5d-a24f-6558c0c96f5b','c4e0fafd-27a6-426a-922d-7637fe7a9740','UM','UM','PM','*1/*1','normal',0,'NM');
INSERT INTO body_composition VALUES ('a87a4e20-c392-4c53-af80-d68e9417e865','c4e0fafd-27a6-426a-922d-7637fe7a9740','2020-02-10',32.6,30.2,20.4458,79.6812,43.8314,1.6174);
INSERT INTO microbiome_profile VALUES ('23f72965-9352-4509-bab7-3ca6a981b026','c4e0fafd-27a6-426a-922d-7637fe7a9740','2020-02-10','gut','16S_rRNA_V4',3.2704,2.4176,0.0351,'[{"genus": "Bacteroides", "rel": 0.182}, {"genus": "Faecalibacterium", "rel": 0.058}, {"genus": "Akkermansia", "rel": 0.0351}]',0);
INSERT INTO tumor_staging VALUES ('353d8710-fa37-41fb-926c-07de2d074a7a','c4e0fafd-27a6-426a-922d-7637fe7a9740','2020-02-10','8500/3','C50.4','Invasive ductal carcinoma','T4','N3','M1','IV',2,'right');
INSERT INTO imaging_measurement VALUES ('02e8d6bc-b5f0-4e26-8e1d-2a86015f13a4','c4e0fafd-27a6-426a-922d-7637fe7a9740','2020-01-12','MRI','L1','primary_left_breast',12.5,1022.6539,3.2844,'SD','{"entropy": 4.14, "sphericity": 0.55}');
INSERT INTO pathology_report VALUES ('55d7aa2e-af02-49e5-a791-df4b3a76aa1c','c4e0fafd-27a6-426a-922d-7637fe7a9740','2020-02-10','core_needle_biopsy','R0',5,10,0,0,44.706);
INSERT INTO performance_status VALUES ('59efae58-5664-4fe3-8b03-b53c3ed6761d','c4e0fafd-27a6-426a-922d-7637fe7a9740','2020-02-10',0,90,0,36.6047);
INSERT INTO liquid_biopsy VALUES ('e814b752-bd5f-4675-9b30-c321aa3dbb1c','c4e0fafd-27a6-426a-922d-7637fe7a9740','2020-02-10',0.1647,74.115,2,'[]','detected',7.2469);
INSERT INTO treatment_regimen VALUES ('517db0fd-1af2-4b6e-8499-709fbdfc2ba9','c4e0fafd-27a6-426a-922d-7637fe7a9740',1,'Palbociclib+Let','palliative','2020-02-24','2020-08-19','planned_completion','PR',268);
INSERT INTO treatment_drug_dose VALUES ('137a2160-5c68-4462-83d3-2c1d6f1f0bc8','517db0fd-1af2-4b6e-8499-709fbdfc2ba9','14234f22-ddb9-4e92-883c-bd55730bb629','2020-02-24',73.0,65.0,11.0,'IV',1,2.0825);
INSERT INTO adverse_event VALUES ('c7a5f7dc-878a-41d7-8429-faf5fd58b4cb','c4e0fafd-27a6-426a-922d-7637fe7a9740','517db0fd-1af2-4b6e-8499-709fbdfc2ba9','Hand-foot syndrome',2,'2020-05-13','2020-07-05','probable','none');
INSERT INTO adverse_event VALUES ('e9edd45d-7d36-423c-aff1-c8d3b28b41db','c4e0fafd-27a6-426a-922d-7637fe7a9740','517db0fd-1af2-4b6e-8499-709fbdfc2ba9','Fatigue',1,'2020-03-21','2020-04-22','probable','none');
INSERT INTO adverse_event VALUES ('1ae394d0-7723-4a85-bd0d-d4a2b67a7df6','c4e0fafd-27a6-426a-922d-7637fe7a9740','517db0fd-1af2-4b6e-8499-709fbdfc2ba9','Alopecia',1,'2020-04-19','2020-05-27','probable','none');
INSERT INTO carcinogen_exposure VALUES ('cb590dcf-e305-4934-a050-830d2d4faece','c4e0fafd-27a6-426a-922d-7637fe7a9740','never',0.0,0.966,20.7283,65.9795,'[]',0.0,0);
INSERT INTO diet_nutrition VALUES ('a3e05764-4b26-4bd2-b8ed-bf6b85243c42','c4e0fafd-27a6-426a-922d-7637fe7a9740','2020-02-10','FFQ',2500.5108,70.6657,146.9208,34.0526,28.7321,27.4303,16.4303,4.0385,'Western');
INSERT INTO physical_activity VALUES ('077465ef-86fd-45fc-a2c0-25268abcbfcb','c4e0fafd-27a6-426a-922d-7637fe7a9740','2020-02-10',753.2262,127.3041,220.5976,7.1459,27.5859,6244,20.8395);
INSERT INTO stress_psychology VALUES ('de774044-7e89-4f16-9c87-23da3ace2e15','c4e0fafd-27a6-426a-922d-7637fe7a9740','2020-02-10',8,10,3,55.2724,253.58,6.4228,11);
INSERT INTO environmental_exposure VALUES ('5598529b-49be-461a-a81e-50e3eeffef0e','c4e0fafd-27a6-426a-922d-7637fe7a9740','2020-02-10',23.5772,25.2779,53.0145,'negative',NULL,'negative','negative',5.4972,'naive');
INSERT INTO socioeconomic_context VALUES ('cefcbe5c-ad66-4e88-81a4-c06d533e38c5','c4e0fafd-27a6-426a-922d-7637fe7a9740','2020-02-10',30.5187,'public_Medicare',0.5528,0.6099,91.6936,'employed_part_time',26.551,15);
INSERT INTO circadian_profile VALUES ('b6610c88-a7ef-43b7-9593-af9f62ddc7b3','c4e0fafd-27a6-426a-922d-7637fe7a9740','2020-02-10','evening',76.7597,18.8604,'22:37',563.6483,0,11);

-- Patient 51: HR+/HER2- early
INSERT INTO patient VALUES ('5486f382-ccf7-414b-9e19-55d8375aa6d0','MRN-0948834','1975-03-05','female','Black or African American','{"EUR": 0.39, "AFR": 0.13}','2023-07-19','2023-07-19');
INSERT INTO genomic_sample VALUES ('c5d74a3d-e371-40d4-b5bf-75d3c37f2ab9','5486f382-ccf7-414b-9e19-55d8375aa6d0','tumor','C50.4','2023-08-08','TruSight Oncology 500',0.62,0,'FFPE');
INSERT INTO somatic_mutation VALUES ('191b32bd-007f-43c5-b966-f483d58df0f4','c5d74a3d-e371-40d4-b5bf-75d3c37f2ab9','BRCA2','chr13',32338709,'A','T','SNV','stop_gained','p.Lys1690Ter',0.4526,400,'pathogenic','COSV52712043','1','SBS3');
INSERT INTO somatic_mutation VALUES ('c1148002-4433-4afe-a2e9-6633d130dd9e','c5d74a3d-e371-40d4-b5bf-75d3c37f2ab9','PTEN','chr10',89692905,'G','A','SNV','missense_variant','p.Arg130Gly',0.3636,161,'oncogenic','COSV52731827','1','SBS5');
INSERT INTO somatic_mutation VALUES ('8c2ed6e1-08f0-4e21-8d3f-04dfde850b86','c5d74a3d-e371-40d4-b5bf-75d3c37f2ab9','CDH1','chr16',68771195,'C','T','SNV','nonsense_variant','p.Gln333Ter',0.4234,373,'oncogenic','COSV52697483','3A','SBS1');
INSERT INTO somatic_mutation VALUES ('f8c0fdfc-1f05-48f1-8b25-3af9162672d8','c5d74a3d-e371-40d4-b5bf-75d3c37f2ab9','PIK3CA','chr3',179234297,'C','T','SNV','missense_variant','p.His1047Arg',0.3207,185,'oncogenic','COSV52748762','1','SBS1');
INSERT INTO somatic_mutation VALUES ('db491617-b159-4f7c-b5c7-96026d594523','c5d74a3d-e371-40d4-b5bf-75d3c37f2ab9','ERBB2','chr17',39725084,'A','G','SNV','missense_variant','p.Leu755Ser',0.3649,282,'oncogenic','COSV52735019','1','SBS5');
INSERT INTO somatic_mutation VALUES ('872c4a2d-cfc7-4c71-8d2a-181217f96243','c5d74a3d-e371-40d4-b5bf-75d3c37f2ab9','MAP3K1','chr5',56115628,'G','A','SNV','missense_variant','p.Glu1298Lys',0.2745,137,'oncogenic','COSV52721033','3A','SBS1');
INSERT INTO copy_number_variant VALUES ('a9250528-edf0-4412-8c59-4d42c56bf143','c5d74a3d-e371-40d4-b5bf-75d3c37f2ab9','MYC','chr8',127700000,127800000,2.6,-0.29,'amplification',0);
INSERT INTO copy_number_variant VALUES ('4eee3551-bb5b-4e38-9d20-1d70cc7e7a49','c5d74a3d-e371-40d4-b5bf-75d3c37f2ab9','CDKN2A','chr9',21967000,21995000,0.4,-2.93,'shallow_deletion',0);
INSERT INTO gene_expression VALUES ('b1f5a121-afec-494e-ad6c-ac8819ab8776','c5d74a3d-e371-40d4-b5bf-75d3c37f2ab9','ENSG00000091831','ESR1',701.11,70.11,1753,6.46,99.0);
INSERT INTO gene_expression VALUES ('6e144dc4-49ac-4792-ab4b-d9fe7cedc01b','c5d74a3d-e371-40d4-b5bf-75d3c37f2ab9','ENSG00000141736','ERBB2',28.23,2.82,71,-1.02,34.7);
INSERT INTO gene_expression VALUES ('17b50441-1b87-4287-bc3c-7f59d34e6f7f','c5d74a3d-e371-40d4-b5bf-75d3c37f2ab9','ENSG00000148773','MKI67',112.93,11.29,282,-0.08,48.8);
INSERT INTO gene_expression VALUES ('823d0e4f-334f-4dfa-8f83-0c6c1162d181','c5d74a3d-e371-40d4-b5bf-75d3c37f2ab9','ENSG00000141510','TP53',59.62,2.04,216,-0.67,40.0);
INSERT INTO gene_expression VALUES ('007b4849-c1e0-4491-b03b-8a47e061788d','c5d74a3d-e371-40d4-b5bf-75d3c37f2ab9','ENSG00000012048','BRCA1',37.05,0.23,320,-0.92,36.2);
INSERT INTO gene_expression VALUES ('37bd8028-38e4-415a-8709-256d9e016415','c5d74a3d-e371-40d4-b5bf-75d3c37f2ab9','ENSG00000139618','BRCA2',75.09,3.88,241,-0.5,42.5);
INSERT INTO gene_expression VALUES ('7e58dbbd-87b9-475e-ac43-51a2d967788b','c5d74a3d-e371-40d4-b5bf-75d3c37f2ab9','ENSG00000171862','PTEN',68.44,7.75,477,-0.57,41.5);
INSERT INTO gene_expression VALUES ('cc2c733c-6809-4a95-8537-6fd602911c1e','c5d74a3d-e371-40d4-b5bf-75d3c37f2ab9','ENSG00000136997','MYC',30.43,0.1,311,-1.0,35.0);
INSERT INTO protein_expression VALUES ('17bc6112-eb23-4119-bc2a-6e0a4d9984d0','c5d74a3d-e371-40d4-b5bf-75d3c37f2ab9','ESR1','P03372','IHC',0.69,219.0,5,'NULL');
INSERT INTO protein_expression VALUES ('6f4907ff-bfff-48e4-bd8f-485496479a34','c5d74a3d-e371-40d4-b5bf-75d3c37f2ab9','PGR','P06401','IHC',-0.04,146.0,4,'NULL');
INSERT INTO protein_expression VALUES ('c482a3ca-cdef-43ac-8bcf-2971eff639be','c5d74a3d-e371-40d4-b5bf-75d3c37f2ab9','ERBB2','P04626','IHC',-0.98,52.0,1,'pY1248');
INSERT INTO protein_expression VALUES ('59d45e09-5785-4c91-b215-f4b70e014fb6','c5d74a3d-e371-40d4-b5bf-75d3c37f2ab9','MKI67','P46013','IHC',-0.91,55.0,0,'NULL');
INSERT INTO epigenetic_mark VALUES ('f57c89a3-3b0f-42e8-935e-6d0833e24aa7','c5d74a3d-e371-40d4-b5bf-75d3c37f2ab9','H3K27ac','cg15629539',0.0,NULL,'ESR1','CpG_island',NULL);
INSERT INTO epigenetic_mark VALUES ('91a6fc59-51d2-466e-9bc3-3361a00690f0','c5d74a3d-e371-40d4-b5bf-75d3c37f2ab9','DNA_methylation','cg27053763',0.151,'-2.491','BRCA1','promoter',NULL);
INSERT INTO epigenetic_mark VALUES ('d9b5ac48-4790-4290-9ada-1661897c954e','c5d74a3d-e371-40d4-b5bf-75d3c37f2ab9','H3K27ac','chr17:37800000-37850000',0.288,NULL,'ERBB2','enhancer','1.126');
INSERT INTO ncrna_profile VALUES ('330361e9-3317-4e04-90c3-bf451b4884ca','c5d74a3d-e371-40d4-b5bf-75d3c37f2ab9','miRNA','hsa-miR-21-5p','miR-21-5p',1.39,'["PTEN", "PDCD4"]');
INSERT INTO ncrna_profile VALUES ('c1a447f8-0156-4145-90f8-8ff42f6abdb4','c5d74a3d-e371-40d4-b5bf-75d3c37f2ab9','miRNA','hsa-miR-155-5p','miR-155-5p',5.88,'["SHIP1", "SOCS1"]');
INSERT INTO ncrna_profile VALUES ('e4b37915-3540-4207-957c-801b020aa72e','c5d74a3d-e371-40d4-b5bf-75d3c37f2ab9','lncRNA','ENSG00000228630','HOTAIR',3.11,'["SHIP1", "SOCS1"]');
INSERT INTO ncrna_profile VALUES ('21afb26a-d3e0-4daa-8e9f-0350e54089ad','c5d74a3d-e371-40d4-b5bf-75d3c37f2ab9','lncRNA','ENSG00000251562','MALAT1',71.61,'["SHIP1", "SOCS1"]');
INSERT INTO metabolomics_profile VALUES ('13f06a86-bf8a-4320-baf2-faf3640ff21c','c5d74a3d-e371-40d4-b5bf-75d3c37f2ab9','Lactate','HMDB0000190','C00186',2.76,'LC-MS','organic_acid',0.51);
INSERT INTO metabolomics_profile VALUES ('268e425c-2fb5-4cab-8eb0-910eabf19191','c5d74a3d-e371-40d4-b5bf-75d3c37f2ab9','Glutamine','HMDB0000641','C00064',0.43,'LC-MS','amino_acid',-1.05);
INSERT INTO metabolomics_profile VALUES ('2e9e89ae-a8d1-4bdd-a9a9-626f2bd3620c','c5d74a3d-e371-40d4-b5bf-75d3c37f2ab9','Glucose','HMDB0000122','C00031',5.71,'LC-MS','carbohydrate',2.47);
INSERT INTO metabolomics_profile VALUES ('df0be5f9-19ef-4338-a1d9-75104c76ae14','c5d74a3d-e371-40d4-b5bf-75d3c37f2ab9','Phosphocholine','HMDB0001565','C00588',0.21,'LC-MS','lipid',-1.19);
INSERT INTO tumor_clone VALUES ('2d7cfff5-5cd7-4a62-8cf4-68f05f40dc32','c5d74a3d-e371-40d4-b5bf-75d3c37f2ab9','clone_A',0.61,'[]',1,1,0.2405);
INSERT INTO tumor_clone VALUES ('784fc697-9c8d-4d26-b760-ee7711d3e1c8','c5d74a3d-e371-40d4-b5bf-75d3c37f2ab9','clone_B',0.39,'[]',0,2,0.1219);
INSERT INTO cell_cycle_state VALUES ('2e1e9f0c-f3d5-46b0-8ea9-48bb6e8896c2','c5d74a3d-e371-40d4-b5bf-75d3c37f2ab9',0.714,0.093,0.05,0.143,19.796,480.0,2.6);
INSERT INTO apoptosis_marker VALUES ('ab444027-9630-4654-8a32-c6fd327bc36b','c5d74a3d-e371-40d4-b5bf-75d3c37f2ab9',167.0,183.6656,89.0,1.88,0.1136,5.3864,0.4194);
INSERT INTO dna_repair_status VALUES ('1cf708f2-b76d-4165-9b48-e448782a8f63','c5d74a3d-e371-40d4-b5bf-75d3c37f2ab9','mutated_somatic','mutated_somatic','proficient_MMR',0.04,7.1,16.3,0,'wildtype');
INSERT INTO metabolic_phenotype VALUES ('8f4d1172-56c1-49c3-811b-c90e03043b58','c5d74a3d-e371-40d4-b5bf-75d3c37f2ab9',0.533,89.915,0.4226,0.2643,0.159,1.0951,0.6007);
INSERT INTO stemness_profile VALUES ('734cac7f-37fd-41e7-a14d-c52a6dc70622','c5d74a3d-e371-40d4-b5bf-75d3c37f2ab9',56.808,17.7297,1.9342,0.02,0.321,0.25,0.1146,0.3245);
INSERT INTO drug_resistance_feature VALUES ('2ad3c048-6db1-4411-90f2-029ad1ac3e71','c5d74a3d-e371-40d4-b5bf-75d3c37f2ab9',1.65,0.9647,0.3646,0.5087,'[]',1.0);
INSERT INTO immune_infiltration VALUES ('c198e256-f695-4e8a-9ea1-a0d4c507ce67','c5d74a3d-e371-40d4-b5bf-75d3c37f2ab9',7.0,7.0514,8.5909,7.784,7.9985,7.5459,2.9601,1.6062,8.4012,'CIBERSORT');
INSERT INTO checkpoint_expression VALUES ('cf461ab6-4330-4f11-a795-0a86f318d802','c5d74a3d-e371-40d4-b5bf-75d3c37f2ab9',22.2,39.96,8.4671,29.358,15.3647,10.7375,10.0007,8.6458);
INSERT INTO cytokine_milieu VALUES ('e750ac8c-9be7-4b7d-bef1-8bb89764638b','c5d74a3d-e371-40d4-b5bf-75d3c37f2ab9',30.1449,17.0282,9.5694,22.2711,24.8003,18.4,5.0,129.8597);
INSERT INTO stromal_composition VALUES ('7f0d6173-418b-4c6e-8dfd-09e9dbb5cc9f','c5d74a3d-e371-40d4-b5bf-75d3c37f2ab9',0.2415,0.0465,0.1194,0.3412,2.4503,38.3802);
INSERT INTO ecm_profile VALUES ('7066400a-6450-49c0-9903-eae368049ac9','c5d74a3d-e371-40d4-b5bf-75d3c37f2ab9',9.3547,11.7973,25.2,0.3943,0.2478,0.6726,0.3624);
INSERT INTO hypoxia_vasculature VALUES ('d334e914-f1a6-4787-b878-3691846dbbcd','c5d74a3d-e371-40d4-b5bf-75d3c37f2ab9',0.97,0.5292,9.6,0.2536,111.8329,258.7497,102.9792,2.0,7.13);
INSERT INTO organ_function VALUES ('407af263-48c8-4e15-83c3-a1e58070c2a0','5486f382-ccf7-414b-9e19-55d8375aa6d0','2023-07-19',88.1,1.4572,22.4947,25.3112,5.0,38.1686,70.6,404.6616,1.0799);
INSERT INTO immune_baseline VALUES ('a065d119-92ac-49c3-9b37-bafc5847b7a0','5486f382-ccf7-414b-9e19-55d8375aa6d0','2023-07-19',8.7,1.33,2.08,1.5639,567.3403,476.7444,226.362,6.6523);
INSERT INTO hormonal_profile VALUES ('12949500-ff0c-4f83-ae20-5f998fe4be32','5486f382-ccf7-414b-9e19-55d8375aa6d0','2023-07-19',193.2,0.67,408.0,24.4969,13.0436,1.7699,4.5189);
INSERT INTO pharmacogenomics VALUES ('64aa7dec-d510-4c46-9512-1398ceea716a','5486f382-ccf7-414b-9e19-55d8375aa6d0','PM','NM','NM','*28/*28','low',0,'NM');
INSERT INTO body_composition VALUES ('deb51fdc-9b90-4725-b375-4bf99c864b1e','5486f382-ccf7-414b-9e19-55d8375aa6d0','2023-07-19',31.3,36.1,29.1572,96.0712,34.8574,1.6142);
INSERT INTO microbiome_profile VALUES ('bfb31f74-5340-4874-a013-d0024d07f078','5486f382-ccf7-414b-9e19-55d8375aa6d0','2023-07-19','gut','16S_rRNA_V4',4.4145,3.0517,0.0401,'[{"genus": "Bacteroides", "rel": 0.222}, {"genus": "Faecalibacterium", "rel": 0.11}, {"genus": "Akkermansia", "rel": 0.0401}]',0);
INSERT INTO tumor_staging VALUES ('57361023-e986-44d7-a8c7-a99bc57cafbd','5486f382-ccf7-414b-9e19-55d8375aa6d0','2023-07-19','8500/3','C50.4','Invasive ductal carcinoma','T2','N1','M0','IIA',1,'right');
INSERT INTO imaging_measurement VALUES ('c5182d03-c0d8-4c74-98a0-c7d063d0898e','5486f382-ccf7-414b-9e19-55d8375aa6d0','2023-07-12','MRI','L1','primary_left_breast',16.5,2352.0711,2.1313,'SD','{"entropy": 5.78, "sphericity": 0.9}');
INSERT INTO pathology_report VALUES ('d5e6b8bb-2ae4-44c7-bc62-4c49c0b205b0','5486f382-ccf7-414b-9e19-55d8375aa6d0','2023-07-19','core_needle_biopsy','R0',5,17,0,0,0.0);
INSERT INTO performance_status VALUES ('46775174-2a15-4d15-bc3f-090e4e50ddd4','5486f382-ccf7-414b-9e19-55d8375aa6d0','2023-07-19',1,88,3,39.2759);
INSERT INTO liquid_biopsy VALUES ('9e5ec3b4-3f3d-4f53-a17b-c52edb84a5fd','5486f382-ccf7-414b-9e19-55d8375aa6d0','2023-07-19',0.0895,40.275,3,'[]','detected',12.9641);
INSERT INTO treatment_regimen VALUES ('00ab8874-64b9-44c2-b18f-d613e4539252','5486f382-ccf7-414b-9e19-55d8375aa6d0',1,'Letrozole','adjuvant','2023-08-24','2024-07-09','planned_completion','PR',191);
INSERT INTO treatment_drug_dose VALUES ('d1639973-a54f-4f25-8c14-72302132808e','00ab8874-64b9-44c2-b18f-d613e4539252','dea8e584-d12c-47bf-a4c0-e739973380b8','2023-08-24',79.0,71.0,10.1,'oral',1,1.9307);
INSERT INTO adverse_event VALUES ('0ab235e7-5b38-4ad7-a776-d9d91a99a1ec','5486f382-ccf7-414b-9e19-55d8375aa6d0','00ab8874-64b9-44c2-b18f-d613e4539252','Nausea',2,'2023-10-04','2023-10-11','probable','none');
INSERT INTO adverse_event VALUES ('f8ba7ffb-431b-4a58-b0a9-f2cf032a21cd','5486f382-ccf7-414b-9e19-55d8375aa6d0','00ab8874-64b9-44c2-b18f-d613e4539252','Hand-foot syndrome',3,'2023-10-08','2023-10-23','probable','dose_reduction');
INSERT INTO radiation_plan VALUES ('b76f4bce-50a5-44e5-afe2-18a3d0b999c2','5486f382-ccf7-414b-9e19-55d8375aa6d0','photon_EBRT','CTV',52.3018,2.0,25,5,'IMRT',NULL,'{"heart": {"V20Gy_pct": "<25"}, "lung": {"mean_Gy": "<18"}}');
INSERT INTO carcinogen_exposure VALUES ('133cc56a-61b2-4924-bd64-7ec0b0b33f26','5486f382-ccf7-414b-9e19-55d8375aa6d0','never',0.0,0.0,14.4741,67.4081,'[]',0.0,0);
INSERT INTO diet_nutrition VALUES ('bfe740be-165a-46ad-8c4c-55f46ad02599','5486f382-ccf7-414b-9e19-55d8375aa6d0','2023-07-19','FFQ',2077.6013,76.6631,172.4182,55.2911,23.1198,41.7458,28.008,13.1285,'Mediterranean');
INSERT INTO physical_activity VALUES ('617154b7-38b1-4c65-8e70-1c5e136a5226','5486f382-ccf7-414b-9e19-55d8375aa6d0','2023-07-19',0.0,145.4069,223.0938,8.7285,22.9494,4573,18.0454);
INSERT INTO stress_psychology VALUES ('67d21539-5219-443d-b4a1-284e41edf699','5486f382-ccf7-414b-9e19-55d8375aa6d0','2023-07-19',8,10,3,42.0529,252.96,6.4743,8);
INSERT INTO environmental_exposure VALUES ('0a2a33c9-12c8-40df-a852-3aabf87e1279','5486f382-ccf7-414b-9e19-55d8375aa6d0','2023-07-19',17.4315,22.5454,75.12,'negative',NULL,'negative','negative',5.9003,'naive');
INSERT INTO socioeconomic_context VALUES ('43d3f93f-6c8e-4fc9-bcac-5f58d8e88fda','5486f382-ccf7-414b-9e19-55d8375aa6d0','2023-07-19',56.0287,'private',0.7192,0.5717,52.0958,'unable_to_work_disability',24.6535,20);
INSERT INTO circadian_profile VALUES ('b72347a6-5392-4230-89d6-f35e8ff587b1','5486f382-ccf7-414b-9e19-55d8375aa6d0','2023-07-19','evening',87.9497,26.5155,'22:18',709.4116,0,13);

-- Patient 52: HR+/HER2- early
INSERT INTO patient VALUES ('da5d5561-85b8-4c38-a96a-375cfb36969b','MRN-0438855','1948-10-22','female','Hispanic or Latino','{"EUR": 0.4, "AFR": 0.12}','2019-08-20','2019-08-20');
INSERT INTO genomic_sample VALUES ('941f3676-6577-4cf8-937c-b8121e0bb793','da5d5561-85b8-4c38-a96a-375cfb36969b','tumor','C50.4','2019-09-04','TruSight Oncology 500',0.38,0,'FFPE');
INSERT INTO somatic_mutation VALUES ('53566da8-2c50-4a9a-87c6-5e460358c33b','941f3676-6577-4cf8-937c-b8121e0bb793','PTEN','chr10',89692905,'G','A','SNV','missense_variant','p.Arg130Gly',0.1872,341,'oncogenic','COSV52731827','1','SBS5');
INSERT INTO somatic_mutation VALUES ('7682413c-651b-4f21-88b6-076a4e2a1d9a','941f3676-6577-4cf8-937c-b8121e0bb793','ESR1','chr6',152098794,'T','C','SNV','missense_variant','p.Tyr537Cys',0.0793,381,'oncogenic','COSV52744551','1','SBS1');
INSERT INTO somatic_mutation VALUES ('3c98752d-8d19-4294-b9bd-667ef9caf057','941f3676-6577-4cf8-937c-b8121e0bb793','ERBB2','chr17',39725084,'A','G','SNV','missense_variant','p.Leu755Ser',0.2877,366,'oncogenic','COSV52735019','1','SBS5');
INSERT INTO somatic_mutation VALUES ('83afa880-b075-464b-88be-232234207319','941f3676-6577-4cf8-937c-b8121e0bb793','MAP3K1','chr5',56115628,'G','A','SNV','missense_variant','p.Glu1298Lys',0.2925,373,'oncogenic','COSV52721033','3A','SBS1');
INSERT INTO somatic_mutation VALUES ('3c32e798-2b65-4952-9fd2-d009ed37b3b5','941f3676-6577-4cf8-937c-b8121e0bb793','BRCA2','chr13',32338709,'A','T','SNV','stop_gained','p.Lys1690Ter',0.3822,150,'pathogenic','COSV52712043','1','SBS3');
INSERT INTO copy_number_variant VALUES ('c86dbc5b-dad5-4012-8b02-62034a64aec4','941f3676-6577-4cf8-937c-b8121e0bb793','MYC','chr8',127700000,127800000,3.2,1.39,'neutral',0);
INSERT INTO copy_number_variant VALUES ('22e68a91-0449-4cf3-8c38-78528961540e','941f3676-6577-4cf8-937c-b8121e0bb793','CDKN2A','chr9',21967000,21995000,0.2,-2.08,'shallow_deletion',0);
INSERT INTO gene_expression VALUES ('35fdf7a5-58e5-4d58-ab4c-8402a8bcc6de','941f3676-6577-4cf8-937c-b8121e0bb793','ENSG00000091831','ESR1',831.83,83.18,2080,7.91,99.0);
INSERT INTO gene_expression VALUES ('3167a69a-1d86-4f90-9108-8b86b1b83485','941f3676-6577-4cf8-937c-b8121e0bb793','ENSG00000141736','ERBB2',134.84,13.48,337,0.16,52.4);
INSERT INTO gene_expression VALUES ('9fc42d8d-89bb-437f-a60c-be7b92f3a707','941f3676-6577-4cf8-937c-b8121e0bb793','ENSG00000148773','MKI67',87.96,8.8,220,-0.36,44.6);
INSERT INTO gene_expression VALUES ('4b16d194-d23c-40a8-8308-fce8b10dc05a','941f3676-6577-4cf8-937c-b8121e0bb793','ENSG00000141510','TP53',84.61,2.85,172,-0.39,44.1);
INSERT INTO gene_expression VALUES ('42167853-f797-4556-aa1d-2f42dee6737a','941f3676-6577-4cf8-937c-b8121e0bb793','ENSG00000012048','BRCA1',86.52,2.83,196,-0.37,44.5);
INSERT INTO gene_expression VALUES ('e2ea84a7-47cf-42ce-ae5a-614aa4f295c4','941f3676-6577-4cf8-937c-b8121e0bb793','ENSG00000139618','BRCA2',37.4,6.1,386,-0.92,36.2);
INSERT INTO gene_expression VALUES ('93ae01a6-b27d-4a8f-8e19-4edf8c1ea66b','941f3676-6577-4cf8-937c-b8121e0bb793','ENSG00000171862','PTEN',90.74,3.34,494,-0.33,45.0);
INSERT INTO gene_expression VALUES ('36ba3127-75c0-48a8-a63d-876ee25c39f4','941f3676-6577-4cf8-937c-b8121e0bb793','ENSG00000136997','MYC',95.36,4.33,707,-0.27,46.0);
INSERT INTO protein_expression VALUES ('7e541629-2782-4337-aab8-b5a73c647a67','941f3676-6577-4cf8-937c-b8121e0bb793','ESR1','P03372','IHC',0.73,223.0,6,'NULL');
INSERT INTO protein_expression VALUES ('613b4175-09a7-4e2b-b676-8b903bbfb205','941f3676-6577-4cf8-937c-b8121e0bb793','PGR','P06401','IHC',0.47,197.0,5,'NULL');
INSERT INTO protein_expression VALUES ('7b5f4b60-883a-4ae1-a4e2-f21d03be2b46','941f3676-6577-4cf8-937c-b8121e0bb793','ERBB2','P04626','IHC',-1.4,10.0,0,'pY1248');
INSERT INTO protein_expression VALUES ('e941eca1-85e7-442b-9eea-58380a71aea0','941f3676-6577-4cf8-937c-b8121e0bb793','MKI67','P46013','IHC',-1.14,34.0,0,'NULL');
INSERT INTO epigenetic_mark VALUES ('61140b35-e1fb-484d-b998-225a10accd0d','941f3676-6577-4cf8-937c-b8121e0bb793','DNA_methylation','cg15629539',0.085,'-3.428','ESR1','CpG_island',NULL);
INSERT INTO epigenetic_mark VALUES ('4450b875-3ca3-4dfd-8d2f-e3c4885bc242','941f3676-6577-4cf8-937c-b8121e0bb793','DNA_methylation','cg27053763',0.084,'-3.447','BRCA1','promoter',NULL);
INSERT INTO epigenetic_mark VALUES ('f5efa02d-ee65-4bf6-abc5-9d741d24c72b','941f3676-6577-4cf8-937c-b8121e0bb793','H3K27ac','chr17:37800000-37850000',0.145,NULL,'ERBB2','enhancer','0.808');
INSERT INTO ncrna_profile VALUES ('0467779c-84e3-4f04-a98c-bd008a948bc1','941f3676-6577-4cf8-937c-b8121e0bb793','miRNA','hsa-miR-21-5p','miR-21-5p',1.83,'["PTEN", "PDCD4"]');
INSERT INTO ncrna_profile VALUES ('4d3a18bd-54ca-4500-ac30-ae1fb067403e','941f3676-6577-4cf8-937c-b8121e0bb793','miRNA','hsa-miR-155-5p','miR-155-5p',4.68,'["SHIP1", "SOCS1"]');
INSERT INTO ncrna_profile VALUES ('d0b6d650-422f-435c-8224-12dc5f240b79','941f3676-6577-4cf8-937c-b8121e0bb793','lncRNA','ENSG00000228630','HOTAIR',3.15,'["SHIP1", "SOCS1"]');
INSERT INTO ncrna_profile VALUES ('4e97d198-cfe7-40f1-b11e-adf0d088176e','941f3676-6577-4cf8-937c-b8121e0bb793','lncRNA','ENSG00000251562','MALAT1',30.07,'["SHIP1", "SOCS1"]');
INSERT INTO metabolomics_profile VALUES ('742201ad-39c2-4d1a-afeb-178b0ca8440f','941f3676-6577-4cf8-937c-b8121e0bb793','Lactate','HMDB0000190','C00186',2.49,'LC-MS','organic_acid',0.33);
INSERT INTO metabolomics_profile VALUES ('4d47408f-4261-4c20-b1c1-153a9f0c223c','941f3676-6577-4cf8-937c-b8121e0bb793','Glutamine','HMDB0000641','C00064',0.59,'LC-MS','amino_acid',-0.94);
INSERT INTO metabolomics_profile VALUES ('04e45e3b-0760-46ca-849d-46d66600e7e8','941f3676-6577-4cf8-937c-b8121e0bb793','Glucose','HMDB0000122','C00031',5.71,'LC-MS','carbohydrate',2.47);
INSERT INTO metabolomics_profile VALUES ('7ca5591f-f00b-4ca8-aeda-024f1539509a','941f3676-6577-4cf8-937c-b8121e0bb793','Phosphocholine','HMDB0001565','C00588',0.12,'LC-MS','lipid',-1.25);
INSERT INTO tumor_clone VALUES ('138784dd-c643-4d42-b1a5-d716aa0d6d6d','941f3676-6577-4cf8-937c-b8121e0bb793','clone_A',0.77,'[]',1,1,0.2519);
INSERT INTO tumor_clone VALUES ('d5c7566f-5c73-414f-be91-46cc8e57f29d','941f3676-6577-4cf8-937c-b8121e0bb793','clone_B',0.23,'[]',0,2,0.0923);
INSERT INTO cell_cycle_state VALUES ('76f42144-86b5-4b6a-a8a0-5cda95a855f4','941f3676-6577-4cf8-937c-b8121e0bb793',0.853,0.049,0.025,0.073,12.0854,480.0,3.8);
INSERT INTO apoptosis_marker VALUES ('b915a362-0d95-49cb-a993-7cd138baff85','941f3676-6577-4cf8-937c-b8121e0bb793',174.0,93.588,122.0,1.43,0.1695,3.3001,0.6586);
INSERT INTO dna_repair_status VALUES ('21eafb64-c640-413b-a53d-5d5f4022e9ef','941f3676-6577-4cf8-937c-b8121e0bb793','mutated_somatic','mutated_somatic','proficient_MMR',0.04,10.3,15.4,0,'wildtype');
INSERT INTO metabolic_phenotype VALUES ('4428e719-35e3-471a-adae-1fc1da2e6327','941f3676-6577-4cf8-937c-b8121e0bb793',0.43,84.8526,0.4048,0.6395,0.319,1.0293,0.7521);
INSERT INTO stemness_profile VALUES ('ec7f732a-c266-47b3-9db4-e8c18a48c970','941f3676-6577-4cf8-937c-b8121e0bb793',98.2783,16.2185,11.0719,0.02,0.298,0.271,0.5482,0.059);
INSERT INTO drug_resistance_feature VALUES ('40d33989-9875-4a6b-bf1d-bcd0c35fd701','941f3676-6577-4cf8-937c-b8121e0bb793',0.52,0.5853,0.5658,0.8192,'[]',0.4839);
INSERT INTO immune_infiltration VALUES ('b7127a4a-d8d9-418a-bdf6-060d06da21ee','941f3676-6577-4cf8-937c-b8121e0bb793',8.5,11.0513,9.445,0.5419,5.3445,7.1269,19.0154,2.776,9.7177,'CIBERSORT');
INSERT INTO checkpoint_expression VALUES ('8750bd2c-7596-428a-a5e5-34355b6366b0','941f3676-6577-4cf8-937c-b8121e0bb793',13.2,23.76,8.1685,12.1399,9.7303,7.3816,9.9271,18.4273);
INSERT INTO cytokine_milieu VALUES ('1f30fe06-850b-49ea-93ee-bb0a326e8264','941f3676-6577-4cf8-937c-b8121e0bb793',19.1998,11.3344,11.784,24.4776,15.103,21.7,13.5295,78.4412);
INSERT INTO stromal_composition VALUES ('facc9bef-f384-4412-9fde-1d33ff9012cb','941f3676-6577-4cf8-937c-b8121e0bb793',0.3107,0.1333,0.1323,0.308,1.7191,14.7281);
INSERT INTO ecm_profile VALUES ('533654f7-441b-4b9e-98cc-92bc9abfebdf','941f3676-6577-4cf8-937c-b8121e0bb793',17.5209,10.6709,28.2863,0.4341,0.3264,0.557,0.4678);
INSERT INTO hypoxia_vasculature VALUES ('8af039a5-029a-4ecc-8a80-eb810ec38aca','941f3676-6577-4cf8-937c-b8121e0bb793',0.57,0.6454,7.6,0.2461,100.6423,208.8406,105.1517,6.7,6.99);
INSERT INTO organ_function VALUES ('bd7fa500-9715-4eb2-80ce-e9918acc6047','da5d5561-85b8-4c38-a96a-375cfb36969b','2019-08-20',52.3,1.0276,15.5918,15.9414,12.4195,39.7913,68.1,434.7292,1.1122);
INSERT INTO immune_baseline VALUES ('39859a66-cd2d-48f9-9714-d4fe4ee7540c','da5d5561-85b8-4c38-a96a-375cfb36969b','2019-08-20',4.44,2.15,2.96,1.3767,660.0633,298.0158,348.294,9.3782);
INSERT INTO hormonal_profile VALUES ('f24a15f1-3432-4b86-8902-f499176348c5','da5d5561-85b8-4c38-a96a-375cfb36969b','2019-08-20',69.4,0.25,428.0,52.308,17.3395,0.9937,6.8185);
INSERT INTO pharmacogenomics VALUES ('1a2594f1-d209-49d0-ac1b-eb6bcb6041cd','da5d5561-85b8-4c38-a96a-375cfb36969b','NM','NM','PM','*1/*1','normal',0,'NM');
INSERT INTO body_composition VALUES ('b0d16451-07ae-4043-98ad-c5410a754b66','da5d5561-85b8-4c38-a96a-375cfb36969b','2019-08-20',21.3,38.5,21.8699,111.737,27.9349,1.5962);
INSERT INTO microbiome_profile VALUES ('e3826efe-4da3-44c6-bd46-42ec71a6cbe1','da5d5561-85b8-4c38-a96a-375cfb36969b','2019-08-20','gut','16S_rRNA_V4',3.0912,2.121,0.0556,'[{"genus": "Bacteroides", "rel": 0.196}, {"genus": "Faecalibacterium", "rel": 0.14}, {"genus": "Akkermansia", "rel": 0.0556}]',0);
INSERT INTO tumor_staging VALUES ('cf74b1dd-bf29-4cd2-91ca-d2700251bb48','da5d5561-85b8-4c38-a96a-375cfb36969b','2019-08-20','8500/3','C50.4','Invasive ductal carcinoma','T4','N3','M0','I',1,'left');
INSERT INTO imaging_measurement VALUES ('3e78a54f-2189-40ea-9f68-2cc2c4d6770e','da5d5561-85b8-4c38-a96a-375cfb36969b','2019-08-15','MRI','L1','primary_left_breast',25.6,8784.5298,3.6998,'SD','{"entropy": 5.56, "sphericity": 0.64}');
INSERT INTO pathology_report VALUES ('66d97b77-d868-49b0-ae6f-1e31938decea','da5d5561-85b8-4c38-a96a-375cfb36969b','2019-08-20','core_needle_biopsy','R0',1,18,0,0,11.5584);
INSERT INTO performance_status VALUES ('5bfb9f7b-4afc-4be8-9751-2c792a9e8028','da5d5561-85b8-4c38-a96a-375cfb36969b','2019-08-20',0,77,2,36.5969);
INSERT INTO liquid_biopsy VALUES ('9cc8f20c-5730-47dc-ba6c-a82a5316b4e7','da5d5561-85b8-4c38-a96a-375cfb36969b','2019-08-20',0.005,2.25,7,'[]','detected',19.6242);
INSERT INTO treatment_regimen VALUES ('2216b6f0-9813-490e-bb0e-f618c7271bec','da5d5561-85b8-4c38-a96a-375cfb36969b',1,'Letrozole','adjuvant','2019-09-08','2020-04-01','planned_completion','PR',404);
INSERT INTO treatment_drug_dose VALUES ('17c74a8e-2471-444d-abd6-9f29c9447a63','2216b6f0-9813-490e-bb0e-f618c7271bec','dea8e584-d12c-47bf-a4c0-e739973380b8','2019-09-08',84.0,74.0,11.9,'oral',1,0.7596);
INSERT INTO adverse_event VALUES ('9a8e9360-5393-4082-9e8d-67ac472bd4c9','da5d5561-85b8-4c38-a96a-375cfb36969b','2216b6f0-9813-490e-bb0e-f618c7271bec','Arthralgia',2,'2019-09-21','2019-10-03','probable','none');
INSERT INTO adverse_event VALUES ('5a8c7119-74cc-430e-bb0c-d9407e079ba7','da5d5561-85b8-4c38-a96a-375cfb36969b','2216b6f0-9813-490e-bb0e-f618c7271bec','Peripheral sensory neuropathy',1,'2019-10-05','2019-11-25','probable','none');
INSERT INTO radiation_plan VALUES ('141c5c7f-7ec8-4b7e-bf5a-4bd4e738a30f','da5d5561-85b8-4c38-a96a-375cfb36969b','photon_EBRT','CTV',47.8737,2.0,25,5,'IMRT',NULL,'{"heart": {"V20Gy_pct": "<25"}, "lung": {"mean_Gy": "<18"}}');
INSERT INTO carcinogen_exposure VALUES ('53d4d101-e9ab-404d-80e3-a861384be3ed','da5d5561-85b8-4c38-a96a-375cfb36969b','never',0.0,8.9996,22.5378,46.1103,'[]',0.0,0);
INSERT INTO diet_nutrition VALUES ('b210c0f1-e373-47e7-80bb-08ad323a4b40','da5d5561-85b8-4c38-a96a-375cfb36969b','2019-08-20','FFQ',2429.7137,62.0512,308.546,74.0379,27.1402,36.9941,16.8801,9.6428,'plant_based');
INSERT INTO physical_activity VALUES ('268da97d-2eb5-40a9-910b-03c4e3edae88','da5d5561-85b8-4c38-a96a-375cfb36969b','2019-08-20',619.4436,145.1124,21.3338,10.4022,19.4549,5610,34.5692);
INSERT INTO stress_psychology VALUES ('f6bf3a65-536f-4c57-b357-41e9568e3e41','da5d5561-85b8-4c38-a96a-375cfb36969b','2019-08-20',13,9,17,45.2979,265.36,6.448,9);
INSERT INTO environmental_exposure VALUES ('93857bea-2ed3-47b5-a372-12c4e675fa6e','da5d5561-85b8-4c38-a96a-375cfb36969b','2019-08-20',12.6793,11.7314,52.5985,'negative',NULL,'negative','negative',4.573,'naive');
INSERT INTO socioeconomic_context VALUES ('4b739206-10f5-4789-bef0-1ea96886d3ce','da5d5561-85b8-4c38-a96a-375cfb36969b','2019-08-20',46.15,'public_Medicare',0.4952,0.6355,63.4864,'employed_part_time',34.029,12);
INSERT INTO circadian_profile VALUES ('c6e1dac9-de05-417c-b553-2a082394748b','da5d5561-85b8-4c38-a96a-375cfb36969b','2019-08-20','intermediate',83.06,21.1843,'22:32',815.2371,0,13);

-- Patient 53: HR+/HER2- early
INSERT INTO patient VALUES ('f5c58cf0-0cc9-40b9-a6d7-c34f7d4d1f3d','MRN-2513427','1947-03-04','female','East Asian','{"EUR": 0.56, "AFR": 0.08}','2023-04-06','2023-04-06');
INSERT INTO genomic_sample VALUES ('556ab905-0031-43fb-bc43-8a8066e1bfbd','f5c58cf0-0cc9-40b9-a6d7-c34f7d4d1f3d','tumor','C50.4','2023-04-14','Tempus xT',0.83,0,'FFPE');
INSERT INTO somatic_mutation VALUES ('a60d4fdf-d34f-4dba-bbff-38d33f90b19e','556ab905-0031-43fb-bc43-8a8066e1bfbd','CCND1','chr11',69465258,'G','T','SNV','missense_variant','p.Pro241Leu',0.176,114,'oncogenic','COSV52718943','3A','SBS1');
INSERT INTO somatic_mutation VALUES ('e5310b54-c1f6-4a9c-9acc-b485a7532645','556ab905-0031-43fb-bc43-8a8066e1bfbd','TP53','chr17',7674220,'G','A','SNV','missense_variant','p.Arg248Trp',0.3725,273,'oncogenic','COSV52743007','1','SBS5');
INSERT INTO somatic_mutation VALUES ('18c03f3d-6451-4484-ac06-58a2ba053caa','556ab905-0031-43fb-bc43-8a8066e1bfbd','GATA3','chr10',8115610,'CT','C','indel','frameshift_variant','p.Thr443fs',0.3424,350,'oncogenic','COSV52704812','1','SBS5');
INSERT INTO somatic_mutation VALUES ('13237ca6-05b1-46ed-aba1-4f2e72adc337','556ab905-0031-43fb-bc43-8a8066e1bfbd','CDH1','chr16',68771195,'C','T','SNV','nonsense_variant','p.Gln333Ter',0.4172,330,'oncogenic','COSV52697483','3A','SBS1');
INSERT INTO copy_number_variant VALUES ('9158b1e8-886b-4b14-9d87-0e223f1f7288','556ab905-0031-43fb-bc43-8a8066e1bfbd','MYC','chr8',127700000,127800000,1.0,0.33,'neutral',0);
INSERT INTO copy_number_variant VALUES ('d09c42f8-fd10-4562-906b-285485881672','556ab905-0031-43fb-bc43-8a8066e1bfbd','CDKN2A','chr9',21967000,21995000,1.1,-2.08,'shallow_deletion',0);
INSERT INTO gene_expression VALUES ('e867d360-29bd-46ee-ace5-c8146b342231','556ab905-0031-43fb-bc43-8a8066e1bfbd','ENSG00000091831','ESR1',684.25,68.43,1711,6.27,99.0);
INSERT INTO gene_expression VALUES ('7585f84b-3db4-465a-87f7-bda1ae3f268c','556ab905-0031-43fb-bc43-8a8066e1bfbd','ENSG00000141736','ERBB2',170.0,17.0,425,0.56,58.4);
INSERT INTO gene_expression VALUES ('1acb049e-0887-4fdd-944b-4bc0b2fe23eb','556ab905-0031-43fb-bc43-8a8066e1bfbd','ENSG00000148773','MKI67',214.84,21.48,537,1.05,65.8);
INSERT INTO gene_expression VALUES ('0ad8a0f0-413f-401a-b1f3-18c0bc2dbe4b','556ab905-0031-43fb-bc43-8a8066e1bfbd','ENSG00000141510','TP53',6.34,5.24,258,-1.26,31.1);
INSERT INTO gene_expression VALUES ('b0952129-d200-43f8-9975-eba8cb0b997d','556ab905-0031-43fb-bc43-8a8066e1bfbd','ENSG00000012048','BRCA1',14.33,7.96,104,-1.17,32.5);
INSERT INTO gene_expression VALUES ('f84e6b6a-8c13-4ced-a270-7c7a0f1e133e','556ab905-0031-43fb-bc43-8a8066e1bfbd','ENSG00000139618','BRCA2',89.95,5.84,347,-0.33,45.0);
INSERT INTO gene_expression VALUES ('9b6702b7-7b81-4655-9a89-bc57c3e8f78b','556ab905-0031-43fb-bc43-8a8066e1bfbd','ENSG00000171862','PTEN',40.87,10.57,178,-0.88,36.8);
INSERT INTO gene_expression VALUES ('658ff436-4811-44a9-8265-05c108cbabbe','556ab905-0031-43fb-bc43-8a8066e1bfbd','ENSG00000136997','MYC',75.31,2.91,464,-0.5,42.5);
INSERT INTO protein_expression VALUES ('15b324a2-1506-4cc9-b48a-317a6b2d608e','556ab905-0031-43fb-bc43-8a8066e1bfbd','ESR1','P03372','IHC',0.71,221.0,6,'NULL');
INSERT INTO protein_expression VALUES ('903f7cb1-68ea-43fb-9cbe-e420881c7fdb','556ab905-0031-43fb-bc43-8a8066e1bfbd','PGR','P06401','IHC',0.27,177.0,4,'NULL');
INSERT INTO protein_expression VALUES ('b9987b24-8c9f-499b-ae84-40522d962785','556ab905-0031-43fb-bc43-8a8066e1bfbd','ERBB2','P04626','IHC',-1.24,26.0,1,'pY1248');
INSERT INTO protein_expression VALUES ('d01a1058-809a-44f2-adbc-a31d7810b648','556ab905-0031-43fb-bc43-8a8066e1bfbd','MKI67','P46013','IHC',-0.66,79.0,0,'NULL');
INSERT INTO epigenetic_mark VALUES ('2801df84-4d52-405d-9a93-0ab3ae25179e','556ab905-0031-43fb-bc43-8a8066e1bfbd','H3K27ac','cg15629539',0.0,NULL,'ESR1','CpG_island',NULL);
INSERT INTO epigenetic_mark VALUES ('0b32e64d-a04c-4003-a31d-008da5f89999','556ab905-0031-43fb-bc43-8a8066e1bfbd','DNA_methylation','cg27053763',0.161,'-2.382','BRCA1','promoter',NULL);
INSERT INTO epigenetic_mark VALUES ('7e810bf7-d291-468d-8c3f-5fd7ff94197b','556ab905-0031-43fb-bc43-8a8066e1bfbd','H3K27ac','chr17:37800000-37850000',0.452,NULL,'ERBB2','enhancer','1.397');
INSERT INTO ncrna_profile VALUES ('c39413d4-6579-43dd-bfe3-c2a661ced7f8','556ab905-0031-43fb-bc43-8a8066e1bfbd','miRNA','hsa-miR-21-5p','miR-21-5p',3.1,'["PTEN", "PDCD4"]');
INSERT INTO ncrna_profile VALUES ('1b6855c8-1008-44da-9789-1ce7fb8f00bf','556ab905-0031-43fb-bc43-8a8066e1bfbd','miRNA','hsa-miR-155-5p','miR-155-5p',3.13,'["SHIP1", "SOCS1"]');
INSERT INTO ncrna_profile VALUES ('dae0a760-e7a4-47d8-84e2-be44a491212d','556ab905-0031-43fb-bc43-8a8066e1bfbd','lncRNA','ENSG00000228630','HOTAIR',1.52,'["SHIP1", "SOCS1"]');
INSERT INTO ncrna_profile VALUES ('6c7cd413-41d4-4552-b733-f88e9c8b8a28','556ab905-0031-43fb-bc43-8a8066e1bfbd','lncRNA','ENSG00000251562','MALAT1',34.31,'["SHIP1", "SOCS1"]');
INSERT INTO metabolomics_profile VALUES ('27df22f2-3ac3-4ea2-9fcf-8310a3f8220f','556ab905-0031-43fb-bc43-8a8066e1bfbd','Lactate','HMDB0000190','C00186',2.81,'LC-MS','organic_acid',0.54);
INSERT INTO metabolomics_profile VALUES ('a12c313c-7ded-4fc7-b90f-8af3ceca798f','556ab905-0031-43fb-bc43-8a8066e1bfbd','Glutamine','HMDB0000641','C00064',0.58,'LC-MS','amino_acid',-0.95);
INSERT INTO metabolomics_profile VALUES ('f54b4fab-aa8e-471d-b193-a9457e8896bd','556ab905-0031-43fb-bc43-8a8066e1bfbd','Glucose','HMDB0000122','C00031',4.84,'LC-MS','carbohydrate',1.89);
INSERT INTO metabolomics_profile VALUES ('5cd22295-ed27-4c20-8b39-02768e462368','556ab905-0031-43fb-bc43-8a8066e1bfbd','Phosphocholine','HMDB0001565','C00588',0.2,'LC-MS','lipid',-1.2);
INSERT INTO tumor_clone VALUES ('65fc8e3d-fae3-46d3-9ded-1b85c050042d','556ab905-0031-43fb-bc43-8a8066e1bfbd','clone_A',0.9,'[]',1,1,0.074);
INSERT INTO tumor_clone VALUES ('b440b6c5-77a7-479f-af64-d7e89968a26a','556ab905-0031-43fb-bc43-8a8066e1bfbd','clone_B',0.1,'[]',0,2,0.0793);
INSERT INTO cell_cycle_state VALUES ('cf56d5e0-c8ed-4ab6-bbf9-f9dbc242acd6','556ab905-0031-43fb-bc43-8a8066e1bfbd',0.712,0.149,0.066,0.073,28.0874,480.0,4.5);
INSERT INTO apoptosis_marker VALUES ('143738ef-590e-4473-a300-9191232ba79c','556ab905-0031-43fb-bc43-8a8066e1bfbd',205.0,136.1697,85.0,2.41,0.2706,6.0569,0.9726);
INSERT INTO dna_repair_status VALUES ('91d1f182-81cb-451e-bb8f-bef24c3af540','556ab905-0031-43fb-bc43-8a8066e1bfbd','wildtype','wildtype','proficient_MMR',0.04,0.5,41.2,0,'wildtype');
INSERT INTO metabolic_phenotype VALUES ('74da8fb0-37a5-4a99-8b05-890d9d80f69d','556ab905-0031-43fb-bc43-8a8066e1bfbd',0.605,61.2123,0.3883,0.4272,0.2747,0.8644,0.8931);
INSERT INTO stemness_profile VALUES ('cd2f1c2e-cca3-469b-a036-9c899e21096c','556ab905-0031-43fb-bc43-8a8066e1bfbd',50.7926,9.934,15.5159,0.1381,0.341,0.365,0.2987,0.3992);
INSERT INTO drug_resistance_feature VALUES ('36e811b5-6bb9-4cc4-af57-5797a008c731','556ab905-0031-43fb-bc43-8a8066e1bfbd',1.49,0.6024,0.4735,0.2773,'[]',0.8771);
INSERT INTO immune_infiltration VALUES ('d1efefec-672a-423f-a449-78b498f92128','556ab905-0031-43fb-bc43-8a8066e1bfbd',4.2,14.9173,4.359,7.6519,1.548,5.8123,14.2843,2.4034,2.5723,'CIBERSORT');
INSERT INTO checkpoint_expression VALUES ('e3bef647-7139-46d8-b62f-cac5a4bf550e','556ab905-0031-43fb-bc43-8a8066e1bfbd',29.8,53.64,7.6103,7.0622,10.025,0.0,8.5927,38.6509);
INSERT INTO cytokine_milieu VALUES ('79e11fb8-517b-438b-b571-7bbc0f1de5e7','556ab905-0031-43fb-bc43-8a8066e1bfbd',43.324,8.1806,12.159,20.6788,9.5369,12.4,50.9494,143.287);
INSERT INTO stromal_composition VALUES ('75992d32-790e-4d0f-94ce-d5474aadadcb','556ab905-0031-43fb-bc43-8a8066e1bfbd',0.3212,0.1192,0.1155,0.4635,3.3202,28.341);
INSERT INTO ecm_profile VALUES ('90cb0a12-7cf9-45dc-84a8-0c6dcd90168f','556ab905-0031-43fb-bc43-8a8066e1bfbd',14.7941,10.3159,26.971,0.7022,0.474,0.4228,0.1);
INSERT INTO hypoxia_vasculature VALUES ('af28b71a-cc26-481d-bfcf-e258d0c44855','556ab905-0031-43fb-bc43-8a8066e1bfbd',0.29,1.493,9.6,0.2314,90.9105,167.4665,56.7035,16.0,7.02);
INSERT INTO organ_function VALUES ('5c379c1f-0b2b-400d-90a7-dad98ed54c02','f5c58cf0-0cc9-40b9-a6d7-c34f7d4d1f3d','2023-04-06',63.1,1.1572,28.0466,29.0242,16.4831,41.9144,72.9,416.2331,0.9821);
INSERT INTO immune_baseline VALUES ('7a5ab4a5-978c-434f-97eb-ecc57ec7852d','f5c58cf0-0cc9-40b9-a6d7-c34f7d4d1f3d','2023-04-06',6.96,1.23,1.25,1.0163,608.2992,279.6223,233.0852,11.8099);
INSERT INTO hormonal_profile VALUES ('7b512849-be68-4a52-9f30-94e6bcbffb47','f5c58cf0-0cc9-40b9-a6d7-c34f7d4d1f3d','2023-04-06',2.0,0.48,368.0,83.2295,24.2755,1.8979,4.1929);
INSERT INTO pharmacogenomics VALUES ('dab11c62-e775-498f-aaa8-7ed004bb9729','f5c58cf0-0cc9-40b9-a6d7-c34f7d4d1f3d','NM','UM','IM','*28/*28','low',0,'NM');
INSERT INTO body_composition VALUES ('2d092f68-2448-4695-8655-6598b8053058','f5c58cf0-0cc9-40b9-a6d7-c34f7d4d1f3d','2023-04-06',26.6,39.3,24.9037,77.7863,28.307,1.6285);
INSERT INTO microbiome_profile VALUES ('2af94493-37c3-432b-badd-e0caea81522d','f5c58cf0-0cc9-40b9-a6d7-c34f7d4d1f3d','2023-04-06','gut','16S_rRNA_V4',3.4219,2.2755,0.0,'[{"genus": "Bacteroides", "rel": 0.21}, {"genus": "Faecalibacterium", "rel": 0.179}, {"genus": "Akkermansia", "rel": 0.0}]',0);
INSERT INTO tumor_staging VALUES ('300e4f7c-d62a-47da-977c-4a98dd463eb3','f5c58cf0-0cc9-40b9-a6d7-c34f7d4d1f3d','2023-04-06','8500/3','C50.4','Invasive ductal carcinoma','T2','N1','M0','IIA',1,'left');
INSERT INTO imaging_measurement VALUES ('d3a7912a-3874-48da-a594-533ec3fc05df','f5c58cf0-0cc9-40b9-a6d7-c34f7d4d1f3d','2023-03-29','MRI','L1','primary_left_breast',25.1,8279.7989,4.9364,'SD','{"entropy": 6.79, "sphericity": 0.7}');
INSERT INTO pathology_report VALUES ('6ac50030-8ebf-4bdc-a4bf-736aa3abd2e2','f5c58cf0-0cc9-40b9-a6d7-c34f7d4d1f3d','2023-04-06','core_needle_biopsy','R0',7,19,0,0,14.3552);
INSERT INTO performance_status VALUES ('51cd31f3-dba9-4550-ba05-d039c24b9dfa','f5c58cf0-0cc9-40b9-a6d7-c34f7d4d1f3d','2023-04-06',0,99,0,39.7433);
INSERT INTO liquid_biopsy VALUES ('cf3aab77-ff1c-4007-9725-35299f144361','f5c58cf0-0cc9-40b9-a6d7-c34f7d4d1f3d','2023-04-06',0.0978,44.01,0,'[]','detected',5.236);
INSERT INTO treatment_regimen VALUES ('68e167e2-50ac-435d-92cd-8dc6e90f50e9','f5c58cf0-0cc9-40b9-a6d7-c34f7d4d1f3d',1,'Letrozole','adjuvant','2023-05-03','2024-03-25','planned_completion','PR',622);
INSERT INTO treatment_drug_dose VALUES ('23fc1fee-82fc-4c52-828f-866b66000a3c','68e167e2-50ac-435d-92cd-8dc6e90f50e9','dea8e584-d12c-47bf-a4c0-e739973380b8','2023-05-03',81.0,81.0,0.0,'oral',1,2.656);
INSERT INTO adverse_event VALUES ('d944152d-4857-41d7-bd81-5bed7c3dc053','f5c58cf0-0cc9-40b9-a6d7-c34f7d4d1f3d','68e167e2-50ac-435d-92cd-8dc6e90f50e9','Hand-foot syndrome',3,'2023-07-11','2023-08-18','probable','dose_reduction');
INSERT INTO adverse_event VALUES ('d11e120f-53a8-49c1-a7e5-a897549dbc4d','f5c58cf0-0cc9-40b9-a6d7-c34f7d4d1f3d','68e167e2-50ac-435d-92cd-8dc6e90f50e9','Nausea',2,'2023-06-29','2023-07-31','probable','none');
INSERT INTO radiation_plan VALUES ('a3f886c1-6921-4f56-a155-42ae80487f7c','f5c58cf0-0cc9-40b9-a6d7-c34f7d4d1f3d','photon_EBRT','CTV',50.9,2.0,25,5,'IMRT',NULL,'{"heart": {"V20Gy_pct": "<25"}, "lung": {"mean_Gy": "<18"}}');
INSERT INTO carcinogen_exposure VALUES ('f27f5ebb-19fa-4894-b4de-c74418e59c6e','f5c58cf0-0cc9-40b9-a6d7-c34f7d4d1f3d','never',0.0,3.1553,23.3881,76.424,'[]',0.0,0);
INSERT INTO diet_nutrition VALUES ('d4e2bb66-a4c1-4251-8b39-c34f617d00b6','f5c58cf0-0cc9-40b9-a6d7-c34f7d4d1f3d','2023-04-06','FFQ',2059.7389,63.5371,223.0815,99.9274,27.2785,86.1273,18.7978,5.362,'plant_based');
INSERT INTO physical_activity VALUES ('8c4383c1-3695-4391-8e2c-2381064274e9','f5c58cf0-0cc9-40b9-a6d7-c34f7d4d1f3d','2023-04-06',584.471,8.7246,0.0,9.4505,28.0574,10420,40.805);
INSERT INTO stress_psychology VALUES ('7e391e4c-7122-4e26-9c29-9a29e27d7a07','f5c58cf0-0cc9-40b9-a6d7-c34f7d4d1f3d','2023-04-06',11,13,9,32.0043,228.16,6.5158,9);
INSERT INTO environmental_exposure VALUES ('e483117e-9ebc-451a-87db-70e3baf27b3c','f5c58cf0-0cc9-40b9-a6d7-c34f7d4d1f3d','2023-04-06',16.1998,13.5356,71.0938,'negative',NULL,'negative','negative',9.161,'naive');
INSERT INTO socioeconomic_context VALUES ('1d520373-60ab-477c-bd7d-a0518831bbfc','f5c58cf0-0cc9-40b9-a6d7-c34f7d4d1f3d','2023-04-06',66.7802,'private',0.7016,0.7287,40.9961,'unable_to_work_disability',42.3741,19);
INSERT INTO circadian_profile VALUES ('5b7204a1-ae38-4d0e-86cc-40cd647552f4','f5c58cf0-0cc9-40b9-a6d7-c34f7d4d1f3d','2023-04-06','evening',88.7123,26.9602,'22:08',987.8959,1,11);

-- Patient 54: HR+/HER2- early
INSERT INTO patient VALUES ('4378c4b5-6fb1-402a-a930-9ee0b14af1de','MRN-7915161','1979-10-25','female','East Asian','{"EUR": 0.41, "AFR": 0.1}','2023-10-10','2023-10-10');
INSERT INTO genomic_sample VALUES ('d138646b-66fd-48b3-a1b1-66a616aa1521','4378c4b5-6fb1-402a-a930-9ee0b14af1de','tumor','C50.4','2023-10-16','Tempus xT',0.49,0,'FFPE');
INSERT INTO somatic_mutation VALUES ('5ce5152f-609c-4b47-a5b5-9558281e5e08','d138646b-66fd-48b3-a1b1-66a616aa1521','ERBB2','chr17',39725084,'A','G','SNV','missense_variant','p.Leu755Ser',0.2954,238,'oncogenic','COSV52735019','1','SBS5');
INSERT INTO somatic_mutation VALUES ('67f21f69-00b4-47a4-b5c0-4b15eb570a4a','d138646b-66fd-48b3-a1b1-66a616aa1521','PTEN','chr10',89692905,'G','A','SNV','missense_variant','p.Arg130Gly',0.2889,247,'oncogenic','COSV52731827','1','SBS5');
INSERT INTO somatic_mutation VALUES ('37396f8a-6aad-4daf-bf3f-87693edd5bc3','d138646b-66fd-48b3-a1b1-66a616aa1521','MAP3K1','chr5',56115628,'G','A','SNV','missense_variant','p.Glu1298Lys',0.2364,159,'oncogenic','COSV52721033','3A','SBS1');
INSERT INTO somatic_mutation VALUES ('40a3e0e0-9bec-4010-803b-3ac02603ac57','d138646b-66fd-48b3-a1b1-66a616aa1521','ESR1','chr6',152098794,'T','C','SNV','missense_variant','p.Tyr537Cys',0.2447,98,'oncogenic','COSV52744551','1','SBS1');
INSERT INTO somatic_mutation VALUES ('1d3851b0-1dab-4643-997e-b286dbb2e3cb','d138646b-66fd-48b3-a1b1-66a616aa1521','BRCA1','chr17',43094464,'T','A','SNV','missense_variant','p.Cys1697Ser',0.4701,140,'pathogenic','COSV52701256','1','SBS3');
INSERT INTO somatic_mutation VALUES ('52d897c5-6a1e-48a2-b073-b4142e9be986','d138646b-66fd-48b3-a1b1-66a616aa1521','GATA3','chr10',8115610,'CT','C','indel','frameshift_variant','p.Thr443fs',0.3482,155,'oncogenic','COSV52704812','1','SBS5');
INSERT INTO copy_number_variant VALUES ('583c1122-9707-4faa-a5a1-a4ffc54df988','d138646b-66fd-48b3-a1b1-66a616aa1521','MYC','chr8',127700000,127800000,4.9,1.25,'neutral',0);
INSERT INTO copy_number_variant VALUES ('1f164fd3-e7c7-4d82-bc8d-bbfc4a11ecb8','d138646b-66fd-48b3-a1b1-66a616aa1521','CDKN2A','chr9',21967000,21995000,0.2,-2.41,'shallow_deletion',0);
INSERT INTO gene_expression VALUES ('a1e43e0d-49bf-4834-869e-46f53906d219','d138646b-66fd-48b3-a1b1-66a616aa1521','ENSG00000091831','ESR1',808.14,80.81,2020,7.65,99.0);
INSERT INTO gene_expression VALUES ('f2dab10a-0b37-42ed-9e8c-8d4bbc0d10ed','d138646b-66fd-48b3-a1b1-66a616aa1521','ENSG00000141736','ERBB2',5.0,0.5,12,-1.28,30.8);
INSERT INTO gene_expression VALUES ('16a3cd81-71b5-4161-851a-e375ee932e0e','d138646b-66fd-48b3-a1b1-66a616aa1521','ENSG00000148773','MKI67',38.95,3.9,97,-0.9,36.5);
INSERT INTO gene_expression VALUES ('672aef19-1968-4e39-907f-814918a99a2d','d138646b-66fd-48b3-a1b1-66a616aa1521','ENSG00000141510','TP53',80.04,8.52,350,-0.44,43.4);
INSERT INTO gene_expression VALUES ('6fd20fc9-53fc-4ff4-b060-e6c2c6744ec3','d138646b-66fd-48b3-a1b1-66a616aa1521','ENSG00000012048','BRCA1',31.58,3.77,282,-0.98,35.3);
INSERT INTO gene_expression VALUES ('4102106c-21a1-4a47-ab99-932951510a8f','d138646b-66fd-48b3-a1b1-66a616aa1521','ENSG00000139618','BRCA2',84.27,3.72,240,-0.4,44.0);
INSERT INTO gene_expression VALUES ('43d7dddb-b707-4a98-b152-a35ad58dcdf8','d138646b-66fd-48b3-a1b1-66a616aa1521','ENSG00000171862','PTEN',35.82,5.57,92,-0.94,35.9);
INSERT INTO gene_expression VALUES ('36f91c54-7081-4c48-b975-299edd4777fa','d138646b-66fd-48b3-a1b1-66a616aa1521','ENSG00000136997','MYC',92.49,7.94,478,-0.31,45.4);
INSERT INTO protein_expression VALUES ('334e1033-d1c6-422c-bbfe-4e2b8cb6944c','d138646b-66fd-48b3-a1b1-66a616aa1521','ESR1','P03372','IHC',0.45,195.0,5,'NULL');
INSERT INTO protein_expression VALUES ('a358de95-e69d-47e1-993a-fac49e5614b1','d138646b-66fd-48b3-a1b1-66a616aa1521','PGR','P06401','IHC',0.48,198.0,5,'NULL');
INSERT INTO protein_expression VALUES ('de4a10e2-3386-4f8f-8846-c143900f8ef5','d138646b-66fd-48b3-a1b1-66a616aa1521','ERBB2','P04626','IHC',-0.98,52.0,1,'pY1248');
INSERT INTO protein_expression VALUES ('d161c824-8bf5-48b0-9428-8f76da4c3f2a','d138646b-66fd-48b3-a1b1-66a616aa1521','MKI67','P46013','IHC',-1.47,3.0,0,'NULL');
INSERT INTO epigenetic_mark VALUES ('f2e291ad-ccaf-4d7f-b15f-390f228cee71','d138646b-66fd-48b3-a1b1-66a616aa1521','DNA_methylation','cg15629539',0.053,'-4.159','ESR1','CpG_island',NULL);
INSERT INTO epigenetic_mark VALUES ('2738a809-423e-458e-bfcd-249adff22efa','d138646b-66fd-48b3-a1b1-66a616aa1521','DNA_methylation','cg27053763',0.082,'-3.485','BRCA1','promoter',NULL);
INSERT INTO epigenetic_mark VALUES ('7ac19628-3db7-4dde-a34a-afdbeb1bb6eb','d138646b-66fd-48b3-a1b1-66a616aa1521','H3K27ac','chr17:37800000-37850000',0.147,NULL,'ERBB2','enhancer','0.92');
INSERT INTO ncrna_profile VALUES ('e5b7941a-3078-4317-9e57-f4c71dcd8252','d138646b-66fd-48b3-a1b1-66a616aa1521','miRNA','hsa-miR-21-5p','miR-21-5p',4.0,'["PTEN", "PDCD4"]');
INSERT INTO ncrna_profile VALUES ('b31e3451-2216-4f70-a8d1-34aabf058a59','d138646b-66fd-48b3-a1b1-66a616aa1521','miRNA','hsa-miR-155-5p','miR-155-5p',6.29,'["SHIP1", "SOCS1"]');
INSERT INTO ncrna_profile VALUES ('8db43885-d41e-4e37-836f-895cb5d9f568','d138646b-66fd-48b3-a1b1-66a616aa1521','lncRNA','ENSG00000228630','HOTAIR',3.72,'["SHIP1", "SOCS1"]');
INSERT INTO ncrna_profile VALUES ('feeb9d00-6dcd-4e62-b456-d4b652003a71','d138646b-66fd-48b3-a1b1-66a616aa1521','lncRNA','ENSG00000251562','MALAT1',42.59,'["SHIP1", "SOCS1"]');
INSERT INTO metabolomics_profile VALUES ('fbd7c865-aaad-48af-98d1-58846b63a394','d138646b-66fd-48b3-a1b1-66a616aa1521','Lactate','HMDB0000190','C00186',1.2,'LC-MS','organic_acid',-0.53);
INSERT INTO metabolomics_profile VALUES ('86f785cd-b114-444b-a36b-44355a39547b','d138646b-66fd-48b3-a1b1-66a616aa1521','Glutamine','HMDB0000641','C00064',0.66,'LC-MS','amino_acid',-0.89);
INSERT INTO metabolomics_profile VALUES ('a136a4e0-d02d-4e8b-897b-b5b9dc215877','d138646b-66fd-48b3-a1b1-66a616aa1521','Glucose','HMDB0000122','C00031',4.25,'LC-MS','carbohydrate',1.5);
INSERT INTO metabolomics_profile VALUES ('575af54a-1944-441b-b503-172baa96aec7','d138646b-66fd-48b3-a1b1-66a616aa1521','Phosphocholine','HMDB0001565','C00588',0.14,'LC-MS','lipid',-1.24);
INSERT INTO tumor_clone VALUES ('f4c8762f-d24f-4ad2-8173-3b611f07cc74','d138646b-66fd-48b3-a1b1-66a616aa1521','clone_A',0.89,'[]',1,1,0.1549);
INSERT INTO tumor_clone VALUES ('d32bdb88-c7e9-467e-967b-165fa5ffbba5','d138646b-66fd-48b3-a1b1-66a616aa1521','clone_B',0.11,'[]',0,2,0.1198);
INSERT INTO cell_cycle_state VALUES ('a205d561-d57a-4fa3-bbca-dc0bcb87f1ef','d138646b-66fd-48b3-a1b1-66a616aa1521',0.848,0.01,0.01,0.132,1.0,480.0,3.5);
INSERT INTO apoptosis_marker VALUES ('c3532cea-99d1-4257-a589-c8f8ec52d77a','d138646b-66fd-48b3-a1b1-66a616aa1521',183.0,173.0644,124.0,1.48,0.1335,4.1202,0.4932);
INSERT INTO dna_repair_status VALUES ('a7130f96-ff2c-4a92-9a1b-0d8c423fba50','d138646b-66fd-48b3-a1b1-66a616aa1521','mutated_somatic','mutated_somatic','proficient_MMR',0.04,4.6,3.2,0,'wildtype');
INSERT INTO metabolic_phenotype VALUES ('3f987dc2-512d-4e8d-8d01-83a71533a986','d138646b-66fd-48b3-a1b1-66a616aa1521',0.368,53.6425,0.2938,0.3864,0.05,1.2003,0.5511);
INSERT INTO stemness_profile VALUES ('a33baeef-c5f8-48e1-829d-5252a6c37247','d138646b-66fd-48b3-a1b1-66a616aa1521',98.2056,13.7984,0.0,0.02,0.247,0.279,0.2191,0.4064);
INSERT INTO drug_resistance_feature VALUES ('f558b54b-72d7-4253-9ddb-2af7df74842f','d138646b-66fd-48b3-a1b1-66a616aa1521',0.87,0.4559,0.3615,1.2119,'[]',0.4107);
INSERT INTO immune_infiltration VALUES ('894de0ea-f33f-4c98-b2b2-9b29e23a987e','d138646b-66fd-48b3-a1b1-66a616aa1521',0.5,10.7937,6.4779,6.7763,2.9085,5.1938,3.8705,4.4908,12.9974,'CIBERSORT');
INSERT INTO checkpoint_expression VALUES ('6a3fc192-40c7-41c2-8aaa-32edd45c0bc8','d138646b-66fd-48b3-a1b1-66a616aa1521',24.7,44.46,5.1339,12.1902,10.1697,7.8705,12.6793,19.9749);
INSERT INTO cytokine_milieu VALUES ('195636c5-9ab4-40e6-87ff-1e77f9cf6098','d138646b-66fd-48b3-a1b1-66a616aa1521',30.6482,11.1889,7.3117,24.2295,30.8925,8.5,29.5913,121.4031);
INSERT INTO stromal_composition VALUES ('3afe5a53-a69b-466d-9423-2bdd3176d830','d138646b-66fd-48b3-a1b1-66a616aa1521',0.2546,0.0783,0.1617,0.3411,2.5233,33.1152);
INSERT INTO ecm_profile VALUES ('d661f1c1-60ad-4843-9534-bf6eb9519246','d138646b-66fd-48b3-a1b1-66a616aa1521',18.9614,6.6117,19.8276,0.7223,0.2607,0.4961,0.1237);
INSERT INTO hypoxia_vasculature VALUES ('7d771872-c870-4318-bfbd-d0e2a6de836c','d138646b-66fd-48b3-a1b1-66a616aa1521',0.79,0.1879,9.1,0.1825,116.7654,322.2741,115.8614,8.2,7.1);
INSERT INTO organ_function VALUES ('d05e0206-0606-4a5e-8dfa-630ef98d4874','4378c4b5-6fb1-402a-a930-9ee0b14af1de','2023-10-10',79.0,1.348,21.0718,23.3778,13.1463,49.9924,69.2,395.0896,1.0234);
INSERT INTO immune_baseline VALUES ('4fc16229-50bf-41e0-b320-968bd8c43660','4378c4b5-6fb1-402a-a930-9ee0b14af1de','2023-10-10',6.04,1.69,4.01,2.3728,505.1109,248.4804,125.6268,10.5846);
INSERT INTO hormonal_profile VALUES ('b282daad-69a7-4e1d-91b5-810a465936fc','4378c4b5-6fb1-402a-a930-9ee0b14af1de','2023-10-10',182.1,0.6,358.0,53.2419,11.7628,0.5995,9.2202);
INSERT INTO pharmacogenomics VALUES ('75d3022a-35ea-4f80-8d9a-e611bad68c32','4378c4b5-6fb1-402a-a930-9ee0b14af1de','IM','NM','NM','*1/*1','normal',0,'NM');
INSERT INTO body_composition VALUES ('78bbb3b5-97c5-4c04-8503-ed8664bdb1fa','4378c4b5-6fb1-402a-a930-9ee0b14af1de','2023-10-10',24.6,51.0,29.1242,71.5945,34.236,1.6434);
INSERT INTO microbiome_profile VALUES ('824e13e5-d6cf-47f1-95c8-d5987b9397d3','4378c4b5-6fb1-402a-a930-9ee0b14af1de','2023-10-10','gut','16S_rRNA_V4',4.4171,1.6563,0.0434,'[{"genus": "Bacteroides", "rel": 0.306}, {"genus": "Faecalibacterium", "rel": 0.169}, {"genus": "Akkermansia", "rel": 0.0434}]',1);
INSERT INTO tumor_staging VALUES ('ea5f85bc-6c41-4064-9b7e-90ba4bbfed22','4378c4b5-6fb1-402a-a930-9ee0b14af1de','2023-10-10','8500/3','C50.4','Invasive ductal carcinoma','T4','N3','M0','I',2,'right');
INSERT INTO imaging_measurement VALUES ('112d6ffb-1d35-4b08-b3d1-f392b1d3adcb','4378c4b5-6fb1-402a-a930-9ee0b14af1de','2023-09-18','MRI','L1','primary_left_breast',4.0,33.5103,3.1956,'SD','{"entropy": 5.86, "sphericity": 0.55}');
INSERT INTO pathology_report VALUES ('26e5a665-00d8-4f21-8d5d-105567f552c4','4378c4b5-6fb1-402a-a930-9ee0b14af1de','2023-10-10','core_needle_biopsy','R0',2,14,0,1,19.5573);
INSERT INTO performance_status VALUES ('60f22201-1c57-4c02-bec7-3c9aee70f56f','4378c4b5-6fb1-402a-a930-9ee0b14af1de','2023-10-10',0,78,0,47.734);
INSERT INTO liquid_biopsy VALUES ('40d65a04-34d7-4096-ba83-8f91ec3e76ae','4378c4b5-6fb1-402a-a930-9ee0b14af1de','2023-10-10',0.139,62.55,1,'[]','detected',9.7832);
INSERT INTO treatment_regimen VALUES ('49352a47-f642-4fc4-9464-a35afd84ea6a','4378c4b5-6fb1-402a-a930-9ee0b14af1de',1,'Letrozole','adjuvant','2023-10-26','2024-05-16','planned_completion','PR',329);
INSERT INTO treatment_drug_dose VALUES ('40d9769e-fe79-45fa-8c3b-eb35d5ff3654','49352a47-f642-4fc4-9464-a35afd84ea6a','dea8e584-d12c-47bf-a4c0-e739973380b8','2023-10-26',68.0,68.0,0.0,'oral',1,1.3782);
INSERT INTO adverse_event VALUES ('ab0cd0a5-c6ed-4c9f-9b02-ddbcd134577e','4378c4b5-6fb1-402a-a930-9ee0b14af1de','49352a47-f642-4fc4-9464-a35afd84ea6a','Alopecia',1,'2023-12-27','2024-02-04','probable','none');
INSERT INTO adverse_event VALUES ('28e0b231-40fe-43c2-a667-83cf843b1eb1','4378c4b5-6fb1-402a-a930-9ee0b14af1de','49352a47-f642-4fc4-9464-a35afd84ea6a','Fatigue',1,'2023-12-23','2024-01-11','probable','none');
INSERT INTO adverse_event VALUES ('17cbd606-b7d9-43cf-88b1-9e3684527371','4378c4b5-6fb1-402a-a930-9ee0b14af1de','49352a47-f642-4fc4-9464-a35afd84ea6a','Peripheral sensory neuropathy',2,'2024-01-20','2024-03-16','probable','none');
INSERT INTO adverse_event VALUES ('0ffe0b9b-1272-46cf-9fbe-635fcb79dc10','4378c4b5-6fb1-402a-a930-9ee0b14af1de','49352a47-f642-4fc4-9464-a35afd84ea6a','Neutropenia',2,'2024-01-16','2024-01-27','probable','none');
INSERT INTO carcinogen_exposure VALUES ('592b6a64-71f6-4401-aab1-47bce11fa893','4378c4b5-6fb1-402a-a930-9ee0b14af1de','former',11.8977,9.7201,5.0,69.3588,'[]',0.0,0);
INSERT INTO diet_nutrition VALUES ('771e7464-1689-4536-89b9-c32b36c4b478','4378c4b5-6fb1-402a-a930-9ee0b14af1de','2023-10-10','FFQ',1419.0068,55.2318,220.3876,45.7599,31.4477,70.7185,19.7553,6.9939,'plant_based');
INSERT INTO physical_activity VALUES ('747080b0-2eec-448f-9721-f734276d372e','4378c4b5-6fb1-402a-a930-9ee0b14af1de','2023-10-10',562.3734,199.4155,133.3229,4.9117,34.7545,10499,25.7317);
INSERT INTO stress_psychology VALUES ('93e73be1-c91b-4e4e-bf18-7117e6a208a4','4378c4b5-6fb1-402a-a930-9ee0b14af1de','2023-10-10',24,12,3,33.3683,221.96,7.242,11);
INSERT INTO environmental_exposure VALUES ('5744bb0c-aa69-4243-a0fa-eef6de2a8ece','4378c4b5-6fb1-402a-a930-9ee0b14af1de','2023-10-10',2.0,18.9473,45.522,'negative',NULL,'negative','negative',5.493,'naive');
INSERT INTO socioeconomic_context VALUES ('9c1d1256-e889-4b9d-a068-8492ecf9012c','4378c4b5-6fb1-402a-a930-9ee0b14af1de','2023-10-10',38.7281,'public_Medicaid',0.6873,0.5969,83.839,'unable_to_work_disability',29.733,10);
INSERT INTO circadian_profile VALUES ('24a9cdf3-672a-4cf0-970a-260718057fb1','4378c4b5-6fb1-402a-a930-9ee0b14af1de','2023-10-10','intermediate',97.2392,14.679,'22:44',80.0,0,13);

-- Patient 55: HR+ metastatic
INSERT INTO patient VALUES ('682aae4f-d178-418f-bf68-ac79c75dd1ac','MRN-1575286','1957-08-04','female','Hispanic or Latino','{"EUR": 0.16, "AFR": 0.09}','2021-10-24','2021-10-24');
INSERT INTO genomic_sample VALUES ('c02a9fa9-2c26-44e6-856d-5fae99fd7365','682aae4f-d178-418f-bf68-ac79c75dd1ac','tumor','C50.4','2021-11-03','Tempus xT',0.58,0,'FFPE');
INSERT INTO somatic_mutation VALUES ('8fca0dd9-af0d-4e04-8ee6-f9fb2fa1a665','c02a9fa9-2c26-44e6-856d-5fae99fd7365','PIK3CA','chr3',179234297,'C','T','SNV','missense_variant','p.His1047Arg',0.2606,150,'oncogenic','COSV52748762','1','SBS1');
INSERT INTO somatic_mutation VALUES ('57827195-c07f-4f90-80d2-e814078eea58','c02a9fa9-2c26-44e6-856d-5fae99fd7365','MAP3K1','chr5',56115628,'G','A','SNV','missense_variant','p.Glu1298Lys',0.2443,348,'oncogenic','COSV52721033','3A','SBS1');
INSERT INTO somatic_mutation VALUES ('487a8fad-b888-4c27-88d5-f1ae2f5653f5','c02a9fa9-2c26-44e6-856d-5fae99fd7365','ERBB2','chr17',39725084,'A','G','SNV','missense_variant','p.Leu755Ser',0.1865,265,'oncogenic','COSV52735019','1','SBS5');
INSERT INTO copy_number_variant VALUES ('91431ad3-6399-4e62-86ec-97551cc62285','c02a9fa9-2c26-44e6-856d-5fae99fd7365','MYC','chr8',127700000,127800000,4.1,0.13,'amplification',0);
INSERT INTO copy_number_variant VALUES ('634f72dc-f7ea-46ef-9834-c76b51c6290f','c02a9fa9-2c26-44e6-856d-5fae99fd7365','CDKN2A','chr9',21967000,21995000,0.1,-2.39,'shallow_deletion',0);
INSERT INTO gene_expression VALUES ('4c979f4a-b9b5-44ff-a5d4-708338c29cbc','c02a9fa9-2c26-44e6-856d-5fae99fd7365','ENSG00000091831','ESR1',727.95,72.8,1820,6.76,99.0);
INSERT INTO gene_expression VALUES ('ac440b20-5d74-4aa7-bfc6-95dfc0eb9df7','c02a9fa9-2c26-44e6-856d-5fae99fd7365','ENSG00000141736','ERBB2',73.49,7.35,184,-0.52,42.2);
INSERT INTO gene_expression VALUES ('7ebe28ee-5ed2-4f0d-88b5-87181b8ab010','c02a9fa9-2c26-44e6-856d-5fae99fd7365','ENSG00000148773','MKI67',439.67,43.97,1099,3.55,99.0);
INSERT INTO gene_expression VALUES ('aae656db-9f89-4a30-9f2c-cb73db33c791','c02a9fa9-2c26-44e6-856d-5fae99fd7365','ENSG00000141510','TP53',34.16,9.59,436,-0.95,35.8);
INSERT INTO gene_expression VALUES ('c0c4c17b-f157-4065-bc60-5b59ed810575','c02a9fa9-2c26-44e6-856d-5fae99fd7365','ENSG00000012048','BRCA1',0.8,3.78,321,-1.32,30.2);
INSERT INTO gene_expression VALUES ('1acf6586-7a3d-4af3-8901-0014f1792d25','c02a9fa9-2c26-44e6-856d-5fae99fd7365','ENSG00000139618','BRCA2',93.57,2.96,319,-0.29,45.6);
INSERT INTO gene_expression VALUES ('869f2e6f-3975-408b-a08e-050cce5ba087','c02a9fa9-2c26-44e6-856d-5fae99fd7365','ENSG00000171862','PTEN',49.94,8.6,364,-0.78,38.3);
INSERT INTO gene_expression VALUES ('247f85d6-2639-4652-8382-b1538bf03d2c','c02a9fa9-2c26-44e6-856d-5fae99fd7365','ENSG00000136997','MYC',112.48,6.88,121,-0.08,48.8);
INSERT INTO protein_expression VALUES ('24f4c7e1-c072-4c63-a9ab-bf8939bff0df','c02a9fa9-2c26-44e6-856d-5fae99fd7365','ESR1','P03372','IHC',0.67,217.0,5,'NULL');
INSERT INTO protein_expression VALUES ('c4d2f37c-1a12-47bd-95c9-69c0576518f2','c02a9fa9-2c26-44e6-856d-5fae99fd7365','PGR','P06401','IHC',1.06,256.0,6,'NULL');
INSERT INTO protein_expression VALUES ('c6b6a8b1-f525-403f-a794-0c6a3d2d3859','c02a9fa9-2c26-44e6-856d-5fae99fd7365','ERBB2','P04626','IHC',-1.07,43.0,1,'pY1248');
INSERT INTO protein_expression VALUES ('8ebab677-18d5-41a4-a29f-4297932f0c24','c02a9fa9-2c26-44e6-856d-5fae99fd7365','MKI67','P46013','IHC',0.13,152.0,0,'NULL');
INSERT INTO epigenetic_mark VALUES ('16f65805-4fad-40b5-ac24-3cc8c5cccb3a','c02a9fa9-2c26-44e6-856d-5fae99fd7365','DNA_methylation','cg15629539',0.105,'-3.091','ESR1','CpG_island',NULL);
INSERT INTO epigenetic_mark VALUES ('524535aa-b281-43a6-ba23-b6e955a2b831','c02a9fa9-2c26-44e6-856d-5fae99fd7365','DNA_methylation','cg27053763',0.148,'-2.525','BRCA1','promoter',NULL);
INSERT INTO epigenetic_mark VALUES ('43a425b0-05c5-49e1-b236-3f5b35fda684','c02a9fa9-2c26-44e6-856d-5fae99fd7365','H3K27ac','chr17:37800000-37850000',0.49,NULL,'ERBB2','enhancer','0.667');
INSERT INTO ncrna_profile VALUES ('247c815d-5fda-40c6-950c-ce1982da0a5d','c02a9fa9-2c26-44e6-856d-5fae99fd7365','miRNA','hsa-miR-21-5p','miR-21-5p',5.12,'["PTEN", "PDCD4"]');
INSERT INTO ncrna_profile VALUES ('1ddb2fa6-bf68-4dfc-b900-e42a1415e6b2','c02a9fa9-2c26-44e6-856d-5fae99fd7365','miRNA','hsa-miR-155-5p','miR-155-5p',8.89,'["SHIP1", "SOCS1"]');
INSERT INTO ncrna_profile VALUES ('61078891-1b5c-40ac-92e2-f49250810b81','c02a9fa9-2c26-44e6-856d-5fae99fd7365','lncRNA','ENSG00000228630','HOTAIR',2.85,'["SHIP1", "SOCS1"]');
INSERT INTO ncrna_profile VALUES ('87cab225-96d2-4b51-8d47-b6af4144d03b','c02a9fa9-2c26-44e6-856d-5fae99fd7365','lncRNA','ENSG00000251562','MALAT1',66.28,'["SHIP1", "SOCS1"]');
INSERT INTO metabolomics_profile VALUES ('5b46cf75-5844-47f7-8660-79b05abfb8ea','c02a9fa9-2c26-44e6-856d-5fae99fd7365','Lactate','HMDB0000190','C00186',2.28,'LC-MS','organic_acid',0.19);
INSERT INTO metabolomics_profile VALUES ('d3dc5d94-d2ff-4743-b80f-8955d70b8da3','c02a9fa9-2c26-44e6-856d-5fae99fd7365','Glutamine','HMDB0000641','C00064',0.37,'LC-MS','amino_acid',-1.09);
INSERT INTO metabolomics_profile VALUES ('dc978e35-b3d3-4421-ba40-50d20af8d7a0','c02a9fa9-2c26-44e6-856d-5fae99fd7365','Glucose','HMDB0000122','C00031',5.26,'LC-MS','carbohydrate',2.17);
INSERT INTO metabolomics_profile VALUES ('26a1fda8-f958-407a-80dd-ea11bb30c272','c02a9fa9-2c26-44e6-856d-5fae99fd7365','Phosphocholine','HMDB0001565','C00588',0.26,'LC-MS','lipid',-1.16);
INSERT INTO tumor_clone VALUES ('9a919263-022f-443d-b43a-4701f2c9b1b4','c02a9fa9-2c26-44e6-856d-5fae99fd7365','clone_A',0.92,'[]',1,1,0.1858);
INSERT INTO tumor_clone VALUES ('ff79862f-dad7-461f-9453-1bbf79be0989','c02a9fa9-2c26-44e6-856d-5fae99fd7365','clone_B',0.08,'[]',0,2,0.0615);
INSERT INTO cell_cycle_state VALUES ('76bd7d62-6ff9-4642-816f-de0652574a97','c02a9fa9-2c26-44e6-856d-5fae99fd7365',0.427,0.231,0.154,0.188,54.3927,271.5,9.7);
INSERT INTO apoptosis_marker VALUES ('93e113f8-9370-412b-8fb8-e8b6c8e1ce4e','c02a9fa9-2c26-44e6-856d-5fae99fd7365',219.0,118.9863,50.0,4.38,0.2716,6.8382,0.9991);
INSERT INTO dna_repair_status VALUES ('835ad7c5-6635-4ff9-a53a-240e7d1eb054','c02a9fa9-2c26-44e6-856d-5fae99fd7365','wildtype','wildtype','proficient_MMR',0.04,0.5,28.9,0,'wildtype');
INSERT INTO metabolic_phenotype VALUES ('5a747f45-6858-4ae2-a084-e9a1f312c7a5','c02a9fa9-2c26-44e6-856d-5fae99fd7365',0.543,69.6635,0.1,0.208,0.145,1.3089,0.5224);
INSERT INTO stemness_profile VALUES ('0d8bb7b1-f2b8-48b6-a9df-8c75b375c78d','c02a9fa9-2c26-44e6-856d-5fae99fd7365',37.4692,7.2282,11.7795,0.0907,0.426,0.29,0.6537,0.5056);
INSERT INTO drug_resistance_feature VALUES ('2d893665-ed56-416d-9114-22005dfe3b46','c02a9fa9-2c26-44e6-856d-5fae99fd7365',0.23,0.908,0.4664,1.6122,'[]',0.3789);
INSERT INTO immune_infiltration VALUES ('c00111ad-a8b8-49fa-86e5-c19519301789','c02a9fa9-2c26-44e6-856d-5fae99fd7365',3.0,6.4189,5.3163,4.0547,2.9427,10.5572,7.9449,5.1105,6.5353,'CIBERSORT');
INSERT INTO checkpoint_expression VALUES ('8557e0c4-602b-4f89-a9c2-c9be5f0da725','c02a9fa9-2c26-44e6-856d-5fae99fd7365',17.4,31.32,7.4736,11.4852,12.0,11.2353,11.7021,32.3914);
INSERT INTO cytokine_milieu VALUES ('bf75ec28-2a4a-40b8-8f55-6c95c80fbfd8','c02a9fa9-2c26-44e6-856d-5fae99fd7365',35.855,11.1278,8.1713,22.3906,18.7194,28.9,39.39,76.3054);
INSERT INTO stromal_composition VALUES ('997f3631-d556-4348-8d4e-57b0052c9b30','c02a9fa9-2c26-44e6-856d-5fae99fd7365',0.1923,0.0623,0.1566,0.4846,4.1222,33.4858);
INSERT INTO ecm_profile VALUES ('33a2009e-ed88-4db7-8b82-53cf824f365d','c02a9fa9-2c26-44e6-856d-5fae99fd7365',14.683,10.8972,20.8881,0.3305,0.3686,0.3654,0.2174);
INSERT INTO hypoxia_vasculature VALUES ('7dae5c0b-30c6-4239-9428-17b1fd02f37b','c02a9fa9-2c26-44e6-856d-5fae99fd7365',1.04,0.7687,9.7,0.3296,102.611,167.7589,77.4409,12.5,7.1);
INSERT INTO organ_function VALUES ('2abc1b0d-a288-40aa-9cf3-31c63c02cc2c','682aae4f-d178-418f-bf68-ac79c75dd1ac','2021-10-24',58.7,1.1044,22.1895,17.5729,12.323,39.0744,62.4,405.9456,0.9861);
INSERT INTO immune_baseline VALUES ('bae7a79c-f819-435d-bd5c-20040a950e65','682aae4f-d178-418f-bf68-ac79c75dd1ac','2021-10-24',7.58,0.74,5.48,7.4054,611.5836,436.3325,268.0874,9.9118);
INSERT INTO hormonal_profile VALUES ('89caa03a-940e-49bf-8b90-dec2bbfaa48c','682aae4f-d178-418f-bf68-ac79c75dd1ac','2021-10-24',16.2,0.36,357.0,59.3946,14.6321,1.412,6.1335);
INSERT INTO pharmacogenomics VALUES ('31040157-be68-4ebc-81a9-698d0361d701','682aae4f-d178-418f-bf68-ac79c75dd1ac','NM','NM','IM','*1/*28','normal',0,'NM');
INSERT INTO body_composition VALUES ('623cd9cf-70bf-4177-b9a8-667275fd809a','682aae4f-d178-418f-bf68-ac79c75dd1ac','2021-10-24',23.4,41.0,33.6232,83.3612,20.0918,1.7762);
INSERT INTO microbiome_profile VALUES ('56ba29b0-4a89-4fd6-972c-668770408357','682aae4f-d178-418f-bf68-ac79c75dd1ac','2021-10-24','gut','16S_rRNA_V4',2.9825,2.0931,0.0032,'[{"genus": "Bacteroides", "rel": 0.204}, {"genus": "Faecalibacterium", "rel": 0.106}, {"genus": "Akkermansia", "rel": 0.0032}]',0);
INSERT INTO tumor_staging VALUES ('0ab5fe72-a0f1-4edf-92ac-6e891e4aaf6b','682aae4f-d178-418f-bf68-ac79c75dd1ac','2021-10-24','8500/3','C50.4','Invasive ductal carcinoma','T4','N3','M1','IV',3,'left');
INSERT INTO imaging_measurement VALUES ('aefb3d30-8549-4543-ba9b-b3eb4094e50e','682aae4f-d178-418f-bf68-ac79c75dd1ac','2021-09-26','MRI','L1','primary_left_breast',17.6,2854.5432,2.9627,'SD','{"entropy": 7.83, "sphericity": 0.54}');
INSERT INTO pathology_report VALUES ('95a346ec-fb8a-4860-ac96-68573528728c','682aae4f-d178-418f-bf68-ac79c75dd1ac','2021-10-24','core_needle_biopsy','R0',5,15,0,0,8.6922);
INSERT INTO performance_status VALUES ('0c44c188-2d0c-4d1f-8762-c1ad9fe339a5','682aae4f-d178-418f-bf68-ac79c75dd1ac','2021-10-24',1,87,4,25.827);
INSERT INTO liquid_biopsy VALUES ('782b63bf-8702-4448-b383-fe0f87cb6dd7','682aae4f-d178-418f-bf68-ac79c75dd1ac','2021-10-24',0.0288,12.96,2,'[]','detected',6.2512);
INSERT INTO treatment_regimen VALUES ('d0e6ed6a-c3da-43ac-8f49-ff1444c941ac','682aae4f-d178-418f-bf68-ac79c75dd1ac',1,'Palbociclib+Let','palliative','2021-11-07','2022-05-22','planned_completion','PR',200);
INSERT INTO treatment_drug_dose VALUES ('e724ab8c-8a6c-48b9-864e-06a16d502203','d0e6ed6a-c3da-43ac-8f49-ff1444c941ac','14234f22-ddb9-4e92-883c-bd55730bb629','2021-11-07',55.0,50.0,9.1,'IV',1,2.1762);
INSERT INTO adverse_event VALUES ('84fe3866-80d5-493c-9083-2eedfd9f1a89','682aae4f-d178-418f-bf68-ac79c75dd1ac','d0e6ed6a-c3da-43ac-8f49-ff1444c941ac','Arthralgia',1,'2022-01-14','2022-01-27','probable','none');
INSERT INTO adverse_event VALUES ('03390f7d-789e-4836-a2d6-5b51c8307b6a','682aae4f-d178-418f-bf68-ac79c75dd1ac','d0e6ed6a-c3da-43ac-8f49-ff1444c941ac','Hand-foot syndrome',2,'2021-12-23','2022-01-26','probable','none');
INSERT INTO adverse_event VALUES ('3a9dfd3c-2f4d-4f72-89b7-e874adc7d524','682aae4f-d178-418f-bf68-ac79c75dd1ac','d0e6ed6a-c3da-43ac-8f49-ff1444c941ac','Peripheral sensory neuropathy',2,'2021-12-16','2022-01-09','probable','none');
INSERT INTO adverse_event VALUES ('df08d4f3-783b-4f97-8ca5-d2db37253eab','682aae4f-d178-418f-bf68-ac79c75dd1ac','d0e6ed6a-c3da-43ac-8f49-ff1444c941ac','Fatigue',1,'2022-01-28','2022-03-01','probable','none');
INSERT INTO carcinogen_exposure VALUES ('04494912-19a1-4461-8417-bf8b4c8a8967','682aae4f-d178-418f-bf68-ac79c75dd1ac','former',30.5142,3.7367,20.7,84.9603,'[]',0.0,0);
INSERT INTO diet_nutrition VALUES ('37e5a663-4b43-4dc2-8970-646a07f6bd57','682aae4f-d178-418f-bf68-ac79c75dd1ac','2021-10-24','FFQ',1343.1906,45.7563,169.7915,103.7056,15.7028,88.0132,4.3009,6.5822,'Western');
INSERT INTO physical_activity VALUES ('3322eacd-91df-46c6-9b35-38a3ce390fa7','682aae4f-d178-418f-bf68-ac79c75dd1ac','2021-10-24',618.6278,117.1181,271.6155,9.3901,32.6929,7916,34.4775);
INSERT INTO stress_psychology VALUES ('07240ac8-a5be-4083-bc5d-fd3e41fc6f3c','682aae4f-d178-418f-bf68-ac79c75dd1ac','2021-10-24',18,2,6,71.0368,221.34,8.8015,4);
INSERT INTO environmental_exposure VALUES ('18947895-3982-428c-b8ec-7b3c81e50bf3','682aae4f-d178-418f-bf68-ac79c75dd1ac','2021-10-24',9.13,19.0166,60.2982,'negative',NULL,'negative','negative',7.6358,'naive');
INSERT INTO socioeconomic_context VALUES ('12930abf-ebd8-43ca-8c7b-e1bee4df9744','682aae4f-d178-418f-bf68-ac79c75dd1ac','2021-10-24',45.5654,'private',0.8808,0.5744,93.4978,'unable_to_work_disability',33.3738,13);
INSERT INTO circadian_profile VALUES ('d5037e26-3d53-48e7-96ca-02a058b7d78a','682aae4f-d178-418f-bf68-ac79c75dd1ac','2021-10-24','morning',78.824,24.4743,'22:07',996.9013,0,10);

-- Patient 56: HR+/HER2- early
INSERT INTO patient VALUES ('824ad09c-a8ea-4e7d-8ef4-98137714b6cb','MRN-2006159','1975-11-28','female','White','{"EUR": 0.71, "AFR": 0.22}','2021-02-08','2021-02-08');
INSERT INTO genomic_sample VALUES ('8d62e2e8-6199-4094-a9f8-bcd7ba5c5e94','824ad09c-a8ea-4e7d-8ef4-98137714b6cb','tumor','C50.4','2021-02-24','Tempus xT',0.66,0,'FFPE');
INSERT INTO somatic_mutation VALUES ('a9f7472f-9fa0-4a83-9fe3-68bf24a8ff8b','8d62e2e8-6199-4094-a9f8-bcd7ba5c5e94','TP53','chr17',7674220,'G','A','SNV','missense_variant','p.Arg248Trp',0.4118,80,'oncogenic','COSV52743007','1','SBS5');
INSERT INTO somatic_mutation VALUES ('ffe44b5c-df08-4827-9dc7-a4dc1a762bc8','8d62e2e8-6199-4094-a9f8-bcd7ba5c5e94','CCND1','chr11',69465258,'G','T','SNV','missense_variant','p.Pro241Leu',0.1901,262,'oncogenic','COSV52718943','3A','SBS1');
INSERT INTO somatic_mutation VALUES ('8d5c12f4-7167-4718-9cb8-de44acbfbcb0','8d62e2e8-6199-4094-a9f8-bcd7ba5c5e94','PTEN','chr10',89692905,'G','A','SNV','missense_variant','p.Arg130Gly',0.3546,311,'oncogenic','COSV52731827','1','SBS5');
INSERT INTO somatic_mutation VALUES ('7cda03e7-b0f1-48e8-b818-ece921d0f385','8d62e2e8-6199-4094-a9f8-bcd7ba5c5e94','GATA3','chr10',8115610,'CT','C','indel','frameshift_variant','p.Thr443fs',0.2763,129,'oncogenic','COSV52704812','1','SBS5');
INSERT INTO somatic_mutation VALUES ('c5d9768a-2e0d-46bf-8ec8-70ccfd75a695','8d62e2e8-6199-4094-a9f8-bcd7ba5c5e94','MAP3K1','chr5',56115628,'G','A','SNV','missense_variant','p.Glu1298Lys',0.2076,372,'oncogenic','COSV52721033','3A','SBS1');
INSERT INTO copy_number_variant VALUES ('147518e9-7ba1-407c-982f-9ab862132380','8d62e2e8-6199-4094-a9f8-bcd7ba5c5e94','MYC','chr8',127700000,127800000,5.4,1.38,'neutral',0);
INSERT INTO copy_number_variant VALUES ('8c3ded14-7a98-424f-a7f5-9f1c8a37a857','8d62e2e8-6199-4094-a9f8-bcd7ba5c5e94','CDKN2A','chr9',21967000,21995000,0.4,-2.13,'shallow_deletion',0);
INSERT INTO gene_expression VALUES ('1d2ac0fe-5af7-4827-b8fb-f7c681cd6b96','8d62e2e8-6199-4094-a9f8-bcd7ba5c5e94','ENSG00000091831','ESR1',877.14,87.71,2193,8.41,99.0);
INSERT INTO gene_expression VALUES ('b3357ba1-a2f5-4553-8f88-a4303818f3a9','8d62e2e8-6199-4094-a9f8-bcd7ba5c5e94','ENSG00000141736','ERBB2',101.91,10.19,255,-0.2,47.0);
INSERT INTO gene_expression VALUES ('b74996cc-ec33-47b8-b45f-78569f96836d','8d62e2e8-6199-4094-a9f8-bcd7ba5c5e94','ENSG00000148773','MKI67',93.56,9.36,234,-0.29,45.6);
INSERT INTO gene_expression VALUES ('5a14b9b1-55d0-46f7-87ef-752a5114fec8','8d62e2e8-6199-4094-a9f8-bcd7ba5c5e94','ENSG00000141510','TP53',62.04,5.43,110,-0.64,40.4);
INSERT INTO gene_expression VALUES ('002410a1-2a78-4016-a80e-64e64d1ac2dd','8d62e2e8-6199-4094-a9f8-bcd7ba5c5e94','ENSG00000012048','BRCA1',53.5,4.52,227,-0.74,38.9);
INSERT INTO gene_expression VALUES ('62bc2baf-8adf-488a-b4d0-b03a99459c60','8d62e2e8-6199-4094-a9f8-bcd7ba5c5e94','ENSG00000139618','BRCA2',6.83,1.18,193,-1.26,31.1);
INSERT INTO gene_expression VALUES ('a4318343-d838-4a1e-9cb0-aa135c6a73ef','8d62e2e8-6199-4094-a9f8-bcd7ba5c5e94','ENSG00000171862','PTEN',12.8,6.71,124,-1.19,32.2);
INSERT INTO gene_expression VALUES ('a0aaee68-41bf-4365-8087-50d093ebfcde','8d62e2e8-6199-4094-a9f8-bcd7ba5c5e94','ENSG00000136997','MYC',39.52,6.03,467,-0.89,36.6);
INSERT INTO protein_expression VALUES ('80945979-f9a3-40a9-9471-6d3d42702120','8d62e2e8-6199-4094-a9f8-bcd7ba5c5e94','ESR1','P03372','IHC',0.75,225.0,6,'NULL');
INSERT INTO protein_expression VALUES ('8305c9a4-347e-4c56-b868-d1466da6f796','8d62e2e8-6199-4094-a9f8-bcd7ba5c5e94','PGR','P06401','IHC',0.69,219.0,5,'NULL');
INSERT INTO protein_expression VALUES ('3b22c8fb-de9e-4a5f-a889-53b47279540c','8d62e2e8-6199-4094-a9f8-bcd7ba5c5e94','ERBB2','P04626','IHC',-1.29,21.0,1,'pY1248');
INSERT INTO protein_expression VALUES ('9d638389-c69d-4d5a-9da4-a3a9c2be5ce4','8d62e2e8-6199-4094-a9f8-bcd7ba5c5e94','MKI67','P46013','IHC',-0.99,48.0,0,'NULL');
INSERT INTO epigenetic_mark VALUES ('1d0f3147-86c0-40d5-8445-f4a7c9590c1e','8d62e2e8-6199-4094-a9f8-bcd7ba5c5e94','DNA_methylation','cg15629539',0.006,'-7.372','ESR1','CpG_island',NULL);
INSERT INTO epigenetic_mark VALUES ('e4eda8cd-c6f0-4e97-bb47-f49ff6cf1e2b','8d62e2e8-6199-4094-a9f8-bcd7ba5c5e94','DNA_methylation','cg27053763',0.125,'-2.807','BRCA1','promoter',NULL);
INSERT INTO epigenetic_mark VALUES ('92a14786-e597-4d3f-90f8-9f537a36468d','8d62e2e8-6199-4094-a9f8-bcd7ba5c5e94','H3K27ac','chr17:37800000-37850000',0.214,NULL,'ERBB2','enhancer','1.4');
INSERT INTO ncrna_profile VALUES ('2b914b88-81dd-46e6-b654-462a724b1cc2','8d62e2e8-6199-4094-a9f8-bcd7ba5c5e94','miRNA','hsa-miR-21-5p','miR-21-5p',3.19,'["PTEN", "PDCD4"]');
INSERT INTO ncrna_profile VALUES ('2b5c2542-bff4-4c02-8b84-ecbbebb2472c','8d62e2e8-6199-4094-a9f8-bcd7ba5c5e94','miRNA','hsa-miR-155-5p','miR-155-5p',3.86,'["SHIP1", "SOCS1"]');
INSERT INTO ncrna_profile VALUES ('55107cb3-958e-4094-a27e-083019159791','8d62e2e8-6199-4094-a9f8-bcd7ba5c5e94','lncRNA','ENSG00000228630','HOTAIR',3.05,'["SHIP1", "SOCS1"]');
INSERT INTO ncrna_profile VALUES ('4e355bda-01d5-4e46-b6ca-4922f6376105','8d62e2e8-6199-4094-a9f8-bcd7ba5c5e94','lncRNA','ENSG00000251562','MALAT1',49.93,'["SHIP1", "SOCS1"]');
INSERT INTO metabolomics_profile VALUES ('9006f49c-d1c9-43c9-8b90-b4ed2bc3ee83','8d62e2e8-6199-4094-a9f8-bcd7ba5c5e94','Lactate','HMDB0000190','C00186',2.09,'LC-MS','organic_acid',0.06);
INSERT INTO metabolomics_profile VALUES ('03e7ea1e-edde-4a46-a6ff-799568b908d3','8d62e2e8-6199-4094-a9f8-bcd7ba5c5e94','Glutamine','HMDB0000641','C00064',0.64,'LC-MS','amino_acid',-0.91);
INSERT INTO metabolomics_profile VALUES ('83e39b5f-bbd8-4148-a364-02627b55ba5e','8d62e2e8-6199-4094-a9f8-bcd7ba5c5e94','Glucose','HMDB0000122','C00031',5.03,'LC-MS','carbohydrate',2.02);
INSERT INTO metabolomics_profile VALUES ('47387159-8529-46e7-a981-29501831049b','8d62e2e8-6199-4094-a9f8-bcd7ba5c5e94','Phosphocholine','HMDB0001565','C00588',0.25,'LC-MS','lipid',-1.17);
INSERT INTO tumor_clone VALUES ('8096ecf1-ace3-4fb5-928c-e243fc4fea10','8d62e2e8-6199-4094-a9f8-bcd7ba5c5e94','clone_A',0.58,'[]',1,1,0.1194);
INSERT INTO tumor_clone VALUES ('7ac39657-7137-42d0-96a1-7edeae81a87a','8d62e2e8-6199-4094-a9f8-bcd7ba5c5e94','clone_B',0.42,'[]',0,2,0.1682);
INSERT INTO cell_cycle_state VALUES ('b64c859f-b862-4985-83bf-bd66cbf8da4f','8d62e2e8-6199-4094-a9f8-bcd7ba5c5e94',0.818,0.067,0.061,0.054,17.0493,480.0,1.7);
INSERT INTO apoptosis_marker VALUES ('bbaa6e78-f3f9-4450-bfab-5220ea789038','8d62e2e8-6199-4094-a9f8-bcd7ba5c5e94',246.0,71.993,162.0,1.52,0.1588,6.515,0.7093);
INSERT INTO dna_repair_status VALUES ('85d51418-5ab2-401f-9433-494bf66fa0b3','8d62e2e8-6199-4094-a9f8-bcd7ba5c5e94','wildtype','wildtype','proficient_MMR',0.04,0.5,6.3,0,'wildtype');
INSERT INTO metabolic_phenotype VALUES ('2e604bf2-aaad-4523-a9bf-44dce4b324e3','8d62e2e8-6199-4094-a9f8-bcd7ba5c5e94',0.403,98.7414,0.3436,0.5702,0.2227,1.1002,0.5395);
INSERT INTO stemness_profile VALUES ('3b9ecabe-1ed9-4440-9b17-886aae9ce6b4','8d62e2e8-6199-4094-a9f8-bcd7ba5c5e94',44.8289,19.1938,4.4931,0.0913,0.097,0.345,0.05,0.2296);
INSERT INTO drug_resistance_feature VALUES ('53a9d1cf-c793-4d8a-a51d-a15a0e47375b','8d62e2e8-6199-4094-a9f8-bcd7ba5c5e94',1.82,0.8397,0.4695,0.1,'[]',1.0);
INSERT INTO immune_infiltration VALUES ('fed99728-85f7-4565-a252-9da30e320ee4','8d62e2e8-6199-4094-a9f8-bcd7ba5c5e94',0.8,11.2948,12.5922,8.1169,2.5885,8.7833,16.7796,3.2594,4.4156,'CIBERSORT');
INSERT INTO checkpoint_expression VALUES ('04a1b94b-df09-4e19-a0ab-0a04a6027b97','8d62e2e8-6199-4094-a9f8-bcd7ba5c5e94',6.1,10.98,7.1192,11.2304,11.2747,8.9327,10.4122,32.5997);
INSERT INTO cytokine_milieu VALUES ('42d01222-e491-4583-9d94-008be2e897fc','8d62e2e8-6199-4094-a9f8-bcd7ba5c5e94',37.5115,13.9966,6.3565,23.8415,13.9964,24.4,14.1645,53.5028);
INSERT INTO stromal_composition VALUES ('cff0f58d-9ff7-43ec-8b2c-65c5c497e5a0','8d62e2e8-6199-4094-a9f8-bcd7ba5c5e94',0.2555,0.0718,0.1109,0.2316,3.1457,20.9702);
INSERT INTO ecm_profile VALUES ('5dcf947f-2e44-4aab-8207-6acdf49e888f','8d62e2e8-6199-4094-a9f8-bcd7ba5c5e94',13.6439,10.0739,23.1318,0.4197,0.4003,0.2382,0.4491);
INSERT INTO hypoxia_vasculature VALUES ('7b7e8e37-0acd-4737-927c-6c457bd4bf6d','8d62e2e8-6199-4094-a9f8-bcd7ba5c5e94',0.19,0.2352,10.1,0.2616,92.5294,176.5118,63.7162,14.5,6.99);
INSERT INTO organ_function VALUES ('d09bb44a-771f-4db1-961e-6a39e6253408','824ad09c-a8ea-4e7d-8ef4-98137714b6cb','2021-02-08',91.0,1.492,7.6315,21.5257,5.0,41.1721,65.7,406.2905,1.028);
INSERT INTO immune_baseline VALUES ('39a05b76-9a45-4a9a-a268-6701e8aa335c','824ad09c-a8ea-4e7d-8ef4-98137714b6cb','2021-02-08',3.98,0.64,4.87,7.6094,561.0504,326.8788,342.2056,12.2917);
INSERT INTO hormonal_profile VALUES ('15df77e6-8c9c-4512-ae7a-8e14a2245f4c','824ad09c-a8ea-4e7d-8ef4-98137714b6cb','2021-02-08',224.0,0.4,314.0,67.4852,20.1032,2.5163,4.0491);
INSERT INTO pharmacogenomics VALUES ('ab77515c-d4af-4367-bc84-75c76f2524fd','824ad09c-a8ea-4e7d-8ef4-98137714b6cb','NM','NM','UM','*1/*28','normal',0,'NM');
INSERT INTO body_composition VALUES ('edb3db3a-9465-40ad-82d9-26fa8ad8b542','824ad09c-a8ea-4e7d-8ef4-98137714b6cb','2021-02-08',27.9,36.7,38.1098,120.4779,28.0303,1.6091);
INSERT INTO microbiome_profile VALUES ('9b544308-55bc-4bc1-ab63-aa1435b61d01','824ad09c-a8ea-4e7d-8ef4-98137714b6cb','2021-02-08','gut','16S_rRNA_V4',3.9021,2.3225,0.0379,'[{"genus": "Bacteroides", "rel": 0.243}, {"genus": "Faecalibacterium", "rel": 0.057}, {"genus": "Akkermansia", "rel": 0.0379}]',0);
INSERT INTO tumor_staging VALUES ('4cdc673e-73bc-4f1b-b2da-7e46628856fc','824ad09c-a8ea-4e7d-8ef4-98137714b6cb','2021-02-08','8500/3','C50.4','Invasive ductal carcinoma','T2','N1','M0','IIB',2,'right');
INSERT INTO imaging_measurement VALUES ('4a83347b-2830-492f-ac8b-9541b6810a2d','824ad09c-a8ea-4e7d-8ef4-98137714b6cb','2021-01-18','MRI','L1','primary_left_breast',20.9,4780.1055,3.836,'SD','{"entropy": 5.1, "sphericity": 0.56}');
INSERT INTO pathology_report VALUES ('3cc2afb6-a4f0-4d7b-8e9f-567297615f32','824ad09c-a8ea-4e7d-8ef4-98137714b6cb','2021-02-08','core_needle_biopsy','R0',2,18,0,1,3.4253);
INSERT INTO performance_status VALUES ('01b6dbef-de65-4379-8de8-034e54808894','824ad09c-a8ea-4e7d-8ef4-98137714b6cb','2021-02-08',0,91,0,42.2827);
INSERT INTO liquid_biopsy VALUES ('91f15692-2477-4a49-a2f0-4728697637f7','824ad09c-a8ea-4e7d-8ef4-98137714b6cb','2021-02-08',0.0181,8.145,6,'[]','detected',16.15);
INSERT INTO treatment_regimen VALUES ('5646ba0c-08fc-46b1-9bd5-64db2f7fa450','824ad09c-a8ea-4e7d-8ef4-98137714b6cb',1,'Letrozole','adjuvant','2021-03-17','2021-08-05','planned_completion','PR',220);
INSERT INTO treatment_drug_dose VALUES ('e3d2eae5-9c66-40c4-855f-9c5334560fc0','5646ba0c-08fc-46b1-9bd5-64db2f7fa450','dea8e584-d12c-47bf-a4c0-e739973380b8','2021-03-17',73.0,68.0,6.8,'oral',1,1.6343);
INSERT INTO adverse_event VALUES ('2e6b7d67-d599-46e2-a21c-ac53c2605d15','824ad09c-a8ea-4e7d-8ef4-98137714b6cb','5646ba0c-08fc-46b1-9bd5-64db2f7fa450','Diarrhoea',2,'2021-06-11','2021-07-21','probable','none');
INSERT INTO adverse_event VALUES ('49ce1f86-c1bc-4b39-a686-3a64ed32a171','824ad09c-a8ea-4e7d-8ef4-98137714b6cb','5646ba0c-08fc-46b1-9bd5-64db2f7fa450','Hand-foot syndrome',1,'2021-04-16','2021-04-26','probable','none');
INSERT INTO adverse_event VALUES ('371fa1cd-b645-47f2-9fbd-65d002aa76d5','824ad09c-a8ea-4e7d-8ef4-98137714b6cb','5646ba0c-08fc-46b1-9bd5-64db2f7fa450','Peripheral sensory neuropathy',3,'2021-04-27','2021-05-11','probable','dose_reduction');
INSERT INTO adverse_event VALUES ('75c9228e-01f2-483c-af93-57536448fcec','824ad09c-a8ea-4e7d-8ef4-98137714b6cb','5646ba0c-08fc-46b1-9bd5-64db2f7fa450','Fatigue',1,'2021-05-13','2021-06-22','probable','none');
INSERT INTO radiation_plan VALUES ('a4a7f4a9-b739-4334-8aec-c5448ce18258','824ad09c-a8ea-4e7d-8ef4-98137714b6cb','photon_EBRT','CTV',51.9837,2.0,25,5,'IMRT',NULL,'{"heart": {"V20Gy_pct": "<25"}, "lung": {"mean_Gy": "<18"}}');
INSERT INTO carcinogen_exposure VALUES ('378b4cf1-7755-42c9-9232-decfb9d4ccd5','824ad09c-a8ea-4e7d-8ef4-98137714b6cb','current',17.438,1.8928,24.7809,5.0,'[]',0.0,0);
INSERT INTO diet_nutrition VALUES ('5f60f0f8-6eba-41a3-b4ba-a541176cde1a','824ad09c-a8ea-4e7d-8ef4-98137714b6cb','2021-02-08','FFQ',1570.5745,53.1637,118.5198,78.1162,22.0244,71.4121,16.4634,4.2084,'plant_based');
INSERT INTO physical_activity VALUES ('f9f9c56d-cbd5-499d-82a9-ff7bee960273','824ad09c-a8ea-4e7d-8ef4-98137714b6cb','2021-02-08',739.7758,138.5862,196.5769,8.8087,24.8003,3314,26.9719);
INSERT INTO stress_psychology VALUES ('dcd118c9-069e-488e-aa00-0c71fb4d478b','824ad09c-a8ea-4e7d-8ef4-98137714b6cb','2021-02-08',19,3,4,40.5031,194.68,5.6827,12);
INSERT INTO environmental_exposure VALUES ('055cc498-dc6a-4fab-97d4-af6bf6d5ca64','824ad09c-a8ea-4e7d-8ef4-98137714b6cb','2021-02-08',15.7562,6.8689,61.8096,'negative',NULL,'negative','negative',4.9377,'naive');
INSERT INTO socioeconomic_context VALUES ('c5a870bf-6340-4a25-bf9c-0183c56b968b','824ad09c-a8ea-4e7d-8ef4-98137714b6cb','2021-02-08',63.3067,'public_Medicaid',0.6434,0.6796,83.0813,'unable_to_work_disability',32.5131,10);
INSERT INTO circadian_profile VALUES ('8be98aa8-3afd-4d9f-86e8-d272d18a80e0','824ad09c-a8ea-4e7d-8ef4-98137714b6cb','2021-02-08','intermediate',76.1281,32.9685,'22:24',1194.5235,0,11);

-- Patient 57: HR+ metastatic
INSERT INTO patient VALUES ('e8442c93-a64b-4cbf-beb6-227f0e3a6d5b','MRN-2340861','1946-11-25','female','White','{"EUR": 0.68, "AFR": 0.11}','2020-02-04','2020-02-04');
INSERT INTO genomic_sample VALUES ('a37cdb89-9997-4bf5-8b5c-b98ccb84ae0f','e8442c93-a64b-4cbf-beb6-227f0e3a6d5b','tumor','C50.4','2020-02-22','Illumina NovaSeq 6000 WGS',0.57,0,'FFPE');
INSERT INTO somatic_mutation VALUES ('f46beded-1e73-4fd7-80cc-534c3a6c1357','a37cdb89-9997-4bf5-8b5c-b98ccb84ae0f','BRCA2','chr13',32338709,'A','T','SNV','stop_gained','p.Lys1690Ter',0.3743,290,'pathogenic','COSV52712043','1','SBS3');
INSERT INTO somatic_mutation VALUES ('659c1bb4-c472-4eaa-af29-db9b9a75c2dd','a37cdb89-9997-4bf5-8b5c-b98ccb84ae0f','BRCA1','chr17',43094464,'T','A','SNV','missense_variant','p.Cys1697Ser',0.4313,342,'pathogenic','COSV52701256','1','SBS3');
INSERT INTO somatic_mutation VALUES ('135bfaaf-cd96-4d2b-9bf4-35b0d694dfa5','a37cdb89-9997-4bf5-8b5c-b98ccb84ae0f','MAP3K1','chr5',56115628,'G','A','SNV','missense_variant','p.Glu1298Lys',0.1045,374,'oncogenic','COSV52721033','3A','SBS1');
INSERT INTO copy_number_variant VALUES ('aac40609-9202-4888-8967-53dd5f160cf3','a37cdb89-9997-4bf5-8b5c-b98ccb84ae0f','MYC','chr8',127700000,127800000,1.0,1.07,'amplification',0);
INSERT INTO copy_number_variant VALUES ('5e134029-1b19-4d93-8883-5bfe5955ee50','a37cdb89-9997-4bf5-8b5c-b98ccb84ae0f','CDKN2A','chr9',21967000,21995000,0.6,-1.56,'shallow_deletion',0);
INSERT INTO gene_expression VALUES ('9160380a-678d-46e3-8c85-40609531d63b','a37cdb89-9997-4bf5-8b5c-b98ccb84ae0f','ENSG00000091831','ESR1',771.51,77.15,1929,7.24,99.0);
INSERT INTO gene_expression VALUES ('92128a93-661d-4625-b3b3-79c49123baf1','a37cdb89-9997-4bf5-8b5c-b98ccb84ae0f','ENSG00000141736','ERBB2',5.0,0.5,12,-1.28,30.8);
INSERT INTO gene_expression VALUES ('5c415209-4261-4cdd-9982-239f6bcdd3b7','a37cdb89-9997-4bf5-8b5c-b98ccb84ae0f','ENSG00000148773','MKI67',380.94,38.09,952,2.9,93.5);
INSERT INTO gene_expression VALUES ('a2fe5612-b109-489d-a111-e17f56970987','a37cdb89-9997-4bf5-8b5c-b98ccb84ae0f','ENSG00000141510','TP53',32.33,4.97,362,-0.97,35.5);
INSERT INTO gene_expression VALUES ('f0b6cbe4-ea94-4675-80a4-76d445b5652c','a37cdb89-9997-4bf5-8b5c-b98ccb84ae0f','ENSG00000012048','BRCA1',29.71,5.69,392,-1.0,35.0);
INSERT INTO gene_expression VALUES ('6ececa97-3f0c-4035-930a-463fc958b050','a37cdb89-9997-4bf5-8b5c-b98ccb84ae0f','ENSG00000139618','BRCA2',38.98,3.96,367,-0.9,36.5);
INSERT INTO gene_expression VALUES ('cbeaae29-a98e-4b4b-b41d-f3f6c4bceee7','a37cdb89-9997-4bf5-8b5c-b98ccb84ae0f','ENSG00000171862','PTEN',85.87,10.33,304,-0.38,44.3);
INSERT INTO gene_expression VALUES ('d83f1a5f-e261-4823-976f-81ff203c149b','a37cdb89-9997-4bf5-8b5c-b98ccb84ae0f','ENSG00000136997','MYC',107.09,5.75,443,-0.14,47.9);
INSERT INTO protein_expression VALUES ('0cc9847d-87dc-4641-aef0-e0f8ae95520e','a37cdb89-9997-4bf5-8b5c-b98ccb84ae0f','ESR1','P03372','IHC',1.1,260.0,6,'NULL');
INSERT INTO protein_expression VALUES ('a17cd3ef-71d0-4ec6-87ad-c7bf51d5a37d','a37cdb89-9997-4bf5-8b5c-b98ccb84ae0f','PGR','P06401','IHC',0.47,197.0,5,'NULL');
INSERT INTO protein_expression VALUES ('4d495fcf-34eb-4c00-810f-697f6ecb4edb','a37cdb89-9997-4bf5-8b5c-b98ccb84ae0f','ERBB2','P04626','IHC',-0.96,54.0,1,'pY1248');
INSERT INTO protein_expression VALUES ('e409d926-77e5-4561-8c5c-ce095b9b52bb','a37cdb89-9997-4bf5-8b5c-b98ccb84ae0f','MKI67','P46013','IHC',-0.12,129.0,0,'NULL');
INSERT INTO epigenetic_mark VALUES ('64927260-7537-49c3-afac-54d3776e7881','a37cdb89-9997-4bf5-8b5c-b98ccb84ae0f','H3K27ac','cg15629539',0.0,NULL,'ESR1','CpG_island',NULL);
INSERT INTO epigenetic_mark VALUES ('6b959b3c-448a-4d10-98e5-79f11893cccd','a37cdb89-9997-4bf5-8b5c-b98ccb84ae0f','DNA_methylation','cg27053763',0.064,'-3.87','BRCA1','promoter',NULL);
INSERT INTO epigenetic_mark VALUES ('69e8de13-bbe8-409c-bf57-8d9d81cb2393','a37cdb89-9997-4bf5-8b5c-b98ccb84ae0f','H3K27ac','chr17:37800000-37850000',0.385,NULL,'ERBB2','enhancer','2.029');
INSERT INTO ncrna_profile VALUES ('3b823aa6-4dc3-4972-b5a2-dff2227f6d59','a37cdb89-9997-4bf5-8b5c-b98ccb84ae0f','miRNA','hsa-miR-21-5p','miR-21-5p',4.05,'["PTEN", "PDCD4"]');
INSERT INTO ncrna_profile VALUES ('631c7f8a-7aba-415e-a813-a51da50ee339','a37cdb89-9997-4bf5-8b5c-b98ccb84ae0f','miRNA','hsa-miR-155-5p','miR-155-5p',2.05,'["SHIP1", "SOCS1"]');
INSERT INTO ncrna_profile VALUES ('87ad6462-38a7-4976-98eb-8f8e6c5ac4c8','a37cdb89-9997-4bf5-8b5c-b98ccb84ae0f','lncRNA','ENSG00000228630','HOTAIR',4.0,'["SHIP1", "SOCS1"]');
INSERT INTO ncrna_profile VALUES ('5bf6dd69-ccc1-428e-a556-d9d511ac244e','a37cdb89-9997-4bf5-8b5c-b98ccb84ae0f','lncRNA','ENSG00000251562','MALAT1',55.34,'["SHIP1", "SOCS1"]');
INSERT INTO metabolomics_profile VALUES ('2f9177b4-dca9-4051-aca8-8e29b7d39fb5','a37cdb89-9997-4bf5-8b5c-b98ccb84ae0f','Lactate','HMDB0000190','C00186',1.04,'LC-MS','organic_acid',-0.64);
INSERT INTO metabolomics_profile VALUES ('a030e3ae-7670-4a02-b4d6-4d9bcdf524f3','a37cdb89-9997-4bf5-8b5c-b98ccb84ae0f','Glutamine','HMDB0000641','C00064',0.46,'LC-MS','amino_acid',-1.03);
INSERT INTO metabolomics_profile VALUES ('3e9dadca-dc80-4887-8047-036852a47af5','a37cdb89-9997-4bf5-8b5c-b98ccb84ae0f','Glucose','HMDB0000122','C00031',5.32,'LC-MS','carbohydrate',2.21);
INSERT INTO metabolomics_profile VALUES ('5d646a32-2de2-4655-bc7c-ebf19bf73a3a','a37cdb89-9997-4bf5-8b5c-b98ccb84ae0f','Phosphocholine','HMDB0001565','C00588',0.16,'LC-MS','lipid',-1.23);
INSERT INTO tumor_clone VALUES ('78292a30-2333-423f-9a72-78e92ed8d549','a37cdb89-9997-4bf5-8b5c-b98ccb84ae0f','clone_A',0.95,'[]',1,1,0.1989);
INSERT INTO tumor_clone VALUES ('c28dee2a-0c41-4308-aa79-1b9461e9a40c','a37cdb89-9997-4bf5-8b5c-b98ccb84ae0f','clone_B',0.05,'[]',0,2,0.081);
INSERT INTO cell_cycle_state VALUES ('7ab69a2a-545b-4b68-b9b7-2ad2d7f2aba1','a37cdb89-9997-4bf5-8b5c-b98ccb84ae0f',0.608,0.224,0.101,0.067,46.1605,357.0,7.9);
INSERT INTO apoptosis_marker VALUES ('fa0c362b-d15f-4522-8f18-f3d171f1416c','a37cdb89-9997-4bf5-8b5c-b98ccb84ae0f',190.0,103.354,90.0,2.11,0.1918,5.2414,0.8583);
INSERT INTO dna_repair_status VALUES ('3a4268d9-8681-4872-97c3-40150121db74','a37cdb89-9997-4bf5-8b5c-b98ccb84ae0f','mutated_somatic','mutated_somatic','proficient_MMR',0.04,5.0,7.7,0,'wildtype');
INSERT INTO metabolic_phenotype VALUES ('59862fe1-bc48-471d-b930-879f54717e88','a37cdb89-9997-4bf5-8b5c-b98ccb84ae0f',0.114,85.963,0.3536,0.3771,0.4117,1.0293,0.6488);
INSERT INTO stemness_profile VALUES ('72447d88-2cc8-407f-8697-70adae5d086e','a37cdb89-9997-4bf5-8b5c-b98ccb84ae0f',59.4038,21.974,4.3887,0.2939,0.307,0.092,0.3606,0.0839);
INSERT INTO drug_resistance_feature VALUES ('9cd21d8f-f64d-4b6a-9d6b-fe45e46eee8a','a37cdb89-9997-4bf5-8b5c-b98ccb84ae0f',0.62,0.3738,0.6286,1.3911,'[]',0.1643);
INSERT INTO immune_infiltration VALUES ('b1c882a1-7345-4306-9f72-3ac5003282cb','a37cdb89-9997-4bf5-8b5c-b98ccb84ae0f',15.6,12.1076,9.7894,2.5857,11.292,7.3852,22.9573,2.4487,5.7283,'CIBERSORT');
INSERT INTO checkpoint_expression VALUES ('61501833-0d13-414b-b373-0285fea82037','a37cdb89-9997-4bf5-8b5c-b98ccb84ae0f',19.9,35.82,5.2922,11.4462,9.6557,11.2009,8.2148,13.5422);
INSERT INTO cytokine_milieu VALUES ('e2bdf3da-f7a9-4c05-baa7-a94b07a02b08','a37cdb89-9997-4bf5-8b5c-b98ccb84ae0f',16.9746,16.9153,4.8925,18.5781,16.6918,12.3,81.1942,118.0008);
INSERT INTO stromal_composition VALUES ('52e15521-a3c9-4689-8939-4bfab083933a','a37cdb89-9997-4bf5-8b5c-b98ccb84ae0f',0.199,0.0749,0.1416,0.3908,3.7264,27.8985);
INSERT INTO ecm_profile VALUES ('eaf21cf8-bfe0-45a3-9c05-9a219901f292','a37cdb89-9997-4bf5-8b5c-b98ccb84ae0f',12.9299,6.3868,24.3298,0.6489,0.4332,0.6569,0.4029);
INSERT INTO hypoxia_vasculature VALUES ('1c987712-377e-4a5b-933f-94015fc089b3','a37cdb89-9997-4bf5-8b5c-b98ccb84ae0f',1.16,0.7068,9.5,0.349,94.4048,176.8117,83.4719,16.2,6.86);
INSERT INTO organ_function VALUES ('fc952a92-42f4-45b5-b9e9-d232d47aa05c','e8442c93-a64b-4cbf-beb6-227f0e3a6d5b','2020-02-04',30.2,0.7624,29.3729,21.7803,19.0257,38.9439,59.3,413.2683,1.2368);
INSERT INTO immune_baseline VALUES ('784faa11-865e-4296-8161-136e8a7feab6','e8442c93-a64b-4cbf-beb6-227f0e3a6d5b','2020-02-04',2.98,2.48,4.14,1.6694,404.8578,502.7741,355.1583,7.1999);
INSERT INTO hormonal_profile VALUES ('67156e41-0677-4709-b293-dc6518856885','e8442c93-a64b-4cbf-beb6-227f0e3a6d5b','2020-02-04',33.9,1.04,348.0,72.2921,16.8052,2.6681,5.4217);
INSERT INTO pharmacogenomics VALUES ('7cf2ef68-889b-49d5-b5eb-ca5d814e1bf5','e8442c93-a64b-4cbf-beb6-227f0e3a6d5b','NM','NM','PM','*1/*1','normal',0,'NM');
INSERT INTO body_composition VALUES ('9dd2a9b8-f59e-43f9-9175-76aaec207068','e8442c93-a64b-4cbf-beb6-227f0e3a6d5b','2020-02-04',21.7,50.0,49.0478,106.4081,33.2073,1.6459);
INSERT INTO microbiome_profile VALUES ('e255c826-f512-47cb-89c9-b1abd5d472e1','e8442c93-a64b-4cbf-beb6-227f0e3a6d5b','2020-02-04','gut','16S_rRNA_V4',2.6912,1.9336,0.026,'[{"genus": "Bacteroides", "rel": 0.16}, {"genus": "Faecalibacterium", "rel": 0.114}, {"genus": "Akkermansia", "rel": 0.026}]',1);
INSERT INTO tumor_staging VALUES ('bd2cc9af-de15-4a5e-84b2-b7e3294bb3dc','e8442c93-a64b-4cbf-beb6-227f0e3a6d5b','2020-02-04','8500/3','C50.4','Invasive ductal carcinoma','T4','N3','M1','IV',2,'right');
INSERT INTO imaging_measurement VALUES ('b5fcc319-f32c-4328-9cc5-e3f767f137e5','e8442c93-a64b-4cbf-beb6-227f0e3a6d5b','2020-01-11','MRI','L1','primary_left_breast',4.0,33.5103,2.5509,'SD','{"entropy": 4.84, "sphericity": 0.71}');
INSERT INTO pathology_report VALUES ('3f73083c-c3bb-4b52-bade-82fe4b09b2ee','e8442c93-a64b-4cbf-beb6-227f0e3a6d5b','2020-02-04','core_needle_biopsy','R0',5,14,0,1,6.9016);
INSERT INTO performance_status VALUES ('a6ddb121-6da3-4569-b12d-4885f9cb83bb','e8442c93-a64b-4cbf-beb6-227f0e3a6d5b','2020-02-04',0,86,3,50.7597);
INSERT INTO liquid_biopsy VALUES ('49734dd4-a1aa-4a47-8a97-ec41b5c9edf8','e8442c93-a64b-4cbf-beb6-227f0e3a6d5b','2020-02-04',0.0887,39.915,3,'[]','detected',9.3016);
INSERT INTO treatment_regimen VALUES ('1f443fad-541b-4083-9e63-8c6ed46e984e','e8442c93-a64b-4cbf-beb6-227f0e3a6d5b',1,'Palbociclib+Let','palliative','2020-03-04','2021-06-08','planned_completion','PR',319);
INSERT INTO treatment_drug_dose VALUES ('0944a4e8-98e6-4a19-a9a1-8fce3d2c46ad','1f443fad-541b-4083-9e63-8c6ed46e984e','14234f22-ddb9-4e92-883c-bd55730bb629','2020-03-04',69.0,67.0,2.9,'IV',1,1.0773);
INSERT INTO adverse_event VALUES ('06b49a0d-a6c6-4435-9f1f-4c03096d47ae','e8442c93-a64b-4cbf-beb6-227f0e3a6d5b','1f443fad-541b-4083-9e63-8c6ed46e984e','Fatigue',2,'2020-04-27','2020-06-17','probable','none');
INSERT INTO adverse_event VALUES ('679a12b2-2ffb-4788-b3a6-1f7040ff86a5','e8442c93-a64b-4cbf-beb6-227f0e3a6d5b','1f443fad-541b-4083-9e63-8c6ed46e984e','Diarrhoea',2,'2020-03-13','2020-03-23','probable','none');
INSERT INTO carcinogen_exposure VALUES ('2d140e37-f6da-484b-9939-2facaff4ead9','e8442c93-a64b-4cbf-beb6-227f0e3a6d5b','never',0.0,0.6331,43.8102,60.3079,'[]',0.0,0);
INSERT INTO diet_nutrition VALUES ('03c9f9ce-b3b9-45ad-8771-adf6ba087971','e8442c93-a64b-4cbf-beb6-227f0e3a6d5b','2020-02-04','FFQ',2062.8416,72.9124,115.9908,53.1108,20.548,28.2086,17.2826,18.8829,'Western');
INSERT INTO physical_activity VALUES ('950cf96d-23c5-4f6e-b67d-1438bc815f8f','e8442c93-a64b-4cbf-beb6-227f0e3a6d5b','2020-02-04',593.4501,26.1673,100.0588,6.232,28.952,3347,20.5711);
INSERT INTO stress_psychology VALUES ('cdc43442-13ff-4868-93eb-d812bf19ef9f','e8442c93-a64b-4cbf-beb6-227f0e3a6d5b','2020-02-04',22,7,12,29.1374,215.76,5.8894,9);
INSERT INTO environmental_exposure VALUES ('57500188-11dc-4f6a-ae14-5386724a7ef2','e8442c93-a64b-4cbf-beb6-227f0e3a6d5b','2020-02-04',3.0368,26.769,45.663,'negative',NULL,'negative','negative',10.1263,'naive');
INSERT INTO socioeconomic_context VALUES ('3187e500-5ece-4663-86ec-e267c49750b8','e8442c93-a64b-4cbf-beb6-227f0e3a6d5b','2020-02-04',32.3341,'public_Medicaid',0.7695,0.457,59.298,'employed_part_time',26.1408,15);
INSERT INTO circadian_profile VALUES ('e0fccb97-c3ec-40ab-8026-1988f8ef2581','e8442c93-a64b-4cbf-beb6-227f0e3a6d5b','2020-02-04','evening',83.3239,22.4999,'22:32',1096.1817,0,10);

-- Patient 58: HR+ metastatic
INSERT INTO patient VALUES ('ef3d7d0a-2fbf-4513-b1ec-53b0e9a43b7f','MRN-5113689','1953-07-17','female','East Asian','{"EUR": 0.34, "AFR": 0.04}','2019-03-20','2019-03-20');
INSERT INTO genomic_sample VALUES ('c1e17049-7c9c-4539-aadb-6bf8d59ec109','ef3d7d0a-2fbf-4513-b1ec-53b0e9a43b7f','tumor','C50.4','2019-04-03','Illumina NovaSeq 6000 WGS',0.47,0,'FFPE');
INSERT INTO somatic_mutation VALUES ('56529fab-e762-4f10-b91e-756115a20e9e','c1e17049-7c9c-4539-aadb-6bf8d59ec109','ESR1','chr6',152098794,'T','C','SNV','missense_variant','p.Tyr537Cys',0.2235,140,'oncogenic','COSV52744551','1','SBS1');
INSERT INTO somatic_mutation VALUES ('7dd1cf87-2979-4fba-ab66-57ff58296ed1','c1e17049-7c9c-4539-aadb-6bf8d59ec109','PIK3CA','chr3',179234297,'C','T','SNV','missense_variant','p.His1047Arg',0.1898,95,'oncogenic','COSV52748762','1','SBS1');
INSERT INTO somatic_mutation VALUES ('e64e3270-507e-4f13-907a-10a851e1d9a1','c1e17049-7c9c-4539-aadb-6bf8d59ec109','PTEN','chr10',89692905,'G','A','SNV','missense_variant','p.Arg130Gly',0.3466,306,'oncogenic','COSV52731827','1','SBS5');
INSERT INTO somatic_mutation VALUES ('753d12d5-560c-4ae9-929e-796e23ab7df1','c1e17049-7c9c-4539-aadb-6bf8d59ec109','BRCA2','chr13',32338709,'A','T','SNV','stop_gained','p.Lys1690Ter',0.4393,367,'pathogenic','COSV52712043','1','SBS3');
INSERT INTO somatic_mutation VALUES ('ccfd9ed6-2e32-405e-a790-eb707a8f9cfe','c1e17049-7c9c-4539-aadb-6bf8d59ec109','CDH1','chr16',68771195,'C','T','SNV','nonsense_variant','p.Gln333Ter',0.4172,196,'oncogenic','COSV52697483','3A','SBS1');
INSERT INTO somatic_mutation VALUES ('ed68a0c4-1d07-40c7-a77a-a0b7144a6b07','c1e17049-7c9c-4539-aadb-6bf8d59ec109','GATA3','chr10',8115610,'CT','C','indel','frameshift_variant','p.Thr443fs',0.268,388,'oncogenic','COSV52704812','1','SBS5');
INSERT INTO copy_number_variant VALUES ('f3e913d7-5211-4c9c-8cff-5cdb16f656ee','c1e17049-7c9c-4539-aadb-6bf8d59ec109','MYC','chr8',127700000,127800000,1.9,0.39,'neutral',0);
INSERT INTO copy_number_variant VALUES ('a360d9c9-03cd-4cae-86dd-1d44465b66dd','c1e17049-7c9c-4539-aadb-6bf8d59ec109','CDKN2A','chr9',21967000,21995000,0.2,-1.89,'shallow_deletion',0);
INSERT INTO gene_expression VALUES ('81f3aa30-e1bd-4726-a695-9fa0721d5d29','c1e17049-7c9c-4539-aadb-6bf8d59ec109','ENSG00000091831','ESR1',835.91,83.59,2090,7.95,99.0);
INSERT INTO gene_expression VALUES ('eeafc083-4818-49a4-b30c-ceaa29a0fe49','c1e17049-7c9c-4539-aadb-6bf8d59ec109','ENSG00000141736','ERBB2',81.14,8.11,203,-0.43,43.5);
INSERT INTO gene_expression VALUES ('58f5b6e1-ff27-4fd9-b9d4-8d75f48f19ba','c1e17049-7c9c-4539-aadb-6bf8d59ec109','ENSG00000148773','MKI67',72.66,7.27,182,-0.53,42.0);
INSERT INTO gene_expression VALUES ('2aeee39a-5b13-47bb-b10a-47104d3fc1c9','c1e17049-7c9c-4539-aadb-6bf8d59ec109','ENSG00000141510','TP53',77.74,5.25,258,-0.47,43.0);
INSERT INTO gene_expression VALUES ('9856d1f3-e034-4d23-bdd8-9bf33d87eb09','c1e17049-7c9c-4539-aadb-6bf8d59ec109','ENSG00000012048','BRCA1',50.12,4.29,112,-0.78,38.3);
INSERT INTO gene_expression VALUES ('7050cfa2-112f-49a6-b62e-fe94e6ce9abd','c1e17049-7c9c-4539-aadb-6bf8d59ec109','ENSG00000139618','BRCA2',73.42,3.11,262,-0.52,42.2);
INSERT INTO gene_expression VALUES ('b6bfe4a1-8115-42f2-bec3-e145e6728912','c1e17049-7c9c-4539-aadb-6bf8d59ec109','ENSG00000171862','PTEN',39.37,8.17,210,-0.9,36.5);
INSERT INTO gene_expression VALUES ('a89f9b9e-44f5-4da9-b0aa-a1fa02487621','c1e17049-7c9c-4539-aadb-6bf8d59ec109','ENSG00000136997','MYC',18.74,7.84,637,-1.13,33.0);
INSERT INTO protein_expression VALUES ('38efa85c-95b0-4882-9af7-aebca5da1092','c1e17049-7c9c-4539-aadb-6bf8d59ec109','ESR1','P03372','IHC',0.76,226.0,6,'NULL');
INSERT INTO protein_expression VALUES ('b53b9ac8-fd47-4c6b-9bcc-ff716325ea49','c1e17049-7c9c-4539-aadb-6bf8d59ec109','PGR','P06401','IHC',-0.08,142.0,4,'NULL');
INSERT INTO protein_expression VALUES ('cc9052aa-3836-4b3a-8295-6898a6bfc1aa','c1e17049-7c9c-4539-aadb-6bf8d59ec109','ERBB2','P04626','IHC',-1.35,15.0,0,'pY1248');
INSERT INTO protein_expression VALUES ('9093f7f6-f004-4ec7-b522-99a6b5d87b42','c1e17049-7c9c-4539-aadb-6bf8d59ec109','MKI67','P46013','IHC',-1.14,33.0,0,'NULL');
INSERT INTO epigenetic_mark VALUES ('4f862dde-9a42-4c5c-a08d-d2d985daa214','c1e17049-7c9c-4539-aadb-6bf8d59ec109','DNA_methylation','cg15629539',0.167,'-2.318','ESR1','CpG_island',NULL);
INSERT INTO epigenetic_mark VALUES ('0368955d-4f3b-4f36-9c77-d2a467e7caae','c1e17049-7c9c-4539-aadb-6bf8d59ec109','DNA_methylation','cg27053763',0.092,'-3.303','BRCA1','promoter',NULL);
INSERT INTO epigenetic_mark VALUES ('5d84218d-85f5-4a4a-81d6-a94e03543f81','c1e17049-7c9c-4539-aadb-6bf8d59ec109','H3K27ac','chr17:37800000-37850000',0.211,NULL,'ERBB2','enhancer','1.625');
INSERT INTO ncrna_profile VALUES ('0d4745ed-addb-43c1-a094-8fee99a0ab4b','c1e17049-7c9c-4539-aadb-6bf8d59ec109','miRNA','hsa-miR-21-5p','miR-21-5p',3.42,'["PTEN", "PDCD4"]');
INSERT INTO ncrna_profile VALUES ('78b2053c-193b-40e9-8fb1-34ff82696434','c1e17049-7c9c-4539-aadb-6bf8d59ec109','miRNA','hsa-miR-155-5p','miR-155-5p',5.25,'["SHIP1", "SOCS1"]');
INSERT INTO ncrna_profile VALUES ('b819ee1e-56d3-4119-a9d1-cb9cc7d76f16','c1e17049-7c9c-4539-aadb-6bf8d59ec109','lncRNA','ENSG00000228630','HOTAIR',2.66,'["SHIP1", "SOCS1"]');
INSERT INTO ncrna_profile VALUES ('ab90b4bc-b706-44a6-ba90-d408ebd90da4','c1e17049-7c9c-4539-aadb-6bf8d59ec109','lncRNA','ENSG00000251562','MALAT1',32.64,'["SHIP1", "SOCS1"]');
INSERT INTO metabolomics_profile VALUES ('a63b6297-4922-44b8-83ea-402a2536b3a7','c1e17049-7c9c-4539-aadb-6bf8d59ec109','Lactate','HMDB0000190','C00186',2.0,'LC-MS','organic_acid',0.0);
INSERT INTO metabolomics_profile VALUES ('03610740-180a-4380-96e2-d850171aaef9','c1e17049-7c9c-4539-aadb-6bf8d59ec109','Glutamine','HMDB0000641','C00064',0.33,'LC-MS','amino_acid',-1.11);
INSERT INTO metabolomics_profile VALUES ('4d8e0335-31cb-46d1-b203-5255d6874c4d','c1e17049-7c9c-4539-aadb-6bf8d59ec109','Glucose','HMDB0000122','C00031',4.29,'LC-MS','carbohydrate',1.53);
INSERT INTO metabolomics_profile VALUES ('43076d8e-ebf8-4299-938c-dd9588d4db71','c1e17049-7c9c-4539-aadb-6bf8d59ec109','Phosphocholine','HMDB0001565','C00588',0.2,'LC-MS','lipid',-1.2);
INSERT INTO tumor_clone VALUES ('c6aabb7e-5a8c-43ca-aa19-822eb02b783b','c1e17049-7c9c-4539-aadb-6bf8d59ec109','clone_A',0.77,'[]',1,1,0.0731);
INSERT INTO tumor_clone VALUES ('b8591c05-22eb-4252-a451-9e3b6eaead8c','c1e17049-7c9c-4539-aadb-6bf8d59ec109','clone_B',0.23,'[]',0,2,0.0707);
INSERT INTO cell_cycle_state VALUES ('009fdf94-7973-4b96-8f75-744ea0941abc','c1e17049-7c9c-4539-aadb-6bf8d59ec109',0.783,0.069,0.028,0.12,11.87,480.0,1.2);
INSERT INTO apoptosis_marker VALUES ('7dd4dd35-eb2f-4185-b75e-e690eefb1fcd','c1e17049-7c9c-4539-aadb-6bf8d59ec109',223.0,163.4216,93.0,2.4,0.1445,6.7139,0.7394);
INSERT INTO dna_repair_status VALUES ('df88e778-07d6-4509-9689-0fad8840ebe9','c1e17049-7c9c-4539-aadb-6bf8d59ec109','mutated_somatic','mutated_somatic','proficient_MMR',0.04,4.3,57.8,0,'wildtype');
INSERT INTO metabolic_phenotype VALUES ('d1a93371-65dd-4812-8fe6-27a90e31d2b7','c1e17049-7c9c-4539-aadb-6bf8d59ec109',0.476,72.3069,0.3115,0.6145,0.228,0.9221,0.66);
INSERT INTO stemness_profile VALUES ('db49762f-6a47-422b-86b4-fb471fcd25d8','c1e17049-7c9c-4539-aadb-6bf8d59ec109',113.4486,22.72,8.9849,0.0556,0.296,0.312,0.5647,0.3012);
INSERT INTO drug_resistance_feature VALUES ('cc1fe811-1685-42c2-8d5a-311b79b5ad37','c1e17049-7c9c-4539-aadb-6bf8d59ec109',1.11,0.4509,0.8855,0.5878,'[]',0.7367);
INSERT INTO immune_infiltration VALUES ('3642d976-280c-4436-9568-6b713bd27b85','c1e17049-7c9c-4539-aadb-6bf8d59ec109',8.5,5.804,4.3231,4.047,8.475,9.8856,4.1424,0.9879,6.1694,'CIBERSORT');
INSERT INTO checkpoint_expression VALUES ('37a158ad-9ee8-4947-a0ee-3955570825a1','c1e17049-7c9c-4539-aadb-6bf8d59ec109',0.0,0.0,12.0851,12.7605,11.1027,9.0801,6.1066,38.4847);
INSERT INTO cytokine_milieu VALUES ('d7cbd46c-3e92-4bba-b0a8-c10302a2eb98','c1e17049-7c9c-4539-aadb-6bf8d59ec109',25.3189,22.5468,4.2239,25.9393,16.3932,16.1,34.3893,167.9698);
INSERT INTO stromal_composition VALUES ('127649b5-864a-4773-8f52-d1fe56b211a4','c1e17049-7c9c-4539-aadb-6bf8d59ec109',0.2143,0.0724,0.0529,0.3262,3.4226,29.0324);
INSERT INTO ecm_profile VALUES ('ddefcc5d-0743-4e53-8c0c-ccc8dcb944e5','c1e17049-7c9c-4539-aadb-6bf8d59ec109',12.6021,9.4949,9.3725,0.2401,0.3883,0.375,0.4391);
INSERT INTO hypoxia_vasculature VALUES ('3315ae42-f9ba-4430-ba55-acfc15274bf2','c1e17049-7c9c-4539-aadb-6bf8d59ec109',1.03,0.4724,8.8,0.1169,87.3427,141.1723,73.5863,9.2,7.22);
INSERT INTO organ_function VALUES ('8b8a143b-fb5c-43b3-a83a-3561ee4d09b6','ef3d7d0a-2fbf-4513-b1ec-53b0e9a43b7f','2019-03-20',66.8,1.2016,21.3761,21.5884,14.5345,39.0556,60.2,452.088,1.1166);
INSERT INTO immune_baseline VALUES ('a3897294-1ae2-45e3-be09-99e58db8e9ff','ef3d7d0a-2fbf-4513-b1ec-53b0e9a43b7f','2019-03-20',6.76,1.72,3.48,2.0233,378.5911,569.8289,357.8375,10.9876);
INSERT INTO hormonal_profile VALUES ('853bfae0-4d10-415b-969b-8fdba474985e','ef3d7d0a-2fbf-4513-b1ec-53b0e9a43b7f','2019-03-20',11.9,0.61,520.0,36.7451,19.1876,2.418,6.7465);
INSERT INTO pharmacogenomics VALUES ('60071908-00bb-4799-9685-2e83e620ca65','ef3d7d0a-2fbf-4513-b1ec-53b0e9a43b7f','PM','IM','UM','*1/*28','normal',0,'NM');
INSERT INTO body_composition VALUES ('f4663c83-e318-47a6-bc05-c51e48dc8c51','ef3d7d0a-2fbf-4513-b1ec-53b0e9a43b7f','2019-03-20',26.4,43.2,31.1033,38.0654,35.0427,1.63);
INSERT INTO microbiome_profile VALUES ('48e29a3e-f693-4bbe-a626-bf5f6ac85a48','ef3d7d0a-2fbf-4513-b1ec-53b0e9a43b7f','2019-03-20','gut','16S_rRNA_V4',3.5413,1.4277,0.0,'[{"genus": "Bacteroides", "rel": 0.259}, {"genus": "Faecalibacterium", "rel": 0.096}, {"genus": "Akkermansia", "rel": 0.0}]',0);
INSERT INTO tumor_staging VALUES ('1864307a-57d2-4bce-9c74-d1b07ba5bce8','ef3d7d0a-2fbf-4513-b1ec-53b0e9a43b7f','2019-03-20','8500/3','C50.4','Invasive ductal carcinoma','T4','N3','M1','IV',3,'right');
INSERT INTO imaging_measurement VALUES ('8bde23f6-eb5d-48a1-8ce1-56d7b4b39755','ef3d7d0a-2fbf-4513-b1ec-53b0e9a43b7f','2019-03-11','MRI','L1','primary_left_breast',6.9,172.0069,3.6387,'SD','{"entropy": 4.17, "sphericity": 0.83}');
INSERT INTO pathology_report VALUES ('fe3c4d16-825f-4bc6-aae4-c0507e666bd3','ef3d7d0a-2fbf-4513-b1ec-53b0e9a43b7f','2019-03-20','core_needle_biopsy','R0',5,19,0,1,0.0);
INSERT INTO performance_status VALUES ('3d000cb5-a310-4a55-be39-64daf9ef06ac','ef3d7d0a-2fbf-4513-b1ec-53b0e9a43b7f','2019-03-20',0,91,2,40.9802);
INSERT INTO liquid_biopsy VALUES ('f5fe9659-5984-4cfd-a7d2-38dc77a68196','ef3d7d0a-2fbf-4513-b1ec-53b0e9a43b7f','2019-03-20',0.0361,16.245,8,'[]','detected',13.2895);
INSERT INTO treatment_regimen VALUES ('9e2fb1e9-af02-4e93-a001-84065b20ee52','ef3d7d0a-2fbf-4513-b1ec-53b0e9a43b7f',1,'Palbociclib+Let','palliative','2019-04-17','2020-08-28','planned_completion','PR',691);
INSERT INTO treatment_drug_dose VALUES ('18ab1fb5-102b-487e-afd4-c0723ef1b555','9e2fb1e9-af02-4e93-a001-84065b20ee52','14234f22-ddb9-4e92-883c-bd55730bb629','2019-04-17',78.0,73.0,6.4,'IV',1,1.2348);
INSERT INTO adverse_event VALUES ('9f23f49c-89c1-4b0f-ba44-b97c21443300','ef3d7d0a-2fbf-4513-b1ec-53b0e9a43b7f','9e2fb1e9-af02-4e93-a001-84065b20ee52','Nausea',2,'2019-05-14','2019-06-21','probable','none');
INSERT INTO adverse_event VALUES ('172551de-2c02-45e3-87c2-aa8d66e06235','ef3d7d0a-2fbf-4513-b1ec-53b0e9a43b7f','9e2fb1e9-af02-4e93-a001-84065b20ee52','Fatigue',2,'2019-07-08','2019-07-26','probable','none');
INSERT INTO carcinogen_exposure VALUES ('f067364c-a297-43bc-acba-59e8dbfb5dca','ef3d7d0a-2fbf-4513-b1ec-53b0e9a43b7f','never',0.0,6.6864,41.6177,80.1583,'[]',0.0,0);
INSERT INTO diet_nutrition VALUES ('8e09ab96-df00-47eb-bce0-828a7248ff48','ef3d7d0a-2fbf-4513-b1ec-53b0e9a43b7f','2019-03-20','FFQ',1787.6718,44.5884,189.0554,42.8647,22.5311,40.6868,12.5667,0.0,'plant_based');
INSERT INTO physical_activity VALUES ('09c77381-774d-479a-8c95-a81106535536','ef3d7d0a-2fbf-4513-b1ec-53b0e9a43b7f','2019-03-20',764.5319,121.2985,219.5036,5.7069,27.1585,8454,27.8422);
INSERT INTO stress_psychology VALUES ('ca44b8b4-7af9-4f66-a267-0b9392e8f174','ef3d7d0a-2fbf-4513-b1ec-53b0e9a43b7f','2019-03-20',13,12,1,48.118,322.4,5.0881,10);
INSERT INTO environmental_exposure VALUES ('a55420ed-66ce-4bb3-9bf1-3096da5d4992','ef3d7d0a-2fbf-4513-b1ec-53b0e9a43b7f','2019-03-20',3.7953,14.8517,14.2553,'negative',NULL,'negative','negative',12.1379,'naive');
INSERT INTO socioeconomic_context VALUES ('74d5a2a9-f4dd-4a21-81dd-b1e62ea43a44','ef3d7d0a-2fbf-4513-b1ec-53b0e9a43b7f','2019-03-20',57.0573,'private',0.8596,0.3602,92.3224,'employed_part_time',41.8335,22);
INSERT INTO circadian_profile VALUES ('6374a405-6abb-4fca-8115-095f2cc646f7','ef3d7d0a-2fbf-4513-b1ec-53b0e9a43b7f','2019-03-20','morning',76.3321,22.4505,'22:48',781.9333,1,9);

-- Patient 59: HR+/HER2- early
INSERT INTO patient VALUES ('fa61fa9b-67d9-4806-a894-1443fd4ec9de','MRN-8645184','1952-09-01','female','East Asian','{"EUR": 0.89, "AFR": 0.2}','2020-01-10','2020-01-10');
INSERT INTO genomic_sample VALUES ('fa5c5cce-e4db-4cbd-8dfc-50bfcb7a08b3','fa61fa9b-67d9-4806-a894-1443fd4ec9de','tumor','C50.4','2020-01-22','Illumina NovaSeq 6000 WGS',0.79,0,'FFPE');
INSERT INTO somatic_mutation VALUES ('0b7c4914-325f-4705-8d83-030143bd57c0','fa5c5cce-e4db-4cbd-8dfc-50bfcb7a08b3','PTEN','chr10',89692905,'G','A','SNV','missense_variant','p.Arg130Gly',0.2417,347,'oncogenic','COSV52731827','1','SBS5');
INSERT INTO somatic_mutation VALUES ('c416e6e8-9f5f-4bce-abdb-49f599b2d69c','fa5c5cce-e4db-4cbd-8dfc-50bfcb7a08b3','BRCA2','chr13',32338709,'A','T','SNV','stop_gained','p.Lys1690Ter',0.3788,169,'pathogenic','COSV52712043','1','SBS3');
INSERT INTO somatic_mutation VALUES ('5acbf837-26d0-47ed-b6f6-498455f304a4','fa5c5cce-e4db-4cbd-8dfc-50bfcb7a08b3','TP53','chr17',7674220,'G','A','SNV','missense_variant','p.Arg248Trp',0.52,247,'oncogenic','COSV52743007','1','SBS5');
INSERT INTO somatic_mutation VALUES ('2e7f8e31-b42a-4444-b6b7-f6dc502955a6','fa5c5cce-e4db-4cbd-8dfc-50bfcb7a08b3','MAP3K1','chr5',56115628,'G','A','SNV','missense_variant','p.Glu1298Lys',0.2544,370,'oncogenic','COSV52721033','3A','SBS1');
INSERT INTO somatic_mutation VALUES ('ed57c3de-e642-474a-a771-93eed4027ece','fa5c5cce-e4db-4cbd-8dfc-50bfcb7a08b3','BRCA1','chr17',43094464,'T','A','SNV','missense_variant','p.Cys1697Ser',0.3469,384,'pathogenic','COSV52701256','1','SBS3');
INSERT INTO copy_number_variant VALUES ('c7e93ece-7280-4968-a440-6f066dcd87cb','fa5c5cce-e4db-4cbd-8dfc-50bfcb7a08b3','MYC','chr8',127700000,127800000,2.8,-0.34,'amplification',0);
INSERT INTO copy_number_variant VALUES ('c9ff4028-487d-473f-a637-104a6d09fcd4','fa5c5cce-e4db-4cbd-8dfc-50bfcb7a08b3','CDKN2A','chr9',21967000,21995000,0.3,-2.25,'shallow_deletion',0);
INSERT INTO gene_expression VALUES ('7fffa11d-2b05-4e49-9a36-4468896ed11d','fa5c5cce-e4db-4cbd-8dfc-50bfcb7a08b3','ENSG00000091831','ESR1',675.04,67.5,1688,6.17,99.0);
INSERT INTO gene_expression VALUES ('cfad3450-fd33-40b8-84c6-9d4fe1332f1c','fa5c5cce-e4db-4cbd-8dfc-50bfcb7a08b3','ENSG00000141736','ERBB2',90.24,9.02,226,-0.33,45.0);
INSERT INTO gene_expression VALUES ('d9673ced-7ff1-4a1e-9f60-0234de8f6ca2','fa5c5cce-e4db-4cbd-8dfc-50bfcb7a08b3','ENSG00000148773','MKI67',10.0,1.0,25,-1.22,31.7);
INSERT INTO gene_expression VALUES ('743cab81-26bf-485b-b340-f5527979a5d2','fa5c5cce-e4db-4cbd-8dfc-50bfcb7a08b3','ENSG00000141510','TP53',65.96,4.78,69,-0.6,41.0);
INSERT INTO gene_expression VALUES ('ccfb6a9e-1d55-46e8-850e-4ea18151d6d5','fa5c5cce-e4db-4cbd-8dfc-50bfcb7a08b3','ENSG00000012048','BRCA1',65.34,1.16,349,-0.61,40.9);
INSERT INTO gene_expression VALUES ('9c4fb7c9-39aa-49ed-83ab-f4060cd3467c','fa5c5cce-e4db-4cbd-8dfc-50bfcb7a08b3','ENSG00000139618','BRCA2',40.28,3.31,317,-0.89,36.6);
INSERT INTO gene_expression VALUES ('b439b6a2-df84-4ab6-90df-119e1ec23324','fa5c5cce-e4db-4cbd-8dfc-50bfcb7a08b3','ENSG00000171862','PTEN',13.5,7.02,316,-1.18,32.3);
INSERT INTO gene_expression VALUES ('827a6f18-ba79-4765-b83b-75b876c8f6cc','fa5c5cce-e4db-4cbd-8dfc-50bfcb7a08b3','ENSG00000136997','MYC',43.14,5.09,213,-0.85,37.2);
INSERT INTO protein_expression VALUES ('55a73c07-6a91-467d-bba6-afbb80e44604','fa5c5cce-e4db-4cbd-8dfc-50bfcb7a08b3','ESR1','P03372','IHC',0.78,228.0,6,'NULL');
INSERT INTO protein_expression VALUES ('0e4fab80-576a-4e35-908e-f7d18464fabd','fa5c5cce-e4db-4cbd-8dfc-50bfcb7a08b3','PGR','P06401','IHC',0.82,232.0,6,'NULL');
INSERT INTO protein_expression VALUES ('e8f90451-1880-4208-b9da-1c1d70dd90a1','fa5c5cce-e4db-4cbd-8dfc-50bfcb7a08b3','ERBB2','P04626','IHC',-1.07,43.0,1,'pY1248');
INSERT INTO protein_expression VALUES ('15c0b877-1287-4b3e-80a2-20926a9f8d8d','fa5c5cce-e4db-4cbd-8dfc-50bfcb7a08b3','MKI67','P46013','IHC',-1.45,4.0,0,'NULL');
INSERT INTO epigenetic_mark VALUES ('ac57b083-1a40-48bf-8da6-d65b3bdbb547','fa5c5cce-e4db-4cbd-8dfc-50bfcb7a08b3','DNA_methylation','cg15629539',0.024,'-5.346','ESR1','CpG_island',NULL);
INSERT INTO epigenetic_mark VALUES ('352c6393-bde8-40b8-9720-648bc096c923','fa5c5cce-e4db-4cbd-8dfc-50bfcb7a08b3','DNA_methylation','cg27053763',0.122,'-2.847','BRCA1','promoter',NULL);
INSERT INTO epigenetic_mark VALUES ('4442b76b-d1a7-4a54-9e31-9eb7d270bb19','fa5c5cce-e4db-4cbd-8dfc-50bfcb7a08b3','H3K27ac','chr17:37800000-37850000',0.346,NULL,'ERBB2','enhancer','1.002');
INSERT INTO ncrna_profile VALUES ('b03a356c-d315-4dee-acb9-ed5c3cef9e03','fa5c5cce-e4db-4cbd-8dfc-50bfcb7a08b3','miRNA','hsa-miR-21-5p','miR-21-5p',3.8,'["PTEN", "PDCD4"]');
INSERT INTO ncrna_profile VALUES ('0bb68651-caf4-4c71-8089-d93d64c515fb','fa5c5cce-e4db-4cbd-8dfc-50bfcb7a08b3','miRNA','hsa-miR-155-5p','miR-155-5p',3.6,'["SHIP1", "SOCS1"]');
INSERT INTO ncrna_profile VALUES ('3af7639a-583d-4f7d-bf33-ad81edb9ce73','fa5c5cce-e4db-4cbd-8dfc-50bfcb7a08b3','lncRNA','ENSG00000228630','HOTAIR',2.04,'["SHIP1", "SOCS1"]');
INSERT INTO ncrna_profile VALUES ('a4548080-78b2-41ca-822c-10ab37fecc36','fa5c5cce-e4db-4cbd-8dfc-50bfcb7a08b3','lncRNA','ENSG00000251562','MALAT1',64.66,'["SHIP1", "SOCS1"]');
INSERT INTO metabolomics_profile VALUES ('8f70bf42-c57c-4b8a-a61a-6caba29c086e','fa5c5cce-e4db-4cbd-8dfc-50bfcb7a08b3','Lactate','HMDB0000190','C00186',1.59,'LC-MS','organic_acid',-0.27);
INSERT INTO metabolomics_profile VALUES ('aebd4792-ecda-4d03-b115-b0c0ee32516c','fa5c5cce-e4db-4cbd-8dfc-50bfcb7a08b3','Glutamine','HMDB0000641','C00064',0.59,'LC-MS','amino_acid',-0.94);
INSERT INTO metabolomics_profile VALUES ('b2348e3b-5ea7-442b-be5d-c751d89ad779','fa5c5cce-e4db-4cbd-8dfc-50bfcb7a08b3','Glucose','HMDB0000122','C00031',5.3,'LC-MS','carbohydrate',2.2);
INSERT INTO metabolomics_profile VALUES ('40e9f737-3533-4adc-9795-259bf00fc67b','fa5c5cce-e4db-4cbd-8dfc-50bfcb7a08b3','Phosphocholine','HMDB0001565','C00588',0.29,'LC-MS','lipid',-1.14);
INSERT INTO tumor_clone VALUES ('05812549-99ac-4eb7-9662-5d823986eacb','fa5c5cce-e4db-4cbd-8dfc-50bfcb7a08b3','clone_A',0.84,'[]',1,1,0.1569);
INSERT INTO tumor_clone VALUES ('2b3f8720-d818-422d-ac01-63c1324aa94f','fa5c5cce-e4db-4cbd-8dfc-50bfcb7a08b3','clone_B',0.16,'[]',0,2,0.1299);
INSERT INTO cell_cycle_state VALUES ('9903359a-6fca-4dcf-b942-f1337d180156','fa5c5cce-e4db-4cbd-8dfc-50bfcb7a08b3',0.96,0.01,0.01,0.02,1.5047,480.0,2.0);
INSERT INTO apoptosis_marker VALUES ('20876c39-c991-47fd-8e94-4116731f1037','fa5c5cce-e4db-4cbd-8dfc-50bfcb7a08b3',255.0,118.7188,67.0,3.81,0.2774,5.7989,0.7154);
INSERT INTO dna_repair_status VALUES ('c33fe295-5c03-43ef-9807-2896a524a4a5','fa5c5cce-e4db-4cbd-8dfc-50bfcb7a08b3','mutated_somatic','mutated_somatic','proficient_MMR',0.04,0.5,4.0,0,'wildtype');
INSERT INTO metabolic_phenotype VALUES ('34869bea-6990-4c6b-af08-d825c87ee5e1','fa5c5cce-e4db-4cbd-8dfc-50bfcb7a08b3',0.46,62.5311,0.3071,0.4777,0.1177,0.8799,0.6656);
INSERT INTO stemness_profile VALUES ('8f292a1e-28c3-4a6d-9a23-2e51d4156ef6','fa5c5cce-e4db-4cbd-8dfc-50bfcb7a08b3',84.8294,25.5082,18.6506,0.3922,0.163,0.409,0.579,0.2512);
INSERT INTO drug_resistance_feature VALUES ('86758bb3-89c5-4d57-9504-8050cc7df9a0','fa5c5cce-e4db-4cbd-8dfc-50bfcb7a08b3',0.6,1.0326,0.3968,0.8146,'[]',0.256);
INSERT INTO immune_infiltration VALUES ('c1f91ff6-84b8-4fce-b3f6-527f8e7782a8','fa5c5cce-e4db-4cbd-8dfc-50bfcb7a08b3',5.4,3.7567,15.4393,2.9619,8.3642,7.4675,8.035,4.7603,7.2963,'CIBERSORT');
INSERT INTO checkpoint_expression VALUES ('6081862e-a76a-448d-8fa1-f0c129a9708e','fa5c5cce-e4db-4cbd-8dfc-50bfcb7a08b3',29.3,52.74,7.307,21.1388,12.6499,6.3942,7.3912,33.3945);
INSERT INTO cytokine_milieu VALUES ('d4cb8ca4-3503-4dca-ad1b-e76fa5a30c84','fa5c5cce-e4db-4cbd-8dfc-50bfcb7a08b3',37.1538,9.9931,6.3508,19.0676,11.3508,20.0,59.3198,74.3727);
INSERT INTO stromal_composition VALUES ('2217fb81-b231-4913-860c-4ab0a17a9795','fa5c5cce-e4db-4cbd-8dfc-50bfcb7a08b3',0.4034,0.0693,0.1041,0.2261,2.9862,27.0379);
INSERT INTO ecm_profile VALUES ('64c5fa5a-54c2-4354-a6e0-e258e5fab747','fa5c5cce-e4db-4cbd-8dfc-50bfcb7a08b3',15.9571,12.0186,10.054,0.5801,0.6667,0.923,0.2909);
INSERT INTO hypoxia_vasculature VALUES ('db507ce9-7fe6-441c-933a-48d217c4364e','fa5c5cce-e4db-4cbd-8dfc-50bfcb7a08b3',0.67,0.9977,9.3,0.278,70.4979,234.4639,60.2049,20.4,7.16);
INSERT INTO organ_function VALUES ('02bc3b42-edd8-47f0-b89c-5378756ba6e3','fa61fa9b-67d9-4806-a894-1443fd4ec9de','2020-01-10',88.8,1.4656,23.8555,17.6526,14.0184,34.3813,51.0,401.6455,0.9135);
INSERT INTO immune_baseline VALUES ('4706d820-da22-4d9a-89a4-463d698a7ae1','fa61fa9b-67d9-4806-a894-1443fd4ec9de','2020-01-10',5.27,1.93,5.65,2.9275,572.814,295.1853,320.825,14.3641);
INSERT INTO hormonal_profile VALUES ('51670c15-b1e7-496b-a9d2-59a16e53755c','fa61fa9b-67d9-4806-a894-1443fd4ec9de','2020-01-10',2.0,0.59,361.0,78.8482,23.5335,1.8223,6.6247);
INSERT INTO pharmacogenomics VALUES ('e415d29e-a2cb-4c74-8977-5124350d2996','fa61fa9b-67d9-4806-a894-1443fd4ec9de','NM','NM','NM','*1/*1','normal',0,'NM');
INSERT INTO body_composition VALUES ('59b7b48f-0dc5-4115-86bf-fe6364f75791','fa61fa9b-67d9-4806-a894-1443fd4ec9de','2020-01-10',30.6,38.7,25.4843,119.7276,35.5517,1.7317);
INSERT INTO microbiome_profile VALUES ('72a98cff-b069-447d-9990-2bea5416799d','fa61fa9b-67d9-4806-a894-1443fd4ec9de','2020-01-10','gut','16S_rRNA_V4',2.6232,2.6794,0.0486,'[{"genus": "Bacteroides", "rel": 0.165}, {"genus": "Faecalibacterium", "rel": 0.175}, {"genus": "Akkermansia", "rel": 0.0486}]',0);
INSERT INTO tumor_staging VALUES ('cd624f2c-ee0b-47ab-8f3d-2d09d51d1ffb','fa61fa9b-67d9-4806-a894-1443fd4ec9de','2020-01-10','8500/3','C50.4','Invasive ductal carcinoma','T4','N3','M0','I',1,'left');
INSERT INTO imaging_measurement VALUES ('a9443768-d392-4361-b386-a6ed0714b4fe','fa61fa9b-67d9-4806-a894-1443fd4ec9de','2019-12-14','MRI','L1','primary_left_breast',8.4,310.3391,2.9056,'SD','{"entropy": 7.17, "sphericity": 0.53}');
INSERT INTO pathology_report VALUES ('b9099bc7-8f26-47a4-b799-a22c7e54d01e','fa61fa9b-67d9-4806-a894-1443fd4ec9de','2020-01-10','core_needle_biopsy','R0',4,17,0,1,16.4267);
INSERT INTO performance_status VALUES ('dce7d5c7-3e9d-41c5-beea-cc2e7af2ab19','fa61fa9b-67d9-4806-a894-1443fd4ec9de','2020-01-10',0,73,2,39.8899);
INSERT INTO liquid_biopsy VALUES ('d32cd809-1a16-4707-98dc-d21c116ab2fb','fa61fa9b-67d9-4806-a894-1443fd4ec9de','2020-01-10',0.0503,22.635,3,'[]','detected',11.6219);
INSERT INTO treatment_regimen VALUES ('b5dc3475-dfa9-40bc-a2c2-061dea4c26d1','fa61fa9b-67d9-4806-a894-1443fd4ec9de',1,'Letrozole','adjuvant','2020-02-21','2020-10-07','planned_completion','PR',609);
INSERT INTO treatment_drug_dose VALUES ('a7b6b431-2923-41ef-8ad6-7160a9a837b3','b5dc3475-dfa9-40bc-a2c2-061dea4c26d1','dea8e584-d12c-47bf-a4c0-e739973380b8','2020-02-21',66.0,55.0,16.7,'oral',1,1.6461);
INSERT INTO adverse_event VALUES ('4ae4acf8-5d9a-45cb-8be6-7803dd896a78','fa61fa9b-67d9-4806-a894-1443fd4ec9de','b5dc3475-dfa9-40bc-a2c2-061dea4c26d1','Nausea',1,'2020-04-08','2020-05-24','probable','none');
INSERT INTO adverse_event VALUES ('c7cca96e-a067-483d-958d-580a1086b636','fa61fa9b-67d9-4806-a894-1443fd4ec9de','b5dc3475-dfa9-40bc-a2c2-061dea4c26d1','Diarrhoea',4,'2020-04-02','2020-04-18','probable','dose_reduction');
INSERT INTO adverse_event VALUES ('d9a71806-6344-4961-be8c-d6ff85103b5c','fa61fa9b-67d9-4806-a894-1443fd4ec9de','b5dc3475-dfa9-40bc-a2c2-061dea4c26d1','Neutropenia',3,'2020-05-20','2020-06-14','probable','dose_reduction');
INSERT INTO adverse_event VALUES ('6f590bd6-dec7-43eb-8662-1089e57b9379','fa61fa9b-67d9-4806-a894-1443fd4ec9de','b5dc3475-dfa9-40bc-a2c2-061dea4c26d1','Alopecia',1,'2020-03-10','2020-04-08','probable','none');
INSERT INTO radiation_plan VALUES ('0ebba674-1b6f-4bb2-b695-a959528d87c0','fa61fa9b-67d9-4806-a894-1443fd4ec9de','photon_EBRT','CTV',46.3668,2.0,25,5,'IMRT',NULL,'{"heart": {"V20Gy_pct": "<25"}, "lung": {"mean_Gy": "<18"}}');
INSERT INTO carcinogen_exposure VALUES ('50fa81e5-dc3a-4fb5-a646-7ac23c2b1e88','fa61fa9b-67d9-4806-a894-1443fd4ec9de','never',0.0,0.0,16.614,43.4972,'[]',0.0,0);
INSERT INTO diet_nutrition VALUES ('ba7fdf64-6125-4192-b3b0-d59ff930fdc8','fa61fa9b-67d9-4806-a894-1443fd4ec9de','2020-01-10','FFQ',2303.0066,76.9876,244.7398,87.1055,21.5703,68.0595,26.2283,1.9218,'Western');
INSERT INTO physical_activity VALUES ('eecaea16-dcd4-417d-9b38-c3b0d7456c3d','fa61fa9b-67d9-4806-a894-1443fd4ec9de','2020-01-10',202.1881,192.7142,273.7871,7.1884,38.3377,4220,15.0615);
INSERT INTO stress_psychology VALUES ('fab821bf-a66a-4e8b-99a6-5e7173c98246','fa61fa9b-67d9-4806-a894-1443fd4ec9de','2020-01-10',22,11,3,24.6613,223.82,7.7331,7);
INSERT INTO environmental_exposure VALUES ('bf3dced6-7212-469c-b538-1d0b6e1af162','fa61fa9b-67d9-4806-a894-1443fd4ec9de','2020-01-10',10.8238,20.8358,40.5381,'negative',NULL,'negative','negative',7.2238,'naive');
INSERT INTO socioeconomic_context VALUES ('6838f91e-2dae-4f6e-b101-ad9c029b6384','fa61fa9b-67d9-4806-a894-1443fd4ec9de','2020-01-10',21.3065,'public_Medicaid',0.8342,0.5744,55.5597,'unable_to_work_disability',24.4036,15);
INSERT INTO circadian_profile VALUES ('d5c012a7-a402-427f-9718-1438ffec914b','fa61fa9b-67d9-4806-a894-1443fd4ec9de','2020-01-10','intermediate',85.5951,14.5349,'22:18',884.4854,0,8);

-- Patient 60: HR+ metastatic
INSERT INTO patient VALUES ('541f1c5d-dfb8-41c5-a987-e0491541f57a','MRN-0688942','1976-02-05','female','Mixed','{"EUR": 0.21, "AFR": 0.26}','2022-10-20','2022-10-20');
INSERT INTO genomic_sample VALUES ('62ab7458-4a5c-4c2c-8da8-1e02b5d13eb1','541f1c5d-dfb8-41c5-a987-e0491541f57a','tumor','C50.4','2022-10-22','TruSight Oncology 500',0.86,0,'FFPE');
INSERT INTO somatic_mutation VALUES ('751c214d-095a-4bb2-aebe-137030a7d550','62ab7458-4a5c-4c2c-8da8-1e02b5d13eb1','ESR1','chr6',152098794,'T','C','SNV','missense_variant','p.Tyr537Cys',0.2087,201,'oncogenic','COSV52744551','1','SBS1');
INSERT INTO somatic_mutation VALUES ('e122b836-94ff-4207-932a-1db28fe6e952','62ab7458-4a5c-4c2c-8da8-1e02b5d13eb1','MYC','chr8',127735434,'A','G','SNV','missense_variant','p.Thr58Ala',0.3735,139,'oncogenic','COSV52759832','3A','SBS5');
INSERT INTO somatic_mutation VALUES ('487648be-ca3b-4a34-b02a-c4cb475baf35','62ab7458-4a5c-4c2c-8da8-1e02b5d13eb1','GATA3','chr10',8115610,'CT','C','indel','frameshift_variant','p.Thr443fs',0.4002,246,'oncogenic','COSV52704812','1','SBS5');
INSERT INTO somatic_mutation VALUES ('b2ed900f-cb5e-418e-a3b1-8854485e279e','62ab7458-4a5c-4c2c-8da8-1e02b5d13eb1','TP53','chr17',7674220,'G','A','SNV','missense_variant','p.Arg248Trp',0.4654,82,'oncogenic','COSV52743007','1','SBS5');
INSERT INTO copy_number_variant VALUES ('d73949d6-010b-4203-a22d-c69bb97bf517','62ab7458-4a5c-4c2c-8da8-1e02b5d13eb1','MYC','chr8',127700000,127800000,5.2,-0.32,'neutral',0);
INSERT INTO copy_number_variant VALUES ('40f0abe3-4a78-4602-89af-9a118e017de2','62ab7458-4a5c-4c2c-8da8-1e02b5d13eb1','CDKN2A','chr9',21967000,21995000,0.3,-1.86,'shallow_deletion',0);
INSERT INTO gene_expression VALUES ('48274dba-2d97-44a1-ad17-f9cbd1df065a','62ab7458-4a5c-4c2c-8da8-1e02b5d13eb1','ENSG00000091831','ESR1',548.09,54.81,1370,4.76,99.0);
INSERT INTO gene_expression VALUES ('1e7cd70e-b047-4267-be77-1445b9b27756','62ab7458-4a5c-4c2c-8da8-1e02b5d13eb1','ENSG00000141736','ERBB2',19.24,1.92,48,-1.12,33.2);
INSERT INTO gene_expression VALUES ('1817cd3b-14fc-4052-8bcf-00b1e05482e5','62ab7458-4a5c-4c2c-8da8-1e02b5d13eb1','ENSG00000148773','MKI67',245.31,24.53,613,1.39,70.8);
INSERT INTO gene_expression VALUES ('6d644799-a697-47ae-a182-7cb530017f3d','62ab7458-4a5c-4c2c-8da8-1e02b5d13eb1','ENSG00000141510','TP53',13.51,4.72,247,-1.18,32.3);
INSERT INTO gene_expression VALUES ('20e9735a-1d5d-4107-93bf-879d46d51cf7','62ab7458-4a5c-4c2c-8da8-1e02b5d13eb1','ENSG00000012048','BRCA1',0.8,0.48,291,-1.32,30.2);
INSERT INTO gene_expression VALUES ('dfdd8e0b-d92a-4ff8-ab9e-59a302e3c081','62ab7458-4a5c-4c2c-8da8-1e02b5d13eb1','ENSG00000139618','BRCA2',86.78,10.86,393,-0.37,44.5);
INSERT INTO gene_expression VALUES ('84c9c36d-5596-4e18-80ba-0893c5935821','62ab7458-4a5c-4c2c-8da8-1e02b5d13eb1','ENSG00000171862','PTEN',86.17,5.08,519,-0.38,44.3);
INSERT INTO gene_expression VALUES ('991e48ae-0d3d-463d-bcdf-91b5a721496a','62ab7458-4a5c-4c2c-8da8-1e02b5d13eb1','ENSG00000136997','MYC',137.61,2.27,379,0.2,53.0);
INSERT INTO protein_expression VALUES ('2a0d2134-a95e-4e71-a4da-6b86b0ae78d8','62ab7458-4a5c-4c2c-8da8-1e02b5d13eb1','ESR1','P03372','IHC',0.79,229.0,6,'NULL');
INSERT INTO protein_expression VALUES ('234728ee-b75e-4437-bc10-cea56fea853e','62ab7458-4a5c-4c2c-8da8-1e02b5d13eb1','PGR','P06401','IHC',0.12,162.0,4,'NULL');
INSERT INTO protein_expression VALUES ('a063d486-000e-4265-8ba1-700a5d60982a','62ab7458-4a5c-4c2c-8da8-1e02b5d13eb1','ERBB2','P04626','IHC',-1.01,49.0,1,'pY1248');
INSERT INTO protein_expression VALUES ('4675f0e0-95b0-423a-8477-283e1269ff40','62ab7458-4a5c-4c2c-8da8-1e02b5d13eb1','MKI67','P46013','IHC',-0.67,77.0,0,'NULL');
INSERT INTO epigenetic_mark VALUES ('c9443c7a-c718-4bc4-ac7a-5033fbdfbe75','62ab7458-4a5c-4c2c-8da8-1e02b5d13eb1','DNA_methylation','cg15629539',0.082,'-3.485','ESR1','CpG_island',NULL);
INSERT INTO epigenetic_mark VALUES ('3c0d417d-cf52-4811-ad2d-c3b7bbba3d64','62ab7458-4a5c-4c2c-8da8-1e02b5d13eb1','DNA_methylation','cg27053763',0.02,'-5.615','BRCA1','promoter',NULL);
INSERT INTO epigenetic_mark VALUES ('4c1df247-7704-42b2-a476-5691e69d1f87','62ab7458-4a5c-4c2c-8da8-1e02b5d13eb1','H3K27ac','chr17:37800000-37850000',0.307,NULL,'ERBB2','enhancer','0.974');
INSERT INTO ncrna_profile VALUES ('041e65a8-cb51-41be-ac2c-aa9e1e0f3c9c','62ab7458-4a5c-4c2c-8da8-1e02b5d13eb1','miRNA','hsa-miR-21-5p','miR-21-5p',4.35,'["PTEN", "PDCD4"]');
INSERT INTO ncrna_profile VALUES ('59cf728d-cd11-4598-b144-9cb1bf3c0087','62ab7458-4a5c-4c2c-8da8-1e02b5d13eb1','miRNA','hsa-miR-155-5p','miR-155-5p',6.25,'["SHIP1", "SOCS1"]');
INSERT INTO ncrna_profile VALUES ('3cca70c8-9a77-42ce-84c6-8122de68bd88','62ab7458-4a5c-4c2c-8da8-1e02b5d13eb1','lncRNA','ENSG00000228630','HOTAIR',5.0,'["SHIP1", "SOCS1"]');
INSERT INTO ncrna_profile VALUES ('f8f5faa0-db69-46f6-8055-95a2784222d4','62ab7458-4a5c-4c2c-8da8-1e02b5d13eb1','lncRNA','ENSG00000251562','MALAT1',23.77,'["SHIP1", "SOCS1"]');
INSERT INTO metabolomics_profile VALUES ('a6559627-d0ed-40a7-9bd1-3b34b421f31d','62ab7458-4a5c-4c2c-8da8-1e02b5d13eb1','Lactate','HMDB0000190','C00186',1.67,'LC-MS','organic_acid',-0.22);
INSERT INTO metabolomics_profile VALUES ('8ddf34c0-8c60-48f9-84e8-e47a8b11de2c','62ab7458-4a5c-4c2c-8da8-1e02b5d13eb1','Glutamine','HMDB0000641','C00064',0.49,'LC-MS','amino_acid',-1.01);
INSERT INTO metabolomics_profile VALUES ('5a1585d6-aef8-4976-89b1-2f591ea4e34b','62ab7458-4a5c-4c2c-8da8-1e02b5d13eb1','Glucose','HMDB0000122','C00031',5.76,'LC-MS','carbohydrate',2.51);
INSERT INTO metabolomics_profile VALUES ('ad647101-2999-429d-bd4e-60262a4a24d5','62ab7458-4a5c-4c2c-8da8-1e02b5d13eb1','Phosphocholine','HMDB0001565','C00588',0.22,'LC-MS','lipid',-1.19);
INSERT INTO tumor_clone VALUES ('fac9c761-b81b-4ab0-ae83-782cc3965289','62ab7458-4a5c-4c2c-8da8-1e02b5d13eb1','clone_A',0.57,'[]',1,1,0.1579);
INSERT INTO tumor_clone VALUES ('9eff8406-3e8b-4e16-8a72-01e45a3ec570','62ab7458-4a5c-4c2c-8da8-1e02b5d13eb1','clone_B',0.43,'[]',0,2,0.0934);
INSERT INTO cell_cycle_state VALUES ('9006f60e-322c-4f80-8351-14a4daa95b5e','62ab7458-4a5c-4c2c-8da8-1e02b5d13eb1',0.671,0.128,0.078,0.123,27.6661,480.0,3.2);
INSERT INTO apoptosis_marker VALUES ('01c762da-c9e7-447f-8455-9fb43c45a614','62ab7458-4a5c-4c2c-8da8-1e02b5d13eb1',195.0,112.671,88.0,2.22,0.2306,5.3018,0.7862);
INSERT INTO dna_repair_status VALUES ('69a5db8c-1597-4976-b927-0e16d2019540','62ab7458-4a5c-4c2c-8da8-1e02b5d13eb1','wildtype','wildtype','proficient_MMR',0.04,7.1,25.3,0,'wildtype');
INSERT INTO metabolic_phenotype VALUES ('45a262b8-ef5d-4d46-9dc4-b94c64047c27','62ab7458-4a5c-4c2c-8da8-1e02b5d13eb1',0.289,95.6868,0.3109,0.2372,0.2414,1.3856,0.6774);
INSERT INTO stemness_profile VALUES ('a593039d-1e9b-4df8-a77e-35b2532324fe','62ab7458-4a5c-4c2c-8da8-1e02b5d13eb1',33.8163,16.3178,7.8106,0.074,0.111,0.339,0.1402,0.0759);
INSERT INTO drug_resistance_feature VALUES ('c14845c8-ff0e-4171-bd0c-7c3dc83691b3','62ab7458-4a5c-4c2c-8da8-1e02b5d13eb1',0.1,1.1123,0.6659,0.6053,'[]',0.0);
INSERT INTO immune_infiltration VALUES ('82d193a1-45d8-49bb-b87e-ad16767521f9','62ab7458-4a5c-4c2c-8da8-1e02b5d13eb1',3.9,5.8972,6.391,3.0293,7.9737,10.3441,18.8919,5.2231,9.3242,'CIBERSORT');
INSERT INTO checkpoint_expression VALUES ('f621e0f8-8579-44aa-9407-927582c86a78','62ab7458-4a5c-4c2c-8da8-1e02b5d13eb1',21.6,38.88,12.2182,17.9547,14.245,16.6692,8.0701,5.404);
INSERT INTO cytokine_milieu VALUES ('cf712696-d9a7-450a-af7e-71ad26a2e649','62ab7458-4a5c-4c2c-8da8-1e02b5d13eb1',13.3968,2.0,14.5955,17.0922,16.3065,6.2,40.9387,44.1407);
INSERT INTO stromal_composition VALUES ('624514c7-928d-4ff4-9322-9bb3bb028f98','62ab7458-4a5c-4c2c-8da8-1e02b5d13eb1',0.2261,0.043,0.0766,0.6001,1.8488,26.4538);
INSERT INTO ecm_profile VALUES ('e3b0a916-a46d-4090-9aba-18350058d286','62ab7458-4a5c-4c2c-8da8-1e02b5d13eb1',4.872,5.8098,13.1392,0.38,0.312,0.4244,0.3924);
INSERT INTO hypoxia_vasculature VALUES ('b1f100f6-2df4-48ac-81e4-0736d3250e6e','62ab7458-4a5c-4c2c-8da8-1e02b5d13eb1',1.09,0.5339,10.4,0.1627,38.1555,130.3149,103.1271,2.0,7.19);
INSERT INTO organ_function VALUES ('57e47056-c32c-48ff-88ea-8f9323edff7d','541f1c5d-dfb8-41c5-a987-e0491541f57a','2022-10-20',89.6,1.4752,29.7744,9.9546,12.3936,37.3306,60.1,372.8714,1.0783);
INSERT INTO immune_baseline VALUES ('02597a5d-6504-4fc5-a298-c9c32f6416d2','541f1c5d-dfb8-41c5-a987-e0491541f57a','2022-10-20',10.41,1.45,6.97,4.8069,465.8064,349.7788,276.4267,12.5362);
INSERT INTO hormonal_profile VALUES ('9aa35c3c-302e-4a17-9404-5308720d0699','541f1c5d-dfb8-41c5-a987-e0491541f57a','2022-10-20',186.4,0.33,412.0,56.7834,9.1827,2.5897,8.3143);
INSERT INTO pharmacogenomics VALUES ('fe197dc2-1d08-4200-989c-fa75058bca3f','541f1c5d-dfb8-41c5-a987-e0491541f57a','IM','NM','IM','*1/*1','normal',0,'NM');
INSERT INTO body_composition VALUES ('ae3092e9-ef8d-4bd0-ad67-d6988a1ab97e','541f1c5d-dfb8-41c5-a987-e0491541f57a','2022-10-20',23.0,48.2,34.0543,102.4214,23.4312,1.6261);
INSERT INTO microbiome_profile VALUES ('58299055-59b8-48ea-8f5c-fc44f6cf33eb','541f1c5d-dfb8-41c5-a987-e0491541f57a','2022-10-20','gut','16S_rRNA_V4',3.2645,1.0635,0.0,'[{"genus": "Bacteroides", "rel": 0.215}, {"genus": "Faecalibacterium", "rel": 0.137}, {"genus": "Akkermansia", "rel": 0.0}]',0);
INSERT INTO tumor_staging VALUES ('4481f096-254b-41f4-97d0-869874b91001','541f1c5d-dfb8-41c5-a987-e0491541f57a','2022-10-20','8500/3','C50.4','Invasive ductal carcinoma','T4','N3','M1','IV',1,'right');
INSERT INTO imaging_measurement VALUES ('d2b43622-a5c7-4d08-89df-745096bdbb15','541f1c5d-dfb8-41c5-a987-e0491541f57a','2022-09-24','MRI','L1','primary_left_breast',7.6,229.8473,3.2063,'SD','{"entropy": 7.17, "sphericity": 0.66}');
INSERT INTO pathology_report VALUES ('d3011b26-3203-49db-a872-21a89668d601','541f1c5d-dfb8-41c5-a987-e0491541f57a','2022-10-20','core_needle_biopsy','R0',5,7,1,1,0.0);
INSERT INTO performance_status VALUES ('bcc0c5a1-90cd-4185-b1f1-6e8419c060e7','541f1c5d-dfb8-41c5-a987-e0491541f57a','2022-10-20',0,94,4,27.077);
INSERT INTO liquid_biopsy VALUES ('b8d62017-0ddf-4bd8-9a83-fe164a972201','541f1c5d-dfb8-41c5-a987-e0491541f57a','2022-10-20',0.0863,38.835,7,'[]','detected',8.4619);
INSERT INTO treatment_regimen VALUES ('9f093bcc-e774-44d6-a50c-118f3fa30cb1','541f1c5d-dfb8-41c5-a987-e0491541f57a',1,'Palbociclib+Let','palliative','2022-11-21','2023-10-31','planned_completion','PR',537);
INSERT INTO treatment_drug_dose VALUES ('2b1ed777-a9bb-4301-9698-f4d80ec9ca4d','9f093bcc-e774-44d6-a50c-118f3fa30cb1','14234f22-ddb9-4e92-883c-bd55730bb629','2022-11-21',74.0,68.0,8.1,'IV',1,0.7972);
INSERT INTO adverse_event VALUES ('bdbcc19d-e166-49ac-bc71-6af87f7e771a','541f1c5d-dfb8-41c5-a987-e0491541f57a','9f093bcc-e774-44d6-a50c-118f3fa30cb1','Alopecia',1,'2022-12-21','2023-01-31','probable','none');
INSERT INTO adverse_event VALUES ('4b782833-37bb-4972-bb9f-7c813cca4373','541f1c5d-dfb8-41c5-a987-e0491541f57a','9f093bcc-e774-44d6-a50c-118f3fa30cb1','Diarrhoea',3,'2023-01-17','2023-03-16','probable','dose_reduction');
INSERT INTO adverse_event VALUES ('fd54dce0-6843-48ec-98c6-aae2eb15238c','541f1c5d-dfb8-41c5-a987-e0491541f57a','9f093bcc-e774-44d6-a50c-118f3fa30cb1','Hand-foot syndrome',1,'2022-12-03','2022-12-27','probable','none');
INSERT INTO adverse_event VALUES ('163fd170-1663-427c-8343-40569ecd0a52','541f1c5d-dfb8-41c5-a987-e0491541f57a','9f093bcc-e774-44d6-a50c-118f3fa30cb1','Peripheral sensory neuropathy',1,'2023-01-05','2023-02-05','probable','none');
INSERT INTO carcinogen_exposure VALUES ('ed98059d-b28a-4664-9658-52c0888a48e3','541f1c5d-dfb8-41c5-a987-e0491541f57a','former',25.7703,0.0,22.8323,55.5343,'[]',0.0,0);
INSERT INTO diet_nutrition VALUES ('899b90c2-f942-4f0c-bf1f-610000cd0048','541f1c5d-dfb8-41c5-a987-e0491541f57a','2022-10-20','FFQ',2375.5167,79.5431,226.0627,82.5598,20.2281,2.0321,19.7372,7.0465,'Mediterranean');
INSERT INTO physical_activity VALUES ('46864ccf-c954-4185-9dbb-95587df141e0','541f1c5d-dfb8-41c5-a987-e0491541f57a','2022-10-20',496.9845,91.5896,351.0126,6.0842,27.9531,2951,31.3396);
INSERT INTO stress_psychology VALUES ('02262113-398b-49ee-9ee2-c9446d734983','541f1c5d-dfb8-41c5-a987-e0491541f57a','2022-10-20',18,7,15,37.9108,255.44,6.7731,14);
INSERT INTO environmental_exposure VALUES ('0dfe0c3f-0c42-49d5-9350-b1d4fc3425a9','541f1c5d-dfb8-41c5-a987-e0491541f57a','2022-10-20',2.0,3.0,22.0617,'negative',NULL,'negative','negative',12.1685,'naive');
INSERT INTO socioeconomic_context VALUES ('46e4e17c-22b4-46e0-a576-01d8676ed991','541f1c5d-dfb8-41c5-a987-e0491541f57a','2022-10-20',55.6109,'public_Medicare',1.0,0.8664,74.8921,'employed_part_time',35.9933,21);
INSERT INTO circadian_profile VALUES ('ed14fd8d-bd58-4348-a567-6de4776bedc6','541f1c5d-dfb8-41c5-a987-e0491541f57a','2022-10-20','morning',85.5012,23.5543,'22:55',651.8344,0,14);

-- Patient 61: HER2+ HR-
INSERT INTO patient VALUES ('5cdc68dc-5e57-4178-8510-4b05b5472cb8','MRN-8119026','1951-04-07','female','East Asian','{"EUR": 0.64, "AFR": 0.03}','2018-08-08','2018-08-08');
INSERT INTO genomic_sample VALUES ('92011425-59ae-41a9-9ee8-6894fedb1fe3','5cdc68dc-5e57-4178-8510-4b05b5472cb8','tumor','C50.4','2018-08-21','Foundation One CDx',0.56,0,'FFPE');
INSERT INTO somatic_mutation VALUES ('dcfaf221-00d7-494a-9512-f28a519397f1','92011425-59ae-41a9-9ee8-6894fedb1fe3','TP53','chr17',7674220,'G','A','SNV','missense_variant','p.Arg248Trp',0.4681,308,'oncogenic','COSV52743007','1','SBS5');
INSERT INTO somatic_mutation VALUES ('539ff446-9320-4df5-baf7-0988417b4958','92011425-59ae-41a9-9ee8-6894fedb1fe3','ESR1','chr6',152098794,'T','C','SNV','missense_variant','p.Tyr537Cys',0.2161,350,'oncogenic','COSV52744551','1','SBS1');
INSERT INTO somatic_mutation VALUES ('4707ec77-1bb0-4f30-822c-45ef1497d78b','92011425-59ae-41a9-9ee8-6894fedb1fe3','PIK3CA','chr3',179234297,'C','T','SNV','missense_variant','p.His1047Arg',0.2915,304,'oncogenic','COSV52748762','1','SBS1');
INSERT INTO copy_number_variant VALUES ('8d81f65e-098d-442e-a915-f99bcc27467c','92011425-59ae-41a9-9ee8-6894fedb1fe3','ERBB2','chr17',37800000,38200000,16.4,3.04,'amplification',1);
INSERT INTO copy_number_variant VALUES ('fd743df5-97c9-44eb-abfc-15e88f86e976','92011425-59ae-41a9-9ee8-6894fedb1fe3','MYC','chr8',127700000,127800000,2.0,0.02,'neutral',0);
INSERT INTO copy_number_variant VALUES ('8dbb869b-bc42-4e57-b461-02fa34da2d69','92011425-59ae-41a9-9ee8-6894fedb1fe3','CDKN2A','chr9',21967000,21995000,0.2,-1.27,'shallow_deletion',0);
INSERT INTO gene_expression VALUES ('b43299ae-14af-43ab-b957-2383552f5688','92011425-59ae-41a9-9ee8-6894fedb1fe3','ENSG00000091831','ESR1',1.0,0.1,2,-1.32,30.2);
INSERT INTO gene_expression VALUES ('be6e3d28-da9a-470c-9e4b-5b670c9c6b81','92011425-59ae-41a9-9ee8-6894fedb1fe3','ENSG00000141736','ERBB2',338.16,33.82,845,2.42,86.3);
INSERT INTO gene_expression VALUES ('e2fc913e-f236-4d6a-9cd0-fdb00a2a5b9e','92011425-59ae-41a9-9ee8-6894fedb1fe3','ENSG00000148773','MKI67',221.74,22.17,554,1.13,67.0);
INSERT INTO gene_expression VALUES ('9fe703cd-ef99-4a15-be07-a559f0897cee','92011425-59ae-41a9-9ee8-6894fedb1fe3','ENSG00000141510','TP53',16.27,5.42,441,-1.15,32.8);
INSERT INTO gene_expression VALUES ('1b59d2ae-9211-4a96-ad11-5d0fcc8d0482','92011425-59ae-41a9-9ee8-6894fedb1fe3','ENSG00000012048','BRCA1',31.27,5.58,86,-0.99,35.1);
INSERT INTO gene_expression VALUES ('f5498eb1-9a0e-4442-8c2c-c757ec823d54','92011425-59ae-41a9-9ee8-6894fedb1fe3','ENSG00000139618','BRCA2',31.49,4.14,389,-0.98,35.3);
INSERT INTO gene_expression VALUES ('979d8d21-5a32-4a03-8340-ad4ffb61752e','92011425-59ae-41a9-9ee8-6894fedb1fe3','ENSG00000171862','PTEN',120.36,2.5,405,0.0,50.0);
INSERT INTO gene_expression VALUES ('035bd9f9-6091-4c44-8174-35b43b303d11','92011425-59ae-41a9-9ee8-6894fedb1fe3','ENSG00000136997','MYC',109.45,7.54,414,-0.12,48.2);
INSERT INTO protein_expression VALUES ('8eff8751-b379-4a24-b131-e5f200eff919','92011425-59ae-41a9-9ee8-6894fedb1fe3','ESR1','P03372','IHC',-1.5,0.0,0,'NULL');
INSERT INTO protein_expression VALUES ('72bd464d-669d-4e86-b1b1-726a4f0a1f76','92011425-59ae-41a9-9ee8-6894fedb1fe3','PGR','P06401','IHC',-1.21,29.0,1,'NULL');
INSERT INTO protein_expression VALUES ('eddea551-e110-4c35-8c5c-11718f3ab37e','92011425-59ae-41a9-9ee8-6894fedb1fe3','ERBB2','P04626','IHC',1.08,258.0,6,'pY1248');
INSERT INTO protein_expression VALUES ('0d6aa7b5-9ad8-4d26-a1d6-c637538271e0','92011425-59ae-41a9-9ee8-6894fedb1fe3','MKI67','P46013','IHC',-0.82,64.0,0,'NULL');
INSERT INTO epigenetic_mark VALUES ('dae207ce-05a8-4ab2-99e5-01d69ac79f38','92011425-59ae-41a9-9ee8-6894fedb1fe3','DNA_methylation','cg15629539',0.644,'0.855','ESR1','CpG_island',NULL);
INSERT INTO epigenetic_mark VALUES ('b64e8ca3-a5cc-4351-b425-518c5b414ae8','92011425-59ae-41a9-9ee8-6894fedb1fe3','DNA_methylation','cg27053763',0.191,'-2.083','BRCA1','promoter',NULL);
INSERT INTO epigenetic_mark VALUES ('ae5a4c23-98be-48b5-8b18-a7e8c6b90b62','92011425-59ae-41a9-9ee8-6894fedb1fe3','H3K27ac','chr17:37800000-37850000',0.114,NULL,'ERBB2','enhancer','4.773');
INSERT INTO ncrna_profile VALUES ('37d218cb-0559-4186-8e4d-b99a0a93db4b','92011425-59ae-41a9-9ee8-6894fedb1fe3','miRNA','hsa-miR-21-5p','miR-21-5p',2.66,'["PTEN", "PDCD4"]');
INSERT INTO ncrna_profile VALUES ('0269e283-6a5f-48d7-99ee-b0b276511422','92011425-59ae-41a9-9ee8-6894fedb1fe3','miRNA','hsa-miR-155-5p','miR-155-5p',3.46,'["SHIP1", "SOCS1"]');
INSERT INTO ncrna_profile VALUES ('bd182a51-f6cf-4f15-8910-46a3180b45bf','92011425-59ae-41a9-9ee8-6894fedb1fe3','lncRNA','ENSG00000228630','HOTAIR',2.61,'["SHIP1", "SOCS1"]');
INSERT INTO ncrna_profile VALUES ('3b9e0f31-cbb4-4bb2-8422-4f5000afca55','92011425-59ae-41a9-9ee8-6894fedb1fe3','lncRNA','ENSG00000251562','MALAT1',41.33,'["SHIP1", "SOCS1"]');
INSERT INTO metabolomics_profile VALUES ('88f568a9-1b1b-4ff8-9428-448937dd48ff','92011425-59ae-41a9-9ee8-6894fedb1fe3','Lactate','HMDB0000190','C00186',2.06,'LC-MS','organic_acid',0.04);
INSERT INTO metabolomics_profile VALUES ('1a7a9b03-90b7-479b-b2a8-f216cabe8557','92011425-59ae-41a9-9ee8-6894fedb1fe3','Glutamine','HMDB0000641','C00064',0.38,'LC-MS','amino_acid',-1.08);
INSERT INTO metabolomics_profile VALUES ('b94c8b2a-d27a-4a33-a008-9c3980a9b798','92011425-59ae-41a9-9ee8-6894fedb1fe3','Glucose','HMDB0000122','C00031',5.06,'LC-MS','carbohydrate',2.04);
INSERT INTO metabolomics_profile VALUES ('1660655c-8f0a-4e24-b80f-55f0caf6e33a','92011425-59ae-41a9-9ee8-6894fedb1fe3','Phosphocholine','HMDB0001565','C00588',0.09,'LC-MS','lipid',-1.27);
INSERT INTO tumor_clone VALUES ('f55b9f84-80d9-472d-9b63-56739cd97fb1','92011425-59ae-41a9-9ee8-6894fedb1fe3','clone_A',0.74,'[]',1,1,0.1108);
INSERT INTO tumor_clone VALUES ('c9e1592d-95fc-4485-bae4-9709e8fd7ffb','92011425-59ae-41a9-9ee8-6894fedb1fe3','clone_B',0.26,'[]',0,2,0.0531);
INSERT INTO cell_cycle_state VALUES ('f3306fe7-2b7f-43a1-a1b5-0480c00fab49','92011425-59ae-41a9-9ee8-6894fedb1fe3',0.671,0.081,0.072,0.176,22.819,480.0,2.9);
INSERT INTO apoptosis_marker VALUES ('a489cb8e-cbbd-4b2d-bd30-8655bd7d94c7','92011425-59ae-41a9-9ee8-6894fedb1fe3',136.0,127.695,128.0,1.06,0.2236,2.8255,1.6303);
INSERT INTO dna_repair_status VALUES ('16e09cf2-10e3-44c3-8d35-64ab8b2d832f','92011425-59ae-41a9-9ee8-6894fedb1fe3','wildtype','wildtype','proficient_MMR',0.04,5.5,35.2,0,'wildtype');
INSERT INTO metabolic_phenotype VALUES ('f8223e80-c582-47e9-9a8c-e67380c9eb7e','92011425-59ae-41a9-9ee8-6894fedb1fe3',0.325,123.2786,0.3066,0.4073,0.4153,0.962,0.6241);
INSERT INTO stemness_profile VALUES ('73a10864-81a0-4c6c-a3f5-b3baa69c8b0e','92011425-59ae-41a9-9ee8-6894fedb1fe3',55.697,4.95,12.437,0.1805,0.55,0.253,0.4233,0.1471);
INSERT INTO drug_resistance_feature VALUES ('29ceed73-086a-47bf-8f42-b7358b7da3e9','92011425-59ae-41a9-9ee8-6894fedb1fe3',0.91,0.6131,0.4584,0.5495,'[]',0.0402);
INSERT INTO immune_infiltration VALUES ('b93bf66b-ba2f-45e9-b346-f0f1b26c7efe','92011425-59ae-41a9-9ee8-6894fedb1fe3',0.5,14.3207,4.2097,1.5178,4.9334,10.9513,20.1599,1.8786,5.2785,'CIBERSORT');
INSERT INTO checkpoint_expression VALUES ('cd24abc1-03d0-410d-883c-25cc8828ff5b','92011425-59ae-41a9-9ee8-6894fedb1fe3',30.5,54.9,4.0594,16.3855,18.1984,9.3301,11.2178,37.8038);
INSERT INTO cytokine_milieu VALUES ('4f52245b-3267-4400-a0fb-1be87cd08e0c','92011425-59ae-41a9-9ee8-6894fedb1fe3',37.7663,16.2706,6.3279,4.2748,18.3018,23.7,17.7603,150.4704);
INSERT INTO stromal_composition VALUES ('fb3d2707-8540-417d-a889-5d002733f2b7','92011425-59ae-41a9-9ee8-6894fedb1fe3',0.3405,0.064,0.1597,0.4315,1.9503,5.0);
INSERT INTO ecm_profile VALUES ('ab662c41-9c1d-4176-8420-9e48a48347ae','92011425-59ae-41a9-9ee8-6894fedb1fe3',9.0808,10.2744,24.8144,0.5496,0.3235,0.5609,0.4673);
INSERT INTO hypoxia_vasculature VALUES ('20b5b812-752a-422c-b2a6-b77639e5f6f4','92011425-59ae-41a9-9ee8-6894fedb1fe3',0.54,0.6584,7.8,0.0911,70.5142,197.579,69.7216,10.5,7.19);
INSERT INTO organ_function VALUES ('70db19b8-94c5-43e2-b3cf-b8861cb2295f','5cdc68dc-5e57-4178-8510-4b05b5472cb8','2018-08-08',60.7,1.1284,34.0494,13.4447,10.2645,37.3894,62.3,385.4281,1.1308);
INSERT INTO immune_baseline VALUES ('ff97e8f4-51d4-4dc6-9f62-d85823bab662','5cdc68dc-5e57-4178-8510-4b05b5472cb8','2018-08-08',8.1,1.99,2.7,1.3568,534.636,216.2883,264.5338,9.0143);
INSERT INTO hormonal_profile VALUES ('435f9b10-1039-4fff-8d0f-4236ffb14f68','5cdc68dc-5e57-4178-8510-4b05b5472cb8','2018-08-08',2.0,0.63,436.0,58.8155,8.0,1.8472,4.4455);
INSERT INTO pharmacogenomics VALUES ('93d23f35-c472-47bf-ac2e-7255b20a49a8','5cdc68dc-5e57-4178-8510-4b05b5472cb8','IM','NM','PM','*1/*1','normal',0,'NM');
INSERT INTO body_composition VALUES ('72d72317-39dd-45e7-be2c-9a5fb63a42ab','5cdc68dc-5e57-4178-8510-4b05b5472cb8','2018-08-08',26.6,44.7,32.4252,87.1232,39.3802,1.5846);
INSERT INTO microbiome_profile VALUES ('e056a2e4-76f8-4ee9-a556-e73bcdd277b8','5cdc68dc-5e57-4178-8510-4b05b5472cb8','2018-08-08','gut','16S_rRNA_V4',3.5543,2.7952,0.0686,'[{"genus": "Bacteroides", "rel": 0.21}, {"genus": "Faecalibacterium", "rel": 0.17}, {"genus": "Akkermansia", "rel": 0.0686}]',1);
INSERT INTO tumor_staging VALUES ('5dea5ce0-eb8c-44b2-9343-d5337298ac28','5cdc68dc-5e57-4178-8510-4b05b5472cb8','2018-08-08','8500/3','C50.4','Invasive ductal carcinoma','T4','N2','M0','IIIB',3,'right');
INSERT INTO imaging_measurement VALUES ('345fc5a6-1bc4-4a30-8afa-c4752b218b85','5cdc68dc-5e57-4178-8510-4b05b5472cb8','2018-07-13','MRI','L1','primary_left_breast',15.8,2065.2369,4.4882,'SD','{"entropy": 5.42, "sphericity": 0.67}');
INSERT INTO pathology_report VALUES ('c7b1ea19-4cb3-454e-98ea-556beffb5747','5cdc68dc-5e57-4178-8510-4b05b5472cb8','2018-08-08','core_needle_biopsy','R0',5,19,0,1,19.9647);
INSERT INTO performance_status VALUES ('2616c040-ae70-42fd-a0e7-941f4530e372','5cdc68dc-5e57-4178-8510-4b05b5472cb8','2018-08-08',2,95,1,35.9697);
INSERT INTO liquid_biopsy VALUES ('4dd59f0f-e2c7-4564-8ce3-35003b41932b','5cdc68dc-5e57-4178-8510-4b05b5472cb8','2018-08-08',0.0572,25.74,7,'[]','detected',10.9099);
INSERT INTO treatment_regimen VALUES ('983231ee-00b6-4a57-9bdf-e95b54a7a133','5cdc68dc-5e57-4178-8510-4b05b5472cb8',1,'Pertuzumab+Tras','neoadjuvant','2018-08-30','2019-08-08','planned_completion','PR',583);
INSERT INTO treatment_drug_dose VALUES ('f0cfacb7-c7bb-424c-b092-f9ef60c76d31','983231ee-00b6-4a57-9bdf-e95b54a7a133','ee7cd6f0-c90e-4aa4-be8c-5bd7dbf650f6','2018-08-30',70.0,67.0,4.3,'IV',1,1.3901);
INSERT INTO adverse_event VALUES ('a31351d0-7651-4c03-a810-51edc7cdbc7a','5cdc68dc-5e57-4178-8510-4b05b5472cb8','983231ee-00b6-4a57-9bdf-e95b54a7a133','Peripheral sensory neuropathy',1,'2018-11-05','2018-11-15','probable','none');
INSERT INTO adverse_event VALUES ('c6d123e6-a550-425a-a406-d4845baa657a','5cdc68dc-5e57-4178-8510-4b05b5472cb8','983231ee-00b6-4a57-9bdf-e95b54a7a133','Alopecia',1,'2018-10-10','2018-11-13','probable','none');
INSERT INTO radiation_plan VALUES ('97cc74a2-d0e8-44f9-9fb8-0b38325f4197','5cdc68dc-5e57-4178-8510-4b05b5472cb8','photon_EBRT','CTV',50.58,2.0,25,5,'IMRT',NULL,'{"heart": {"V20Gy_pct": "<25"}, "lung": {"mean_Gy": "<18"}}');
INSERT INTO carcinogen_exposure VALUES ('32d78f93-aeca-4eba-b0ef-7476af599a41','5cdc68dc-5e57-4178-8510-4b05b5472cb8','former',21.7016,5.2339,37.7161,83.8193,'[]',0.0,0);
INSERT INTO diet_nutrition VALUES ('f9ee3790-fd2f-4017-ab01-37fe193d7c86','5cdc68dc-5e57-4178-8510-4b05b5472cb8','2018-08-08','FFQ',1462.2856,69.5156,220.6446,69.4431,21.9712,35.4827,19.809,18.2206,'plant_based');
INSERT INTO physical_activity VALUES ('bf8a73b0-991b-4c6d-bf64-19ef16f9ec70','5cdc68dc-5e57-4178-8510-4b05b5472cb8','2018-08-08',897.2541,159.3584,187.2338,4.2531,24.2294,4921,32.5429);
INSERT INTO stress_psychology VALUES ('0e4ff7c9-8dda-40b6-816b-6e183d498c98','5cdc68dc-5e57-4178-8510-4b05b5472cb8','2018-08-08',16,9,7,42.7579,270.32,6.4842,6);
INSERT INTO environmental_exposure VALUES ('0417be8e-2733-49cb-94cf-c4103a5bda0f','5cdc68dc-5e57-4178-8510-4b05b5472cb8','2018-08-08',7.4659,20.3901,33.8574,'negative',NULL,'negative','negative',10.888,'naive');
INSERT INTO socioeconomic_context VALUES ('1174ac94-89d3-47d1-8bed-3641e7925f91','5cdc68dc-5e57-4178-8510-4b05b5472cb8','2018-08-08',12.7207,'public_Medicare',0.7659,0.4699,61.3368,'employed_full_time',34.2566,13);
INSERT INTO circadian_profile VALUES ('430b4970-9a50-4fa1-aae1-1b3e70d0448c','5cdc68dc-5e57-4178-8510-4b05b5472cb8','2018-08-08','intermediate',71.7439,18.7313,'22:52',492.9261,0,8);

-- Patient 62: HR+/HER2+
INSERT INTO patient VALUES ('49bca03e-cad2-4357-8c42-5138ee7e05a6','MRN-8310654','1962-02-19','female','East Asian','{"EUR": 0.33, "AFR": 0.01}','2019-02-12','2019-02-12');
INSERT INTO genomic_sample VALUES ('71fbb0d9-788f-4c70-8ba9-a04625462e33','49bca03e-cad2-4357-8c42-5138ee7e05a6','tumor','C50.4','2019-02-28','Foundation One CDx',0.52,0,'FFPE');
INSERT INTO somatic_mutation VALUES ('5b8fee66-8a61-4b07-b7b0-860c1618f305','71fbb0d9-788f-4c70-8ba9-a04625462e33','BRCA1','chr17',43094464,'T','A','SNV','missense_variant','p.Cys1697Ser',0.3804,378,'pathogenic','COSV52701256','1','SBS3');
INSERT INTO somatic_mutation VALUES ('50e333ab-222e-44f8-a66f-14b1ab1b924a','71fbb0d9-788f-4c70-8ba9-a04625462e33','CDH1','chr16',68771195,'C','T','SNV','nonsense_variant','p.Gln333Ter',0.3532,392,'oncogenic','COSV52697483','3A','SBS1');
INSERT INTO somatic_mutation VALUES ('0dc446b6-4517-4cf5-b213-925dc1229671','71fbb0d9-788f-4c70-8ba9-a04625462e33','GATA3','chr10',8115610,'CT','C','indel','frameshift_variant','p.Thr443fs',0.2977,308,'oncogenic','COSV52704812','1','SBS5');
INSERT INTO somatic_mutation VALUES ('61f76c7d-a85e-4904-bf4b-c7793e286421','71fbb0d9-788f-4c70-8ba9-a04625462e33','PTEN','chr10',89692905,'G','A','SNV','missense_variant','p.Arg130Gly',0.3378,215,'oncogenic','COSV52731827','1','SBS5');
INSERT INTO somatic_mutation VALUES ('359b9e41-c93c-4d7a-8b9f-5e01d46c5e0f','71fbb0d9-788f-4c70-8ba9-a04625462e33','MAP3K1','chr5',56115628,'G','A','SNV','missense_variant','p.Glu1298Lys',0.1991,164,'oncogenic','COSV52721033','3A','SBS1');
INSERT INTO copy_number_variant VALUES ('cbe78e8a-d1a4-4517-945c-97700e25fee8','71fbb0d9-788f-4c70-8ba9-a04625462e33','ERBB2','chr17',37800000,38200000,19.8,2.42,'amplification',1);
INSERT INTO copy_number_variant VALUES ('bd4ed86e-609e-4c6b-8ca7-e9a5eabd4af4','71fbb0d9-788f-4c70-8ba9-a04625462e33','MYC','chr8',127700000,127800000,2.5,1.36,'neutral',0);
INSERT INTO copy_number_variant VALUES ('3c78a279-601e-4c91-a7fa-5e16cd46b45d','71fbb0d9-788f-4c70-8ba9-a04625462e33','CDKN2A','chr9',21967000,21995000,0.9,-2.35,'shallow_deletion',0);
INSERT INTO gene_expression VALUES ('7afbb04f-2409-4e40-b302-7cadfc3376ff','71fbb0d9-788f-4c70-8ba9-a04625462e33','ENSG00000091831','ESR1',1011.98,101.2,2530,9.91,99.0);
INSERT INTO gene_expression VALUES ('d148eb63-4753-4338-b92b-d9067729e38c','71fbb0d9-788f-4c70-8ba9-a04625462e33','ENSG00000141736','ERBB2',526.07,52.61,1315,4.51,99.0);
INSERT INTO gene_expression VALUES ('61c1d1a7-d689-4138-8159-8e85e18326bd','71fbb0d9-788f-4c70-8ba9-a04625462e33','ENSG00000148773','MKI67',314.6,31.46,786,2.16,82.4);
INSERT INTO gene_expression VALUES ('7455ef50-adbd-4562-bde2-decbd420ac7e','71fbb0d9-788f-4c70-8ba9-a04625462e33','ENSG00000141510','TP53',17.38,3.07,388,-1.14,32.9);
INSERT INTO gene_expression VALUES ('9cf47bd9-1eb6-41f9-821b-e0b9dc28d033','71fbb0d9-788f-4c70-8ba9-a04625462e33','ENSG00000012048','BRCA1',14.98,4.33,319,-1.17,32.5);
INSERT INTO gene_expression VALUES ('8d0d80fe-8b0d-4c41-9ff2-88628686607e','71fbb0d9-788f-4c70-8ba9-a04625462e33','ENSG00000139618','BRCA2',38.7,9.91,160,-0.9,36.5);
INSERT INTO gene_expression VALUES ('3a4bb63e-ad2a-4942-9231-1d970f6e0358','71fbb0d9-788f-4c70-8ba9-a04625462e33','ENSG00000171862','PTEN',41.54,2.23,585,-0.87,37.0);
INSERT INTO gene_expression VALUES ('592e5f5f-6740-46ec-82ed-222ce457cc5b','71fbb0d9-788f-4c70-8ba9-a04625462e33','ENSG00000136997','MYC',125.81,0.39,678,0.06,50.9);
INSERT INTO protein_expression VALUES ('fa6108cb-0f11-4cde-b3bc-558a577c686a','71fbb0d9-788f-4c70-8ba9-a04625462e33','ESR1','P03372','IHC',0.55,205.0,5,'NULL');
INSERT INTO protein_expression VALUES ('fe12ad1b-f78d-4856-a5af-3740c755095a','71fbb0d9-788f-4c70-8ba9-a04625462e33','PGR','P06401','IHC',0.09,159.0,4,'NULL');
INSERT INTO protein_expression VALUES ('a14e6fc7-1d86-4812-9e7d-48b1414c7ab4','71fbb0d9-788f-4c70-8ba9-a04625462e33','ERBB2','P04626','IHC',1.15,265.0,7,'pY1248');
INSERT INTO protein_expression VALUES ('d729e6e0-4193-4a16-bbd3-d9cc8eaee9af','71fbb0d9-788f-4c70-8ba9-a04625462e33','MKI67','P46013','IHC',-0.41,102.0,0,'NULL');
INSERT INTO epigenetic_mark VALUES ('8770a7dd-57ff-4744-8da2-2aaed805dcc7','71fbb0d9-788f-4c70-8ba9-a04625462e33','DNA_methylation','cg15629539',0.184,'-2.149','ESR1','CpG_island',NULL);
INSERT INTO epigenetic_mark VALUES ('02efba74-5b66-424b-9cfa-0545f3b6bc08','71fbb0d9-788f-4c70-8ba9-a04625462e33','DNA_methylation','cg27053763',0.291,'-1.285','BRCA1','promoter',NULL);
INSERT INTO epigenetic_mark VALUES ('59608d2d-d91a-4e38-b2b1-ae6929591a27','71fbb0d9-788f-4c70-8ba9-a04625462e33','H3K27ac','chr17:37800000-37850000',0.205,NULL,'ERBB2','enhancer','5.461');
INSERT INTO ncrna_profile VALUES ('7ab08ee0-db4f-4826-934e-9066e024f9b3','71fbb0d9-788f-4c70-8ba9-a04625462e33','miRNA','hsa-miR-21-5p','miR-21-5p',1.05,'["PTEN", "PDCD4"]');
INSERT INTO ncrna_profile VALUES ('43164dce-eb14-4be0-bf9d-de5d3032aacb','71fbb0d9-788f-4c70-8ba9-a04625462e33','miRNA','hsa-miR-155-5p','miR-155-5p',4.51,'["SHIP1", "SOCS1"]');
INSERT INTO ncrna_profile VALUES ('bf67d6bf-19d0-47ec-a9fd-4499aaa38e16','71fbb0d9-788f-4c70-8ba9-a04625462e33','lncRNA','ENSG00000228630','HOTAIR',4.81,'["SHIP1", "SOCS1"]');
INSERT INTO ncrna_profile VALUES ('d9a28196-a1d9-4615-ade0-c7b6203433e8','71fbb0d9-788f-4c70-8ba9-a04625462e33','lncRNA','ENSG00000251562','MALAT1',39.13,'["SHIP1", "SOCS1"]');
INSERT INTO metabolomics_profile VALUES ('9916e02a-f365-44d7-83d2-b37642add47b','71fbb0d9-788f-4c70-8ba9-a04625462e33','Lactate','HMDB0000190','C00186',0.5,'LC-MS','organic_acid',-1.0);
INSERT INTO metabolomics_profile VALUES ('2bcdef12-ba89-451b-9a80-a71c791e1185','71fbb0d9-788f-4c70-8ba9-a04625462e33','Glutamine','HMDB0000641','C00064',0.41,'LC-MS','amino_acid',-1.06);
INSERT INTO metabolomics_profile VALUES ('77a43a62-cf46-4f97-8f9f-d58f58914cfa','71fbb0d9-788f-4c70-8ba9-a04625462e33','Glucose','HMDB0000122','C00031',6.05,'LC-MS','carbohydrate',2.7);
INSERT INTO metabolomics_profile VALUES ('f1443ce5-8d9e-4321-a390-d21c04cc453a','71fbb0d9-788f-4c70-8ba9-a04625462e33','Phosphocholine','HMDB0001565','C00588',0.05,'LC-MS','lipid',-1.3);
INSERT INTO tumor_clone VALUES ('945b47ea-a04b-4915-ab20-63767bbb80be','71fbb0d9-788f-4c70-8ba9-a04625462e33','clone_A',0.91,'[]',1,1,0.0945);
INSERT INTO tumor_clone VALUES ('84e77db0-725b-4d23-9691-0faeb99aa887','71fbb0d9-788f-4c70-8ba9-a04625462e33','clone_B',0.09,'[]',0,2,0.0727);
INSERT INTO cell_cycle_state VALUES ('e5a06742-6cd0-4f7a-a980-7cf08a35f6b5','71fbb0d9-788f-4c70-8ba9-a04625462e33',0.665,0.178,0.092,0.065,36.3404,443.0,3.3);
INSERT INTO apoptosis_marker VALUES ('fdb67418-5caa-4f2d-a04a-60f94781f6d1','71fbb0d9-788f-4c70-8ba9-a04625462e33',100.0,80.8475,85.0,1.18,0.1428,2.356,0.7862);
INSERT INTO dna_repair_status VALUES ('42604497-84e1-4dd1-80e3-7a457c83aeba','71fbb0d9-788f-4c70-8ba9-a04625462e33','mutated_somatic','mutated_somatic','proficient_MMR',0.04,8.1,30.5,0,'wildtype');
INSERT INTO metabolic_phenotype VALUES ('72827538-ea86-430d-8220-399daf9d6d0b','71fbb0d9-788f-4c70-8ba9-a04625462e33',0.455,72.0883,0.4302,0.4195,0.1763,1.1685,0.7256);
INSERT INTO stemness_profile VALUES ('4d22472e-7b68-4432-b657-43b891e5e15e','71fbb0d9-788f-4c70-8ba9-a04625462e33',68.6484,10.6646,5.5221,0.13,0.289,0.087,0.2328,0.3728);
INSERT INTO drug_resistance_feature VALUES ('3f38bc98-0752-48db-94e7-b884289753f3','71fbb0d9-788f-4c70-8ba9-a04625462e33',1.96,0.5165,0.2624,1.3046,'[]',0.9144);
INSERT INTO immune_infiltration VALUES ('b3ee3967-9994-4dc9-aabf-0d41fc1b410c','71fbb0d9-788f-4c70-8ba9-a04625462e33',0.5,18.0099,5.2038,1.5952,5.5905,8.174,18.5087,4.3758,6.4707,'CIBERSORT');
INSERT INTO checkpoint_expression VALUES ('66832b79-f66d-45f4-a6ac-6290a4c689d5','71fbb0d9-788f-4c70-8ba9-a04625462e33',33.0,59.4,5.7401,17.2225,5.1592,6.6806,10.2978,48.6255);
INSERT INTO cytokine_milieu VALUES ('ca2407a8-c25e-4a86-aa36-fbdf270d865b','71fbb0d9-788f-4c70-8ba9-a04625462e33',33.855,10.0459,6.5398,18.3962,30.4147,25.5,20.7285,132.354);
INSERT INTO stromal_composition VALUES ('f93b4377-244e-4f15-aa30-1f515365a164','71fbb0d9-788f-4c70-8ba9-a04625462e33',0.2362,0.1053,0.1924,0.5528,1.8174,20.2815);
INSERT INTO ecm_profile VALUES ('0a11199b-56a4-4200-86e2-d215a3cca738','71fbb0d9-788f-4c70-8ba9-a04625462e33',8.8899,4.3934,26.7566,0.645,0.5853,0.2778,0.3909);
INSERT INTO hypoxia_vasculature VALUES ('c76c02f5-d09a-49fc-8b26-22b1e06945e7','71fbb0d9-788f-4c70-8ba9-a04625462e33',0.49,0.4121,7.4,0.2205,104.6097,171.3053,91.7614,16.5,6.82);
INSERT INTO organ_function VALUES ('c82798f3-5cf3-4a6e-8d6a-d4e9405517ee','49bca03e-cad2-4357-8c42-5138ee7e05a6','2019-02-12',65.1,1.1812,23.123,20.4235,10.2766,37.3072,63.3,441.7736,1.2259);
INSERT INTO immune_baseline VALUES ('b7c29945-826d-48c7-ae9b-8cbd28e56b33','49bca03e-cad2-4357-8c42-5138ee7e05a6','2019-02-12',5.33,2.6,4.76,1.8308,440.9411,335.1363,269.0582,7.841);
INSERT INTO hormonal_profile VALUES ('708d1dea-4dff-447d-b807-6bea0cbca5c0','49bca03e-cad2-4357-8c42-5138ee7e05a6','2019-02-12',7.4,0.63,365.0,46.3199,16.6689,0.9961,6.7655);
INSERT INTO pharmacogenomics VALUES ('72bf3f30-08b7-4c33-a116-18a702f3242c','49bca03e-cad2-4357-8c42-5138ee7e05a6','NM','IM','IM','*1/*28','normal',0,'NM');
INSERT INTO body_composition VALUES ('ad1b54df-f9fd-412d-9e13-68af21f5517f','49bca03e-cad2-4357-8c42-5138ee7e05a6','2019-02-12',33.5,37.4,22.1392,133.2671,37.5325,1.6945);
INSERT INTO microbiome_profile VALUES ('361cf69a-75e3-464a-ad62-d273d66d43b3','49bca03e-cad2-4357-8c42-5138ee7e05a6','2019-02-12','gut','16S_rRNA_V4',3.2337,1.2975,0.0532,'[{"genus": "Bacteroides", "rel": 0.316}, {"genus": "Faecalibacterium", "rel": 0.138}, {"genus": "Akkermansia", "rel": 0.0532}]',0);
INSERT INTO tumor_staging VALUES ('c8af793e-25ea-45f4-abd5-2ad13d15dea6','49bca03e-cad2-4357-8c42-5138ee7e05a6','2019-02-12','8500/3','C50.4','Invasive ductal carcinoma','T2','N1','M0','IIB',3,'left');
INSERT INTO imaging_measurement VALUES ('f10aacb3-a797-4578-85a9-c07a05b003bf','49bca03e-cad2-4357-8c42-5138ee7e05a6','2019-02-01','MRI','L1','primary_left_breast',32.7,18308.0412,4.4684,'SD','{"entropy": 6.86, "sphericity": 0.54}');
INSERT INTO pathology_report VALUES ('eb074cc3-d9bb-4500-8e22-41746167e1c0','49bca03e-cad2-4357-8c42-5138ee7e05a6','2019-02-12','core_needle_biopsy','R0',8,12,0,0,0.0);
INSERT INTO performance_status VALUES ('394a6ac6-f833-446a-acd4-221acba9dd2d','49bca03e-cad2-4357-8c42-5138ee7e05a6','2019-02-12',0,78,2,52.0);
INSERT INTO liquid_biopsy VALUES ('38bf7104-3b31-4381-8179-0f1bdf01cf09','49bca03e-cad2-4357-8c42-5138ee7e05a6','2019-02-12',0.0591,26.595,5,'[]','detected',11.5373);
INSERT INTO treatment_regimen VALUES ('f50f2fc1-3c94-4f43-a6b9-fc5ea327c0ce','49bca03e-cad2-4357-8c42-5138ee7e05a6',1,'T-DM1','adjuvant','2019-03-22','2020-07-12','planned_completion','PR',202);
INSERT INTO treatment_drug_dose VALUES ('dafb64c9-3f58-47f2-9f7c-8b10d1e969d9','f50f2fc1-3c94-4f43-a6b9-fc5ea327c0ce','6875e431-ad8e-4272-8f17-9b89825e25c6','2019-03-22',83.0,76.0,8.4,'IV',1,2.3017);
INSERT INTO adverse_event VALUES ('de35466f-55c0-47c2-981f-6fbbdc7e8914','49bca03e-cad2-4357-8c42-5138ee7e05a6','f50f2fc1-3c94-4f43-a6b9-fc5ea327c0ce','Peripheral sensory neuropathy',1,'2019-06-15','2019-07-12','probable','none');
INSERT INTO adverse_event VALUES ('b693e11d-88d7-4fb5-80f2-c6946cd539d5','49bca03e-cad2-4357-8c42-5138ee7e05a6','f50f2fc1-3c94-4f43-a6b9-fc5ea327c0ce','Diarrhoea',1,'2019-06-20','2019-07-09','probable','none');
INSERT INTO adverse_event VALUES ('bc63871e-2b3e-47a1-ba9c-dc5080dc52d9','49bca03e-cad2-4357-8c42-5138ee7e05a6','f50f2fc1-3c94-4f43-a6b9-fc5ea327c0ce','Fatigue',1,'2019-05-05','2019-07-01','probable','none');
INSERT INTO radiation_plan VALUES ('20faf20c-ebd6-4f5b-8827-2bafd91c3660','49bca03e-cad2-4357-8c42-5138ee7e05a6','photon_EBRT','CTV',49.0934,2.0,25,5,'IMRT',NULL,'{"heart": {"V20Gy_pct": "<25"}, "lung": {"mean_Gy": "<18"}}');
INSERT INTO carcinogen_exposure VALUES ('f9c211b9-72d9-4abe-adce-a45b20ae6c9a','49bca03e-cad2-4357-8c42-5138ee7e05a6','former',1.8683,6.229,50.1149,19.985,'[]',0.0,0);
INSERT INTO diet_nutrition VALUES ('a862949e-4ef3-4642-9cde-780fa4d882d5','49bca03e-cad2-4357-8c42-5138ee7e05a6','2019-02-12','FFQ',2173.374,75.2093,191.3853,48.9882,15.2382,41.036,32.4621,9.9456,'plant_based');
INSERT INTO physical_activity VALUES ('a76103ce-7496-4a0b-a066-4d87e5bc311a','49bca03e-cad2-4357-8c42-5138ee7e05a6','2019-02-12',802.5888,121.0878,202.4267,7.2288,26.9804,8558,18.0279);
INSERT INTO stress_psychology VALUES ('ea43bcda-66c6-44d5-9381-6c1f7ef6dbd2','49bca03e-cad2-4357-8c42-5138ee7e05a6','2019-02-12',21,10,9,38.4564,226.3,7.4234,7);
INSERT INTO environmental_exposure VALUES ('e2ade384-f0f4-4130-bf53-59a9ca9ead56','49bca03e-cad2-4357-8c42-5138ee7e05a6','2019-02-12',15.5886,17.2101,66.7689,'negative',NULL,'negative','negative',6.042,'naive');
INSERT INTO socioeconomic_context VALUES ('c503da44-79b2-4d17-af39-2be6a8e11867','49bca03e-cad2-4357-8c42-5138ee7e05a6','2019-02-12',20.6707,'private',0.645,0.4621,65.7488,'retired',24.4624,18);
INSERT INTO circadian_profile VALUES ('f71bfc06-1139-47be-abc4-3276fb6e411b','49bca03e-cad2-4357-8c42-5138ee7e05a6','2019-02-12','intermediate',70.8523,19.495,'22:55',1035.3723,0,12);

-- Patient 63: HR+ metastatic
INSERT INTO patient VALUES ('5cdfb488-1c54-4555-942b-8e63f8414174','MRN-1983002','1947-03-19','female','East Asian','{"EUR": 0.68, "AFR": 0.2}','2019-03-30','2019-03-30');
INSERT INTO genomic_sample VALUES ('36bcb57b-7a29-4463-965d-7dd4a3b9d4be','5cdfb488-1c54-4555-942b-8e63f8414174','tumor','C50.4','2019-04-01','TruSight Oncology 500',0.76,0,'FFPE');
INSERT INTO somatic_mutation VALUES ('ea7ffb15-7ad7-4de9-aca6-079c354fcbdf','36bcb57b-7a29-4463-965d-7dd4a3b9d4be','CCND1','chr11',69465258,'G','T','SNV','missense_variant','p.Pro241Leu',0.1534,138,'oncogenic','COSV52718943','3A','SBS1');
INSERT INTO somatic_mutation VALUES ('06bb6de8-0c02-4c78-8e2b-d696e66563f9','36bcb57b-7a29-4463-965d-7dd4a3b9d4be','BRCA1','chr17',43094464,'T','A','SNV','missense_variant','p.Cys1697Ser',0.4219,111,'pathogenic','COSV52701256','1','SBS3');
INSERT INTO somatic_mutation VALUES ('69d36e70-4095-4982-b220-f974859743af','36bcb57b-7a29-4463-965d-7dd4a3b9d4be','PIK3CA','chr3',179234297,'C','T','SNV','missense_variant','p.His1047Arg',0.2604,196,'oncogenic','COSV52748762','1','SBS1');
INSERT INTO somatic_mutation VALUES ('82359237-a671-4e03-974d-87a61cce0156','36bcb57b-7a29-4463-965d-7dd4a3b9d4be','ERBB2','chr17',39725084,'A','G','SNV','missense_variant','p.Leu755Ser',0.3169,364,'oncogenic','COSV52735019','1','SBS5');
INSERT INTO copy_number_variant VALUES ('e797e210-b9b5-4f6f-8adc-3e01146be11f','36bcb57b-7a29-4463-965d-7dd4a3b9d4be','MYC','chr8',127700000,127800000,1.0,1.08,'neutral',0);
INSERT INTO copy_number_variant VALUES ('d0276522-8d18-4b4d-b1f2-8de65c4b0549','36bcb57b-7a29-4463-965d-7dd4a3b9d4be','CDKN2A','chr9',21967000,21995000,0.7,-1.38,'shallow_deletion',0);
INSERT INTO gene_expression VALUES ('cb5ee0f7-ed29-4e5c-8bc4-b904abee8455','36bcb57b-7a29-4463-965d-7dd4a3b9d4be','ENSG00000091831','ESR1',1020.86,102.09,2552,10.01,99.0);
INSERT INTO gene_expression VALUES ('51021d4a-acc9-4073-92e2-08c04401c7fb','36bcb57b-7a29-4463-965d-7dd4a3b9d4be','ENSG00000141736','ERBB2',32.8,3.28,82,-0.97,35.5);
INSERT INTO gene_expression VALUES ('d3650c8f-16ce-4ea0-9bd3-a622c0250fac','36bcb57b-7a29-4463-965d-7dd4a3b9d4be','ENSG00000148773','MKI67',251.96,25.2,630,1.47,72.0);
INSERT INTO gene_expression VALUES ('3888abd0-56d8-4f22-8452-c3311820a86c','36bcb57b-7a29-4463-965d-7dd4a3b9d4be','ENSG00000141510','TP53',82.32,6.31,75,-0.42,43.7);
INSERT INTO gene_expression VALUES ('f2ccad09-9732-4d3e-a41a-cdedaad6c9e4','36bcb57b-7a29-4463-965d-7dd4a3b9d4be','ENSG00000012048','BRCA1',73.93,5.83,333,-0.51,42.4);
INSERT INTO gene_expression VALUES ('5734bd61-2dab-4db9-9d6e-b5ad4ff180fb','36bcb57b-7a29-4463-965d-7dd4a3b9d4be','ENSG00000139618','BRCA2',42.5,6.64,311,-0.86,37.1);
INSERT INTO gene_expression VALUES ('9f471196-7ecc-429a-845b-52ee18c19cc3','36bcb57b-7a29-4463-965d-7dd4a3b9d4be','ENSG00000171862','PTEN',87.48,4.82,108,-0.36,44.6);
INSERT INTO gene_expression VALUES ('338722c5-32b5-44c9-ad93-a72ecc6c8c9f','36bcb57b-7a29-4463-965d-7dd4a3b9d4be','ENSG00000136997','MYC',67.04,7.82,464,-0.59,41.1);
INSERT INTO protein_expression VALUES ('689b6d2c-fdd9-4a0a-bad2-a39fb157728b','36bcb57b-7a29-4463-965d-7dd4a3b9d4be','ESR1','P03372','IHC',0.8,230.0,6,'NULL');
INSERT INTO protein_expression VALUES ('42647c87-be57-4b59-a15c-a6c794fdb094','36bcb57b-7a29-4463-965d-7dd4a3b9d4be','PGR','P06401','IHC',0.01,151.0,4,'NULL');
INSERT INTO protein_expression VALUES ('6a7349c5-b01f-43f5-875f-6468c6da8883','36bcb57b-7a29-4463-965d-7dd4a3b9d4be','ERBB2','P04626','IHC',-0.81,69.0,2,'pY1248');
INSERT INTO protein_expression VALUES ('a92cc353-742a-4667-8663-3975da305811','36bcb57b-7a29-4463-965d-7dd4a3b9d4be','MKI67','P46013','IHC',-0.66,78.0,0,'NULL');
INSERT INTO epigenetic_mark VALUES ('2845831e-ee74-4227-ba8a-ede5c7361545','36bcb57b-7a29-4463-965d-7dd4a3b9d4be','DNA_methylation','cg15629539',0.023,'-5.409','ESR1','CpG_island',NULL);
INSERT INTO epigenetic_mark VALUES ('82703778-4c6b-4669-95f8-c56baeb240e2','36bcb57b-7a29-4463-965d-7dd4a3b9d4be','DNA_methylation','cg27053763',0.086,'-3.41','BRCA1','promoter',NULL);
INSERT INTO epigenetic_mark VALUES ('37bb18da-fe60-4d61-89a8-b27b010ab9a9','36bcb57b-7a29-4463-965d-7dd4a3b9d4be','H3K27ac','chr17:37800000-37850000',0.16,NULL,'ERBB2','enhancer','0.544');
INSERT INTO ncrna_profile VALUES ('88bac681-3e37-432c-9ba9-ae9173384ff5','36bcb57b-7a29-4463-965d-7dd4a3b9d4be','miRNA','hsa-miR-21-5p','miR-21-5p',3.81,'["PTEN", "PDCD4"]');
INSERT INTO ncrna_profile VALUES ('24e38618-2cec-4a10-b12e-149517b29bdd','36bcb57b-7a29-4463-965d-7dd4a3b9d4be','miRNA','hsa-miR-155-5p','miR-155-5p',4.12,'["SHIP1", "SOCS1"]');
INSERT INTO ncrna_profile VALUES ('c47fbfb7-aaf8-4f82-9fbf-7211027c4436','36bcb57b-7a29-4463-965d-7dd4a3b9d4be','lncRNA','ENSG00000228630','HOTAIR',3.01,'["SHIP1", "SOCS1"]');
INSERT INTO ncrna_profile VALUES ('5ce36473-c781-4c55-9a9c-1c7f5205a609','36bcb57b-7a29-4463-965d-7dd4a3b9d4be','lncRNA','ENSG00000251562','MALAT1',57.06,'["SHIP1", "SOCS1"]');
INSERT INTO metabolomics_profile VALUES ('7dd7e8a6-d8c9-48be-8461-dad9a8118dd6','36bcb57b-7a29-4463-965d-7dd4a3b9d4be','Lactate','HMDB0000190','C00186',0.5,'LC-MS','organic_acid',-1.0);
INSERT INTO metabolomics_profile VALUES ('041f06d3-4722-4cd8-87d2-f667f129f23c','36bcb57b-7a29-4463-965d-7dd4a3b9d4be','Glutamine','HMDB0000641','C00064',0.32,'LC-MS','amino_acid',-1.12);
INSERT INTO metabolomics_profile VALUES ('128ed86e-87b5-47d0-a3b7-e3bd42acfb52','36bcb57b-7a29-4463-965d-7dd4a3b9d4be','Glucose','HMDB0000122','C00031',6.2,'LC-MS','carbohydrate',2.8);
INSERT INTO metabolomics_profile VALUES ('ad88a531-7224-4110-8b42-f7c026beefaf','36bcb57b-7a29-4463-965d-7dd4a3b9d4be','Phosphocholine','HMDB0001565','C00588',0.12,'LC-MS','lipid',-1.25);
INSERT INTO tumor_clone VALUES ('c2376d40-ca8e-4b28-8b99-4aeac2e1b5cf','36bcb57b-7a29-4463-965d-7dd4a3b9d4be','clone_A',0.73,'[]',1,1,0.1358);
INSERT INTO tumor_clone VALUES ('8bdc1e8c-c1f5-455d-8d7b-e8d80648058f','36bcb57b-7a29-4463-965d-7dd4a3b9d4be','clone_B',0.27,'[]',0,2,0.0777);
INSERT INTO cell_cycle_state VALUES ('5b9edcf6-1dbf-45ba-b27f-6f9706368d9c','36bcb57b-7a29-4463-965d-7dd4a3b9d4be',0.71,0.073,0.082,0.135,27.8818,480.0,4.3);
INSERT INTO apoptosis_marker VALUES ('ecca06ac-9c2a-43ef-a80d-c6c09cecc2a4','36bcb57b-7a29-4463-965d-7dd4a3b9d4be',219.0,90.0906,70.0,3.13,0.1866,7.9882,0.7845);
INSERT INTO dna_repair_status VALUES ('70bf1a29-aec2-4da3-b354-63c8a0fb0dc0','36bcb57b-7a29-4463-965d-7dd4a3b9d4be','mutated_somatic','mutated_somatic','proficient_MMR',0.04,8.6,23.3,0,'wildtype');
INSERT INTO metabolic_phenotype VALUES ('92a26f9e-1bd7-43bc-942b-adb6d8ecafc2','36bcb57b-7a29-4463-965d-7dd4a3b9d4be',0.463,64.3664,0.1468,0.3287,0.2907,1.4249,0.7091);
INSERT INTO stemness_profile VALUES ('579e36db-5c6e-42a2-a49b-7045639605f7','36bcb57b-7a29-4463-965d-7dd4a3b9d4be',63.6296,14.2643,17.5797,0.1151,0.264,0.192,0.3618,0.1407);
INSERT INTO drug_resistance_feature VALUES ('673302b1-982d-4257-801a-305d4a51fa3a','36bcb57b-7a29-4463-965d-7dd4a3b9d4be',1.12,0.8549,0.5166,0.3719,'[]',0.8945);
INSERT INTO immune_infiltration VALUES ('1f9ac035-a3f1-4793-898f-13c4f8d04ebc','36bcb57b-7a29-4463-965d-7dd4a3b9d4be',6.7,12.8653,8.2922,6.428,6.9677,10.3132,13.7722,6.4818,3.8813,'CIBERSORT');
INSERT INTO checkpoint_expression VALUES ('b5927045-bc5e-4a0e-95c7-dd7f00be6741','36bcb57b-7a29-4463-965d-7dd4a3b9d4be',10.8,19.44,8.91,11.5123,13.6587,4.5328,9.3321,27.9539);
INSERT INTO cytokine_milieu VALUES ('064abe5c-f8ac-4160-a7a6-7a5473e9c1ec','36bcb57b-7a29-4463-965d-7dd4a3b9d4be',38.2371,8.4949,11.108,28.7128,24.8298,12.3,27.4111,38.8576);
INSERT INTO stromal_composition VALUES ('282f76c8-59dd-45a3-87d3-c9874f711e8d','36bcb57b-7a29-4463-965d-7dd4a3b9d4be',0.284,0.0841,0.1353,0.1608,2.4222,16.3638);
INSERT INTO ecm_profile VALUES ('0bf777d7-7cdc-4377-989a-8663f5c3ac09','36bcb57b-7a29-4463-965d-7dd4a3b9d4be',19.1819,13.5413,10.8712,0.4383,0.4439,0.4868,0.2114);
INSERT INTO hypoxia_vasculature VALUES ('83dc57d5-c55b-4150-97ed-1f3bed796b0a','36bcb57b-7a29-4463-965d-7dd4a3b9d4be',1.14,0.4491,6.8,0.2405,96.4989,199.2475,99.7808,12.9,7.2);
INSERT INTO organ_function VALUES ('494330f5-0445-4b96-8ae6-2c6c745a9f44','5cdfb488-1c54-4555-942b-8e63f8414174','2019-03-30',66.7,1.2004,5.448,15.9382,15.5504,35.8639,61.0,382.5257,1.1159);
INSERT INTO immune_baseline VALUES ('755a1622-c08f-4a7f-bbe7-9006487f27ad','5cdfb488-1c54-4555-942b-8e63f8414174','2019-03-30',5.55,1.26,4.47,3.5476,580.6546,330.3349,473.4691,9.4203);
INSERT INTO hormonal_profile VALUES ('fc19ae6e-3854-472a-ac0f-5afe43044c21','5cdfb488-1c54-4555-942b-8e63f8414174','2019-03-30',15.1,0.69,362.0,43.5561,18.4841,2.8041,6.7206);
INSERT INTO pharmacogenomics VALUES ('aa3b1b63-ee01-4145-86fd-c74f49a35152','5cdfb488-1c54-4555-942b-8e63f8414174','NM','PM','NM','*1/*1','normal',0,'NM');
INSERT INTO body_composition VALUES ('065a6934-f1b6-4715-93a1-f1512324566d','5cdfb488-1c54-4555-942b-8e63f8414174','2019-03-30',34.0,37.8,43.6321,112.6133,44.2907,1.4989);
INSERT INTO microbiome_profile VALUES ('47285386-4a09-4ea5-93df-e3cadc86722d','5cdfb488-1c54-4555-942b-8e63f8414174','2019-03-30','gut','16S_rRNA_V4',3.3273,2.5081,0.0242,'[{"genus": "Bacteroides", "rel": 0.189}, {"genus": "Faecalibacterium", "rel": 0.19}, {"genus": "Akkermansia", "rel": 0.0242}]',0);
INSERT INTO tumor_staging VALUES ('21bbec75-7886-41d7-9f1c-dd3388128e4b','5cdfb488-1c54-4555-942b-8e63f8414174','2019-03-30','8500/3','C50.4','Invasive ductal carcinoma','T4','N3','M1','IV',2,'left');
INSERT INTO imaging_measurement VALUES ('2d62022c-e610-4d3c-9164-551da1a81b34','5cdfb488-1c54-4555-942b-8e63f8414174','2019-03-06','MRI','L1','primary_left_breast',13.4,1259.8331,2.9623,'SD','{"entropy": 5.8, "sphericity": 0.86}');
INSERT INTO pathology_report VALUES ('5f1a3c5f-11e8-4bf6-a66d-b108a5e8f598','5cdfb488-1c54-4555-942b-8e63f8414174','2019-03-30','core_needle_biopsy','R0',4,18,0,0,0.0);
INSERT INTO performance_status VALUES ('81638c17-4047-455c-a103-fe4b540bb610','5cdfb488-1c54-4555-942b-8e63f8414174','2019-03-30',1,93,1,36.5049);
INSERT INTO liquid_biopsy VALUES ('c05f215e-b732-4322-9159-0a7af3009371','5cdfb488-1c54-4555-942b-8e63f8414174','2019-03-30',0.0808,36.36,8,'[]','detected',7.575);
INSERT INTO treatment_regimen VALUES ('b9548861-0aee-4b2c-9306-7ee10b766838','5cdfb488-1c54-4555-942b-8e63f8414174',1,'Palbociclib+Let','palliative','2019-05-09','2019-10-13','planned_completion','PR',666);
INSERT INTO treatment_drug_dose VALUES ('39649b6f-13d1-4a6d-91d8-b5747a0f7c83','b9548861-0aee-4b2c-9306-7ee10b766838','14234f22-ddb9-4e92-883c-bd55730bb629','2019-05-09',71.0,67.0,5.6,'IV',1,1.5634);
INSERT INTO adverse_event VALUES ('d376262e-4089-4729-a54b-041c84884d4f','5cdfb488-1c54-4555-942b-8e63f8414174','b9548861-0aee-4b2c-9306-7ee10b766838','Fatigue',4,'2019-07-04','2019-09-01','probable','dose_reduction');
INSERT INTO adverse_event VALUES ('6ab33131-151e-466d-8fd3-30919071c99b','5cdfb488-1c54-4555-942b-8e63f8414174','b9548861-0aee-4b2c-9306-7ee10b766838','Arthralgia',1,'2019-05-21','2019-07-12','probable','none');
INSERT INTO adverse_event VALUES ('2db41449-9031-4725-a9c7-ac8a5a1b35c6','5cdfb488-1c54-4555-942b-8e63f8414174','b9548861-0aee-4b2c-9306-7ee10b766838','Diarrhoea',1,'2019-08-05','2019-09-05','probable','none');
INSERT INTO adverse_event VALUES ('bbca39b3-3a39-4c9c-a5fd-d6b55364bf61','5cdfb488-1c54-4555-942b-8e63f8414174','b9548861-0aee-4b2c-9306-7ee10b766838','Hand-foot syndrome',4,'2019-08-01','2019-08-22','probable','dose_reduction');
INSERT INTO carcinogen_exposure VALUES ('3c3b4eff-3159-4197-9a4c-4ba9acc3160f','5cdfb488-1c54-4555-942b-8e63f8414174','never',0.0,0.0,21.6568,55.32,'[]',0.0,0);
INSERT INTO diet_nutrition VALUES ('25b59741-687f-4b40-91c5-f067ba55b0bf','5cdfb488-1c54-4555-942b-8e63f8414174','2019-03-30','FFQ',2493.9152,62.7207,238.3752,70.3377,23.5216,89.0929,9.1147,6.1337,'Mediterranean');
INSERT INTO physical_activity VALUES ('e02a188a-493d-4811-9cca-d0c96bb09414','5cdfb488-1c54-4555-942b-8e63f8414174','2019-03-30',502.9966,106.9069,101.5402,6.5779,28.9296,9699,21.5153);
INSERT INTO stress_psychology VALUES ('cf048549-6d5e-4b16-8a1e-1335fe4024f1','5cdfb488-1c54-4555-942b-8e63f8414174','2019-03-30',14,10,7,68.7508,224.44,7.6235,9);
INSERT INTO environmental_exposure VALUES ('484224bd-709e-4778-8e02-494dcb3ecd40','5cdfb488-1c54-4555-942b-8e63f8414174','2019-03-30',2.0,24.5806,53.5042,'negative',NULL,'negative','negative',11.7978,'naive');
INSERT INTO socioeconomic_context VALUES ('9a7efd52-5eac-4514-8cd1-d57126330c3a','5cdfb488-1c54-4555-942b-8e63f8414174','2019-03-30',37.7092,'public_Medicaid',0.7708,0.53,60.8008,'employed_full_time',46.1224,22);
INSERT INTO circadian_profile VALUES ('8d873f8c-05b8-4b98-a92f-12a4ff06f060','5cdfb488-1c54-4555-942b-8e63f8414174','2019-03-30','evening',83.1897,20.5613,'22:38',638.12,0,14);

-- Patient 64: HR+ metastatic
INSERT INTO patient VALUES ('6754d206-478c-471d-bc9a-95c76b6348b7','MRN-3689388','1967-12-28','female','South Asian','{"EUR": 0.89, "AFR": 0.16}','2020-11-12','2020-11-12');
INSERT INTO genomic_sample VALUES ('b810847c-2585-49bc-8c96-063bda3f0fe7','6754d206-478c-471d-bc9a-95c76b6348b7','tumor','C50.4','2020-11-17','Guardant360',0.37,0,'FFPE');
INSERT INTO somatic_mutation VALUES ('aa49ebb6-77a9-4b7d-9a0c-883cc358c0f5','b810847c-2585-49bc-8c96-063bda3f0fe7','MAP3K1','chr5',56115628,'G','A','SNV','missense_variant','p.Glu1298Lys',0.1918,325,'oncogenic','COSV52721033','3A','SBS1');
INSERT INTO somatic_mutation VALUES ('67fab23b-0710-40da-a1d4-160f9a4325da','b810847c-2585-49bc-8c96-063bda3f0fe7','ERBB2','chr17',39725084,'A','G','SNV','missense_variant','p.Leu755Ser',0.2648,133,'oncogenic','COSV52735019','1','SBS5');
INSERT INTO somatic_mutation VALUES ('0beae43e-6450-48f5-9dc1-c412da17eba1','b810847c-2585-49bc-8c96-063bda3f0fe7','BRCA2','chr13',32338709,'A','T','SNV','stop_gained','p.Lys1690Ter',0.4101,150,'pathogenic','COSV52712043','1','SBS3');
INSERT INTO copy_number_variant VALUES ('79ecbe9b-1a01-40ca-97d9-404c790facff','b810847c-2585-49bc-8c96-063bda3f0fe7','MYC','chr8',127700000,127800000,6.8,1.42,'neutral',0);
INSERT INTO copy_number_variant VALUES ('0ac2054a-00da-4452-8d56-a63aff434cba','b810847c-2585-49bc-8c96-063bda3f0fe7','CDKN2A','chr9',21967000,21995000,0.0,-3.0,'shallow_deletion',0);
INSERT INTO gene_expression VALUES ('4bf5e05f-cc05-48eb-94ae-d2286e769af3','b810847c-2585-49bc-8c96-063bda3f0fe7','ENSG00000091831','ESR1',720.62,72.06,1802,6.67,99.0);
INSERT INTO gene_expression VALUES ('d933e831-6e31-4b69-94b5-d0c98bccb0dc','b810847c-2585-49bc-8c96-063bda3f0fe7','ENSG00000141736','ERBB2',21.7,2.17,54,-1.09,33.6);
INSERT INTO gene_expression VALUES ('c6daa5d7-5b01-4a5e-bc2c-58ff603d6b86','b810847c-2585-49bc-8c96-063bda3f0fe7','ENSG00000148773','MKI67',142.02,14.2,355,0.24,53.6);
INSERT INTO gene_expression VALUES ('d869a287-9089-44cd-a2c2-eacef3b960e7','b810847c-2585-49bc-8c96-063bda3f0fe7','ENSG00000141510','TP53',64.75,6.6,335,-0.61,40.9);
INSERT INTO gene_expression VALUES ('c44caf66-5b7d-485d-ae63-8efb11f7e6e1','b810847c-2585-49bc-8c96-063bda3f0fe7','ENSG00000012048','BRCA1',23.76,2.18,123,-1.07,34.0);
INSERT INTO gene_expression VALUES ('67b0e24f-17a4-49ce-a784-1730846f9acf','b810847c-2585-49bc-8c96-063bda3f0fe7','ENSG00000139618','BRCA2',28.38,4.92,92,-1.02,34.7);
INSERT INTO gene_expression VALUES ('02565f58-be5b-4398-afd3-507a447df754','b810847c-2585-49bc-8c96-063bda3f0fe7','ENSG00000171862','PTEN',71.98,6.31,571,-0.53,42.0);
INSERT INTO gene_expression VALUES ('8635abf0-6441-4e7b-ad36-a801825e0cac','b810847c-2585-49bc-8c96-063bda3f0fe7','ENSG00000136997','MYC',170.7,6.38,240,0.56,58.4);
INSERT INTO protein_expression VALUES ('213d72c4-193c-4759-ae63-7100b499efc2','b810847c-2585-49bc-8c96-063bda3f0fe7','ESR1','P03372','IHC',1.26,276.0,7,'NULL');
INSERT INTO protein_expression VALUES ('50b5dfb2-a806-4289-951c-b43579362d18','b810847c-2585-49bc-8c96-063bda3f0fe7','PGR','P06401','IHC',0.12,162.0,4,'NULL');
INSERT INTO protein_expression VALUES ('54896d8a-b5c3-4086-b2b2-4398cc3f4c03','b810847c-2585-49bc-8c96-063bda3f0fe7','ERBB2','P04626','IHC',-0.94,56.0,1,'pY1248');
INSERT INTO protein_expression VALUES ('16b9642c-ccdc-494e-bcf4-f5a454340d15','b810847c-2585-49bc-8c96-063bda3f0fe7','MKI67','P46013','IHC',-0.9,56.0,0,'NULL');
INSERT INTO epigenetic_mark VALUES ('f616cdec-7537-43cc-80a5-c686d620eff5','b810847c-2585-49bc-8c96-063bda3f0fe7','DNA_methylation','cg15629539',0.074,'-3.645','ESR1','CpG_island',NULL);
INSERT INTO epigenetic_mark VALUES ('51b7c12e-ae4b-4a27-ac0e-cba8e607b892','b810847c-2585-49bc-8c96-063bda3f0fe7','DNA_methylation','cg27053763',0.125,'-2.807','BRCA1','promoter',NULL);
INSERT INTO epigenetic_mark VALUES ('c3f3a5d1-2610-4349-82b8-1cbd3331eecd','b810847c-2585-49bc-8c96-063bda3f0fe7','H3K27ac','chr17:37800000-37850000',0.01,NULL,'ERBB2','enhancer','1.077');
INSERT INTO ncrna_profile VALUES ('cbdffa2e-122b-4ac6-bae3-39b5f0e85426','b810847c-2585-49bc-8c96-063bda3f0fe7','miRNA','hsa-miR-21-5p','miR-21-5p',1.5,'["PTEN", "PDCD4"]');
INSERT INTO ncrna_profile VALUES ('82681011-4e05-42c2-947b-3a41beaaad39','b810847c-2585-49bc-8c96-063bda3f0fe7','miRNA','hsa-miR-155-5p','miR-155-5p',5.55,'["SHIP1", "SOCS1"]');
INSERT INTO ncrna_profile VALUES ('118526d7-2ade-462f-8a7e-06c8bac63e64','b810847c-2585-49bc-8c96-063bda3f0fe7','lncRNA','ENSG00000228630','HOTAIR',3.2,'["SHIP1", "SOCS1"]');
INSERT INTO ncrna_profile VALUES ('3e49c588-504e-4518-9b09-2aaabec05bb0','b810847c-2585-49bc-8c96-063bda3f0fe7','lncRNA','ENSG00000251562','MALAT1',46.04,'["SHIP1", "SOCS1"]');
INSERT INTO metabolomics_profile VALUES ('b0ab7cf3-85d3-42fa-9d28-30ab1137a282','b810847c-2585-49bc-8c96-063bda3f0fe7','Lactate','HMDB0000190','C00186',1.77,'LC-MS','organic_acid',-0.15);
INSERT INTO metabolomics_profile VALUES ('3c93e927-0ed6-4ab0-8b21-d4a3b25b7ddc','b810847c-2585-49bc-8c96-063bda3f0fe7','Glutamine','HMDB0000641','C00064',0.45,'LC-MS','amino_acid',-1.03);
INSERT INTO metabolomics_profile VALUES ('d7555934-0497-483e-8f9d-aa61da882c69','b810847c-2585-49bc-8c96-063bda3f0fe7','Glucose','HMDB0000122','C00031',6.35,'LC-MS','carbohydrate',2.9);
INSERT INTO metabolomics_profile VALUES ('5a488ffa-3aa6-4995-be03-3f1c1cc86961','b810847c-2585-49bc-8c96-063bda3f0fe7','Phosphocholine','HMDB0001565','C00588',0.27,'LC-MS','lipid',-1.15);
INSERT INTO tumor_clone VALUES ('8673c03d-2a76-4e41-a5d8-5d9e035e07b3','b810847c-2585-49bc-8c96-063bda3f0fe7','clone_A',0.74,'[]',1,1,0.1017);
INSERT INTO tumor_clone VALUES ('ce7297fa-195d-40d2-a42b-f1a516ed0c23','b810847c-2585-49bc-8c96-063bda3f0fe7','clone_B',0.26,'[]',0,2,0.108);
INSERT INTO cell_cycle_state VALUES ('3b108c70-fcc6-4598-9802-c6e1fa5d8645','b810847c-2585-49bc-8c96-063bda3f0fe7',0.768,0.116,0.067,0.049,20.0078,480.0,1.3);
INSERT INTO apoptosis_marker VALUES ('eda56570-614e-475c-821a-c6402e22f55c','b810847c-2585-49bc-8c96-063bda3f0fe7',141.0,77.4687,99.0,1.42,0.1709,4.6968,1.0172);
INSERT INTO dna_repair_status VALUES ('9ca8e104-ae20-4334-acf2-e3f0e50a0f4f','b810847c-2585-49bc-8c96-063bda3f0fe7','mutated_somatic','mutated_somatic','proficient_MMR',0.04,6.5,13.1,0,'wildtype');
INSERT INTO metabolic_phenotype VALUES ('0ceaf70e-d01c-47bd-beef-3a41e9618442','b810847c-2585-49bc-8c96-063bda3f0fe7',0.574,75.3087,0.56,0.3941,0.3464,1.4763,0.5571);
INSERT INTO stemness_profile VALUES ('8be655c2-f701-48dc-a5ad-d8dde1844ea0','b810847c-2585-49bc-8c96-063bda3f0fe7',50.674,14.7574,0.0,0.1591,0.287,0.248,0.3027,0.02);
INSERT INTO drug_resistance_feature VALUES ('dec31842-5fe6-41e5-b2ea-0c8bf87c0337','b810847c-2585-49bc-8c96-063bda3f0fe7',0.65,0.5466,0.3539,1.2605,'[]',0.0694);
INSERT INTO immune_infiltration VALUES ('37e89768-92f0-46fb-b3cc-bd74eb066e40','b810847c-2585-49bc-8c96-063bda3f0fe7',3.0,19.5543,8.604,3.9535,6.8977,5.2223,20.6997,7.4717,4.424,'CIBERSORT');
INSERT INTO checkpoint_expression VALUES ('1c89b833-f342-4d01-85bc-afeecfa9bee6','b810847c-2585-49bc-8c96-063bda3f0fe7',19.0,34.2,5.2647,12.1737,12.7092,10.3587,7.8001,18.0747);
INSERT INTO cytokine_milieu VALUES ('56ca1866-d8aa-43f8-a6a5-428ec14914a8','b810847c-2585-49bc-8c96-063bda3f0fe7',42.6369,10.7201,6.8366,23.6531,26.6332,15.9,32.3634,119.1486);
INSERT INTO stromal_composition VALUES ('217ac517-5bd4-492b-83ae-ba1f9a3df2c3','b810847c-2585-49bc-8c96-063bda3f0fe7',0.2418,0.0912,0.129,0.5844,1.0747,29.0274);
INSERT INTO ecm_profile VALUES ('01de760b-56f2-4628-baae-9bfc4a3f66e5','b810847c-2585-49bc-8c96-063bda3f0fe7',15.2165,9.3304,12.6581,0.617,0.4778,0.7628,0.3448);
INSERT INTO hypoxia_vasculature VALUES ('1da26fce-813e-42d9-9b30-187cec5b44ec','b810847c-2585-49bc-8c96-063bda3f0fe7',0.86,0.5483,6.8,0.218,91.0858,96.3831,69.9134,12.7,7.34);
INSERT INTO organ_function VALUES ('0a280040-58e2-4eb5-b1e6-0cf03b10aa48','6754d206-478c-471d-bc9a-95c76b6348b7','2020-11-12',81.4,1.3768,26.2389,11.1468,10.8927,36.3009,61.2,402.6526,0.9402);
INSERT INTO immune_baseline VALUES ('b105d461-e031-485f-b0cf-fbd27bdc9705','6754d206-478c-471d-bc9a-95c76b6348b7','2020-11-12',5.24,1.06,3.94,3.717,414.16,341.1145,253.5034,9.2345);
INSERT INTO hormonal_profile VALUES ('1b990468-4380-4894-90e4-7ef078bf57ac','6754d206-478c-471d-bc9a-95c76b6348b7','2020-11-12',2.0,0.54,332.0,43.7021,19.1196,2.188,7.559);
INSERT INTO pharmacogenomics VALUES ('481f4b1c-acef-4cfb-9a42-d6774d600bc2','6754d206-478c-471d-bc9a-95c76b6348b7','NM','NM','NM','*1/*1','normal',0,'NM');
INSERT INTO body_composition VALUES ('417d3f81-6498-4274-951a-98cce390bbc0','6754d206-478c-471d-bc9a-95c76b6348b7','2020-11-12',22.3,52.0,33.5733,125.3355,34.6054,1.747);
INSERT INTO microbiome_profile VALUES ('917a478c-ef79-4e4b-800f-b7c90139d141','6754d206-478c-471d-bc9a-95c76b6348b7','2020-11-12','gut','16S_rRNA_V4',3.9553,2.2567,0.0,'[{"genus": "Bacteroides", "rel": 0.276}, {"genus": "Faecalibacterium", "rel": 0.137}, {"genus": "Akkermansia", "rel": 0.0}]',1);
INSERT INTO tumor_staging VALUES ('eae983fd-3d45-4b28-bf7b-2d20b809f1bc','6754d206-478c-471d-bc9a-95c76b6348b7','2020-11-12','8500/3','C50.4','Invasive ductal carcinoma','T4','N3','M1','IV',1,'left');
INSERT INTO imaging_measurement VALUES ('6b463fdc-7bc2-44a5-8d34-972162f563f2','6754d206-478c-471d-bc9a-95c76b6348b7','2020-11-07','MRI','L1','primary_left_breast',9.5,448.9205,3.3557,'SD','{"entropy": 6.29, "sphericity": 0.87}');
INSERT INTO pathology_report VALUES ('86bd66a8-972c-4533-a311-b3a9e8d9a0b9','6754d206-478c-471d-bc9a-95c76b6348b7','2020-11-12','core_needle_biopsy','R0',8,8,0,0,0.0);
INSERT INTO performance_status VALUES ('167b6477-b4dc-487a-9229-2fe7668afea4','6754d206-478c-471d-bc9a-95c76b6348b7','2020-11-12',2,73,3,33.0436);
INSERT INTO liquid_biopsy VALUES ('d85a7d8d-5631-4a0a-95da-cd60b40d30c5','6754d206-478c-471d-bc9a-95c76b6348b7','2020-11-12',0.0835,37.575,1,'[]','detected',11.2212);
INSERT INTO treatment_regimen VALUES ('4873bdbc-940a-415c-be47-7712fda61715','6754d206-478c-471d-bc9a-95c76b6348b7',1,'Palbociclib+Let','palliative','2020-12-05','2021-10-18','planned_completion','PR',369);
INSERT INTO treatment_drug_dose VALUES ('c80a7798-3d3d-4210-89b0-72a0c2e8f94a','4873bdbc-940a-415c-be47-7712fda61715','14234f22-ddb9-4e92-883c-bd55730bb629','2020-12-05',70.0,67.0,4.3,'IV',1,1.2798);
INSERT INTO adverse_event VALUES ('5fff4828-b6a0-4254-8887-60c2f76ae241','6754d206-478c-471d-bc9a-95c76b6348b7','4873bdbc-940a-415c-be47-7712fda61715','Peripheral sensory neuropathy',1,'2021-02-25','2021-03-12','probable','none');
INSERT INTO adverse_event VALUES ('7a8e40ab-64e6-4aa6-ac6a-8b9a8a2c0031','6754d206-478c-471d-bc9a-95c76b6348b7','4873bdbc-940a-415c-be47-7712fda61715','Diarrhoea',1,'2021-02-05','2021-02-22','probable','none');
INSERT INTO adverse_event VALUES ('3365ef4a-7e59-4a01-916c-b86867254670','6754d206-478c-471d-bc9a-95c76b6348b7','4873bdbc-940a-415c-be47-7712fda61715','Fatigue',2,'2020-12-30','2021-02-05','probable','none');
INSERT INTO adverse_event VALUES ('a64d7c90-af43-471c-ae0c-67fdb3181067','6754d206-478c-471d-bc9a-95c76b6348b7','4873bdbc-940a-415c-be47-7712fda61715','Hand-foot syndrome',2,'2021-01-23','2021-02-03','probable','none');
INSERT INTO carcinogen_exposure VALUES ('5102c9a4-34b3-48ea-9ade-1b01ad7c08aa','6754d206-478c-471d-bc9a-95c76b6348b7','never',0.0,8.0981,5.017,82.1128,'[]',0.0,0);
INSERT INTO diet_nutrition VALUES ('01923d73-cd6c-483c-86f7-77f7b39b3a25','6754d206-478c-471d-bc9a-95c76b6348b7','2020-11-12','FFQ',1690.2185,66.6241,174.8201,94.6503,30.2339,43.1089,26.2184,0.0,'Western');
INSERT INTO physical_activity VALUES ('5a5619e5-1ef6-44a6-ac26-6965a06808f2','6754d206-478c-471d-bc9a-95c76b6348b7','2020-11-12',616.4113,54.6015,217.6574,10.8267,28.1667,9314,36.6356);
INSERT INTO stress_psychology VALUES ('be19ee38-2fa3-4ff5-a318-2df1244ca3be','6754d206-478c-471d-bc9a-95c76b6348b7','2020-11-12',16,8,0,29.2247,205.84,8.2802,12);
INSERT INTO environmental_exposure VALUES ('31708ba5-81c3-4c99-aa30-8aadca096e97','6754d206-478c-471d-bc9a-95c76b6348b7','2020-11-12',13.7802,30.2575,40.0976,'negative',NULL,'negative','negative',10.2141,'naive');
INSERT INTO socioeconomic_context VALUES ('85c2ad8b-6e3a-452e-9d0c-96303cf721d6','6754d206-478c-471d-bc9a-95c76b6348b7','2020-11-12',52.4444,'private',0.756,0.5967,100.0,'employed_part_time',16.0434,19);
INSERT INTO circadian_profile VALUES ('f87b8c59-0a52-4965-8bf0-db9c23e31e77','6754d206-478c-471d-bc9a-95c76b6348b7','2020-11-12','intermediate',81.6503,28.3295,'22:17',441.2186,1,8);

-- Patient 65: HR+/HER2+
INSERT INTO patient VALUES ('5af8204f-f073-4362-9cef-8f32157e2e5f','MRN-5818021','1974-03-31','female','East Asian','{"EUR": 0.17, "AFR": 0.3}','2023-10-18','2023-10-18');
INSERT INTO genomic_sample VALUES ('8e1e0f5b-3e0d-445e-a31d-94de516410fb','5af8204f-f073-4362-9cef-8f32157e2e5f','tumor','C50.4','2023-10-21','Tempus xT',0.41,0,'FFPE');
INSERT INTO somatic_mutation VALUES ('71476b81-52ef-4d57-adfb-fac67bcde78a','8e1e0f5b-3e0d-445e-a31d-94de516410fb','PIK3CA','chr3',179234297,'C','T','SNV','missense_variant','p.His1047Arg',0.3305,110,'oncogenic','COSV52748762','1','SBS1');
INSERT INTO somatic_mutation VALUES ('25f106d8-9f51-4b30-a402-af61d22ffd49','8e1e0f5b-3e0d-445e-a31d-94de516410fb','BRCA2','chr13',32338709,'A','T','SNV','stop_gained','p.Lys1690Ter',0.3899,126,'pathogenic','COSV52712043','1','SBS3');
INSERT INTO somatic_mutation VALUES ('06e9a529-a198-4070-a6b9-a7b248e3f3b1','8e1e0f5b-3e0d-445e-a31d-94de516410fb','TP53','chr17',7674220,'G','A','SNV','missense_variant','p.Arg248Trp',0.4931,80,'oncogenic','COSV52743007','1','SBS5');
INSERT INTO somatic_mutation VALUES ('964a8e02-e7fc-4ff5-b0f9-346baef7aae7','8e1e0f5b-3e0d-445e-a31d-94de516410fb','CCND1','chr11',69465258,'G','T','SNV','missense_variant','p.Pro241Leu',0.2786,392,'oncogenic','COSV52718943','3A','SBS1');
INSERT INTO somatic_mutation VALUES ('a4103b88-a85a-42a3-a1e3-a6d370130297','8e1e0f5b-3e0d-445e-a31d-94de516410fb','ERBB2','chr17',39725084,'A','G','SNV','missense_variant','p.Leu755Ser',0.3093,135,'oncogenic','COSV52735019','1','SBS5');
INSERT INTO copy_number_variant VALUES ('d89988cb-bd88-401f-b443-f48278cfc43e','8e1e0f5b-3e0d-445e-a31d-94de516410fb','ERBB2','chr17',37800000,38200000,18.0,4.07,'amplification',1);
INSERT INTO copy_number_variant VALUES ('8254495c-95a5-4b74-a972-1b934c216382','8e1e0f5b-3e0d-445e-a31d-94de516410fb','MYC','chr8',127700000,127800000,5.3,0.1,'amplification',0);
INSERT INTO copy_number_variant VALUES ('2ed7ee32-78d4-4bde-878d-4d0e3773c05b','8e1e0f5b-3e0d-445e-a31d-94de516410fb','CDKN2A','chr9',21967000,21995000,0.3,-0.86,'shallow_deletion',0);
INSERT INTO gene_expression VALUES ('c1b722b8-4c7e-446f-b9d8-1388a3c33d4d','8e1e0f5b-3e0d-445e-a31d-94de516410fb','ENSG00000091831','ESR1',719.85,71.98,1800,6.67,99.0);
INSERT INTO gene_expression VALUES ('c118cdaa-e9b0-44f0-8d50-bd7cae91a50b','8e1e0f5b-3e0d-445e-a31d-94de516410fb','ENSG00000141736','ERBB2',242.8,24.28,607,1.36,70.4);
INSERT INTO gene_expression VALUES ('bc137fac-d04c-47e6-a479-182656e6f685','8e1e0f5b-3e0d-445e-a31d-94de516410fb','ENSG00000148773','MKI67',187.1,18.71,468,0.75,61.2);
INSERT INTO gene_expression VALUES ('a437d708-2f09-4e0d-80fb-0beaf61ebf75','8e1e0f5b-3e0d-445e-a31d-94de516410fb','ENSG00000141510','TP53',57.5,5.83,286,-0.69,39.6);
INSERT INTO gene_expression VALUES ('d6957ec0-703d-4ff4-9331-7581d1deb404','8e1e0f5b-3e0d-445e-a31d-94de516410fb','ENSG00000012048','BRCA1',63.04,6.48,200,-0.63,40.5);
INSERT INTO gene_expression VALUES ('7becec52-6851-47bf-ab31-5b1bee086169','8e1e0f5b-3e0d-445e-a31d-94de516410fb','ENSG00000139618','BRCA2',45.77,4.96,287,-0.82,37.7);
INSERT INTO gene_expression VALUES ('87d14c40-5937-47ac-99ee-31434d886220','8e1e0f5b-3e0d-445e-a31d-94de516410fb','ENSG00000171862','PTEN',60.29,9.54,148,-0.66,40.1);
INSERT INTO gene_expression VALUES ('4c82e82a-2164-44b8-b7f9-1e358003a6ab','8e1e0f5b-3e0d-445e-a31d-94de516410fb','ENSG00000136997','MYC',117.34,2.65,399,-0.03,49.5);
INSERT INTO protein_expression VALUES ('c857f2ad-2674-4068-b8a5-be7b4d0fcca7','8e1e0f5b-3e0d-445e-a31d-94de516410fb','ESR1','P03372','IHC',0.65,215.0,5,'NULL');
INSERT INTO protein_expression VALUES ('541715a6-224c-4dd5-9840-99045ab40666','8e1e0f5b-3e0d-445e-a31d-94de516410fb','PGR','P06401','IHC',0.17,167.0,4,'NULL');
INSERT INTO protein_expression VALUES ('657d41e5-fd86-4b99-aba4-0e6c5c2a0948','8e1e0f5b-3e0d-445e-a31d-94de516410fb','ERBB2','P04626','IHC',0.95,245.0,6,'pY1248');
INSERT INTO protein_expression VALUES ('08b977ad-f1a5-4774-a09d-566cbc0808b9','8e1e0f5b-3e0d-445e-a31d-94de516410fb','MKI67','P46013','IHC',-0.87,58.0,0,'NULL');
INSERT INTO epigenetic_mark VALUES ('45f694a3-2ad6-401c-bd8b-f3f065ef340d','8e1e0f5b-3e0d-445e-a31d-94de516410fb','DNA_methylation','cg15629539',0.168,'-2.308','ESR1','CpG_island',NULL);
INSERT INTO epigenetic_mark VALUES ('042cd3d4-9383-4afe-b7db-e1648f5b219a','8e1e0f5b-3e0d-445e-a31d-94de516410fb','DNA_methylation','cg27053763',0.216,'-1.86','BRCA1','promoter',NULL);
INSERT INTO epigenetic_mark VALUES ('9b642e0a-d314-46df-8666-16c4f0a042d1','8e1e0f5b-3e0d-445e-a31d-94de516410fb','H3K27ac','chr17:37800000-37850000',0.092,NULL,'ERBB2','enhancer','5.002');
INSERT INTO ncrna_profile VALUES ('73834831-f12e-4657-9828-e90e5b07e89e','8e1e0f5b-3e0d-445e-a31d-94de516410fb','miRNA','hsa-miR-21-5p','miR-21-5p',3.5,'["PTEN", "PDCD4"]');
INSERT INTO ncrna_profile VALUES ('c58ec440-ddee-459a-acda-61675bbf93bd','8e1e0f5b-3e0d-445e-a31d-94de516410fb','miRNA','hsa-miR-155-5p','miR-155-5p',1.87,'["SHIP1", "SOCS1"]');
INSERT INTO ncrna_profile VALUES ('2efb9232-8247-49b9-af7b-849f1494ae9f','8e1e0f5b-3e0d-445e-a31d-94de516410fb','lncRNA','ENSG00000228630','HOTAIR',2.0,'["SHIP1", "SOCS1"]');
INSERT INTO ncrna_profile VALUES ('9c724ea2-b795-4f62-a34a-b84725ab7b54','8e1e0f5b-3e0d-445e-a31d-94de516410fb','lncRNA','ENSG00000251562','MALAT1',39.77,'["SHIP1", "SOCS1"]');
INSERT INTO metabolomics_profile VALUES ('d00db4a8-3a83-4a44-9ebb-ddc0da30f549','8e1e0f5b-3e0d-445e-a31d-94de516410fb','Lactate','HMDB0000190','C00186',2.12,'LC-MS','organic_acid',0.08);
INSERT INTO metabolomics_profile VALUES ('d172690b-d083-47ac-9134-4f7fbc0daad3','8e1e0f5b-3e0d-445e-a31d-94de516410fb','Glutamine','HMDB0000641','C00064',0.41,'LC-MS','amino_acid',-1.06);
INSERT INTO metabolomics_profile VALUES ('4b2bbd77-018c-4c23-94b7-a17b793fd75f','8e1e0f5b-3e0d-445e-a31d-94de516410fb','Glucose','HMDB0000122','C00031',6.6,'LC-MS','carbohydrate',3.07);
INSERT INTO metabolomics_profile VALUES ('bc2ca310-07d0-4976-88f4-02e62aba7b31','8e1e0f5b-3e0d-445e-a31d-94de516410fb','Phosphocholine','HMDB0001565','C00588',0.19,'LC-MS','lipid',-1.21);
INSERT INTO tumor_clone VALUES ('9ae724bd-1761-4f8f-879d-4594d7489d4f','8e1e0f5b-3e0d-445e-a31d-94de516410fb','clone_A',0.62,'[]',1,1,0.1335);
INSERT INTO tumor_clone VALUES ('825edf3a-da3d-4eac-9f6c-aabdd2646c5e','8e1e0f5b-3e0d-445e-a31d-94de516410fb','clone_B',0.38,'[]',0,2,0.01);
INSERT INTO cell_cycle_state VALUES ('afb4c816-06b0-45f2-a677-d1ef30584603','8e1e0f5b-3e0d-445e-a31d-94de516410fb',0.707,0.099,0.038,0.156,20.852,480.0,3.8);
INSERT INTO apoptosis_marker VALUES ('a108ee00-843a-48a1-8301-266e82922e5f','8e1e0f5b-3e0d-445e-a31d-94de516410fb',120.0,142.0656,137.0,0.88,0.1753,3.7431,0.7955);
INSERT INTO dna_repair_status VALUES ('a4c29556-142b-42e1-8f0f-4b933ec2b252','8e1e0f5b-3e0d-445e-a31d-94de516410fb','mutated_somatic','mutated_somatic','proficient_MMR',0.04,7.1,20.8,0,'wildtype');
INSERT INTO metabolic_phenotype VALUES ('d72b6af3-cea1-4397-93de-28e00a778ffe','8e1e0f5b-3e0d-445e-a31d-94de516410fb',0.544,75.218,0.2455,0.435,0.3226,0.9575,0.8745);
INSERT INTO stemness_profile VALUES ('c2f56e15-8189-4634-a273-7364f60617d1','8e1e0f5b-3e0d-445e-a31d-94de516410fb',26.1968,20.5659,13.4677,0.1096,0.162,0.321,0.3792,0.1379);
INSERT INTO drug_resistance_feature VALUES ('5ae6065d-6613-4e69-9520-e405e8b35532','8e1e0f5b-3e0d-445e-a31d-94de516410fb',0.3,0.6428,0.4638,1.0729,'[]',0.3855);
INSERT INTO immune_infiltration VALUES ('d941c90c-3dcc-4d10-a540-15472bc8fb28','8e1e0f5b-3e0d-445e-a31d-94de516410fb',9.3,19.1628,3.6122,2.4831,5.9332,11.5703,13.1177,4.469,13.6964,'CIBERSORT');
INSERT INTO checkpoint_expression VALUES ('3e5ee9a4-08e7-471e-adfa-9300a70246eb','8e1e0f5b-3e0d-445e-a31d-94de516410fb',24.5,44.1,9.2524,8.2591,14.3954,6.6948,9.6056,30.3757);
INSERT INTO cytokine_milieu VALUES ('ca947528-056c-41f0-9dc2-9c968dea8c78','8e1e0f5b-3e0d-445e-a31d-94de516410fb',22.531,16.6913,5.7315,24.2066,23.3908,27.5,35.8537,152.7967);
INSERT INTO stromal_composition VALUES ('ea188c26-d2b8-4970-a396-fa9c4fcf65bc','8e1e0f5b-3e0d-445e-a31d-94de516410fb',0.2226,0.0602,0.1503,0.4008,3.689,32.856);
INSERT INTO ecm_profile VALUES ('265cf9d0-451e-4efb-8755-587e1af1a993','8e1e0f5b-3e0d-445e-a31d-94de516410fb',7.2089,5.387,20.1716,0.457,0.3231,0.271,0.4277);
INSERT INTO hypoxia_vasculature VALUES ('d18eeb11-fd98-4bf4-8b61-1855257171df','8e1e0f5b-3e0d-445e-a31d-94de516410fb',0.73,0.1,6.3,0.1212,93.4477,192.2315,125.9054,26.8,7.07);
INSERT INTO organ_function VALUES ('9f09c054-f62c-4f3c-88f3-b2b1e34a6335','5af8204f-f073-4362-9cef-8f32157e2e5f','2023-10-18',87.3,1.4476,20.7153,21.3695,11.9324,36.416,64.1,423.2531,1.1633);
INSERT INTO immune_baseline VALUES ('17caa1c5-2a02-4c10-aa19-516e23bf2a2d','5af8204f-f073-4362-9cef-8f32157e2e5f','2023-10-18',6.24,2.68,4.82,1.7985,562.9485,397.1987,264.1839,8.3865);
INSERT INTO hormonal_profile VALUES ('4f7bf7ff-4d79-4e71-8c03-9e6d07c404e4','5af8204f-f073-4362-9cef-8f32157e2e5f','2023-10-18',185.6,0.97,533.0,56.4744,20.7056,2.3493,7.7141);
INSERT INTO pharmacogenomics VALUES ('3c5c4e90-af36-461d-8c75-1f8ba691fc42','5af8204f-f073-4362-9cef-8f32157e2e5f','IM','IM','UM','*1/*28','normal',0,'NM');
INSERT INTO body_composition VALUES ('3ada6189-efbd-4c85-ae7f-596e89326b3c','5af8204f-f073-4362-9cef-8f32157e2e5f','2023-10-18',26.5,28.4,47.9782,134.3509,32.3782,1.5316);
INSERT INTO microbiome_profile VALUES ('0f3ae797-6da6-42ff-8733-95fa632020d5','5af8204f-f073-4362-9cef-8f32157e2e5f','2023-10-18','gut','16S_rRNA_V4',3.611,2.4842,0.0354,'[{"genus": "Bacteroides", "rel": 0.323}, {"genus": "Faecalibacterium", "rel": 0.19}, {"genus": "Akkermansia", "rel": 0.0354}]',0);
INSERT INTO tumor_staging VALUES ('e262a3ee-211d-4da1-8d4a-11692237c80a','5af8204f-f073-4362-9cef-8f32157e2e5f','2023-10-18','8500/3','C50.4','Invasive ductal carcinoma','T2','N1','M0','IIA',3,'right');
INSERT INTO imaging_measurement VALUES ('2e4ce7fe-5e4c-48b3-b733-bbce051145c2','5af8204f-f073-4362-9cef-8f32157e2e5f','2023-09-23','MRI','L1','primary_left_breast',20.9,4780.1055,3.7634,'SD','{"entropy": 5.75, "sphericity": 0.52}');
INSERT INTO pathology_report VALUES ('e2f23b3a-f160-4e66-a649-f54fc7d971ff','5af8204f-f073-4362-9cef-8f32157e2e5f','2023-10-18','core_needle_biopsy','R0',2,21,0,0,0.0);
INSERT INTO performance_status VALUES ('c5c81fe1-91bd-4777-a960-809babcb3378','5af8204f-f073-4362-9cef-8f32157e2e5f','2023-10-18',1,84,4,24.8336);
INSERT INTO liquid_biopsy VALUES ('82a61948-f1e1-4ac8-96f7-0151f58b1082','5af8204f-f073-4362-9cef-8f32157e2e5f','2023-10-18',0.0438,19.71,5,'[]','detected',7.8965);
INSERT INTO treatment_regimen VALUES ('d677ff9f-5f1c-4257-b8b6-04389c2e4842','5af8204f-f073-4362-9cef-8f32157e2e5f',1,'T-DM1','adjuvant','2023-11-22','2025-04-09','planned_completion','PR',247);
INSERT INTO treatment_drug_dose VALUES ('88a11b8f-cc12-4313-b09c-e89c688056fe','d677ff9f-5f1c-4257-b8b6-04389c2e4842','6875e431-ad8e-4272-8f17-9b89825e25c6','2023-11-22',58.0,58.0,0.0,'IV',1,1.9239);
INSERT INTO adverse_event VALUES ('65dbd8d9-02f5-4316-a6f0-39c13bdf3250','5af8204f-f073-4362-9cef-8f32157e2e5f','d677ff9f-5f1c-4257-b8b6-04389c2e4842','Neutropenia',1,'2023-11-30','2024-01-13','probable','none');
INSERT INTO adverse_event VALUES ('d0ca4de2-3935-4999-bc82-abe85a51d1d5','5af8204f-f073-4362-9cef-8f32157e2e5f','d677ff9f-5f1c-4257-b8b6-04389c2e4842','Peripheral sensory neuropathy',1,'2023-12-14','2024-01-12','probable','none');
INSERT INTO adverse_event VALUES ('f3d18ba1-4d45-42c8-a2d5-e9e6a92b7c7b','5af8204f-f073-4362-9cef-8f32157e2e5f','d677ff9f-5f1c-4257-b8b6-04389c2e4842','Alopecia',3,'2023-12-15','2024-01-04','probable','dose_reduction');
INSERT INTO radiation_plan VALUES ('8c4aa7c4-5bb3-4b53-bfc2-5be07193d3a5','5af8204f-f073-4362-9cef-8f32157e2e5f','photon_EBRT','CTV',45.9068,2.0,25,5,'IMRT',NULL,'{"heart": {"V20Gy_pct": "<25"}, "lung": {"mean_Gy": "<18"}}');
INSERT INTO carcinogen_exposure VALUES ('982167bf-5b72-46bd-82d5-d52c83cc4c04','5af8204f-f073-4362-9cef-8f32157e2e5f','never',0.0,0.0,37.1134,73.0745,'[]',0.0,0);
INSERT INTO diet_nutrition VALUES ('d3b11447-576b-4f31-a140-707fdcda7110','5af8204f-f073-4362-9cef-8f32157e2e5f','2023-10-18','FFQ',1712.5456,63.6469,221.7247,97.7998,28.0742,31.3824,24.9032,14.6973,'Western');
INSERT INTO physical_activity VALUES ('cbc4470e-2fee-48be-95af-787254e33db9','5af8204f-f073-4362-9cef-8f32157e2e5f','2023-10-18',590.2872,75.2501,107.3548,10.0437,32.0131,7858,29.895);
INSERT INTO stress_psychology VALUES ('c0f2b486-483c-44be-ab73-c4e20f0f24fe','5af8204f-f073-4362-9cef-8f32157e2e5f','2023-10-18',17,13,6,26.7608,330.46,6.0591,7);
INSERT INTO environmental_exposure VALUES ('40442a65-7f0a-469b-9e8d-80678b332b9e','5af8204f-f073-4362-9cef-8f32157e2e5f','2023-10-18',15.8016,30.7931,30.7337,'negative',NULL,'negative','negative',11.7194,'naive');
INSERT INTO socioeconomic_context VALUES ('0777dce9-a333-4589-89b9-55756cd2b200','5af8204f-f073-4362-9cef-8f32157e2e5f','2023-10-18',50.1755,'public_Medicaid',0.5896,0.6936,77.637,'unable_to_work_disability',17.2673,18);
INSERT INTO circadian_profile VALUES ('de0ab553-baa8-4f1f-84ac-4b00eccafd2f','5af8204f-f073-4362-9cef-8f32157e2e5f','2023-10-18','intermediate',80.5828,20.0552,'22:56',1217.1587,0,11);

-- Patient 66: HR+/HER2- early
INSERT INTO patient VALUES ('e895d36d-8e3d-4f84-8496-ec3e6b2728ee','MRN-2023082','1976-05-08','female','Hispanic or Latino','{"EUR": 0.1, "AFR": 0.15}','2022-03-16','2022-03-16');
INSERT INTO genomic_sample VALUES ('3442a404-5edc-4f17-8994-322b444ff601','e895d36d-8e3d-4f84-8496-ec3e6b2728ee','tumor','C50.4','2022-03-29','TruSight Oncology 500',0.63,0,'FFPE');
INSERT INTO somatic_mutation VALUES ('a325b12c-abb1-43be-a75a-6f78383e2b6d','3442a404-5edc-4f17-8994-322b444ff601','PIK3CA','chr3',179234297,'C','T','SNV','missense_variant','p.His1047Arg',0.134,117,'oncogenic','COSV52748762','1','SBS1');
INSERT INTO somatic_mutation VALUES ('9d773508-8a7a-4f2f-b69a-d37775d9deb5','3442a404-5edc-4f17-8994-322b444ff601','GATA3','chr10',8115610,'CT','C','indel','frameshift_variant','p.Thr443fs',0.1358,240,'oncogenic','COSV52704812','1','SBS5');
INSERT INTO somatic_mutation VALUES ('7a1b48e8-c992-4a7f-81f5-482e984284a5','3442a404-5edc-4f17-8994-322b444ff601','CDH1','chr16',68771195,'C','T','SNV','nonsense_variant','p.Gln333Ter',0.3874,210,'oncogenic','COSV52697483','3A','SBS1');
INSERT INTO somatic_mutation VALUES ('1bac011d-a65a-449a-8586-ec37a2d311af','3442a404-5edc-4f17-8994-322b444ff601','ERBB2','chr17',39725084,'A','G','SNV','missense_variant','p.Leu755Ser',0.3209,226,'oncogenic','COSV52735019','1','SBS5');
INSERT INTO somatic_mutation VALUES ('b6f0344f-5562-406c-a5c2-245de5d7a138','3442a404-5edc-4f17-8994-322b444ff601','CCND1','chr11',69465258,'G','T','SNV','missense_variant','p.Pro241Leu',0.2836,134,'oncogenic','COSV52718943','3A','SBS1');
INSERT INTO copy_number_variant VALUES ('9c81a5af-b6f8-462b-9170-1ca51d5a3046','3442a404-5edc-4f17-8994-322b444ff601','MYC','chr8',127700000,127800000,2.0,0.5,'neutral',0);
INSERT INTO copy_number_variant VALUES ('20565773-3320-4060-854b-26e565bcb804','3442a404-5edc-4f17-8994-322b444ff601','CDKN2A','chr9',21967000,21995000,0.0,-2.18,'shallow_deletion',0);
INSERT INTO gene_expression VALUES ('ea936252-0450-4396-9c29-dabe6ba0c49a','3442a404-5edc-4f17-8994-322b444ff601','ENSG00000091831','ESR1',877.52,87.75,2194,8.42,99.0);
INSERT INTO gene_expression VALUES ('e3c7a5fe-923b-475e-a459-f5064da86b7e','3442a404-5edc-4f17-8994-322b444ff601','ENSG00000141736','ERBB2',123.26,12.33,308,0.04,50.6);
INSERT INTO gene_expression VALUES ('c76c0b32-d411-48e2-9f63-b1e21f6397a9','3442a404-5edc-4f17-8994-322b444ff601','ENSG00000148773','MKI67',51.21,5.12,128,-0.76,38.6);
INSERT INTO gene_expression VALUES ('c343b8ce-20c9-4809-853e-f437ee9cdee4','3442a404-5edc-4f17-8994-322b444ff601','ENSG00000141510','TP53',62.94,10.11,342,-0.63,40.5);
INSERT INTO gene_expression VALUES ('a2e269a1-d8ac-4c53-8840-08764ee77438','3442a404-5edc-4f17-8994-322b444ff601','ENSG00000012048','BRCA1',45.37,10.96,255,-0.83,37.5);
INSERT INTO gene_expression VALUES ('8a32d7cb-8cb4-4531-849a-e813f5a83238','3442a404-5edc-4f17-8994-322b444ff601','ENSG00000139618','BRCA2',60.05,5.66,165,-0.67,40.0);
INSERT INTO gene_expression VALUES ('cdeee033-4359-4083-9275-cdd4d43c9fc8','3442a404-5edc-4f17-8994-322b444ff601','ENSG00000171862','PTEN',53.62,9.96,483,-0.74,38.9);
INSERT INTO gene_expression VALUES ('5398515c-6338-4a0c-8b10-32c8f4d287c7','3442a404-5edc-4f17-8994-322b444ff601','ENSG00000136997','MYC',80.52,3.12,235,-0.44,43.4);
INSERT INTO protein_expression VALUES ('e9b98359-6e9c-4036-8013-d21e4ad18c19','3442a404-5edc-4f17-8994-322b444ff601','ESR1','P03372','IHC',0.89,239.0,6,'NULL');
INSERT INTO protein_expression VALUES ('b095c038-79ca-429c-ba07-53cc7d0d95f5','3442a404-5edc-4f17-8994-322b444ff601','PGR','P06401','IHC',0.45,195.0,5,'NULL');
INSERT INTO protein_expression VALUES ('d3be4a01-2e68-4603-8746-311442c260d5','3442a404-5edc-4f17-8994-322b444ff601','ERBB2','P04626','IHC',-1.4,10.0,0,'pY1248');
INSERT INTO protein_expression VALUES ('db4e08cd-ff72-4415-9c83-b33e91257596','3442a404-5edc-4f17-8994-322b444ff601','MKI67','P46013','IHC',-1.28,20.0,0,'NULL');
INSERT INTO epigenetic_mark VALUES ('7ad50578-aeec-473f-b965-a3bd8eaabd06','3442a404-5edc-4f17-8994-322b444ff601','DNA_methylation','cg15629539',0.04,'-4.585','ESR1','CpG_island',NULL);
INSERT INTO epigenetic_mark VALUES ('cac5ae24-227a-43dc-bcca-3242123fc3b9','3442a404-5edc-4f17-8994-322b444ff601','DNA_methylation','cg27053763',0.208,'-1.929','BRCA1','promoter',NULL);
INSERT INTO epigenetic_mark VALUES ('03d85f2b-26bf-4988-b2d0-a8a0d8eb2c44','3442a404-5edc-4f17-8994-322b444ff601','H3K27ac','chr17:37800000-37850000',0.09,NULL,'ERBB2','enhancer','1.406');
INSERT INTO ncrna_profile VALUES ('1158960d-bcb1-4243-943a-c6c783ec51ac','3442a404-5edc-4f17-8994-322b444ff601','miRNA','hsa-miR-21-5p','miR-21-5p',6.29,'["PTEN", "PDCD4"]');
INSERT INTO ncrna_profile VALUES ('bad88844-8efc-4ac9-b699-9b7dd6a78e34','3442a404-5edc-4f17-8994-322b444ff601','miRNA','hsa-miR-155-5p','miR-155-5p',5.26,'["SHIP1", "SOCS1"]');
INSERT INTO ncrna_profile VALUES ('91d54c66-7776-47e1-ac38-a36101473e7e','3442a404-5edc-4f17-8994-322b444ff601','lncRNA','ENSG00000228630','HOTAIR',1.56,'["SHIP1", "SOCS1"]');
INSERT INTO ncrna_profile VALUES ('8e1b5208-c349-4612-b6ab-f855e602f75b','3442a404-5edc-4f17-8994-322b444ff601','lncRNA','ENSG00000251562','MALAT1',73.35,'["SHIP1", "SOCS1"]');
INSERT INTO metabolomics_profile VALUES ('eed8c88f-a088-4767-a6a0-ca5842cf2c46','3442a404-5edc-4f17-8994-322b444ff601','Lactate','HMDB0000190','C00186',2.51,'LC-MS','organic_acid',0.34);
INSERT INTO metabolomics_profile VALUES ('3111aaca-ff33-4643-8e77-c5cc082b8c67','3442a404-5edc-4f17-8994-322b444ff601','Glutamine','HMDB0000641','C00064',0.36,'LC-MS','amino_acid',-1.09);
INSERT INTO metabolomics_profile VALUES ('f4e99594-1813-4da2-8394-f08b9c90c15a','3442a404-5edc-4f17-8994-322b444ff601','Glucose','HMDB0000122','C00031',5.65,'LC-MS','carbohydrate',2.43);
INSERT INTO metabolomics_profile VALUES ('f6de0946-c66e-4c3d-8163-18b80ba74994','3442a404-5edc-4f17-8994-322b444ff601','Phosphocholine','HMDB0001565','C00588',0.13,'LC-MS','lipid',-1.25);
INSERT INTO tumor_clone VALUES ('400c3e15-d2aa-40d5-b86b-934324d16c73','3442a404-5edc-4f17-8994-322b444ff601','clone_A',0.75,'[]',1,1,0.0773);
INSERT INTO tumor_clone VALUES ('d94710c4-3ef8-4347-9ac7-ee22e75eb1fd','3442a404-5edc-4f17-8994-322b444ff601','clone_B',0.25,'[]',0,2,0.057);
INSERT INTO cell_cycle_state VALUES ('6631f210-0130-4b0f-b98b-3f0ae6373234','3442a404-5edc-4f17-8994-322b444ff601',0.794,0.039,0.019,0.148,7.2188,480.0,0.0);
INSERT INTO apoptosis_marker VALUES ('c11cdd10-fc12-4660-ba7b-f93fc4a76b33','3442a404-5edc-4f17-8994-322b444ff601',167.0,116.8971,113.0,1.48,0.3329,1.3455,1.0637);
INSERT INTO dna_repair_status VALUES ('ec6d10a7-f40b-464f-aa16-cda8d4b989e2','3442a404-5edc-4f17-8994-322b444ff601','wildtype','wildtype','proficient_MMR',0.04,4.2,21.4,0,'wildtype');
INSERT INTO metabolic_phenotype VALUES ('962d9e9a-703c-42e5-af1a-fdee5c60ae35','3442a404-5edc-4f17-8994-322b444ff601',0.374,66.3012,0.2532,0.4413,0.2095,1.8648,0.7387);
INSERT INTO stemness_profile VALUES ('2eb7f5c8-4ab5-4a85-8384-9c95c8c39907','3442a404-5edc-4f17-8994-322b444ff601',106.5829,31.2201,19.8466,0.1812,0.473,0.162,0.1801,0.2002);
INSERT INTO drug_resistance_feature VALUES ('39afa1bf-0dd5-4c40-8a5e-2f79648a9d57','3442a404-5edc-4f17-8994-322b444ff601',0.83,0.8741,0.788,0.9127,'[]',0.7494);
INSERT INTO immune_infiltration VALUES ('9e5a32b4-d61b-4680-8784-29adde70b8f1','3442a404-5edc-4f17-8994-322b444ff601',2.3,11.6846,4.8823,3.9761,8.386,9.0769,15.9662,4.398,9.4491,'CIBERSORT');
INSERT INTO checkpoint_expression VALUES ('5fc7b0b8-969c-4b4d-b1ba-5d2246b8344b','3442a404-5edc-4f17-8994-322b444ff601',4.2,7.56,10.0802,10.6174,11.204,3.8486,7.4817,37.4978);
INSERT INTO cytokine_milieu VALUES ('d884cc1e-cf03-4e07-bae3-ada13dc5d115','3442a404-5edc-4f17-8994-322b444ff601',19.162,2.0,9.8189,28.0738,25.984,33.9,12.2395,122.6414);
INSERT INTO stromal_composition VALUES ('eeaca347-3ba9-4ccc-8753-f7f6e08af67f','3442a404-5edc-4f17-8994-322b444ff601',0.2416,0.0317,0.1329,0.115,1.8495,29.814);
INSERT INTO ecm_profile VALUES ('63e101ef-b9eb-4e19-ab92-6cf63bd99cd1','3442a404-5edc-4f17-8994-322b444ff601',9.5274,2.3692,42.2973,0.6209,0.326,0.4842,0.5352);
INSERT INTO hypoxia_vasculature VALUES ('f35d68e9-02cc-4051-969d-765ccf3c11b8','3442a404-5edc-4f17-8994-322b444ff601',0.55,0.9161,9.3,0.1388,130.0296,228.8185,71.0126,14.5,7.02);
INSERT INTO organ_function VALUES ('f1e1a2e6-b6d9-4d4e-b75d-a36b623c245c','e895d36d-8e3d-4f84-8496-ec3e6b2728ee','2022-03-16',81.5,1.378,20.4279,12.1523,14.5016,38.0192,61.9,413.3951,1.1151);
INSERT INTO immune_baseline VALUES ('c48a9a52-8566-44fa-afa0-af2ba4831a06','e895d36d-8e3d-4f84-8496-ec3e6b2728ee','2022-03-16',10.06,2.78,4.84,1.741,541.6422,409.607,270.6211,10.8292);
INSERT INTO hormonal_profile VALUES ('3a46d56c-e949-4912-b49d-47b4dddcaf38','e895d36d-8e3d-4f84-8496-ec3e6b2728ee','2022-03-16',192.8,0.89,411.0,63.1626,8.0,2.948,3.9902);
INSERT INTO pharmacogenomics VALUES ('ec0bc5fb-13a7-40ec-90ba-ca9e3d661f7a','e895d36d-8e3d-4f84-8496-ec3e6b2728ee','PM','NM','IM','*1/*28','normal',0,'NM');
INSERT INTO body_composition VALUES ('ddaf613e-7bc5-4886-8918-786125acee17','e895d36d-8e3d-4f84-8496-ec3e6b2728ee','2022-03-16',24.6,35.4,30.8321,26.3193,34.9459,1.6959);
INSERT INTO microbiome_profile VALUES ('aaa76f26-16b2-4679-bada-41f37247d8c0','e895d36d-8e3d-4f84-8496-ec3e6b2728ee','2022-03-16','gut','16S_rRNA_V4',3.5665,2.4932,0.0093,'[{"genus": "Bacteroides", "rel": 0.18}, {"genus": "Faecalibacterium", "rel": 0.178}, {"genus": "Akkermansia", "rel": 0.0093}]',0);
INSERT INTO tumor_staging VALUES ('244cf1fd-acd0-4ff6-b7ef-863bbe525359','e895d36d-8e3d-4f84-8496-ec3e6b2728ee','2022-03-16','8500/3','C50.4','Invasive ductal carcinoma','T4','N3','M0','I',1,'left');
INSERT INTO imaging_measurement VALUES ('04a11ded-a26f-42c3-bd0a-3261c1e1a181','e895d36d-8e3d-4f84-8496-ec3e6b2728ee','2022-03-05','MRI','L1','primary_left_breast',20.2,4315.7147,3.6669,'SD','{"entropy": 4.17, "sphericity": 0.81}');
INSERT INTO pathology_report VALUES ('4ee908d6-f657-495a-b5d0-f79ab60c9272','e895d36d-8e3d-4f84-8496-ec3e6b2728ee','2022-03-16','core_needle_biopsy','R0',2,10,0,0,0.0);
INSERT INTO performance_status VALUES ('e298dca0-2f22-45dc-a1ff-d882db77ae08','e895d36d-8e3d-4f84-8496-ec3e6b2728ee','2022-03-16',0,96,0,41.318);
INSERT INTO liquid_biopsy VALUES ('eb6f823c-8270-4639-9121-fbc16d314ccb','e895d36d-8e3d-4f84-8496-ec3e6b2728ee','2022-03-16',0.0304,13.68,3,'[]','detected',16.4147);
INSERT INTO treatment_regimen VALUES ('17615ad2-7bdf-4d32-abc2-928e92cacd35','e895d36d-8e3d-4f84-8496-ec3e6b2728ee',1,'Letrozole','adjuvant','2022-04-25','2023-04-05','planned_completion','PR',647);
INSERT INTO treatment_drug_dose VALUES ('d426300d-abba-49a0-98f7-aa066420a4e5','17615ad2-7bdf-4d32-abc2-928e92cacd35','dea8e584-d12c-47bf-a4c0-e739973380b8','2022-04-25',65.0,63.0,3.1,'oral',1,0.9076);
INSERT INTO adverse_event VALUES ('3f9b3cf4-dba3-475b-a13f-059ae9218d4b','e895d36d-8e3d-4f84-8496-ec3e6b2728ee','17615ad2-7bdf-4d32-abc2-928e92cacd35','Peripheral sensory neuropathy',2,'2022-05-11','2022-06-28','probable','none');
INSERT INTO adverse_event VALUES ('2fd0c53c-8c95-4f27-a4f9-bf964f3baa87','e895d36d-8e3d-4f84-8496-ec3e6b2728ee','17615ad2-7bdf-4d32-abc2-928e92cacd35','Arthralgia',4,'2022-05-22','2022-06-03','probable','dose_reduction');
INSERT INTO radiation_plan VALUES ('31f7e1dd-f630-4be9-a73f-ed3fb266ec6f','e895d36d-8e3d-4f84-8496-ec3e6b2728ee','photon_EBRT','CTV',48.6073,2.0,25,5,'IMRT',NULL,'{"heart": {"V20Gy_pct": "<25"}, "lung": {"mean_Gy": "<18"}}');
INSERT INTO carcinogen_exposure VALUES ('0cd1e87d-cb2f-4927-a085-61eb73e22b3e','e895d36d-8e3d-4f84-8496-ec3e6b2728ee','former',21.8855,4.7866,20.7866,119.2868,'[]',0.0,0);
INSERT INTO diet_nutrition VALUES ('b7c2a706-35a3-4a9d-8aa6-d865255f2c4b','e895d36d-8e3d-4f84-8496-ec3e6b2728ee','2022-03-16','FFQ',2565.1814,77.174,112.2166,49.8396,24.863,113.8491,26.9071,8.8256,'plant_based');
INSERT INTO physical_activity VALUES ('1fc8835c-226a-4b4b-a016-40a3dd7f75a8','e895d36d-8e3d-4f84-8496-ec3e6b2728ee','2022-03-16',409.1161,107.6548,121.8656,6.8337,29.6806,6935,37.6219);
INSERT INTO stress_psychology VALUES ('1cb33c5c-9542-4637-8b60-f6d65d549d05','e895d36d-8e3d-4f84-8496-ec3e6b2728ee','2022-03-16',7,7,7,53.4983,254.82,7.186,18);
INSERT INTO environmental_exposure VALUES ('028e856f-cc2d-4226-9305-9040537fbef3','e895d36d-8e3d-4f84-8496-ec3e6b2728ee','2022-03-16',2.0,3.0,71.5376,'negative',NULL,'negative','negative',2.3669,'naive');
INSERT INTO socioeconomic_context VALUES ('99b89c1a-3483-486e-b818-6d059e3b99e0','e895d36d-8e3d-4f84-8496-ec3e6b2728ee','2022-03-16',69.7672,'private',0.5125,0.806,77.6871,'unable_to_work_disability',32.5695,15);
INSERT INTO circadian_profile VALUES ('acf8b77d-047b-452d-9415-8c6b1aa69c37','e895d36d-8e3d-4f84-8496-ec3e6b2728ee','2022-03-16','intermediate',91.803,23.9565,'22:49',837.6088,0,14);

-- Patient 67: HR+ metastatic
INSERT INTO patient VALUES ('cbcf198e-592d-4e90-af90-852d1203df10','MRN-5309917','1962-07-25','female','Black or African American','{"EUR": 0.67, "AFR": 0.17}','2020-03-15','2020-03-15');
INSERT INTO genomic_sample VALUES ('94721209-d65b-4c23-b9d7-2432a6710405','cbcf198e-592d-4e90-af90-852d1203df10','tumor','C50.4','2020-03-27','Tempus xT',0.82,0,'FFPE');
INSERT INTO somatic_mutation VALUES ('1219d66c-862c-4601-99b4-354e1764e361','94721209-d65b-4c23-b9d7-2432a6710405','BRCA2','chr13',32338709,'A','T','SNV','stop_gained','p.Lys1690Ter',0.4246,277,'pathogenic','COSV52712043','1','SBS3');
INSERT INTO somatic_mutation VALUES ('65f6ca72-d387-4884-b81b-9bca707351f7','94721209-d65b-4c23-b9d7-2432a6710405','GATA3','chr10',8115610,'CT','C','indel','frameshift_variant','p.Thr443fs',0.3922,140,'oncogenic','COSV52704812','1','SBS5');
INSERT INTO somatic_mutation VALUES ('90e20932-0175-4f4d-93eb-d3d87545f50a','94721209-d65b-4c23-b9d7-2432a6710405','CDH1','chr16',68771195,'C','T','SNV','nonsense_variant','p.Gln333Ter',0.4729,125,'oncogenic','COSV52697483','3A','SBS1');
INSERT INTO somatic_mutation VALUES ('b2e0e8e1-a6a3-4768-9488-434340a8f262','94721209-d65b-4c23-b9d7-2432a6710405','ESR1','chr6',152098794,'T','C','SNV','missense_variant','p.Tyr537Cys',0.1705,190,'oncogenic','COSV52744551','1','SBS1');
INSERT INTO copy_number_variant VALUES ('ebab1259-ff8c-4fe4-907c-f68204d7b9fe','94721209-d65b-4c23-b9d7-2432a6710405','MYC','chr8',127700000,127800000,2.6,0.53,'neutral',0);
INSERT INTO copy_number_variant VALUES ('74fbbd83-baa3-44cf-93d4-ff883d51d54b','94721209-d65b-4c23-b9d7-2432a6710405','CDKN2A','chr9',21967000,21995000,0.2,-2.21,'shallow_deletion',0);
INSERT INTO gene_expression VALUES ('ea3e9258-e5c9-461c-91a3-9902993839b2','94721209-d65b-4c23-b9d7-2432a6710405','ENSG00000091831','ESR1',790.64,79.06,1977,7.45,99.0);
INSERT INTO gene_expression VALUES ('3895a01f-453c-47a9-963c-ec8fdd7ea59c','94721209-d65b-4c23-b9d7-2432a6710405','ENSG00000141736','ERBB2',14.34,1.43,36,-1.17,32.5);
INSERT INTO gene_expression VALUES ('33596d43-29c5-4540-9698-84d4702ba920','94721209-d65b-4c23-b9d7-2432a6710405','ENSG00000148773','MKI67',90.33,9.03,226,-0.33,45.0);
INSERT INTO gene_expression VALUES ('e4d7f947-6350-4b76-87f9-0a5621744f1d','94721209-d65b-4c23-b9d7-2432a6710405','ENSG00000141510','TP53',18.54,4.89,70,-1.13,33.0);
INSERT INTO gene_expression VALUES ('31027845-615c-417f-8a01-a4f960924f6b','94721209-d65b-4c23-b9d7-2432a6710405','ENSG00000012048','BRCA1',16.08,4.51,344,-1.15,32.8);
INSERT INTO gene_expression VALUES ('11abf2be-5286-4cab-932e-3fd4d77e9a8f','94721209-d65b-4c23-b9d7-2432a6710405','ENSG00000139618','BRCA2',80.06,4.01,358,-0.44,43.4);
INSERT INTO gene_expression VALUES ('0019c30d-5b32-4d6c-9de2-4023bd141b0d','94721209-d65b-4c23-b9d7-2432a6710405','ENSG00000171862','PTEN',79.6,4.53,305,-0.45,43.2);
INSERT INTO gene_expression VALUES ('abe5068d-459e-4d1f-957d-2da7f4fb2eef','94721209-d65b-4c23-b9d7-2432a6710405','ENSG00000136997','MYC',63.3,0.1,166,-0.63,40.5);
INSERT INTO protein_expression VALUES ('9d2ef4d9-861a-4cf9-a994-4b86dd0785d0','94721209-d65b-4c23-b9d7-2432a6710405','ESR1','P03372','IHC',0.69,219.0,5,'NULL');
INSERT INTO protein_expression VALUES ('f525ddab-b28a-4cee-a1bf-d666f6393c86','94721209-d65b-4c23-b9d7-2432a6710405','PGR','P06401','IHC',-0.14,136.0,3,'NULL');
INSERT INTO protein_expression VALUES ('0b303bd2-3b7d-4ee9-bc65-bbffb212b095','94721209-d65b-4c23-b9d7-2432a6710405','ERBB2','P04626','IHC',-1.45,5.0,0,'pY1248');
INSERT INTO protein_expression VALUES ('b11a9de8-66f7-43da-be5b-9729f2ba9e8e','94721209-d65b-4c23-b9d7-2432a6710405','MKI67','P46013','IHC',-1.12,36.0,0,'NULL');
INSERT INTO epigenetic_mark VALUES ('61f60a38-1684-4113-9c5c-d1a3b95f6dbd','94721209-d65b-4c23-b9d7-2432a6710405','DNA_methylation','cg15629539',0.104,'-3.107','ESR1','CpG_island',NULL);
INSERT INTO epigenetic_mark VALUES ('b5596e66-b1d8-4eaa-8c2f-9f315a1aa062','94721209-d65b-4c23-b9d7-2432a6710405','DNA_methylation','cg27053763',0.015,'-6.037','BRCA1','promoter',NULL);
INSERT INTO epigenetic_mark VALUES ('96c8fd4b-c929-4161-9d31-35774b22c478','94721209-d65b-4c23-b9d7-2432a6710405','H3K27ac','chr17:37800000-37850000',0.396,NULL,'ERBB2','enhancer','0.57');
INSERT INTO ncrna_profile VALUES ('2a6f92cf-9e74-4f9d-9272-3f32f4553e7a','94721209-d65b-4c23-b9d7-2432a6710405','miRNA','hsa-miR-21-5p','miR-21-5p',1.54,'["PTEN", "PDCD4"]');
INSERT INTO ncrna_profile VALUES ('cbace4fb-d31a-47a5-9ba0-92d65d222020','94721209-d65b-4c23-b9d7-2432a6710405','miRNA','hsa-miR-155-5p','miR-155-5p',6.52,'["SHIP1", "SOCS1"]');
INSERT INTO ncrna_profile VALUES ('c8c97b60-a707-4e9f-8575-4f288cb7e8a0','94721209-d65b-4c23-b9d7-2432a6710405','lncRNA','ENSG00000228630','HOTAIR',2.63,'["SHIP1", "SOCS1"]');
INSERT INTO ncrna_profile VALUES ('ae1d9b53-10da-4b11-8ff7-dc132c1c4010','94721209-d65b-4c23-b9d7-2432a6710405','lncRNA','ENSG00000251562','MALAT1',15.89,'["SHIP1", "SOCS1"]');
INSERT INTO metabolomics_profile VALUES ('dfcadc60-7e64-414b-b250-5853d2ca2837','94721209-d65b-4c23-b9d7-2432a6710405','Lactate','HMDB0000190','C00186',2.39,'LC-MS','organic_acid',0.26);
INSERT INTO metabolomics_profile VALUES ('089fbb16-ef89-43c7-b14e-4265ba529482','94721209-d65b-4c23-b9d7-2432a6710405','Glutamine','HMDB0000641','C00064',0.56,'LC-MS','amino_acid',-0.96);
INSERT INTO metabolomics_profile VALUES ('2fe2c157-9204-4c6e-aa8d-c4d3c5b0a6db','94721209-d65b-4c23-b9d7-2432a6710405','Glucose','HMDB0000122','C00031',4.53,'LC-MS','carbohydrate',1.69);
INSERT INTO metabolomics_profile VALUES ('617755da-0565-41aa-9695-afcd9a3c713f','94721209-d65b-4c23-b9d7-2432a6710405','Phosphocholine','HMDB0001565','C00588',0.15,'LC-MS','lipid',-1.23);
INSERT INTO tumor_clone VALUES ('567b2a6a-988b-48ff-bba7-d0cacfb10be7','94721209-d65b-4c23-b9d7-2432a6710405','clone_A',0.78,'[]',1,1,0.1541);
INSERT INTO tumor_clone VALUES ('9954f94e-e89b-4052-80b6-8b83e7a63781','94721209-d65b-4c23-b9d7-2432a6710405','clone_B',0.22,'[]',0,2,0.1776);
INSERT INTO cell_cycle_state VALUES ('6f46aff4-3589-4ac6-8709-1e1ef9238798','94721209-d65b-4c23-b9d7-2432a6710405',0.796,0.06,0.031,0.113,12.829,480.0,1.1);
INSERT INTO apoptosis_marker VALUES ('34192943-a1e8-4af2-bb40-7e071957b55a','94721209-d65b-4c23-b9d7-2432a6710405',148.0,79.2347,76.0,1.95,0.4005,5.4796,0.7359);
INSERT INTO dna_repair_status VALUES ('7aefc6bd-5d23-4908-ba77-333b8b158b23','94721209-d65b-4c23-b9d7-2432a6710405','mutated_somatic','mutated_somatic','proficient_MMR',0.04,11.9,30.1,0,'wildtype');
INSERT INTO metabolic_phenotype VALUES ('61ad3c24-1822-4e76-9916-2950075c08cf','94721209-d65b-4c23-b9d7-2432a6710405',0.302,75.0365,0.1328,0.166,0.2207,0.8288,0.7116);
INSERT INTO stemness_profile VALUES ('ab304c0e-2bab-45dd-9efc-af80240cb6cc','94721209-d65b-4c23-b9d7-2432a6710405',47.3289,0.0,15.8163,0.1136,0.05,0.213,0.4634,0.5722);
INSERT INTO drug_resistance_feature VALUES ('88e8ca39-be4b-4eca-b9f9-3f6649f7e084','94721209-d65b-4c23-b9d7-2432a6710405',0.19,0.85,0.6587,0.6867,'[]',0.0);
INSERT INTO immune_infiltration VALUES ('f8d34148-9a23-46f6-9973-d88763d5d9fe','94721209-d65b-4c23-b9d7-2432a6710405',13.3,13.7273,7.1308,5.7254,7.8387,13.596,15.0718,5.3459,7.134,'CIBERSORT');
INSERT INTO checkpoint_expression VALUES ('aeb912d3-2186-45e9-a076-0092f6dcf0dc','94721209-d65b-4c23-b9d7-2432a6710405',20.5,36.9,10.2039,9.1121,16.4287,8.2432,9.7603,22.1196);
INSERT INTO cytokine_milieu VALUES ('4a6aadde-71ba-4616-9a98-ad44d3755fd7','94721209-d65b-4c23-b9d7-2432a6710405',23.5309,13.6429,8.6574,14.4957,14.2624,10.3,41.5113,71.5141);
INSERT INTO stromal_composition VALUES ('b0f088f9-7318-447e-9847-da362971ab4f','94721209-d65b-4c23-b9d7-2432a6710405',0.2945,0.0844,0.1169,0.4461,2.7314,28.9051);
INSERT INTO ecm_profile VALUES ('079a8754-dd33-457b-895e-cd29a289384e','94721209-d65b-4c23-b9d7-2432a6710405',18.9139,6.7193,19.8775,0.482,0.4358,0.573,0.3836);
INSERT INTO hypoxia_vasculature VALUES ('06be5126-2946-470b-a64e-d2b52ac9af19','94721209-d65b-4c23-b9d7-2432a6710405',0.64,0.4098,7.5,0.2055,88.8733,151.7797,85.5658,11.9,6.95);
INSERT INTO organ_function VALUES ('9b4d8192-ffe6-4aea-91cb-2392524a18ca','cbcf198e-592d-4e90-af90-852d1203df10','2020-03-15',78.0,1.336,5.5585,22.899,19.0944,34.0536,63.7,415.4261,1.0015);
INSERT INTO immune_baseline VALUES ('2da345f0-b8e4-4152-a599-9000bb468c38','cbcf198e-592d-4e90-af90-852d1203df10','2020-03-15',5.53,2.84,5.79,2.0387,574.3511,367.3634,200.9536,7.8739);
INSERT INTO hormonal_profile VALUES ('0e53c604-8178-4c72-ac08-197165bdebaf','cbcf198e-592d-4e90-af90-852d1203df10','2020-03-15',2.0,0.61,390.0,76.5449,19.8506,1.965,6.4984);
INSERT INTO pharmacogenomics VALUES ('cd7e5296-f524-4acd-9a2e-6bbc23042960','cbcf198e-592d-4e90-af90-852d1203df10','NM','NM','NM','*1/*28','normal',0,'NM');
INSERT INTO body_composition VALUES ('628de3d1-9702-4f96-b8ce-70a49dd7a546','cbcf198e-592d-4e90-af90-852d1203df10','2020-03-15',22.0,47.5,21.2646,73.7245,26.8236,1.5867);
INSERT INTO microbiome_profile VALUES ('e7430e4b-300b-416d-bb89-d07610239d8a','cbcf198e-592d-4e90-af90-852d1203df10','2020-03-15','gut','16S_rRNA_V4',3.9507,2.3498,0.008,'[{"genus": "Bacteroides", "rel": 0.328}, {"genus": "Faecalibacterium", "rel": 0.125}, {"genus": "Akkermansia", "rel": 0.008}]',0);
INSERT INTO tumor_staging VALUES ('450c2426-2090-47d4-a6fb-5878a4d80045','cbcf198e-592d-4e90-af90-852d1203df10','2020-03-15','8500/3','C50.4','Invasive ductal carcinoma','T4','N3','M1','IV',1,'left');
INSERT INTO imaging_measurement VALUES ('c4e6362e-ebf8-421a-b110-c5691c9c4056','cbcf198e-592d-4e90-af90-852d1203df10','2020-02-26','MRI','L1','primary_left_breast',17.4,2758.3309,3.6715,'SD','{"entropy": 7.28, "sphericity": 0.59}');
INSERT INTO pathology_report VALUES ('ef98ccaa-53fe-44e7-9501-abcaebc84cdc','cbcf198e-592d-4e90-af90-852d1203df10','2020-03-15','core_needle_biopsy','R0',8,20,0,0,0.0);
INSERT INTO performance_status VALUES ('88cde165-2423-4833-8cd9-c97e8ba73d36','cbcf198e-592d-4e90-af90-852d1203df10','2020-03-15',0,80,3,40.5484);
INSERT INTO liquid_biopsy VALUES ('2df5908b-f707-475b-9bfe-60db48b9d7ab','cbcf198e-592d-4e90-af90-852d1203df10','2020-03-15',0.132,59.4,1,'[]','detected',11.8079);
INSERT INTO treatment_regimen VALUES ('8d2c3268-aeaf-4cbd-8e33-993433f05c85','cbcf198e-592d-4e90-af90-852d1203df10',1,'Palbociclib+Let','palliative','2020-04-24','2020-09-14','planned_completion','PR',545);
INSERT INTO treatment_drug_dose VALUES ('e4e04ba8-1da6-4322-afd3-d7bedd5bc204','8d2c3268-aeaf-4cbd-8e33-993433f05c85','14234f22-ddb9-4e92-883c-bd55730bb629','2020-04-24',79.0,79.0,0.0,'IV',1,0.6595);
INSERT INTO adverse_event VALUES ('15794d5d-19c7-47f5-be37-070106e38bb5','cbcf198e-592d-4e90-af90-852d1203df10','8d2c3268-aeaf-4cbd-8e33-993433f05c85','Nausea',2,'2020-07-23','2020-08-01','probable','none');
INSERT INTO adverse_event VALUES ('a7fdb346-2ef0-4d60-9646-48428c7017ac','cbcf198e-592d-4e90-af90-852d1203df10','8d2c3268-aeaf-4cbd-8e33-993433f05c85','Fatigue',1,'2020-05-05','2020-05-21','probable','none');
INSERT INTO adverse_event VALUES ('848eaf0a-4a0f-49ae-8b7d-71bbcf391c35','cbcf198e-592d-4e90-af90-852d1203df10','8d2c3268-aeaf-4cbd-8e33-993433f05c85','Peripheral sensory neuropathy',3,'2020-07-01','2020-07-19','probable','dose_reduction');
INSERT INTO adverse_event VALUES ('5df107c2-11e0-446c-af59-97123231198b','cbcf198e-592d-4e90-af90-852d1203df10','8d2c3268-aeaf-4cbd-8e33-993433f05c85','Alopecia',1,'2020-05-17','2020-06-04','probable','none');
INSERT INTO carcinogen_exposure VALUES ('42f78b52-b160-4ad1-adf3-8dcb66b290b6','cbcf198e-592d-4e90-af90-852d1203df10','never',0.0,0.0,5.0,67.0681,'[]',0.0,0);
INSERT INTO diet_nutrition VALUES ('0437b777-b294-4647-b621-f434b6d5615c','cbcf198e-592d-4e90-af90-852d1203df10','2020-03-15','FFQ',1870.711,55.5934,321.857,68.7234,19.1205,91.9803,8.0186,0.0,'Mediterranean');
INSERT INTO physical_activity VALUES ('304a03f7-390f-40d6-8116-8c719733e05b','cbcf198e-592d-4e90-af90-852d1203df10','2020-03-15',523.806,84.0525,181.694,9.1939,28.7795,4739,31.8325);
INSERT INTO stress_psychology VALUES ('7bc0b802-488c-40e8-8c60-f5fc069235d9','cbcf198e-592d-4e90-af90-852d1203df10','2020-03-15',14,3,0,58.5549,241.8,8.3605,11);
INSERT INTO environmental_exposure VALUES ('ba4f27b5-f41b-4b64-9685-ef1141fe985c','cbcf198e-592d-4e90-af90-852d1203df10','2020-03-15',4.4642,12.8316,34.5321,'negative',NULL,'negative','negative',8.4173,'naive');
INSERT INTO socioeconomic_context VALUES ('49d13728-b479-4ed6-b432-0ab8c3f55044','cbcf198e-592d-4e90-af90-852d1203df10','2020-03-15',54.0893,'public_Medicaid',0.8453,0.4599,97.4038,'employed_part_time',37.8211,12);
INSERT INTO circadian_profile VALUES ('0948cc59-6532-4679-b56e-52c2f4428b45','cbcf198e-592d-4e90-af90-852d1203df10','2020-03-15','evening',79.5597,19.4352,'22:14',338.251,0,10);

-- Patient 68: HR+ metastatic
INSERT INTO patient VALUES ('26274286-2fbb-4ba0-9861-df600da5da2b','MRN-4476812','1972-01-25','female','East Asian','{"EUR": 0.73, "AFR": 0.07}','2019-12-15','2019-12-15');
INSERT INTO genomic_sample VALUES ('c381429e-1828-407c-af0d-15f70f70c868','26274286-2fbb-4ba0-9861-df600da5da2b','tumor','C50.4','2019-12-23','Tempus xT',0.74,0,'FFPE');
INSERT INTO somatic_mutation VALUES ('ea63c82e-9093-44cc-b8dd-28aca14e8beb','c381429e-1828-407c-af0d-15f70f70c868','TP53','chr17',7674220,'G','A','SNV','missense_variant','p.Arg248Trp',0.4659,315,'oncogenic','COSV52743007','1','SBS5');
INSERT INTO somatic_mutation VALUES ('d7e45d20-381d-4127-8220-0a8879db4257','c381429e-1828-407c-af0d-15f70f70c868','PTEN','chr10',89692905,'G','A','SNV','missense_variant','p.Arg130Gly',0.3404,103,'oncogenic','COSV52731827','1','SBS5');
INSERT INTO somatic_mutation VALUES ('6fda5531-b23b-47c9-b2cf-6ce0f4406e46','c381429e-1828-407c-af0d-15f70f70c868','ERBB2','chr17',39725084,'A','G','SNV','missense_variant','p.Leu755Ser',0.2206,334,'oncogenic','COSV52735019','1','SBS5');
INSERT INTO somatic_mutation VALUES ('724183cc-59a8-4435-9648-e7fb5138ab0d','c381429e-1828-407c-af0d-15f70f70c868','PIK3CA','chr3',179234297,'C','T','SNV','missense_variant','p.His1047Arg',0.2457,141,'oncogenic','COSV52748762','1','SBS1');
INSERT INTO somatic_mutation VALUES ('1f43d07f-637f-4420-ae99-63c15dd33fb7','c381429e-1828-407c-af0d-15f70f70c868','BRCA2','chr13',32338709,'A','T','SNV','stop_gained','p.Lys1690Ter',0.4299,182,'pathogenic','COSV52712043','1','SBS3');
INSERT INTO somatic_mutation VALUES ('b6e81008-e959-467b-bf36-af2e3ad1e9e5','c381429e-1828-407c-af0d-15f70f70c868','GATA3','chr10',8115610,'CT','C','indel','frameshift_variant','p.Thr443fs',0.2016,275,'oncogenic','COSV52704812','1','SBS5');
INSERT INTO copy_number_variant VALUES ('f2183ab6-2226-45a4-97e7-b77fe047482a','c381429e-1828-407c-af0d-15f70f70c868','MYC','chr8',127700000,127800000,6.1,1.21,'amplification',0);
INSERT INTO copy_number_variant VALUES ('b15a3e6b-f075-41f1-b4d3-57ce29cadd60','c381429e-1828-407c-af0d-15f70f70c868','CDKN2A','chr9',21967000,21995000,0.7,-2.57,'shallow_deletion',0);
INSERT INTO gene_expression VALUES ('a99bcd18-5faa-4b2d-81f3-6bd316c73db2','c381429e-1828-407c-af0d-15f70f70c868','ENSG00000091831','ESR1',450.98,45.1,1127,3.68,99.0);
INSERT INTO gene_expression VALUES ('10563d3d-3319-4f4f-9942-953743381b66','c381429e-1828-407c-af0d-15f70f70c868','ENSG00000141736','ERBB2',5.0,0.5,12,-1.28,30.8);
INSERT INTO gene_expression VALUES ('c631f190-4fd1-4722-a552-0e67f1776dd1','c381429e-1828-407c-af0d-15f70f70c868','ENSG00000148773','MKI67',68.89,6.89,172,-0.57,41.5);
INSERT INTO gene_expression VALUES ('c700754d-285e-4d11-89be-fea9b36e4a68','c381429e-1828-407c-af0d-15f70f70c868','ENSG00000141510','TP53',39.15,9.46,489,-0.9,36.5);
INSERT INTO gene_expression VALUES ('13172104-f6d0-4d67-9936-021f0641a2f0','c381429e-1828-407c-af0d-15f70f70c868','ENSG00000012048','BRCA1',33.29,0.23,362,-0.96,35.6);
INSERT INTO gene_expression VALUES ('53c1f1b4-b678-4e7e-b6a6-472ecb92e99d','c381429e-1828-407c-af0d-15f70f70c868','ENSG00000139618','BRCA2',48.77,1.17,174,-0.79,38.1);
INSERT INTO gene_expression VALUES ('9f0d1adc-74a3-49ac-814f-19ca950131ee','c381429e-1828-407c-af0d-15f70f70c868','ENSG00000171862','PTEN',83.4,3.08,472,-0.41,43.9);
INSERT INTO gene_expression VALUES ('cdfb27dd-8217-473b-837d-97090b3f7d6f','c381429e-1828-407c-af0d-15f70f70c868','ENSG00000136997','MYC',71.08,2.74,348,-0.54,41.9);
INSERT INTO protein_expression VALUES ('320a0338-d9b5-48e9-a9a6-c9530b994879','c381429e-1828-407c-af0d-15f70f70c868','ESR1','P03372','IHC',0.94,244.0,6,'NULL');
INSERT INTO protein_expression VALUES ('0d86b5b8-620d-426d-9e22-6b3f6333c1ab','c381429e-1828-407c-af0d-15f70f70c868','PGR','P06401','IHC',0.49,199.0,5,'NULL');
INSERT INTO protein_expression VALUES ('2069c293-c2cc-49ce-87f0-cba1ae6b4062','c381429e-1828-407c-af0d-15f70f70c868','ERBB2','P04626','IHC',-1.15,35.0,1,'pY1248');
INSERT INTO protein_expression VALUES ('cbcd3cbc-0e01-4b8b-a85e-23f0e5e500a7','c381429e-1828-407c-af0d-15f70f70c868','MKI67','P46013','IHC',-1.11,37.0,0,'NULL');
INSERT INTO epigenetic_mark VALUES ('3d4948a3-a828-4aa2-b7d4-8ddc176a941f','c381429e-1828-407c-af0d-15f70f70c868','DNA_methylation','cg15629539',0.114,'-2.958','ESR1','CpG_island',NULL);
INSERT INTO epigenetic_mark VALUES ('eb995944-135f-4629-8506-28b10eaa6876','c381429e-1828-407c-af0d-15f70f70c868','DNA_methylation','cg27053763',0.139,'-2.631','BRCA1','promoter',NULL);
INSERT INTO epigenetic_mark VALUES ('c34ac02c-6fa4-436a-b566-9b4adfa451c8','c381429e-1828-407c-af0d-15f70f70c868','H3K27ac','chr17:37800000-37850000',0.186,NULL,'ERBB2','enhancer','0.933');
INSERT INTO ncrna_profile VALUES ('e3a3e1a0-80b8-47bf-a535-6a7963105202','c381429e-1828-407c-af0d-15f70f70c868','miRNA','hsa-miR-21-5p','miR-21-5p',6.32,'["PTEN", "PDCD4"]');
INSERT INTO ncrna_profile VALUES ('1b7ca3f3-f59c-4e81-8a03-c6ceb4fa33ea','c381429e-1828-407c-af0d-15f70f70c868','miRNA','hsa-miR-155-5p','miR-155-5p',3.91,'["SHIP1", "SOCS1"]');
INSERT INTO ncrna_profile VALUES ('bbc1f05a-548b-4f1a-a794-3d26ddc1e45f','c381429e-1828-407c-af0d-15f70f70c868','lncRNA','ENSG00000228630','HOTAIR',1.52,'["SHIP1", "SOCS1"]');
INSERT INTO ncrna_profile VALUES ('c82e8912-6ebb-43b6-8381-ca34ea30a97e','c381429e-1828-407c-af0d-15f70f70c868','lncRNA','ENSG00000251562','MALAT1',44.31,'["SHIP1", "SOCS1"]');
INSERT INTO metabolomics_profile VALUES ('74643348-eb2b-4ef8-9a2f-a0bd485e55ae','c381429e-1828-407c-af0d-15f70f70c868','Lactate','HMDB0000190','C00186',1.92,'LC-MS','organic_acid',-0.05);
INSERT INTO metabolomics_profile VALUES ('2762e4ee-c542-453f-956e-b090d4b7a228','c381429e-1828-407c-af0d-15f70f70c868','Glutamine','HMDB0000641','C00064',0.32,'LC-MS','amino_acid',-1.12);
INSERT INTO metabolomics_profile VALUES ('d42afbd3-e724-4c0d-995a-2083ef1ea8ce','c381429e-1828-407c-af0d-15f70f70c868','Glucose','HMDB0000122','C00031',5.65,'LC-MS','carbohydrate',2.43);
INSERT INTO metabolomics_profile VALUES ('32f8b1be-f2f8-41a4-875c-0118701d9537','c381429e-1828-407c-af0d-15f70f70c868','Phosphocholine','HMDB0001565','C00588',0.18,'LC-MS','lipid',-1.21);
INSERT INTO tumor_clone VALUES ('8934e72c-8da4-4923-bffc-fca08b94e667','c381429e-1828-407c-af0d-15f70f70c868','clone_A',0.92,'[]',1,1,0.1428);
INSERT INTO tumor_clone VALUES ('9f823218-3d46-40e1-aa7a-d58743e6059e','c381429e-1828-407c-af0d-15f70f70c868','clone_B',0.08,'[]',0,2,0.0218);
INSERT INTO cell_cycle_state VALUES ('aedede92-0201-4b68-9f7e-6351ab0cd7aa','c381429e-1828-407c-af0d-15f70f70c868',0.866,0.052,0.027,0.055,13.0994,480.0,0.7);
INSERT INTO apoptosis_marker VALUES ('b89244fa-a9ab-4a65-baad-a60a69bf47c7','c381429e-1828-407c-af0d-15f70f70c868',214.0,70.1498,83.0,2.58,0.2836,0.5,0.1615);
INSERT INTO dna_repair_status VALUES ('6875cf19-b204-4ae7-8d0f-e45a3f562744','c381429e-1828-407c-af0d-15f70f70c868','mutated_somatic','mutated_somatic','proficient_MMR',0.04,6.2,45.0,0,'wildtype');
INSERT INTO metabolic_phenotype VALUES ('65bc7632-8c9f-4a1f-a638-a8db283458b5','c381429e-1828-407c-af0d-15f70f70c868',0.492,77.1344,0.4693,0.2522,0.05,1.2095,0.752);
INSERT INTO stemness_profile VALUES ('de5d9e59-833d-4bf3-aa1d-193d25c38914','c381429e-1828-407c-af0d-15f70f70c868',55.2935,9.3486,0.0,0.1965,0.242,0.351,0.3897,0.07);
INSERT INTO drug_resistance_feature VALUES ('348d7d18-48b0-47e1-b049-d00a62ea0dea','c381429e-1828-407c-af0d-15f70f70c868',0.95,1.1562,0.1168,0.7606,'[]',0.2818);
INSERT INTO immune_infiltration VALUES ('48e8920d-3e9c-40e2-a0dd-6ada390235bc','c381429e-1828-407c-af0d-15f70f70c868',7.6,14.6724,12.9191,6.2352,5.0716,7.1438,16.6713,2.5017,6.2809,'CIBERSORT');
INSERT INTO checkpoint_expression VALUES ('0ed69292-bda2-4522-8bf5-76dc25470d9d','c381429e-1828-407c-af0d-15f70f70c868',20.2,36.36,8.8118,13.919,4.978,13.3632,9.7334,11.7215);
INSERT INTO cytokine_milieu VALUES ('d6dbfc1b-172e-4411-acc1-df89cb9f820c','c381429e-1828-407c-af0d-15f70f70c868',20.5046,18.7698,6.2961,16.2771,22.6704,15.0,28.5691,74.8014);
INSERT INTO stromal_composition VALUES ('82e2870d-0443-4ced-b7c2-aa2945008514','c381429e-1828-407c-af0d-15f70f70c868',0.0957,0.0529,0.0968,0.4862,5.0514,29.9741);
INSERT INTO ecm_profile VALUES ('b1bc05f4-4ca4-4864-84aa-d68f2c36ce08','c381429e-1828-407c-af0d-15f70f70c868',17.3669,10.6017,17.3888,0.3933,0.3148,0.7544,0.3719);
INSERT INTO hypoxia_vasculature VALUES ('d7341d10-6ad8-4f62-8d6b-ab98238f626f','c381429e-1828-407c-af0d-15f70f70c868',1.0,0.6014,8.5,0.2599,99.5083,153.0902,100.1594,7.0,6.99);
INSERT INTO organ_function VALUES ('9842841e-b47a-41f1-8fb5-72bb3ec79bd9','26274286-2fbb-4ba0-9861-df600da5da2b','2019-12-15',91.7,1.5004,19.9235,17.431,11.7713,36.2799,62.7,394.8762,1.2279);
INSERT INTO immune_baseline VALUES ('86290627-c3c6-4b3f-a441-8fa67897f000','26274286-2fbb-4ba0-9861-df600da5da2b','2019-12-15',4.49,1.36,1.57,1.1544,673.7028,288.8514,336.1599,8.879);
INSERT INTO hormonal_profile VALUES ('2c8cef92-6624-4421-adfd-1367a96f1acc','26274286-2fbb-4ba0-9861-df600da5da2b','2019-12-15',155.5,0.38,381.0,70.3168,20.9327,1.1815,6.9502);
INSERT INTO pharmacogenomics VALUES ('c70b52af-c777-4368-8268-431c5f624788','26274286-2fbb-4ba0-9861-df600da5da2b','PM','UM','IM','*28/*28','low',0,'NM');
INSERT INTO body_composition VALUES ('bb8a4784-255f-4e68-9817-a4a32008a53d','26274286-2fbb-4ba0-9861-df600da5da2b','2019-12-15',30.6,44.4,31.1289,113.5939,40.2546,1.7244);
INSERT INTO microbiome_profile VALUES ('0d60ba5e-29a1-4109-ba6b-5da4fd3233a3','26274286-2fbb-4ba0-9861-df600da5da2b','2019-12-15','gut','16S_rRNA_V4',3.8322,1.1128,0.005,'[{"genus": "Bacteroides", "rel": 0.259}, {"genus": "Faecalibacterium", "rel": 0.103}, {"genus": "Akkermansia", "rel": 0.005}]',0);
INSERT INTO tumor_staging VALUES ('2fc3bdfc-d69f-48e1-9a72-549310e9ae4d','26274286-2fbb-4ba0-9861-df600da5da2b','2019-12-15','8500/3','C50.4','Invasive ductal carcinoma','T4','N3','M1','IV',3,'left');
INSERT INTO imaging_measurement VALUES ('2eb145a9-db06-4d3c-9314-c6d8248bb362','26274286-2fbb-4ba0-9861-df600da5da2b','2019-12-07','MRI','L1','primary_left_breast',11.8,860.2895,2.5485,'SD','{"entropy": 6.41, "sphericity": 0.75}');
INSERT INTO pathology_report VALUES ('6291fae8-8c92-4208-a8a2-a0baf4724d14','26274286-2fbb-4ba0-9861-df600da5da2b','2019-12-15','core_needle_biopsy','R0',6,18,0,1,0.0);
INSERT INTO performance_status VALUES ('8a9c959e-458c-48e8-9df3-c141f875591f','26274286-2fbb-4ba0-9861-df600da5da2b','2019-12-15',1,80,1,37.2438);
INSERT INTO liquid_biopsy VALUES ('ac2fcef0-708b-4712-bf6f-9d8f10d248cb','26274286-2fbb-4ba0-9861-df600da5da2b','2019-12-15',0.083,37.35,2,'[]','detected',13.6682);
INSERT INTO treatment_regimen VALUES ('db0f1669-b7b9-4441-8fd6-13982d61ebdf','26274286-2fbb-4ba0-9861-df600da5da2b',1,'Palbociclib+Let','palliative','2020-01-01','2021-02-24','planned_completion','PR',250);
INSERT INTO treatment_drug_dose VALUES ('b0c67708-e86e-4bca-bdeb-78bdd9c82d1e','db0f1669-b7b9-4441-8fd6-13982d61ebdf','14234f22-ddb9-4e92-883c-bd55730bb629','2020-01-01',74.0,71.0,4.1,'IV',1,0.9706);
INSERT INTO adverse_event VALUES ('1dc3bbfb-13b7-4605-8c84-a6161f1d4268','26274286-2fbb-4ba0-9861-df600da5da2b','db0f1669-b7b9-4441-8fd6-13982d61ebdf','Hand-foot syndrome',2,'2020-03-06','2020-03-31','probable','none');
INSERT INTO adverse_event VALUES ('85fe67fe-76a8-4b1c-b936-b3ceb5698d02','26274286-2fbb-4ba0-9861-df600da5da2b','db0f1669-b7b9-4441-8fd6-13982d61ebdf','Diarrhoea',1,'2020-03-09','2020-03-19','probable','none');
INSERT INTO adverse_event VALUES ('ae1390b7-6921-46df-9803-e37d71f11752','26274286-2fbb-4ba0-9861-df600da5da2b','db0f1669-b7b9-4441-8fd6-13982d61ebdf','Alopecia',1,'2020-01-08','2020-02-19','probable','none');
INSERT INTO carcinogen_exposure VALUES ('1df342f0-11ad-4aec-a77f-47c5ee80081a','26274286-2fbb-4ba0-9861-df600da5da2b','never',0.0,10.8988,22.7965,97.3161,'[]',0.0,0);
INSERT INTO diet_nutrition VALUES ('a46afe78-ba45-481b-a7bd-f6914ee3a4dc','26274286-2fbb-4ba0-9861-df600da5da2b','2019-12-15','FFQ',1849.4442,50.4845,195.5074,90.7413,17.0875,61.631,29.6704,5.7318,'Mediterranean');
INSERT INTO physical_activity VALUES ('c5e5a95b-8a28-4210-8d7d-87193fa0c304','26274286-2fbb-4ba0-9861-df600da5da2b','2019-12-15',426.9377,156.4974,172.3568,7.7118,29.1379,5756,23.3356);
INSERT INTO stress_psychology VALUES ('75c38c01-f9da-4e63-9b33-7dc9a85f1383','26274286-2fbb-4ba0-9861-df600da5da2b','2019-12-15',19,7,3,61.1243,236.22,7.2224,15);
INSERT INTO environmental_exposure VALUES ('fb47e8bf-6acf-4206-8152-9bbc136e2cad','26274286-2fbb-4ba0-9861-df600da5da2b','2019-12-15',10.7913,3.0,17.1316,'negative',NULL,'negative','negative',6.8494,'naive');
INSERT INTO socioeconomic_context VALUES ('cb6166ef-5b48-45e9-acab-2c3b76196bfa','26274286-2fbb-4ba0-9861-df600da5da2b','2019-12-15',45.1275,'public_Medicaid',0.5646,0.5936,58.6986,'retired',30.6993,13);
INSERT INTO circadian_profile VALUES ('d2acabbc-c0e5-463b-a355-da404b236f48','26274286-2fbb-4ba0-9861-df600da5da2b','2019-12-15','morning',78.3459,16.953,'22:46',1087.9033,1,9);

-- Patient 69: HR+/HER2+
INSERT INTO patient VALUES ('f64338e4-c8ec-4c5a-a272-72ad0a06075d','MRN-5071925','1975-04-03','female','White','{"EUR": 0.89, "AFR": 0.26}','2020-04-25','2020-04-25');
INSERT INTO genomic_sample VALUES ('f3d91efb-182a-4009-bfa6-d05d2a413308','f64338e4-c8ec-4c5a-a272-72ad0a06075d','tumor','C50.4','2020-05-15','Guardant360',0.58,0,'FFPE');
INSERT INTO somatic_mutation VALUES ('dfbded68-c45f-41e7-b16e-11ad079ebf97','f3d91efb-182a-4009-bfa6-d05d2a413308','ESR1','chr6',152098794,'T','C','SNV','missense_variant','p.Tyr537Cys',0.2509,302,'oncogenic','COSV52744551','1','SBS1');
INSERT INTO somatic_mutation VALUES ('bf9f01d0-8bd0-409e-afe2-5045b92b7a16','f3d91efb-182a-4009-bfa6-d05d2a413308','BRCA1','chr17',43094464,'T','A','SNV','missense_variant','p.Cys1697Ser',0.402,214,'pathogenic','COSV52701256','1','SBS3');
INSERT INTO somatic_mutation VALUES ('94fa2e53-54b3-4da3-9655-43a6c6dc6d50','f3d91efb-182a-4009-bfa6-d05d2a413308','ERBB2','chr17',39725084,'A','G','SNV','missense_variant','p.Leu755Ser',0.4407,229,'oncogenic','COSV52735019','1','SBS5');
INSERT INTO somatic_mutation VALUES ('93462501-1315-4a7a-a669-28cd5ec0d700','f3d91efb-182a-4009-bfa6-d05d2a413308','MAP3K1','chr5',56115628,'G','A','SNV','missense_variant','p.Glu1298Lys',0.2185,211,'oncogenic','COSV52721033','3A','SBS1');
INSERT INTO somatic_mutation VALUES ('4a624ab1-d7b3-4509-afdc-00161bf0b8d5','f3d91efb-182a-4009-bfa6-d05d2a413308','MYC','chr8',127735434,'A','G','SNV','missense_variant','p.Thr58Ala',0.2386,117,'oncogenic','COSV52759832','3A','SBS5');
INSERT INTO copy_number_variant VALUES ('3e9b8b50-e806-450c-951c-ad8759f477ca','f3d91efb-182a-4009-bfa6-d05d2a413308','ERBB2','chr17',37800000,38200000,14.9,2.71,'amplification',1);
INSERT INTO copy_number_variant VALUES ('d2285b50-8175-4fec-8719-50c80ebc6e62','f3d91efb-182a-4009-bfa6-d05d2a413308','MYC','chr8',127700000,127800000,4.0,1.03,'neutral',0);
INSERT INTO copy_number_variant VALUES ('e12ba31e-c680-4c93-b60b-082bbf8d513e','f3d91efb-182a-4009-bfa6-d05d2a413308','CDKN2A','chr9',21967000,21995000,0.8,-2.84,'shallow_deletion',0);
INSERT INTO gene_expression VALUES ('028fac37-5484-47c5-8ded-0353630e5df2','f3d91efb-182a-4009-bfa6-d05d2a413308','ENSG00000091831','ESR1',836.0,83.6,2090,7.96,99.0);
INSERT INTO gene_expression VALUES ('d8862044-60f6-4d8c-a05e-d4cd3e4f0301','f3d91efb-182a-4009-bfa6-d05d2a413308','ENSG00000141736','ERBB2',607.48,60.75,1519,5.42,99.0);
INSERT INTO gene_expression VALUES ('55a29878-6e42-4db2-9208-828a5fd41a25','f3d91efb-182a-4009-bfa6-d05d2a413308','ENSG00000148773','MKI67',220.01,22.0,550,1.11,66.7);
INSERT INTO gene_expression VALUES ('8046edc2-fdf7-47e6-908a-2fd4af76429c','f3d91efb-182a-4009-bfa6-d05d2a413308','ENSG00000141510','TP53',87.74,4.85,58,-0.36,44.6);
INSERT INTO gene_expression VALUES ('36ed7648-15e0-463a-a352-c77f8491e788','f3d91efb-182a-4009-bfa6-d05d2a413308','ENSG00000012048','BRCA1',64.43,1.05,376,-0.62,40.7);
INSERT INTO gene_expression VALUES ('c2d6fe51-1ee1-44bd-be16-330d359b5ce5','f3d91efb-182a-4009-bfa6-d05d2a413308','ENSG00000139618','BRCA2',40.69,4.67,154,-0.88,36.8);
INSERT INTO gene_expression VALUES ('9268238e-0fd1-4329-84ee-30b297201a1e','f3d91efb-182a-4009-bfa6-d05d2a413308','ENSG00000171862','PTEN',42.83,7.59,490,-0.86,37.1);
INSERT INTO gene_expression VALUES ('e70ff903-7b3a-4171-ba1a-01fd11347f17','f3d91efb-182a-4009-bfa6-d05d2a413308','ENSG00000136997','MYC',89.07,8.31,303,-0.34,44.9);
INSERT INTO protein_expression VALUES ('40f21935-af94-40f2-a866-3a59039b170c','f3d91efb-182a-4009-bfa6-d05d2a413308','ESR1','P03372','IHC',1.25,275.0,7,'NULL');
INSERT INTO protein_expression VALUES ('27ddf8eb-bd4f-4f39-b267-77b44516106e','f3d91efb-182a-4009-bfa6-d05d2a413308','PGR','P06401','IHC',0.89,239.0,6,'NULL');
INSERT INTO protein_expression VALUES ('a0b8866c-5beb-44d1-b6eb-29df86aed561','f3d91efb-182a-4009-bfa6-d05d2a413308','ERBB2','P04626','IHC',1.07,257.0,6,'pY1248');
INSERT INTO protein_expression VALUES ('546aadf7-749e-4697-b63e-f6f84f414839','f3d91efb-182a-4009-bfa6-d05d2a413308','MKI67','P46013','IHC',-0.64,80.0,0,'NULL');
INSERT INTO epigenetic_mark VALUES ('bb8442d5-fec5-4922-a5d2-0a2d59459d52','f3d91efb-182a-4009-bfa6-d05d2a413308','H3K27ac','cg15629539',0.0,NULL,'ESR1','CpG_island',NULL);
INSERT INTO epigenetic_mark VALUES ('b5f2b72d-9ab8-4239-bdc0-2cf1f26eaa0c','f3d91efb-182a-4009-bfa6-d05d2a413308','DNA_methylation','cg27053763',0.122,'-2.847','BRCA1','promoter',NULL);
INSERT INTO epigenetic_mark VALUES ('e46a8e07-f683-4a8f-831e-fce7b515e3b4','f3d91efb-182a-4009-bfa6-d05d2a413308','H3K27ac','chr17:37800000-37850000',0.217,NULL,'ERBB2','enhancer','2.635');
INSERT INTO ncrna_profile VALUES ('9e9c6030-8cc8-4ab8-aa51-f7887d9ac500','f3d91efb-182a-4009-bfa6-d05d2a413308','miRNA','hsa-miR-21-5p','miR-21-5p',2.96,'["PTEN", "PDCD4"]');
INSERT INTO ncrna_profile VALUES ('3aeede27-748e-4645-bc15-2d1147a91dd6','f3d91efb-182a-4009-bfa6-d05d2a413308','miRNA','hsa-miR-155-5p','miR-155-5p',6.45,'["SHIP1", "SOCS1"]');
INSERT INTO ncrna_profile VALUES ('8fa36dd7-1ee2-426a-a5f3-6058628ef416','f3d91efb-182a-4009-bfa6-d05d2a413308','lncRNA','ENSG00000228630','HOTAIR',2.89,'["SHIP1", "SOCS1"]');
INSERT INTO ncrna_profile VALUES ('7ea01ec8-1313-4ba3-9734-e499aac4a703','f3d91efb-182a-4009-bfa6-d05d2a413308','lncRNA','ENSG00000251562','MALAT1',46.12,'["SHIP1", "SOCS1"]');
INSERT INTO metabolomics_profile VALUES ('5c91f54d-459f-43bc-b4f2-d500839d7959','f3d91efb-182a-4009-bfa6-d05d2a413308','Lactate','HMDB0000190','C00186',2.72,'LC-MS','organic_acid',0.48);
INSERT INTO metabolomics_profile VALUES ('6f12d392-9ce1-4b30-919f-5d6112e559f3','f3d91efb-182a-4009-bfa6-d05d2a413308','Glutamine','HMDB0000641','C00064',0.32,'LC-MS','amino_acid',-1.12);
INSERT INTO metabolomics_profile VALUES ('13a90b0e-14ca-4732-b06d-161186dc0434','f3d91efb-182a-4009-bfa6-d05d2a413308','Glucose','HMDB0000122','C00031',5.73,'LC-MS','carbohydrate',2.49);
INSERT INTO metabolomics_profile VALUES ('516a861b-12ca-4e64-ba96-39fae2a07ae2','f3d91efb-182a-4009-bfa6-d05d2a413308','Phosphocholine','HMDB0001565','C00588',0.25,'LC-MS','lipid',-1.17);
INSERT INTO tumor_clone VALUES ('2af66186-43c9-4e88-b069-9d72f697e3c5','f3d91efb-182a-4009-bfa6-d05d2a413308','clone_A',0.81,'[]',1,1,0.1953);
INSERT INTO tumor_clone VALUES ('1626ae4c-0416-453e-96b2-aab6319db688','f3d91efb-182a-4009-bfa6-d05d2a413308','clone_B',0.19,'[]',0,2,0.1143);
INSERT INTO cell_cycle_state VALUES ('eb3736c3-23a1-4f62-8e89-f635a49561f2','f3d91efb-182a-4009-bfa6-d05d2a413308',0.694,0.134,0.088,0.084,28.5745,480.0,6.2);
INSERT INTO apoptosis_marker VALUES ('54e9edf4-ac7f-4aff-a9da-7bc5f411e9e8','f3d91efb-182a-4009-bfa6-d05d2a413308',187.0,70.7673,67.0,2.79,0.1982,5.1564,0.6797);
INSERT INTO dna_repair_status VALUES ('726e96ce-e8bc-4140-8828-4a26fdd0b3f2','f3d91efb-182a-4009-bfa6-d05d2a413308','mutated_somatic','mutated_somatic','proficient_MMR',0.04,6.0,33.6,0,'wildtype');
INSERT INTO metabolic_phenotype VALUES ('638940ae-1bcf-46d5-980e-7f7fffb19ac2','f3d91efb-182a-4009-bfa6-d05d2a413308',0.398,103.8711,0.2075,0.64,0.3019,1.4258,0.45);
INSERT INTO stemness_profile VALUES ('ab5e73da-85aa-4d86-8c1c-a62e97fa95d7','f3d91efb-182a-4009-bfa6-d05d2a413308',98.0757,10.9926,12.2624,0.2477,0.423,0.189,0.5149,0.02);
INSERT INTO drug_resistance_feature VALUES ('ee329788-588f-4666-81a7-482db21e42ce','f3d91efb-182a-4009-bfa6-d05d2a413308',1.18,0.9422,0.3153,0.5387,'[]',0.635);
INSERT INTO immune_infiltration VALUES ('a81db3f4-fa3b-4159-8221-7ae4219f3abe','f3d91efb-182a-4009-bfa6-d05d2a413308',1.9,10.5533,10.3461,0.7534,1.3571,4.4212,13.6708,5.4149,6.3046,'CIBERSORT');
INSERT INTO checkpoint_expression VALUES ('24eb0e9b-0345-4625-8492-896e7de8b669','f3d91efb-182a-4009-bfa6-d05d2a413308',7.6,13.68,10.2184,12.6886,15.5054,12.4479,10.0802,18.7048);
INSERT INTO cytokine_milieu VALUES ('d7a28dee-209e-4271-bd4b-fbd001b53f2c','f3d91efb-182a-4009-bfa6-d05d2a413308',25.486,15.1466,6.3359,28.0933,28.3051,29.0,46.3562,229.8486);
INSERT INTO stromal_composition VALUES ('6c56cbc7-fa03-4601-a1bd-aa325a9914ca','f3d91efb-182a-4009-bfa6-d05d2a413308',0.397,0.1246,0.135,0.5048,3.5335,35.4617);
INSERT INTO ecm_profile VALUES ('ba5b6596-1ecd-41f1-b70d-877f1d6669b3','f3d91efb-182a-4009-bfa6-d05d2a413308',11.5671,7.5156,22.9889,0.6132,0.2552,0.4479,0.3446);
INSERT INTO hypoxia_vasculature VALUES ('84bc8183-3886-4976-8c89-4307817526f6','f3d91efb-182a-4009-bfa6-d05d2a413308',0.13,0.9379,6.3,0.2301,79.377,218.5235,31.4259,2.0,6.95);
INSERT INTO organ_function VALUES ('f883f03a-fa1d-45fd-b9ba-817c66d71e04','f64338e4-c8ec-4c5a-a272-72ad0a06075d','2020-04-25',64.0,1.168,30.2888,14.5321,10.7221,44.5688,55.6,420.0349,1.0383);
INSERT INTO immune_baseline VALUES ('715f656d-5227-489d-88c2-e0b5327e8ec6','f64338e4-c8ec-4c5a-a272-72ad0a06075d','2020-04-25',7.46,1.56,3.48,2.2308,431.657,405.2086,261.2887,9.3965);
INSERT INTO hormonal_profile VALUES ('9210225a-ef24-4507-98fe-0746765158e7','f64338e4-c8ec-4c5a-a272-72ad0a06075d','2020-04-25',274.9,0.48,565.0,80.0974,19.2926,2.5138,2.7838);
INSERT INTO pharmacogenomics VALUES ('4246c4d7-37da-4df3-8907-1fdce7f4a720','f64338e4-c8ec-4c5a-a272-72ad0a06075d','PM','IM','UM','*1/*1','normal',0,'NM');
INSERT INTO body_composition VALUES ('60ea9f72-de03-4d25-a6f1-470113b08c12','f64338e4-c8ec-4c5a-a272-72ad0a06075d','2020-04-25',30.6,35.8,27.4008,147.8137,38.2079,1.6764);
INSERT INTO microbiome_profile VALUES ('3cb97b7e-6005-407e-a4dd-4b6c90771b94','f64338e4-c8ec-4c5a-a272-72ad0a06075d','2020-04-25','gut','16S_rRNA_V4',3.2183,2.0341,0.0381,'[{"genus": "Bacteroides", "rel": 0.254}, {"genus": "Faecalibacterium", "rel": 0.073}, {"genus": "Akkermansia", "rel": 0.0381}]',1);
INSERT INTO tumor_staging VALUES ('4708a4ee-13fb-4058-bf5f-8a8516d60d05','f64338e4-c8ec-4c5a-a272-72ad0a06075d','2020-04-25','8500/3','C50.4','Invasive ductal carcinoma','T2','N1','M0','IIA',2,'right');
INSERT INTO imaging_measurement VALUES ('f3ea1458-e67f-449c-bf17-04df93416291','f64338e4-c8ec-4c5a-a272-72ad0a06075d','2020-04-20','MRI','L1','primary_left_breast',30.6,15002.4747,3.1703,'SD','{"entropy": 4.92, "sphericity": 0.59}');
INSERT INTO pathology_report VALUES ('7e46d63b-1783-43df-9803-5332841809ba','f64338e4-c8ec-4c5a-a272-72ad0a06075d','2020-04-25','core_needle_biopsy','R0',7,14,0,1,0.0);
INSERT INTO performance_status VALUES ('b0661534-3e7f-46af-9736-5d0570881dd3','f64338e4-c8ec-4c5a-a272-72ad0a06075d','2020-04-25',0,84,2,29.6434);
INSERT INTO liquid_biopsy VALUES ('7acd4878-ded1-4010-ac2b-e1bbba38dee2','f64338e4-c8ec-4c5a-a272-72ad0a06075d','2020-04-25',0.0867,39.015,6,'[]','detected',11.8197);
INSERT INTO treatment_regimen VALUES ('2b729c91-5b48-41fa-acbd-65025d23f75c','f64338e4-c8ec-4c5a-a272-72ad0a06075d',1,'T-DM1','adjuvant','2020-05-13','2021-10-12','planned_completion','PR',669);
INSERT INTO treatment_drug_dose VALUES ('5f2d6cb1-762b-42d0-bdc4-ac520a2cef20','2b729c91-5b48-41fa-acbd-65025d23f75c','6875e431-ad8e-4272-8f17-9b89825e25c6','2020-05-13',68.0,62.0,8.8,'IV',1,1.6478);
INSERT INTO adverse_event VALUES ('19eedf35-5c4f-4f8e-a267-09ff1cdc6e44','f64338e4-c8ec-4c5a-a272-72ad0a06075d','2b729c91-5b48-41fa-acbd-65025d23f75c','Fatigue',1,'2020-06-15','2020-07-03','probable','none');
INSERT INTO adverse_event VALUES ('7f9b1462-9e97-4a93-86d5-dd2da631aee3','f64338e4-c8ec-4c5a-a272-72ad0a06075d','2b729c91-5b48-41fa-acbd-65025d23f75c','Nausea',2,'2020-06-18','2020-07-30','probable','none');
INSERT INTO adverse_event VALUES ('511c508d-2a34-4cec-a506-3ad3bddd800d','f64338e4-c8ec-4c5a-a272-72ad0a06075d','2b729c91-5b48-41fa-acbd-65025d23f75c','Peripheral sensory neuropathy',3,'2020-06-22','2020-07-09','probable','dose_reduction');
INSERT INTO adverse_event VALUES ('1b172da3-fc3c-4110-8e21-00a8f26df1ce','f64338e4-c8ec-4c5a-a272-72ad0a06075d','2b729c91-5b48-41fa-acbd-65025d23f75c','Alopecia',1,'2020-06-19','2020-07-13','probable','none');
INSERT INTO radiation_plan VALUES ('1f29a3e0-5a94-48d7-9d8f-a4bb259d7c19','f64338e4-c8ec-4c5a-a272-72ad0a06075d','photon_EBRT','CTV',48.6062,2.0,25,5,'IMRT',NULL,'{"heart": {"V20Gy_pct": "<25"}, "lung": {"mean_Gy": "<18"}}');
INSERT INTO carcinogen_exposure VALUES ('7940582a-1eda-4385-8e2e-532f99310f3c','f64338e4-c8ec-4c5a-a272-72ad0a06075d','never',0.0,7.3389,35.2005,135.0669,'[]',0.0,0);
INSERT INTO diet_nutrition VALUES ('f6b629d5-fe8e-472a-8cdf-3a2a96079bd2','f64338e4-c8ec-4c5a-a272-72ad0a06075d','2020-04-25','FFQ',2175.4549,46.4966,173.7245,102.8861,21.9613,88.4552,28.3142,16.5248,'Mediterranean');
INSERT INTO physical_activity VALUES ('30b3a4bd-dc8a-454a-bf2e-1f9bfc0bf8a9','f64338e4-c8ec-4c5a-a272-72ad0a06075d','2020-04-25',494.7247,87.1971,339.1922,11.6251,32.6152,5349,14.8394);
INSERT INTO stress_psychology VALUES ('748bb053-737a-4ed0-bcdf-3179b1dc911a','f64338e4-c8ec-4c5a-a272-72ad0a06075d','2020-04-25',15,16,0,46.8383,350.3,8.7726,15);
INSERT INTO environmental_exposure VALUES ('56431040-7905-46be-a1ca-2619a7d88805','f64338e4-c8ec-4c5a-a272-72ad0a06075d','2020-04-25',6.2369,8.4464,41.9581,'negative',NULL,'negative','negative',10.3016,'naive');
INSERT INTO socioeconomic_context VALUES ('5b7eaf95-2212-4efb-b93f-448963a6f029','f64338e4-c8ec-4c5a-a272-72ad0a06075d','2020-04-25',66.8938,'public_Medicaid',0.9153,0.7377,68.2532,'retired',41.1845,18);
INSERT INTO circadian_profile VALUES ('dcef5e71-7a77-4c1f-9c1c-dab9e60b1d39','f64338e4-c8ec-4c5a-a272-72ad0a06075d','2020-04-25','morning',84.3367,13.2386,'22:09',675.5161,0,14);

-- Patient 70: TNBC
INSERT INTO patient VALUES ('2f9531b9-50b7-4416-84fe-9f7690fdd93e','MRN-6865369','1960-03-25','female','South Asian','{"EUR": 0.74, "AFR": 0.18}','2023-09-03','2023-09-03');
INSERT INTO genomic_sample VALUES ('0aed0825-57e8-432a-bc66-07672bbb232d','2f9531b9-50b7-4416-84fe-9f7690fdd93e','tumor','C50.4','2023-09-14','Tempus xT',0.65,0,'FFPE');
INSERT INTO somatic_mutation VALUES ('88f9140c-faf2-485a-95d3-5b493a2bdbf9','0aed0825-57e8-432a-bc66-07672bbb232d','PTEN','chr10',89692905,'G','A','SNV','missense_variant','p.Arg130Gly',0.2461,311,'oncogenic','COSV52731827','1','SBS5');
INSERT INTO somatic_mutation VALUES ('560ffd33-3d0e-449f-bfba-72dacfabcb09','0aed0825-57e8-432a-bc66-07672bbb232d','MAP3K1','chr5',56115628,'G','A','SNV','missense_variant','p.Glu1298Lys',0.2277,373,'oncogenic','COSV52721033','3A','SBS1');
INSERT INTO somatic_mutation VALUES ('df733f9a-498d-41d2-9e57-f67fb283c88a','0aed0825-57e8-432a-bc66-07672bbb232d','MYC','chr8',127735434,'A','G','SNV','missense_variant','p.Thr58Ala',0.2929,175,'oncogenic','COSV52759832','3A','SBS5');
INSERT INTO somatic_mutation VALUES ('b3eb115e-f831-4e0b-a056-184530eb35e9','0aed0825-57e8-432a-bc66-07672bbb232d','CCND1','chr11',69465258,'G','T','SNV','missense_variant','p.Pro241Leu',0.2163,131,'oncogenic','COSV52718943','3A','SBS1');
INSERT INTO somatic_mutation VALUES ('ded41c94-bd2e-4a96-b7fb-c24c0a257835','0aed0825-57e8-432a-bc66-07672bbb232d','CDH1','chr16',68771195,'C','T','SNV','nonsense_variant','p.Gln333Ter',0.3974,104,'oncogenic','COSV52697483','3A','SBS1');
INSERT INTO somatic_mutation VALUES ('a0c9fc2b-ca28-4882-b792-dc8d4be467fd','0aed0825-57e8-432a-bc66-07672bbb232d','TP53','chr17',7674220,'G','A','SNV','missense_variant','p.Arg248Trp',0.4685,141,'oncogenic','COSV52743007','1','SBS5');
INSERT INTO copy_number_variant VALUES ('0327561d-624f-4bd0-b620-249a34220bb9','0aed0825-57e8-432a-bc66-07672bbb232d','PTEN','chr10',89600000,89900000,0.0,-2.3,'deep_deletion',1);
INSERT INTO copy_number_variant VALUES ('748bdede-686c-4bc7-8c48-3e2cf5f57eb8','0aed0825-57e8-432a-bc66-07672bbb232d','MYC','chr8',127700000,127800000,4.4,-0.71,'neutral',0);
INSERT INTO copy_number_variant VALUES ('b7a6e4dc-291c-4ca2-b2aa-a10becf4fe26','0aed0825-57e8-432a-bc66-07672bbb232d','CDKN2A','chr9',21967000,21995000,0.4,-1.96,'shallow_deletion',0);
INSERT INTO gene_expression VALUES ('3c1d1a04-3c5a-4aa7-8f59-aef19ae10b43','0aed0825-57e8-432a-bc66-07672bbb232d','ENSG00000091831','ESR1',487.47,48.75,1219,4.08,99.0);
INSERT INTO gene_expression VALUES ('4294b689-e218-419a-a725-4c1290e67d17','0aed0825-57e8-432a-bc66-07672bbb232d','ENSG00000141736','ERBB2',5.0,0.5,12,-1.28,30.8);
INSERT INTO gene_expression VALUES ('35719500-c4cc-45a4-84c7-e9b7fb382445','0aed0825-57e8-432a-bc66-07672bbb232d','ENSG00000148773','MKI67',544.07,54.41,1360,4.71,99.0);
INSERT INTO gene_expression VALUES ('a6810d1d-d9aa-4676-8152-01de50208ab6','0aed0825-57e8-432a-bc66-07672bbb232d','ENSG00000141510','TP53',76.65,7.3,405,-0.48,42.8);
INSERT INTO gene_expression VALUES ('59c5e787-fd47-4531-8df9-62dc674e65ff','0aed0825-57e8-432a-bc66-07672bbb232d','ENSG00000012048','BRCA1',22.03,9.04,155,-1.09,33.6);
INSERT INTO gene_expression VALUES ('d75984c3-ae56-44c3-93bc-ebfe2c4b503e','0aed0825-57e8-432a-bc66-07672bbb232d','ENSG00000139618','BRCA2',54.77,3.07,340,-0.72,39.2);
INSERT INTO gene_expression VALUES ('827c6289-3216-41c8-bf5b-136b520bb9f8','0aed0825-57e8-432a-bc66-07672bbb232d','ENSG00000171862','PTEN',44.27,9.02,423,-0.84,37.4);
INSERT INTO gene_expression VALUES ('3b8220ce-b281-4c20-93de-19a9f1fe61a8','0aed0825-57e8-432a-bc66-07672bbb232d','ENSG00000136997','MYC',67.68,6.27,192,-0.58,41.3);
INSERT INTO protein_expression VALUES ('20a91150-725c-489b-9fb9-ec76e278e503','0aed0825-57e8-432a-bc66-07672bbb232d','ESR1','P03372','IHC',-1.18,32.0,1,'NULL');
INSERT INTO protein_expression VALUES ('50be2987-c26d-4aa4-a86c-f9003b1b3c73','0aed0825-57e8-432a-bc66-07672bbb232d','PGR','P06401','IHC',-1.5,0.0,0,'NULL');
INSERT INTO protein_expression VALUES ('9b4e74f3-cc86-46e0-9b87-db58cffc34f7','0aed0825-57e8-432a-bc66-07672bbb232d','ERBB2','P04626','IHC',-1.29,21.0,1,'pY1248');
INSERT INTO protein_expression VALUES ('1feb600f-bb2f-4de5-ad39-8a96e1ecea3c','0aed0825-57e8-432a-bc66-07672bbb232d','MKI67','P46013','IHC',0.34,172.0,0,'NULL');
INSERT INTO epigenetic_mark VALUES ('441b18e0-4a8c-4036-8da5-7cecddc912ef','0aed0825-57e8-432a-bc66-07672bbb232d','DNA_methylation','cg15629539',0.687,'1.134','ESR1','CpG_island',NULL);
INSERT INTO epigenetic_mark VALUES ('239fa3b0-7fd6-4474-91f8-65360e248090','0aed0825-57e8-432a-bc66-07672bbb232d','DNA_methylation','cg27053763',0.223,'-1.801','BRCA1','promoter',NULL);
INSERT INTO epigenetic_mark VALUES ('ed08465e-4696-4fdb-a1bb-60e47d68b268','0aed0825-57e8-432a-bc66-07672bbb232d','H3K27ac','chr17:37800000-37850000',0.31,NULL,'ERBB2','enhancer','0.633');
INSERT INTO ncrna_profile VALUES ('bec66ae6-0b57-48f5-873f-d5a8e4d0748c','0aed0825-57e8-432a-bc66-07672bbb232d','miRNA','hsa-miR-21-5p','miR-21-5p',8.51,'["PTEN", "PDCD4"]');
INSERT INTO ncrna_profile VALUES ('83a3c433-3da2-465d-a909-98e948592f08','0aed0825-57e8-432a-bc66-07672bbb232d','miRNA','hsa-miR-155-5p','miR-155-5p',7.05,'["SHIP1", "SOCS1"]');
INSERT INTO ncrna_profile VALUES ('96bd512c-cd0d-4e15-b53d-10b7cba17f3a','0aed0825-57e8-432a-bc66-07672bbb232d','lncRNA','ENSG00000228630','HOTAIR',1.64,'["SHIP1", "SOCS1"]');
INSERT INTO ncrna_profile VALUES ('aa0dc3a0-7ac0-40aa-b538-5efcd9f3de2c','0aed0825-57e8-432a-bc66-07672bbb232d','lncRNA','ENSG00000251562','MALAT1',54.92,'["SHIP1", "SOCS1"]');
INSERT INTO metabolomics_profile VALUES ('f540e334-8a46-471d-a524-68d177bd10b0','0aed0825-57e8-432a-bc66-07672bbb232d','Lactate','HMDB0000190','C00186',3.69,'LC-MS','organic_acid',1.13);
INSERT INTO metabolomics_profile VALUES ('98c696c7-a74a-4a64-a52d-ab8565db509d','0aed0825-57e8-432a-bc66-07672bbb232d','Glutamine','HMDB0000641','C00064',0.48,'LC-MS','amino_acid',-1.01);
INSERT INTO metabolomics_profile VALUES ('ce1d5a99-1808-4ecb-96d9-58e09460f8c3','0aed0825-57e8-432a-bc66-07672bbb232d','Glucose','HMDB0000122','C00031',4.69,'LC-MS','carbohydrate',1.79);
INSERT INTO metabolomics_profile VALUES ('b525c479-1f18-40e0-a9ea-f203a688cdee','0aed0825-57e8-432a-bc66-07672bbb232d','Phosphocholine','HMDB0001565','C00588',0.22,'LC-MS','lipid',-1.19);
INSERT INTO tumor_clone VALUES ('44e95835-5909-4a6b-ba67-2e82384b9570','0aed0825-57e8-432a-bc66-07672bbb232d','clone_A',0.64,'[]',1,1,0.2489);
INSERT INTO tumor_clone VALUES ('34608dfa-7d77-4df8-a1aa-0f6fcff05cd0','0aed0825-57e8-432a-bc66-07672bbb232d','clone_B',0.36,'[]',0,2,0.0315);
INSERT INTO cell_cycle_state VALUES ('98a70b93-4fd1-4ebe-a426-9927217464d4','0aed0825-57e8-432a-bc66-07672bbb232d',0.5,0.238,0.168,0.094,61.4199,265.0,10.8);
INSERT INTO apoptosis_marker VALUES ('69974cc8-de9f-4991-9dd1-7e853e51c435','0aed0825-57e8-432a-bc66-07672bbb232d',37.0,117.3206,47.0,0.79,0.2433,3.1844,2.0819);
INSERT INTO dna_repair_status VALUES ('1382ef80-7c0e-4401-9452-02ae57e907e1','0aed0825-57e8-432a-bc66-07672bbb232d','wildtype','wildtype','deficient_MMR',0.32,13.5,46.1,0,'wildtype');
INSERT INTO metabolic_phenotype VALUES ('eb83bf03-188e-43c3-a398-dde32a17486a','0aed0825-57e8-432a-bc66-07672bbb232d',0.558,85.1383,0.5663,0.3714,0.2738,1.2496,0.4966);
INSERT INTO stemness_profile VALUES ('647dc78d-ad8d-4655-89c8-fe553dbfc04e','0aed0825-57e8-432a-bc66-07672bbb232d',133.3209,38.1488,24.4744,0.387,0.48,0.688,0.6275,0.6387);
INSERT INTO drug_resistance_feature VALUES ('5cceed9f-4f39-45cc-9d1e-95664b7b10d1','0aed0825-57e8-432a-bc66-07672bbb232d',1.16,0.6784,0.8109,1.3318,'[]',0.8879);
INSERT INTO immune_infiltration VALUES ('f10c183e-1c1d-4888-bd06-1e2f78ff4fc8','0aed0825-57e8-432a-bc66-07672bbb232d',16.4,13.6235,4.6346,5.6925,5.3587,10.6651,19.5081,2.9809,8.2221,'CIBERSORT');
INSERT INTO checkpoint_expression VALUES ('33bba44c-76de-4682-9877-4ac6ce408256','0aed0825-57e8-432a-bc66-07672bbb232d',44.6,80.28,8.1352,9.9543,14.9573,13.4266,12.1774,37.4487);
INSERT INTO cytokine_milieu VALUES ('16a8319c-8345-49dc-8429-77aa100de5c1','0aed0825-57e8-432a-bc66-07672bbb232d',29.666,11.5441,6.264,18.6644,16.356,44.5,67.3836,161.8272);
INSERT INTO stromal_composition VALUES ('996ef3f7-f19f-4214-aab3-a31df8c7fa36','0aed0825-57e8-432a-bc66-07672bbb232d',0.3635,0.0667,0.1717,0.4219,2.7247,38.8321);
INSERT INTO ecm_profile VALUES ('956e259a-0305-4584-9e82-4c5f0ff4cc1c','0aed0825-57e8-432a-bc66-07672bbb232d',9.4633,6.9296,22.4208,0.6727,0.446,0.3103,0.4985);
INSERT INTO hypoxia_vasculature VALUES ('053b8164-7b76-4c0f-889e-619831862bad','0aed0825-57e8-432a-bc66-07672bbb232d',2.29,1.988,4.5,0.4563,109.0314,245.5182,109.917,12.3,6.7);
INSERT INTO organ_function VALUES ('f335f6b0-3788-4691-b3da-9e76dc7755c6','2f9531b9-50b7-4416-84fe-9f7690fdd93e','2023-09-03',56.0,1.072,18.4418,14.4346,14.1914,44.0312,61.2,413.7734,1.148);
INSERT INTO immune_baseline VALUES ('73455a4e-6dff-4894-8add-29dbfc6b861a','2f9531b9-50b7-4416-84fe-9f7690fdd93e','2023-09-03',7.52,1.66,2.1,1.2651,445.0201,408.2997,435.3447,11.7783);
INSERT INTO hormonal_profile VALUES ('195c78fd-c249-4a36-9696-c648dbd96c12','2f9531b9-50b7-4416-84fe-9f7690fdd93e','2023-09-03',24.9,0.65,461.0,78.5427,17.0435,3.2806,8.4871);
INSERT INTO pharmacogenomics VALUES ('3827a631-f458-484c-b0d8-e97adebf522a','2f9531b9-50b7-4416-84fe-9f7690fdd93e','NM','NM','UM','*1/*1','normal',0,'NM');
INSERT INTO body_composition VALUES ('5b92ab31-5ac1-45c8-afa3-cf737aa83f0b','2f9531b9-50b7-4416-84fe-9f7690fdd93e','2023-09-03',29.1,43.3,23.8341,92.5544,32.5394,1.7135);
INSERT INTO microbiome_profile VALUES ('422daa3a-33d2-472e-8cf4-5df8d710b779','2f9531b9-50b7-4416-84fe-9f7690fdd93e','2023-09-03','gut','16S_rRNA_V4',2.0483,3.0594,0.0321,'[{"genus": "Bacteroides", "rel": 0.202}, {"genus": "Faecalibacterium", "rel": 0.131}, {"genus": "Akkermansia", "rel": 0.0321}]',0);
INSERT INTO tumor_staging VALUES ('e8a8dde9-9683-4bdd-8b00-e621a2eadffc','2f9531b9-50b7-4416-84fe-9f7690fdd93e','2023-09-03','8500/3','C50.4','Invasive ductal carcinoma, triple negative','T2','N1','M0','IIA',1,'right');
INSERT INTO imaging_measurement VALUES ('61f69629-19d6-4173-9628-d397e631242b','2f9531b9-50b7-4416-84fe-9f7690fdd93e','2023-08-13','MRI','L1','primary_left_breast',17.1,2618.1044,3.8712,'SD','{"entropy": 7.66, "sphericity": 0.7}');
INSERT INTO pathology_report VALUES ('2d8b4b94-9ad7-47a9-b83b-62be621dd554','2f9531b9-50b7-4416-84fe-9f7690fdd93e','2023-09-03','core_needle_biopsy','R0',8,22,0,0,21.2729);
INSERT INTO performance_status VALUES ('c50a066c-36c2-4fa9-85b0-6b99a392ef85','2f9531b9-50b7-4416-84fe-9f7690fdd93e','2023-09-03',0,82,2,46.6693);
INSERT INTO liquid_biopsy VALUES ('695c0bae-8247-4be8-aad9-88e4f1b3bcb1','2f9531b9-50b7-4416-84fe-9f7690fdd93e','2023-09-03',0.1276,57.42,4,'[]','detected',10.9871);
INSERT INTO treatment_regimen VALUES ('85d2ddf4-ead9-43c3-b095-7296abfb117b','2f9531b9-50b7-4416-84fe-9f7690fdd93e',1,'AC-T','neoadjuvant','2023-10-11','2025-02-23','planned_completion','PR',301);
INSERT INTO treatment_drug_dose VALUES ('5ed356ac-37c6-401a-bbc9-8621879e8a30','85d2ddf4-ead9-43c3-b095-7296abfb117b','8ed4a385-e60c-4c06-9827-b17fc4f5be7e','2023-10-11',62.0,56.0,9.7,'IV',1,1.6477);
INSERT INTO adverse_event VALUES ('ab1f7099-66dc-489a-9ecb-5687d3a673ca','2f9531b9-50b7-4416-84fe-9f7690fdd93e','85d2ddf4-ead9-43c3-b095-7296abfb117b','Peripheral sensory neuropathy',3,'2023-12-12','2023-12-30','probable','dose_reduction');
INSERT INTO adverse_event VALUES ('83b42c2a-e3ab-4668-87fa-caf5a128da7d','2f9531b9-50b7-4416-84fe-9f7690fdd93e','85d2ddf4-ead9-43c3-b095-7296abfb117b','Alopecia',1,'2023-10-27','2023-11-04','probable','none');
INSERT INTO radiation_plan VALUES ('c582fa80-9f21-4ad4-b1dc-c17f8207d3fd','2f9531b9-50b7-4416-84fe-9f7690fdd93e','photon_EBRT','CTV',52.8717,2.0,25,5,'IMRT',NULL,'{"heart": {"V20Gy_pct": "<25"}, "lung": {"mean_Gy": "<18"}}');
INSERT INTO carcinogen_exposure VALUES ('219c1332-60ba-4c8a-aa35-fb7f03501bc6','2f9531b9-50b7-4416-84fe-9f7690fdd93e','never',0.0,6.5863,35.8316,78.5842,'[]',0.0,0);
INSERT INTO diet_nutrition VALUES ('c95abeb6-7a51-4964-b24d-e089f9ca2e6f','2f9531b9-50b7-4416-84fe-9f7690fdd93e','2023-09-03','FFQ',2659.8026,64.6093,260.8799,35.0251,21.1406,60.4628,0.0,13.1653,'plant_based');
INSERT INTO physical_activity VALUES ('dc863b72-61b9-444c-b92e-22a7c81c5431','2f9531b9-50b7-4416-84fe-9f7690fdd93e','2023-09-03',740.561,14.1763,229.2879,5.9198,33.3325,7956,27.296);
INSERT INTO stress_psychology VALUES ('705857f3-2437-4757-8ac9-19f59e754fc2','2f9531b9-50b7-4416-84fe-9f7690fdd93e','2023-09-03',15,6,10,57.7406,285.82,7.8654,13);
INSERT INTO environmental_exposure VALUES ('252956e0-49c3-4a01-9d41-9f4c8f319b4c','2f9531b9-50b7-4416-84fe-9f7690fdd93e','2023-09-03',23.4633,23.7221,44.7303,'negative',NULL,'negative','negative',8.4896,'naive');
INSERT INTO socioeconomic_context VALUES ('e6ca4ada-d752-408a-9407-0775dc7a5c74','2f9531b9-50b7-4416-84fe-9f7690fdd93e','2023-09-03',37.8647,'private',0.6189,0.7782,77.2985,'employed_part_time',33.8746,13);
INSERT INTO circadian_profile VALUES ('5c882f6e-4ee7-4079-bdac-3f7eb5c295bd','2f9531b9-50b7-4416-84fe-9f7690fdd93e','2023-09-03','evening',72.0416,15.5474,'22:00',1165.7038,0,7);

-- Patient 71: HR+/HER2- early
INSERT INTO patient VALUES ('1e631631-0a7d-4d0e-a746-4bf222014e7a','MRN-1574361','1953-01-19','female','East Asian','{"EUR": 0.1, "AFR": 0.11}','2021-01-11','2021-01-11');
INSERT INTO genomic_sample VALUES ('1f3b436d-b459-48e1-afb2-d6ea3486bb6a','1e631631-0a7d-4d0e-a746-4bf222014e7a','tumor','C50.4','2021-01-17','Tempus xT',0.6,0,'FFPE');
INSERT INTO somatic_mutation VALUES ('4f0170d1-64fa-4458-aba0-6c9cb3f1aeee','1f3b436d-b459-48e1-afb2-d6ea3486bb6a','MYC','chr8',127735434,'A','G','SNV','missense_variant','p.Thr58Ala',0.3463,301,'oncogenic','COSV52759832','3A','SBS5');
INSERT INTO somatic_mutation VALUES ('18f1859a-b0d7-45b4-8b8b-11d744a7b3d6','1f3b436d-b459-48e1-afb2-d6ea3486bb6a','ESR1','chr6',152098794,'T','C','SNV','missense_variant','p.Tyr537Cys',0.2021,163,'oncogenic','COSV52744551','1','SBS1');
INSERT INTO somatic_mutation VALUES ('1e20956e-dcbf-4675-9460-0b7659f189f6','1f3b436d-b459-48e1-afb2-d6ea3486bb6a','CCND1','chr11',69465258,'G','T','SNV','missense_variant','p.Pro241Leu',0.2844,204,'oncogenic','COSV52718943','3A','SBS1');
INSERT INTO somatic_mutation VALUES ('4ef65509-3eac-4e98-94c8-2c509257b4e0','1f3b436d-b459-48e1-afb2-d6ea3486bb6a','PIK3CA','chr3',179234297,'C','T','SNV','missense_variant','p.His1047Arg',0.1595,196,'oncogenic','COSV52748762','1','SBS1');
INSERT INTO copy_number_variant VALUES ('0b8fd2e0-ca3f-4529-acfb-617a13cad3cd','1f3b436d-b459-48e1-afb2-d6ea3486bb6a','MYC','chr8',127700000,127800000,3.1,-0.12,'neutral',0);
INSERT INTO copy_number_variant VALUES ('2723096f-b318-486c-ac46-da700355f9bd','1f3b436d-b459-48e1-afb2-d6ea3486bb6a','CDKN2A','chr9',21967000,21995000,0.8,-2.27,'shallow_deletion',0);
INSERT INTO gene_expression VALUES ('095f5443-cacc-4f91-9a60-bf86497e1e82','1f3b436d-b459-48e1-afb2-d6ea3486bb6a','ENSG00000091831','ESR1',950.03,95.0,2375,9.22,99.0);
INSERT INTO gene_expression VALUES ('18b5ed72-6d8d-444e-b67f-0036af08de97','1f3b436d-b459-48e1-afb2-d6ea3486bb6a','ENSG00000141736','ERBB2',5.0,0.5,12,-1.28,30.8);
INSERT INTO gene_expression VALUES ('57e6c72b-c6c4-4707-ada1-c4df72255220','1f3b436d-b459-48e1-afb2-d6ea3486bb6a','ENSG00000148773','MKI67',39.05,3.91,98,-0.9,36.5);
INSERT INTO gene_expression VALUES ('2b19ccc2-ef93-4e67-9198-6e3ebfb9a682','1f3b436d-b459-48e1-afb2-d6ea3486bb6a','ENSG00000141510','TP53',25.68,5.14,375,-1.05,34.2);
INSERT INTO gene_expression VALUES ('e59c0cbe-3cce-40f6-b206-88b8c71ca6ae','1f3b436d-b459-48e1-afb2-d6ea3486bb6a','ENSG00000012048','BRCA1',15.02,8.18,317,-1.17,32.5);
INSERT INTO gene_expression VALUES ('53a404a8-ab63-4b93-87d5-42668eec61d0','1f3b436d-b459-48e1-afb2-d6ea3486bb6a','ENSG00000139618','BRCA2',70.17,9.18,246,-0.55,41.8);
INSERT INTO gene_expression VALUES ('118febe3-31b1-41e5-a7d8-bb2d266ee546','1f3b436d-b459-48e1-afb2-d6ea3486bb6a','ENSG00000171862','PTEN',33.34,6.57,313,-0.96,35.6);
INSERT INTO gene_expression VALUES ('4e50853c-91b1-4b58-82df-b506c66e4feb','1f3b436d-b459-48e1-afb2-d6ea3486bb6a','ENSG00000136997','MYC',119.49,3.02,191,-0.01,49.9);
INSERT INTO protein_expression VALUES ('489b9933-8061-4f46-9b3f-75b848c3543f','1f3b436d-b459-48e1-afb2-d6ea3486bb6a','ESR1','P03372','IHC',1.0,250.0,6,'NULL');
INSERT INTO protein_expression VALUES ('ccfdc61f-62c5-48b0-b307-66a5efab6c53','1f3b436d-b459-48e1-afb2-d6ea3486bb6a','PGR','P06401','IHC',0.46,196.0,5,'NULL');
INSERT INTO protein_expression VALUES ('27d1eaf4-6153-4b10-bfc3-7aee33b0f602','1f3b436d-b459-48e1-afb2-d6ea3486bb6a','ERBB2','P04626','IHC',-1.3,20.0,0,'pY1248');
INSERT INTO protein_expression VALUES ('b77ae2a6-91ed-43cc-8ac6-b46237dfd76c','1f3b436d-b459-48e1-afb2-d6ea3486bb6a','MKI67','P46013','IHC',-1.4,9.0,0,'NULL');
INSERT INTO epigenetic_mark VALUES ('000734e1-a048-40f8-9326-2bdd57765ed9','1f3b436d-b459-48e1-afb2-d6ea3486bb6a','DNA_methylation','cg15629539',0.113,'-2.973','ESR1','CpG_island',NULL);
INSERT INTO epigenetic_mark VALUES ('da84bcff-bb41-4ca5-bbe9-cadd0f9aef5d','1f3b436d-b459-48e1-afb2-d6ea3486bb6a','DNA_methylation','cg27053763',0.229,'-1.751','BRCA1','promoter',NULL);
INSERT INTO epigenetic_mark VALUES ('10052590-4c3a-4ba2-95d9-21f352e42316','1f3b436d-b459-48e1-afb2-d6ea3486bb6a','H3K27ac','chr17:37800000-37850000',0.465,NULL,'ERBB2','enhancer','2.049');
INSERT INTO ncrna_profile VALUES ('b99bd847-74ec-4b87-8eea-b1fbe16f8944','1f3b436d-b459-48e1-afb2-d6ea3486bb6a','miRNA','hsa-miR-21-5p','miR-21-5p',2.92,'["PTEN", "PDCD4"]');
INSERT INTO ncrna_profile VALUES ('f553f35c-a1ea-4cb7-800d-42ce4c6af537','1f3b436d-b459-48e1-afb2-d6ea3486bb6a','miRNA','hsa-miR-155-5p','miR-155-5p',4.09,'["SHIP1", "SOCS1"]');
INSERT INTO ncrna_profile VALUES ('11416fc6-8cfe-4d81-a573-8eca5ff78740','1f3b436d-b459-48e1-afb2-d6ea3486bb6a','lncRNA','ENSG00000228630','HOTAIR',1.99,'["SHIP1", "SOCS1"]');
INSERT INTO ncrna_profile VALUES ('b0b99018-e840-43e3-ad83-4414be828d4c','1f3b436d-b459-48e1-afb2-d6ea3486bb6a','lncRNA','ENSG00000251562','MALAT1',24.54,'["SHIP1", "SOCS1"]');
INSERT INTO metabolomics_profile VALUES ('4d972a71-e84d-45db-a068-47ecc5c56868','1f3b436d-b459-48e1-afb2-d6ea3486bb6a','Lactate','HMDB0000190','C00186',1.83,'LC-MS','organic_acid',-0.11);
INSERT INTO metabolomics_profile VALUES ('b8679860-705c-4a0d-84c5-ac2af93edde0','1f3b436d-b459-48e1-afb2-d6ea3486bb6a','Glutamine','HMDB0000641','C00064',0.34,'LC-MS','amino_acid',-1.11);
INSERT INTO metabolomics_profile VALUES ('f2b775a9-8414-4698-9f20-eb5d3f2cb2ed','1f3b436d-b459-48e1-afb2-d6ea3486bb6a','Glucose','HMDB0000122','C00031',5.63,'LC-MS','carbohydrate',2.42);
INSERT INTO metabolomics_profile VALUES ('d063cc67-7c1a-4c33-9d60-2a730e3a77a7','1f3b436d-b459-48e1-afb2-d6ea3486bb6a','Phosphocholine','HMDB0001565','C00588',0.14,'LC-MS','lipid',-1.24);
INSERT INTO tumor_clone VALUES ('99d525eb-443b-42e3-b9ad-eedf2af7665f','1f3b436d-b459-48e1-afb2-d6ea3486bb6a','clone_A',0.56,'[]',1,1,0.0805);
INSERT INTO tumor_clone VALUES ('b11f3e73-5349-417c-926d-3d4a2d529ea8','1f3b436d-b459-48e1-afb2-d6ea3486bb6a','clone_B',0.44,'[]',0,2,0.0451);
INSERT INTO cell_cycle_state VALUES ('e48a7655-7ca1-4f00-a14d-607c97fa2d6f','1f3b436d-b459-48e1-afb2-d6ea3486bb6a',0.885,0.015,0.011,0.089,3.3678,480.0,0.0);
INSERT INTO apoptosis_marker VALUES ('a9a0c059-6215-4256-8987-b7a84f8a23f8','1f3b436d-b459-48e1-afb2-d6ea3486bb6a',212.0,117.3966,72.0,2.94,0.1934,4.6111,0.3194);
INSERT INTO dna_repair_status VALUES ('8893ef35-4aa9-4d8c-a785-15d0a5cbc711','1f3b436d-b459-48e1-afb2-d6ea3486bb6a','wildtype','wildtype','proficient_MMR',0.04,5.0,13.5,0,'wildtype');
INSERT INTO metabolic_phenotype VALUES ('2952a705-532c-40d7-b22d-6e61cb5e394c','1f3b436d-b459-48e1-afb2-d6ea3486bb6a',0.235,53.5242,0.1,0.3465,0.2492,0.9762,0.6665);
INSERT INTO stemness_profile VALUES ('f9b32c99-2c30-46b0-82f8-3c9f5001cfe6','1f3b436d-b459-48e1-afb2-d6ea3486bb6a',13.3237,34.9429,22.9851,0.1247,0.124,0.308,0.1247,0.0356);
INSERT INTO drug_resistance_feature VALUES ('017a4b92-cb58-4f8a-bab1-fc906bd61a0c','1f3b436d-b459-48e1-afb2-d6ea3486bb6a',0.46,0.479,0.4688,0.602,'[]',0.1022);
INSERT INTO immune_infiltration VALUES ('f19b60a1-9d75-4b68-9017-5790de17a5b1','1f3b436d-b459-48e1-afb2-d6ea3486bb6a',0.5,5.8204,4.6885,7.1564,7.3498,5.666,14.5921,1.9446,3.5727,'CIBERSORT');
INSERT INTO checkpoint_expression VALUES ('c2547a8b-47a7-47af-8417-4b0f5d3adb1c','1f3b436d-b459-48e1-afb2-d6ea3486bb6a',18.4,33.12,12.482,18.5185,15.3323,8.3025,12.3344,5.3813);
INSERT INTO cytokine_milieu VALUES ('cfcbe4c1-e2a0-485a-b061-e357f90e7877','1f3b436d-b459-48e1-afb2-d6ea3486bb6a',18.1268,10.0301,9.7767,20.7777,24.3472,30.6,7.759,38.601);
INSERT INTO stromal_composition VALUES ('45f72883-4862-453b-965a-6bf1cf360aad','1f3b436d-b459-48e1-afb2-d6ea3486bb6a',0.2661,0.0176,0.0719,0.3015,2.1422,31.8044);
INSERT INTO ecm_profile VALUES ('fedf770f-cac9-4d44-a164-22b4b8ae5f42','1f3b436d-b459-48e1-afb2-d6ea3486bb6a',15.4606,11.2488,5.0,0.6583,0.3115,0.8383,0.3123);
INSERT INTO hypoxia_vasculature VALUES ('80368c64-8ce1-4c47-b7a4-2e4468ecf419','1f3b436d-b459-48e1-afb2-d6ea3486bb6a',0.62,0.6036,8.6,0.2376,57.9116,157.0256,71.2308,10.8,7.07);
INSERT INTO organ_function VALUES ('2fb8483d-8dfa-411e-b315-b1c7bc9a2511','1e631631-0a7d-4d0e-a746-4bf222014e7a','2021-01-11',41.0,0.892,25.8657,15.3816,10.4002,47.7827,59.2,418.5597,1.1527);
INSERT INTO immune_baseline VALUES ('b046cbdc-6e5e-4950-bc0d-f1c2a7cac93d','1e631631-0a7d-4d0e-a746-4bf222014e7a','2021-01-11',5.67,1.79,3.44,1.9218,597.4722,437.7048,197.9217,9.1017);
INSERT INTO hormonal_profile VALUES ('6da9d374-e800-4987-89c6-f77b2e6ebabf','1e631631-0a7d-4d0e-a746-4bf222014e7a','2021-01-11',2.0,0.57,321.0,20.0,14.4433,1.8173,9.6093);
INSERT INTO pharmacogenomics VALUES ('622da78f-754f-453d-a78c-b76a43ee15dc','1e631631-0a7d-4d0e-a746-4bf222014e7a','PM','NM','UM','*1/*28','normal',0,'NM');
INSERT INTO body_composition VALUES ('1f65135b-fef3-4a12-bd55-d3f5d9b01a2c','1e631631-0a7d-4d0e-a746-4bf222014e7a','2021-01-11',29.5,45.4,37.6514,20.0,36.0299,1.7454);
INSERT INTO microbiome_profile VALUES ('c7dc02d4-13a8-4e60-9757-92261aadc7c4','1e631631-0a7d-4d0e-a746-4bf222014e7a','2021-01-11','gut','16S_rRNA_V4',2.8704,2.35,0.0,'[{"genus": "Bacteroides", "rel": 0.178}, {"genus": "Faecalibacterium", "rel": 0.119}, {"genus": "Akkermansia", "rel": 0.0}]',0);
INSERT INTO tumor_staging VALUES ('51f3ead4-f0f8-49ca-9ef6-a7c3977629eb','1e631631-0a7d-4d0e-a746-4bf222014e7a','2021-01-11','8500/3','C50.4','Invasive ductal carcinoma','T2','N1','M0','IIB',1,'right');
INSERT INTO imaging_measurement VALUES ('7cff31bb-1594-41ff-bc19-09c4ffa6e502','1e631631-0a7d-4d0e-a746-4bf222014e7a','2020-12-29','MRI','L1','primary_left_breast',18.9,3534.9562,3.0252,'SD','{"entropy": 5.43, "sphericity": 0.54}');
INSERT INTO pathology_report VALUES ('d14e747c-bf85-49db-b739-533c416e7b9f','1e631631-0a7d-4d0e-a746-4bf222014e7a','2021-01-11','core_needle_biopsy','R0',1,13,0,0,0.0);
INSERT INTO performance_status VALUES ('3899e5eb-3ed0-4a03-ad51-cdfc8adb2e80','1e631631-0a7d-4d0e-a746-4bf222014e7a','2021-01-11',1,80,3,33.8164);
INSERT INTO liquid_biopsy VALUES ('8030ea1c-bf48-4df6-87a1-0b81a3e7dac2','1e631631-0a7d-4d0e-a746-4bf222014e7a','2021-01-11',0.0488,21.96,8,'[]','detected',17.1823);
INSERT INTO treatment_regimen VALUES ('0eab330c-6024-4917-8712-97be6ba0c7b1','1e631631-0a7d-4d0e-a746-4bf222014e7a',1,'Letrozole','adjuvant','2021-02-01','2022-04-13','planned_completion','PR',665);
INSERT INTO treatment_drug_dose VALUES ('42b479a8-2f44-4fc3-98b2-df8ec5b7844b','0eab330c-6024-4917-8712-97be6ba0c7b1','dea8e584-d12c-47bf-a4c0-e739973380b8','2021-02-01',74.0,74.0,0.0,'oral',1,2.1345);
INSERT INTO adverse_event VALUES ('d87be473-4040-410c-8fc6-24c15d887807','1e631631-0a7d-4d0e-a746-4bf222014e7a','0eab330c-6024-4917-8712-97be6ba0c7b1','Neutropenia',2,'2021-04-06','2021-04-13','probable','none');
INSERT INTO adverse_event VALUES ('5556f1c7-40ac-405a-bf81-9fb242ff8f16','1e631631-0a7d-4d0e-a746-4bf222014e7a','0eab330c-6024-4917-8712-97be6ba0c7b1','Fatigue',1,'2021-02-14','2021-02-23','probable','none');
INSERT INTO adverse_event VALUES ('8a0f176c-392c-4a19-bb31-8d68dd0fef38','1e631631-0a7d-4d0e-a746-4bf222014e7a','0eab330c-6024-4917-8712-97be6ba0c7b1','Nausea',2,'2021-03-24','2021-05-18','probable','none');
INSERT INTO radiation_plan VALUES ('164aba13-8afd-49be-9aad-9a2b51887ce3','1e631631-0a7d-4d0e-a746-4bf222014e7a','photon_EBRT','CTV',49.9177,2.0,25,5,'IMRT',NULL,'{"heart": {"V20Gy_pct": "<25"}, "lung": {"mean_Gy": "<18"}}');
INSERT INTO carcinogen_exposure VALUES ('67e702f0-a9be-4cba-b3d1-b3d979e23415','1e631631-0a7d-4d0e-a746-4bf222014e7a','former',27.1873,1.0588,26.627,57.572,'[]',0.0,0);
INSERT INTO diet_nutrition VALUES ('9ff80ed7-6a98-4571-ab40-3004fda835a9','1e631631-0a7d-4d0e-a746-4bf222014e7a','2021-01-11','FFQ',2114.9943,65.2035,194.7285,94.1739,22.4234,38.791,4.1296,10.8332,'Western');
INSERT INTO physical_activity VALUES ('41322b1f-1e95-41c5-b40d-73ec95c0117c','1e631631-0a7d-4d0e-a746-4bf222014e7a','2021-01-11',320.0589,152.2816,88.5435,8.1619,27.7483,5771,32.9928);
INSERT INTO stress_psychology VALUES ('a3f1fe35-5381-43f2-87f4-32a9e9d0c599','1e631631-0a7d-4d0e-a746-4bf222014e7a','2021-01-11',20,3,10,47.7357,199.02,6.9172,10);
INSERT INTO environmental_exposure VALUES ('92cc0da8-017e-4a91-b496-06dc01fd2e92','1e631631-0a7d-4d0e-a746-4bf222014e7a','2021-01-11',5.6608,21.1326,42.0605,'negative',NULL,'negative','negative',9.004,'naive');
INSERT INTO socioeconomic_context VALUES ('0ea0ecfe-5419-42fc-bcdb-9256f56045c1','1e631631-0a7d-4d0e-a746-4bf222014e7a','2021-01-11',82.0602,'public_Medicare',0.8504,0.6145,43.5615,'unable_to_work_disability',22.7674,17);
INSERT INTO circadian_profile VALUES ('343ba287-5967-4f6d-b5ad-a88a10dfdf86','1e631631-0a7d-4d0e-a746-4bf222014e7a','2021-01-11','intermediate',71.8979,13.4266,'22:35',1051.7611,0,9);

-- Patient 72: HR+/HER2- early
INSERT INTO patient VALUES ('4ddaa5cf-7214-4096-94c7-e29267268155','MRN-1331700','1946-09-25','female','East Asian','{"EUR": 0.19, "AFR": 0.27}','2022-03-28','2022-03-28');
INSERT INTO genomic_sample VALUES ('813fa247-d690-4bb9-9590-825dbdd90416','4ddaa5cf-7214-4096-94c7-e29267268155','tumor','C50.4','2022-04-17','Foundation One CDx',0.39,0,'FFPE');
INSERT INTO somatic_mutation VALUES ('3117fe01-a062-4b08-9eaa-6a027a48b109','813fa247-d690-4bb9-9590-825dbdd90416','BRCA1','chr17',43094464,'T','A','SNV','missense_variant','p.Cys1697Ser',0.3301,391,'pathogenic','COSV52701256','1','SBS3');
INSERT INTO somatic_mutation VALUES ('7f1c65ab-4fe9-4fe7-86be-d0f6a183d2f4','813fa247-d690-4bb9-9590-825dbdd90416','CDH1','chr16',68771195,'C','T','SNV','nonsense_variant','p.Gln333Ter',0.424,230,'oncogenic','COSV52697483','3A','SBS1');
INSERT INTO somatic_mutation VALUES ('c7abc42e-17e3-4eec-aa92-784cc0215dbb','813fa247-d690-4bb9-9590-825dbdd90416','MYC','chr8',127735434,'A','G','SNV','missense_variant','p.Thr58Ala',0.2922,305,'oncogenic','COSV52759832','3A','SBS5');
INSERT INTO somatic_mutation VALUES ('41cec36f-a26a-4359-927c-cb215431b27e','813fa247-d690-4bb9-9590-825dbdd90416','ESR1','chr6',152098794,'T','C','SNV','missense_variant','p.Tyr537Cys',0.1924,237,'oncogenic','COSV52744551','1','SBS1');
INSERT INTO somatic_mutation VALUES ('bcd53b38-c0fe-41e5-a499-57ff45a3c499','813fa247-d690-4bb9-9590-825dbdd90416','TP53','chr17',7674220,'G','A','SNV','missense_variant','p.Arg248Trp',0.4053,325,'oncogenic','COSV52743007','1','SBS5');
INSERT INTO copy_number_variant VALUES ('e3f77394-5271-4759-8467-0f6c765acd12','813fa247-d690-4bb9-9590-825dbdd90416','MYC','chr8',127700000,127800000,1.7,0.33,'amplification',0);
INSERT INTO copy_number_variant VALUES ('e2f51e8e-fb60-4bb7-82cb-b0b45dd75dee','813fa247-d690-4bb9-9590-825dbdd90416','CDKN2A','chr9',21967000,21995000,0.5,-1.27,'shallow_deletion',0);
INSERT INTO gene_expression VALUES ('8a669b61-eb56-4027-a998-05ef73ce8720','813fa247-d690-4bb9-9590-825dbdd90416','ENSG00000091831','ESR1',1035.51,103.55,2589,10.17,99.0);
INSERT INTO gene_expression VALUES ('5f71d0ac-6faa-4ffe-b5e5-560085293eb6','813fa247-d690-4bb9-9590-825dbdd90416','ENSG00000141736','ERBB2',244.66,24.47,612,1.39,70.8);
INSERT INTO gene_expression VALUES ('5e44a3c3-6e74-4de1-8bd0-2b3388341d8e','813fa247-d690-4bb9-9590-825dbdd90416','ENSG00000148773','MKI67',55.39,5.54,138,-0.72,39.2);
INSERT INTO gene_expression VALUES ('c281c3e1-3012-4604-8a26-346c7bc21f16','813fa247-d690-4bb9-9590-825dbdd90416','ENSG00000141510','TP53',20.47,3.96,91,-1.11,33.3);
INSERT INTO gene_expression VALUES ('aca37306-0632-44e2-9844-a35423a8f37c','813fa247-d690-4bb9-9590-825dbdd90416','ENSG00000012048','BRCA1',65.58,7.46,218,-0.6,41.0);
INSERT INTO gene_expression VALUES ('b35d1828-8659-466f-8571-5686bf2f8006','813fa247-d690-4bb9-9590-825dbdd90416','ENSG00000139618','BRCA2',42.84,5.54,345,-0.86,37.1);
INSERT INTO gene_expression VALUES ('c911fd79-d743-4097-b276-c665413cb69c','813fa247-d690-4bb9-9590-825dbdd90416','ENSG00000171862','PTEN',82.26,9.52,463,-0.42,43.7);
INSERT INTO gene_expression VALUES ('20b2c409-5c9d-4b6d-bc48-9059777456a1','813fa247-d690-4bb9-9590-825dbdd90416','ENSG00000136997','MYC',101.94,6.44,173,-0.2,47.0);
INSERT INTO protein_expression VALUES ('587dbe2b-df9d-4ba9-ae22-94517000e8db','813fa247-d690-4bb9-9590-825dbdd90416','ESR1','P03372','IHC',1.04,254.0,6,'NULL');
INSERT INTO protein_expression VALUES ('5b256f2e-7c2f-4cc3-a748-7cffb486b46a','813fa247-d690-4bb9-9590-825dbdd90416','PGR','P06401','IHC',0.44,194.0,5,'NULL');
INSERT INTO protein_expression VALUES ('dab46481-602a-4c38-908b-ea6cb7be2e0f','813fa247-d690-4bb9-9590-825dbdd90416','ERBB2','P04626','IHC',-1.35,15.0,0,'pY1248');
INSERT INTO protein_expression VALUES ('02efb8a1-ea5a-4cdd-b322-8709fcce8e68','813fa247-d690-4bb9-9590-825dbdd90416','MKI67','P46013','IHC',-1.35,14.0,0,'NULL');
INSERT INTO epigenetic_mark VALUES ('f17cf072-ef48-40f0-8218-ad524b3ed211','813fa247-d690-4bb9-9590-825dbdd90416','DNA_methylation','cg15629539',0.068,'-3.777','ESR1','CpG_island',NULL);
INSERT INTO epigenetic_mark VALUES ('37373514-4e61-4195-a73c-45eda3807b84','813fa247-d690-4bb9-9590-825dbdd90416','DNA_methylation','cg27053763',0.061,'-3.944','BRCA1','promoter',NULL);
INSERT INTO epigenetic_mark VALUES ('2980dca6-8b3d-46c7-a35a-c3008ae9f52a','813fa247-d690-4bb9-9590-825dbdd90416','H3K27ac','chr17:37800000-37850000',0.17,NULL,'ERBB2','enhancer','2.113');
INSERT INTO ncrna_profile VALUES ('c3f7e3aa-efc5-41f6-a104-30218e52a851','813fa247-d690-4bb9-9590-825dbdd90416','miRNA','hsa-miR-21-5p','miR-21-5p',1.98,'["PTEN", "PDCD4"]');
INSERT INTO ncrna_profile VALUES ('97423696-63c2-48df-ad7a-6928c8aff24c','813fa247-d690-4bb9-9590-825dbdd90416','miRNA','hsa-miR-155-5p','miR-155-5p',3.61,'["SHIP1", "SOCS1"]');
INSERT INTO ncrna_profile VALUES ('763634ae-c7d1-4502-88d8-65685fdd3ecd','813fa247-d690-4bb9-9590-825dbdd90416','lncRNA','ENSG00000228630','HOTAIR',3.65,'["SHIP1", "SOCS1"]');
INSERT INTO ncrna_profile VALUES ('b81870ef-2119-479e-b6bb-1a936541f2bb','813fa247-d690-4bb9-9590-825dbdd90416','lncRNA','ENSG00000251562','MALAT1',62.42,'["SHIP1", "SOCS1"]');
INSERT INTO metabolomics_profile VALUES ('ca1cb046-b812-457e-a83d-5592b833b426','813fa247-d690-4bb9-9590-825dbdd90416','Lactate','HMDB0000190','C00186',0.92,'LC-MS','organic_acid',-0.72);
INSERT INTO metabolomics_profile VALUES ('f8136d76-776c-4798-ac35-183ea08c862f','813fa247-d690-4bb9-9590-825dbdd90416','Glutamine','HMDB0000641','C00064',0.39,'LC-MS','amino_acid',-1.07);
INSERT INTO metabolomics_profile VALUES ('31c5cec0-8bbe-4f9a-9bc5-03bce478e2ee','813fa247-d690-4bb9-9590-825dbdd90416','Glucose','HMDB0000122','C00031',5.11,'LC-MS','carbohydrate',2.07);
INSERT INTO metabolomics_profile VALUES ('70254a47-b606-4dc0-8636-6f3d9328c7ff','813fa247-d690-4bb9-9590-825dbdd90416','Phosphocholine','HMDB0001565','C00588',0.24,'LC-MS','lipid',-1.17);
INSERT INTO tumor_clone VALUES ('7ab3d205-a7a4-414d-8ea4-64f495474a56','813fa247-d690-4bb9-9590-825dbdd90416','clone_A',0.66,'[]',1,1,0.2312);
INSERT INTO tumor_clone VALUES ('6aff0d90-b4cf-462c-9eac-85724ec397c7','813fa247-d690-4bb9-9590-825dbdd90416','clone_B',0.34,'[]',0,2,0.0569);
INSERT INTO cell_cycle_state VALUES ('6a54e89d-68d3-4060-bdbc-38439521c428','813fa247-d690-4bb9-9590-825dbdd90416',0.87,0.022,0.01,0.098,5.0087,480.0,0.0);
INSERT INTO apoptosis_marker VALUES ('67a65f4f-ae2d-44b1-8958-f62ac1713f28','813fa247-d690-4bb9-9590-825dbdd90416',173.0,41.3357,69.0,2.51,0.3026,3.601,1.0539);
INSERT INTO dna_repair_status VALUES ('9e89f5c5-da9f-47ab-8db8-eff648737f9d','813fa247-d690-4bb9-9590-825dbdd90416','mutated_somatic','mutated_somatic','proficient_MMR',0.04,5.1,22.2,0,'wildtype');
INSERT INTO metabolic_phenotype VALUES ('4aea5453-418b-452a-b5e7-1802cbb83f56','813fa247-d690-4bb9-9590-825dbdd90416',0.4,90.0558,0.3222,0.3501,0.2041,1.2529,0.5388);
INSERT INTO stemness_profile VALUES ('4e56bd71-06aa-4eef-a30a-3531919f6df3','813fa247-d690-4bb9-9590-825dbdd90416',69.0531,7.7416,0.8154,0.2043,0.153,0.313,0.4665,0.02);
INSERT INTO drug_resistance_feature VALUES ('6309d38a-1fe7-4c60-a6cd-fc5a76972eda','813fa247-d690-4bb9-9590-825dbdd90416',0.72,0.6837,0.4031,0.7819,'[]',0.2164);
INSERT INTO immune_infiltration VALUES ('0625403e-d166-444a-b0c2-7e8f61be7451','813fa247-d690-4bb9-9590-825dbdd90416',5.4,15.1409,9.6454,4.2166,4.5524,12.0073,10.5371,3.7725,8.4885,'CIBERSORT');
INSERT INTO checkpoint_expression VALUES ('c478de58-7046-4c91-82a0-f13e591081f7','813fa247-d690-4bb9-9590-825dbdd90416',27.9,50.22,9.485,22.6264,15.5129,8.8821,6.9437,14.2007);
INSERT INTO cytokine_milieu VALUES ('bde84e0a-299a-409f-95a1-a8d90fa5e6bd','813fa247-d690-4bb9-9590-825dbdd90416',10.3684,17.2378,7.6111,30.8243,19.586,21.6,17.8892,84.5942);
INSERT INTO stromal_composition VALUES ('131a6941-26d6-4b80-b31a-4b18008b396e','813fa247-d690-4bb9-9590-825dbdd90416',0.309,0.0742,0.1326,0.2481,3.09,28.1727);
INSERT INTO ecm_profile VALUES ('c8f3903f-291b-46bb-bb5e-4dda5c97595a','813fa247-d690-4bb9-9590-825dbdd90416',13.9926,5.1651,20.8416,0.4994,0.4343,0.7276,0.3834);
INSERT INTO hypoxia_vasculature VALUES ('57c5ca8c-5a11-4f61-bec3-be812c3ab107','813fa247-d690-4bb9-9590-825dbdd90416',1.13,0.1,6.7,0.2079,56.5499,200.5588,70.2538,3.9,7.14);
INSERT INTO organ_function VALUES ('6848cf98-bd89-4dd0-806b-a3cef34065e2','4ddaa5cf-7214-4096-94c7-e29267268155','2022-03-28',70.4,1.2448,28.5708,24.599,8.7029,38.451,65.8,424.3737,0.9814);
INSERT INTO immune_baseline VALUES ('c37aa196-5a41-4c45-9fce-c8b8ecf0b7f3','4ddaa5cf-7214-4096-94c7-e29267268155','2022-03-28',7.02,1.15,3.68,3.2,599.2941,423.5215,180.6017,10.9858);
INSERT INTO hormonal_profile VALUES ('05875bc0-f0c9-4008-8145-8e0ac626451a','4ddaa5cf-7214-4096-94c7-e29267268155','2022-03-28',18.3,0.65,498.0,47.9188,14.574,2.9621,4.8049);
INSERT INTO pharmacogenomics VALUES ('16872065-657c-4164-be7e-09bfba1693bf','4ddaa5cf-7214-4096-94c7-e29267268155','NM','NM','UM','*1/*28','normal',0,'NM');
INSERT INTO body_composition VALUES ('17cb7381-2eca-4f16-9c64-f819d42d0ad5','4ddaa5cf-7214-4096-94c7-e29267268155','2022-03-28',19.9,39.2,30.5519,61.4111,20.6838,1.5489);
INSERT INTO microbiome_profile VALUES ('cd1676d1-7ce3-451c-8551-185d020f6762','4ddaa5cf-7214-4096-94c7-e29267268155','2022-03-28','gut','16S_rRNA_V4',3.1236,1.8109,0.0162,'[{"genus": "Bacteroides", "rel": 0.197}, {"genus": "Faecalibacterium", "rel": 0.19}, {"genus": "Akkermansia", "rel": 0.0162}]',0);
INSERT INTO tumor_staging VALUES ('e24190c5-ab11-4982-a35a-414d5b613a00','4ddaa5cf-7214-4096-94c7-e29267268155','2022-03-28','8500/3','C50.4','Invasive ductal carcinoma','T4','N3','M0','I',3,'left');
INSERT INTO imaging_measurement VALUES ('144f48b1-a381-46aa-ad21-355dd5544dbb','4ddaa5cf-7214-4096-94c7-e29267268155','2022-03-14','MRI','L1','primary_left_breast',10.6,623.6145,2.6326,'SD','{"entropy": 4.68, "sphericity": 0.62}');
INSERT INTO pathology_report VALUES ('30a7f139-8737-4f9b-9293-03dd72bfc233','4ddaa5cf-7214-4096-94c7-e29267268155','2022-03-28','core_needle_biopsy','R0',5,14,0,0,18.2445);
INSERT INTO performance_status VALUES ('2b322aa7-82ed-4c06-b9df-c9435ca6ccbb','4ddaa5cf-7214-4096-94c7-e29267268155','2022-03-28',0,81,3,30.9823);
INSERT INTO liquid_biopsy VALUES ('55ab7e8e-16a9-4ae1-93df-149314bb0a61','4ddaa5cf-7214-4096-94c7-e29267268155','2022-03-28',0.1325,59.625,5,'[]','detected',17.7943);
INSERT INTO treatment_regimen VALUES ('b1344e19-5b6a-4e6e-b118-314b72dd794d','4ddaa5cf-7214-4096-94c7-e29267268155',1,'Letrozole','adjuvant','2022-05-07','2023-10-05','planned_completion','PR',682);
INSERT INTO treatment_drug_dose VALUES ('9ac51a88-c5f3-416c-b126-c681ad103d88','b1344e19-5b6a-4e6e-b118-314b72dd794d','dea8e584-d12c-47bf-a4c0-e739973380b8','2022-05-07',68.0,68.0,0.0,'oral',1,1.1485);
INSERT INTO adverse_event VALUES ('afaa5971-c982-4635-b611-2c747fd2fd0e','4ddaa5cf-7214-4096-94c7-e29267268155','b1344e19-5b6a-4e6e-b118-314b72dd794d','Nausea',1,'2022-06-05','2022-07-10','probable','none');
INSERT INTO adverse_event VALUES ('4fb6842a-f7ff-424b-8c6f-399a91494d41','4ddaa5cf-7214-4096-94c7-e29267268155','b1344e19-5b6a-4e6e-b118-314b72dd794d','Arthralgia',2,'2022-07-27','2022-09-06','probable','none');
INSERT INTO adverse_event VALUES ('7464c056-8a4a-4465-88d1-2895709d6146','4ddaa5cf-7214-4096-94c7-e29267268155','b1344e19-5b6a-4e6e-b118-314b72dd794d','Hand-foot syndrome',2,'2022-07-30','2022-09-17','probable','none');
INSERT INTO adverse_event VALUES ('e18077e6-796d-4388-b325-f049b82125be','4ddaa5cf-7214-4096-94c7-e29267268155','b1344e19-5b6a-4e6e-b118-314b72dd794d','Fatigue',3,'2022-08-02','2022-09-30','probable','dose_reduction');
INSERT INTO radiation_plan VALUES ('6ff80c30-dfab-4b87-960b-210f2df6c31c','4ddaa5cf-7214-4096-94c7-e29267268155','photon_EBRT','CTV',51.9732,2.0,25,5,'IMRT',NULL,'{"heart": {"V20Gy_pct": "<25"}, "lung": {"mean_Gy": "<18"}}');
INSERT INTO carcinogen_exposure VALUES ('9b195938-0ac8-44bf-b9cc-50a618ec3be2','4ddaa5cf-7214-4096-94c7-e29267268155','never',0.0,0.0,7.9077,50.1575,'[]',0.0,0);
INSERT INTO diet_nutrition VALUES ('f1b2a025-bd0f-4c88-8b0d-b8fb5028d803','4ddaa5cf-7214-4096-94c7-e29267268155','2022-03-28','FFQ',1859.4237,81.3239,213.6236,58.7254,19.5457,110.6324,12.1167,11.9564,'Mediterranean');
INSERT INTO physical_activity VALUES ('e5fcd2d3-c760-4609-90f1-417c23aeaeb6','4ddaa5cf-7214-4096-94c7-e29267268155','2022-03-28',219.4684,29.478,241.0646,11.6871,47.1989,7229,27.6821);
INSERT INTO stress_psychology VALUES ('645030c0-91a0-40ea-b83d-7bacf2144930','4ddaa5cf-7214-4096-94c7-e29267268155','2022-03-28',17,11,12,44.7274,308.76,6.1601,14);
INSERT INTO environmental_exposure VALUES ('dc8b9638-0d2e-4df0-bf53-02bb85050490','4ddaa5cf-7214-4096-94c7-e29267268155','2022-03-28',2.0,14.8676,26.2223,'negative',NULL,'negative','negative',6.26,'naive');
INSERT INTO socioeconomic_context VALUES ('f4b43b88-c533-4617-9575-b5e9294083f5','4ddaa5cf-7214-4096-94c7-e29267268155','2022-03-28',75.9942,'private',0.6897,0.5975,100.0,'employed_full_time',35.3026,22);
INSERT INTO circadian_profile VALUES ('2b2d04ad-e588-450c-8723-4ce0d5e346ff','4ddaa5cf-7214-4096-94c7-e29267268155','2022-03-28','evening',80.8876,17.5591,'22:53',351.9561,0,9);

-- Patient 73: HR+ metastatic
INSERT INTO patient VALUES ('773cc8ab-f098-440b-a046-543e80c45ea2','MRN-2884805','1964-12-22','female','White','{"EUR": 0.84, "AFR": 0.18}','2023-04-01','2023-04-01');
INSERT INTO genomic_sample VALUES ('ec6ec7b9-66cf-4688-813d-e84f86b4bbea','773cc8ab-f098-440b-a046-543e80c45ea2','tumor','C50.4','2023-04-09','TruSight Oncology 500',0.68,0,'FFPE');
INSERT INTO somatic_mutation VALUES ('186e89a5-61cb-4de0-b9c6-76a326188a08','ec6ec7b9-66cf-4688-813d-e84f86b4bbea','MYC','chr8',127735434,'A','G','SNV','missense_variant','p.Thr58Ala',0.2874,90,'oncogenic','COSV52759832','3A','SBS5');
INSERT INTO somatic_mutation VALUES ('53a7f583-0621-4326-83ef-250a8ada8303','ec6ec7b9-66cf-4688-813d-e84f86b4bbea','CCND1','chr11',69465258,'G','T','SNV','missense_variant','p.Pro241Leu',0.1654,317,'oncogenic','COSV52718943','3A','SBS1');
INSERT INTO somatic_mutation VALUES ('8d9fab2e-18db-48b3-a54e-9dd79d36392b','ec6ec7b9-66cf-4688-813d-e84f86b4bbea','ERBB2','chr17',39725084,'A','G','SNV','missense_variant','p.Leu755Ser',0.289,243,'oncogenic','COSV52735019','1','SBS5');
INSERT INTO copy_number_variant VALUES ('356f4c4c-56ab-4563-81a7-ee317011e956','ec6ec7b9-66cf-4688-813d-e84f86b4bbea','MYC','chr8',127700000,127800000,5.5,0.59,'amplification',0);
INSERT INTO copy_number_variant VALUES ('ea3f2a12-bae0-4a65-a6c7-417ef5286a8b','ec6ec7b9-66cf-4688-813d-e84f86b4bbea','CDKN2A','chr9',21967000,21995000,0.5,-1.76,'shallow_deletion',0);
INSERT INTO gene_expression VALUES ('1422d4db-6e2b-4825-8a0c-4d15eed3e458','ec6ec7b9-66cf-4688-813d-e84f86b4bbea','ENSG00000091831','ESR1',1114.66,111.47,2787,11.05,99.0);
INSERT INTO gene_expression VALUES ('bb4b3dad-e024-462b-8a8f-b7e5037b4b1f','ec6ec7b9-66cf-4688-813d-e84f86b4bbea','ENSG00000141736','ERBB2',342.11,34.21,855,2.47,87.1);
INSERT INTO gene_expression VALUES ('8ec13fb1-8759-4356-a337-4e0b7ee34304','ec6ec7b9-66cf-4688-813d-e84f86b4bbea','ENSG00000148773','MKI67',143.69,14.37,359,0.26,53.9);
INSERT INTO gene_expression VALUES ('d65de560-bd65-46cf-9011-3b21c9553cbe','ec6ec7b9-66cf-4688-813d-e84f86b4bbea','ENSG00000141510','TP53',1.0,4.08,292,-1.32,30.2);
INSERT INTO gene_expression VALUES ('7ad88d86-c9bf-4b6a-a2f1-aa791bf8a31d','ec6ec7b9-66cf-4688-813d-e84f86b4bbea','ENSG00000012048','BRCA1',30.21,8.98,201,-1.0,35.0);
INSERT INTO gene_expression VALUES ('61a155ad-5674-4a48-b9e6-e59efd96d751','ec6ec7b9-66cf-4688-813d-e84f86b4bbea','ENSG00000139618','BRCA2',35.78,6.89,258,-0.94,35.9);
INSERT INTO gene_expression VALUES ('fff632cb-6074-4249-8ab3-b6ed2ce22795','ec6ec7b9-66cf-4688-813d-e84f86b4bbea','ENSG00000171862','PTEN',73.72,5.46,395,-0.51,42.4);
INSERT INTO gene_expression VALUES ('cda40959-a078-45cb-9961-b051db93d0ea','ec6ec7b9-66cf-4688-813d-e84f86b4bbea','ENSG00000136997','MYC',112.65,0.76,594,-0.08,48.8);
INSERT INTO protein_expression VALUES ('2739a494-ddf6-4aaa-af01-f3739c87eeec','ec6ec7b9-66cf-4688-813d-e84f86b4bbea','ESR1','P03372','IHC',0.88,238.0,6,'NULL');
INSERT INTO protein_expression VALUES ('2eaf8648-a9be-489a-b587-00e137ee3ea1','ec6ec7b9-66cf-4688-813d-e84f86b4bbea','PGR','P06401','IHC',0.18,168.0,4,'NULL');
INSERT INTO protein_expression VALUES ('a11cc5a9-ebd0-4f7a-80fe-5cea812577bb','ec6ec7b9-66cf-4688-813d-e84f86b4bbea','ERBB2','P04626','IHC',-1.5,0.0,0,'pY1248');
INSERT INTO protein_expression VALUES ('8bf4c433-33aa-4c21-846c-7643747bf6f1','ec6ec7b9-66cf-4688-813d-e84f86b4bbea','MKI67','P46013','IHC',-0.98,49.0,0,'NULL');
INSERT INTO epigenetic_mark VALUES ('d21ae40e-0c1c-412f-8bd0-24f7f4510ed5','ec6ec7b9-66cf-4688-813d-e84f86b4bbea','DNA_methylation','cg15629539',0.171,'-2.277','ESR1','CpG_island',NULL);
INSERT INTO epigenetic_mark VALUES ('b12307dc-dbd3-4742-a1d7-fd782aff7ce8','ec6ec7b9-66cf-4688-813d-e84f86b4bbea','DNA_methylation','cg27053763',0.111,'-3.002','BRCA1','promoter',NULL);
INSERT INTO epigenetic_mark VALUES ('dc0ee908-c9c7-4cf9-9ad1-1f71664b5b4b','ec6ec7b9-66cf-4688-813d-e84f86b4bbea','H3K27ac','chr17:37800000-37850000',0.262,NULL,'ERBB2','enhancer','2.307');
INSERT INTO ncrna_profile VALUES ('57868fbc-b5b1-43dc-b5a7-eff7dc512fcd','ec6ec7b9-66cf-4688-813d-e84f86b4bbea','miRNA','hsa-miR-21-5p','miR-21-5p',3.65,'["PTEN", "PDCD4"]');
INSERT INTO ncrna_profile VALUES ('cc6a5fea-ddb6-4db5-9de8-c47a62f11159','ec6ec7b9-66cf-4688-813d-e84f86b4bbea','miRNA','hsa-miR-155-5p','miR-155-5p',3.56,'["SHIP1", "SOCS1"]');
INSERT INTO ncrna_profile VALUES ('bae31087-275a-49bc-8935-0dbf7ef5fb40','ec6ec7b9-66cf-4688-813d-e84f86b4bbea','lncRNA','ENSG00000228630','HOTAIR',3.96,'["SHIP1", "SOCS1"]');
INSERT INTO ncrna_profile VALUES ('2aa3cdf0-23c4-40bc-91f6-b4bffa03f30b','ec6ec7b9-66cf-4688-813d-e84f86b4bbea','lncRNA','ENSG00000251562','MALAT1',48.44,'["SHIP1", "SOCS1"]');
INSERT INTO metabolomics_profile VALUES ('e6d94335-bebf-4eb0-af59-9e92f86e4ac3','ec6ec7b9-66cf-4688-813d-e84f86b4bbea','Lactate','HMDB0000190','C00186',0.99,'LC-MS','organic_acid',-0.67);
INSERT INTO metabolomics_profile VALUES ('5264b85c-901e-48ab-880d-6c273c418035','ec6ec7b9-66cf-4688-813d-e84f86b4bbea','Glutamine','HMDB0000641','C00064',0.33,'LC-MS','amino_acid',-1.11);
INSERT INTO metabolomics_profile VALUES ('a5a74413-fd10-4bbc-b411-f908765c22e3','ec6ec7b9-66cf-4688-813d-e84f86b4bbea','Glucose','HMDB0000122','C00031',5.52,'LC-MS','carbohydrate',2.35);
INSERT INTO metabolomics_profile VALUES ('a337874b-95dc-4d51-a896-c63838da1509','ec6ec7b9-66cf-4688-813d-e84f86b4bbea','Phosphocholine','HMDB0001565','C00588',0.2,'LC-MS','lipid',-1.2);
INSERT INTO tumor_clone VALUES ('bd1ce7a4-316e-4fb7-894f-074d9b8218c1','ec6ec7b9-66cf-4688-813d-e84f86b4bbea','clone_A',0.7,'[]',1,1,0.1237);
INSERT INTO tumor_clone VALUES ('c859744d-11fe-414b-a20e-e5f5129c0b25','ec6ec7b9-66cf-4688-813d-e84f86b4bbea','clone_B',0.3,'[]',0,2,0.0356);
INSERT INTO cell_cycle_state VALUES ('c440aaf0-10f0-4e79-ab89-89dc17076778','ec6ec7b9-66cf-4688-813d-e84f86b4bbea',0.773,0.063,0.035,0.129,17.3414,480.0,0.0);
INSERT INTO apoptosis_marker VALUES ('6dfe6410-a155-41f6-b6dc-4d22327caf63','ec6ec7b9-66cf-4688-813d-e84f86b4bbea',143.0,83.1237,68.0,2.1,0.3966,3.6573,0.9731);
INSERT INTO dna_repair_status VALUES ('86534a0b-a8f7-459f-a177-84e7f2d70909','ec6ec7b9-66cf-4688-813d-e84f86b4bbea','wildtype','wildtype','proficient_MMR',0.04,1.9,8.0,0,'wildtype');
INSERT INTO metabolic_phenotype VALUES ('e5cd7a2b-68e0-4951-8556-5e7727d36d3f','ec6ec7b9-66cf-4688-813d-e84f86b4bbea',0.643,72.1165,0.3277,0.2407,0.0589,1.2292,0.5531);
INSERT INTO stemness_profile VALUES ('4d01fde5-cdbb-4a19-ada9-0395ef0b0bf9','ec6ec7b9-66cf-4688-813d-e84f86b4bbea',24.9175,35.1771,14.6594,0.1894,0.325,0.203,0.0643,0.3409);
INSERT INTO drug_resistance_feature VALUES ('791650f8-38f7-4fa8-a7f5-0c1552e07f7e','ec6ec7b9-66cf-4688-813d-e84f86b4bbea',1.21,0.7426,0.352,0.6888,'[]',0.5058);
INSERT INTO immune_infiltration VALUES ('01f16939-54f7-41c8-b66a-5c63c4a1853c','ec6ec7b9-66cf-4688-813d-e84f86b4bbea',8.5,11.7204,8.2014,6.4346,4.926,6.1039,13.352,3.9826,8.1312,'CIBERSORT');
INSERT INTO checkpoint_expression VALUES ('1559b29b-d6b8-418f-a4a2-5f350fd1a4e3','ec6ec7b9-66cf-4688-813d-e84f86b4bbea',29.6,53.28,7.1333,10.052,13.8374,10.4102,12.3395,27.9424);
INSERT INTO cytokine_milieu VALUES ('ffd04afe-63af-4ed2-903f-5ffb97a7ba15','ec6ec7b9-66cf-4688-813d-e84f86b4bbea',41.4617,9.7563,9.0422,31.5079,23.5852,10.1,5.0,63.5057);
INSERT INTO stromal_composition VALUES ('5b339236-50a6-4d6a-9c95-e9dacb5c9bd9','ec6ec7b9-66cf-4688-813d-e84f86b4bbea',0.318,0.1562,0.1041,0.5536,3.4776,23.8709);
INSERT INTO ecm_profile VALUES ('52f0dd59-d2a8-46f7-8bb5-1f5f1a61393c','ec6ec7b9-66cf-4688-813d-e84f86b4bbea',11.3739,8.3837,21.8716,0.5477,0.4778,0.1798,0.5512);
INSERT INTO hypoxia_vasculature VALUES ('dd1b016e-edbe-40e6-9f2e-63512d95a8fd','ec6ec7b9-66cf-4688-813d-e84f86b4bbea',0.61,0.2993,8.5,0.1305,55.6396,197.7472,69.0985,2.5,7.22);
INSERT INTO organ_function VALUES ('4de866b2-e074-4ef4-9a44-5fabf8facb91','773cc8ab-f098-440b-a046-543e80c45ea2','2023-04-01',67.3,1.2076,5.0,11.8484,9.6139,42.4928,65.1,415.8605,1.0415);
INSERT INTO immune_baseline VALUES ('001d431d-8518-4687-bef6-7b9878ad9160','773cc8ab-f098-440b-a046-543e80c45ea2','2023-04-01',10.22,2.83,3.02,1.0671,421.1616,281.2893,329.4061,9.8209);
INSERT INTO hormonal_profile VALUES ('11878ab5-4426-477e-8eb1-62e6070781d9','773cc8ab-f098-440b-a046-543e80c45ea2','2023-04-01',2.0,0.59,401.0,92.4358,14.1984,2.2794,4.4179);
INSERT INTO pharmacogenomics VALUES ('4e4058fc-5879-4c5e-95cf-3aedbf8ce530','773cc8ab-f098-440b-a046-543e80c45ea2','PM','UM','NM','*28/*28','low',0,'NM');
INSERT INTO body_composition VALUES ('a1a2b2f8-f4d4-41df-9951-df7f735717c1','773cc8ab-f098-440b-a046-543e80c45ea2','2023-04-01',36.2,25.7,28.0394,142.9259,39.1899,1.6822);
INSERT INTO microbiome_profile VALUES ('273517a6-8d11-42da-933d-2d6bc6d19ff8','773cc8ab-f098-440b-a046-543e80c45ea2','2023-04-01','gut','16S_rRNA_V4',3.0182,2.3034,0.0894,'[{"genus": "Bacteroides", "rel": 0.342}, {"genus": "Faecalibacterium", "rel": 0.198}, {"genus": "Akkermansia", "rel": 0.0894}]',0);
INSERT INTO tumor_staging VALUES ('c9822cc6-7214-4592-b5e1-a90cb34d811a','773cc8ab-f098-440b-a046-543e80c45ea2','2023-04-01','8500/3','C50.4','Invasive ductal carcinoma','T4','N3','M1','IV',2,'left');
INSERT INTO imaging_measurement VALUES ('5e14f10c-8d3d-4aa3-bb70-afe282ded482','773cc8ab-f098-440b-a046-543e80c45ea2','2023-03-03','MRI','L1','primary_left_breast',4.0,33.5103,3.4567,'SD','{"entropy": 7.79, "sphericity": 0.74}');
INSERT INTO pathology_report VALUES ('1f79d1a6-30f6-4e43-bc39-2045bc6e1629','773cc8ab-f098-440b-a046-543e80c45ea2','2023-04-01','core_needle_biopsy','R0',2,22,0,1,0.0);
INSERT INTO performance_status VALUES ('56338eb9-3a59-4278-890b-8b612d5a6edf','773cc8ab-f098-440b-a046-543e80c45ea2','2023-04-01',0,90,2,42.1342);
INSERT INTO liquid_biopsy VALUES ('e5fc992a-898e-4282-b970-fdcfdc5c0b51','773cc8ab-f098-440b-a046-543e80c45ea2','2023-04-01',0.0716,32.22,3,'[]','detected',12.5432);
INSERT INTO treatment_regimen VALUES ('4557cb80-0828-4d67-adda-773c753bcab9','773cc8ab-f098-440b-a046-543e80c45ea2',1,'Palbociclib+Let','palliative','2023-04-30','2024-04-14','planned_completion','PR',194);
INSERT INTO treatment_drug_dose VALUES ('9e35a880-4b77-4059-9186-1c6a46ba13c2','4557cb80-0828-4d67-adda-773c753bcab9','14234f22-ddb9-4e92-883c-bd55730bb629','2023-04-30',83.0,80.0,3.6,'IV',1,1.3046);
INSERT INTO adverse_event VALUES ('f2fcf75b-dda0-4327-935a-d7d3a69c164a','773cc8ab-f098-440b-a046-543e80c45ea2','4557cb80-0828-4d67-adda-773c753bcab9','Fatigue',3,'2023-05-21','2023-06-19','probable','dose_reduction');
INSERT INTO adverse_event VALUES ('3e30870b-3da7-46c0-9560-4f0076a05bcf','773cc8ab-f098-440b-a046-543e80c45ea2','4557cb80-0828-4d67-adda-773c753bcab9','Hand-foot syndrome',2,'2023-05-31','2023-07-17','probable','none');
INSERT INTO adverse_event VALUES ('1b9b5a21-8270-45cd-a60c-ade82ab9bf3a','773cc8ab-f098-440b-a046-543e80c45ea2','4557cb80-0828-4d67-adda-773c753bcab9','Diarrhoea',4,'2023-06-29','2023-07-17','probable','dose_reduction');
INSERT INTO adverse_event VALUES ('09eab315-21c0-4224-9b42-0d7127fa05a4','773cc8ab-f098-440b-a046-543e80c45ea2','4557cb80-0828-4d67-adda-773c753bcab9','Arthralgia',1,'2023-07-15','2023-07-30','probable','none');
INSERT INTO carcinogen_exposure VALUES ('4af36783-e524-49ee-b617-da950b5275e5','773cc8ab-f098-440b-a046-543e80c45ea2','never',0.0,7.4731,5.0,71.9801,'[]',0.0,0);
INSERT INTO diet_nutrition VALUES ('6b26dd71-e94a-4767-8dd6-38f1cfc22e4b','773cc8ab-f098-440b-a046-543e80c45ea2','2023-04-01','FFQ',1764.7691,85.159,136.6405,72.8257,24.5139,90.4748,21.7894,4.9383,'Western');
INSERT INTO physical_activity VALUES ('ef6a278b-4af4-4d31-9a3d-0222a5efe439','773cc8ab-f098-440b-a046-543e80c45ea2','2023-04-01',616.312,121.1112,150.4082,11.07,31.7307,4639,17.3547);
INSERT INTO stress_psychology VALUES ('a057a712-f0d5-4a02-88a6-b2973b54feb9','773cc8ab-f098-440b-a046-543e80c45ea2','2023-04-01',15,13,9,51.7432,248.62,7.2049,2);
INSERT INTO environmental_exposure VALUES ('eab9268c-f03b-4df5-8c78-b1024d1b1100','773cc8ab-f098-440b-a046-543e80c45ea2','2023-04-01',10.6937,15.805,23.2384,'negative',NULL,'negative','negative',8.6498,'naive');
INSERT INTO socioeconomic_context VALUES ('ba8da498-7690-4903-8f1c-e2786d191781','773cc8ab-f098-440b-a046-543e80c45ea2','2023-04-01',62.7685,'private',0.8685,0.7245,81.5096,'unable_to_work_disability',46.7471,18);
INSERT INTO circadian_profile VALUES ('da636349-e3f5-4af9-aecf-bb1652fa2966','773cc8ab-f098-440b-a046-543e80c45ea2','2023-04-01','intermediate',84.2793,24.3161,'22:16',1046.192,0,13);

-- Patient 74: HR+/HER2- early
INSERT INTO patient VALUES ('4dc8b470-4354-4936-816b-517370e30ef3','MRN-5162746','1952-12-17','female','East Asian','{"EUR": 0.25, "AFR": 0.0}','2022-03-09','2022-03-09');
INSERT INTO genomic_sample VALUES ('ecc1e6e7-0b5c-4c1f-a607-db59767d3fb5','4dc8b470-4354-4936-816b-517370e30ef3','tumor','C50.4','2022-03-30','Foundation One CDx',0.62,0,'FFPE');
INSERT INTO somatic_mutation VALUES ('38967631-f331-4e13-9c98-72fd89c11829','ecc1e6e7-0b5c-4c1f-a607-db59767d3fb5','BRCA1','chr17',43094464,'T','A','SNV','missense_variant','p.Cys1697Ser',0.4092,178,'pathogenic','COSV52701256','1','SBS3');
INSERT INTO somatic_mutation VALUES ('38c54e52-58cd-47e9-91b1-5509e5aff287','ecc1e6e7-0b5c-4c1f-a607-db59767d3fb5','TP53','chr17',7674220,'G','A','SNV','missense_variant','p.Arg248Trp',0.4328,236,'oncogenic','COSV52743007','1','SBS5');
INSERT INTO somatic_mutation VALUES ('f2b627bb-014f-48a1-83ce-5b8e5cb814c9','ecc1e6e7-0b5c-4c1f-a607-db59767d3fb5','MYC','chr8',127735434,'A','G','SNV','missense_variant','p.Thr58Ala',0.2428,275,'oncogenic','COSV52759832','3A','SBS5');
INSERT INTO somatic_mutation VALUES ('81f36afe-2c36-4ae2-ad8d-16a7e19441ac','ecc1e6e7-0b5c-4c1f-a607-db59767d3fb5','PTEN','chr10',89692905,'G','A','SNV','missense_variant','p.Arg130Gly',0.3729,190,'oncogenic','COSV52731827','1','SBS5');
INSERT INTO copy_number_variant VALUES ('8f3c634e-ce07-41c6-84a2-3672b7eb58ee','ecc1e6e7-0b5c-4c1f-a607-db59767d3fb5','MYC','chr8',127700000,127800000,7.0,0.13,'neutral',0);
INSERT INTO copy_number_variant VALUES ('dc4f1b26-aa45-45d4-82a0-0dd7620ec82f','ecc1e6e7-0b5c-4c1f-a607-db59767d3fb5','CDKN2A','chr9',21967000,21995000,1.0,-1.4,'shallow_deletion',0);
INSERT INTO gene_expression VALUES ('0b90c9bd-db15-4d77-bf57-95bd07103713','ecc1e6e7-0b5c-4c1f-a607-db59767d3fb5','ENSG00000091831','ESR1',859.22,85.92,2148,8.21,99.0);
INSERT INTO gene_expression VALUES ('a0a7c985-29a8-460c-b323-880285657b76','ecc1e6e7-0b5c-4c1f-a607-db59767d3fb5','ENSG00000141736','ERBB2',10.0,1.0,25,-1.22,31.7);
INSERT INTO gene_expression VALUES ('7b6e2ec7-95ea-46b9-b3f3-b9382ea62f60','ecc1e6e7-0b5c-4c1f-a607-db59767d3fb5','ENSG00000148773','MKI67',10.0,1.0,25,-1.22,31.7);
INSERT INTO gene_expression VALUES ('49cec945-2bd4-4438-8373-6ad220e069c4','ecc1e6e7-0b5c-4c1f-a607-db59767d3fb5','ENSG00000141510','TP53',94.7,1.29,419,-0.28,45.8);
INSERT INTO gene_expression VALUES ('08d40ff5-2821-4c8e-84a7-9fe95225854d','ecc1e6e7-0b5c-4c1f-a607-db59767d3fb5','ENSG00000012048','BRCA1',67.14,7.6,140,-0.59,41.1);
INSERT INTO gene_expression VALUES ('3bae5109-a3cf-4022-8084-0f9be6490db2','ecc1e6e7-0b5c-4c1f-a607-db59767d3fb5','ENSG00000139618','BRCA2',71.48,2.25,55,-0.54,41.9);
INSERT INTO gene_expression VALUES ('8c8514b6-e43e-4c6c-b371-8d389dae3f41','ecc1e6e7-0b5c-4c1f-a607-db59767d3fb5','ENSG00000171862','PTEN',85.12,8.32,380,-0.39,44.1);
INSERT INTO gene_expression VALUES ('977ff365-c9c2-4f1e-9d76-df98c88db410','ecc1e6e7-0b5c-4c1f-a607-db59767d3fb5','ENSG00000136997','MYC',80.94,6.43,329,-0.43,43.5);
INSERT INTO protein_expression VALUES ('6b93e1fe-154f-47ef-a117-51506da013b2','ecc1e6e7-0b5c-4c1f-a607-db59767d3fb5','ESR1','P03372','IHC',0.93,243.0,6,'NULL');
INSERT INTO protein_expression VALUES ('7c14b869-3eca-426c-9ce8-3d7686340753','ecc1e6e7-0b5c-4c1f-a607-db59767d3fb5','PGR','P06401','IHC',0.95,245.0,6,'NULL');
INSERT INTO protein_expression VALUES ('62f8e621-345c-4553-b368-6e394cf0079b','ecc1e6e7-0b5c-4c1f-a607-db59767d3fb5','ERBB2','P04626','IHC',-0.73,77.0,2,'pY1248');
INSERT INTO protein_expression VALUES ('716a7f63-f797-4649-8358-e87780f25f35','ecc1e6e7-0b5c-4c1f-a607-db59767d3fb5','MKI67','P46013','IHC',-1.44,5.0,0,'NULL');
INSERT INTO epigenetic_mark VALUES ('ff70266e-dad8-45fe-a4b5-933701523163','ecc1e6e7-0b5c-4c1f-a607-db59767d3fb5','DNA_methylation','cg15629539',0.073,'-3.667','ESR1','CpG_island',NULL);
INSERT INTO epigenetic_mark VALUES ('09d17e3b-a748-4322-b7d4-83856fd090ad','ecc1e6e7-0b5c-4c1f-a607-db59767d3fb5','DNA_methylation','cg27053763',0.145,'-2.56','BRCA1','promoter',NULL);
INSERT INTO epigenetic_mark VALUES ('c7dece18-3d92-48f5-9f0d-a820ec85496a','ecc1e6e7-0b5c-4c1f-a607-db59767d3fb5','H3K27ac','chr17:37800000-37850000',0.17,NULL,'ERBB2','enhancer','1.268');
INSERT INTO ncrna_profile VALUES ('f1924b95-042c-4399-afe6-568726ca9efb','ecc1e6e7-0b5c-4c1f-a607-db59767d3fb5','miRNA','hsa-miR-21-5p','miR-21-5p',2.16,'["PTEN", "PDCD4"]');
INSERT INTO ncrna_profile VALUES ('c6c65472-8c16-4be4-b52d-63d404464af9','ecc1e6e7-0b5c-4c1f-a607-db59767d3fb5','miRNA','hsa-miR-155-5p','miR-155-5p',5.38,'["SHIP1", "SOCS1"]');
INSERT INTO ncrna_profile VALUES ('28e917ea-c0ea-4bfc-be5e-6a22be3ec018','ecc1e6e7-0b5c-4c1f-a607-db59767d3fb5','lncRNA','ENSG00000228630','HOTAIR',3.04,'["SHIP1", "SOCS1"]');
INSERT INTO ncrna_profile VALUES ('b9798510-0202-454a-9e76-29ad53fdcfa7','ecc1e6e7-0b5c-4c1f-a607-db59767d3fb5','lncRNA','ENSG00000251562','MALAT1',27.99,'["SHIP1", "SOCS1"]');
INSERT INTO metabolomics_profile VALUES ('373808f6-1a0d-45ab-818c-0518f7c4e9e6','ecc1e6e7-0b5c-4c1f-a607-db59767d3fb5','Lactate','HMDB0000190','C00186',2.07,'LC-MS','organic_acid',0.05);
INSERT INTO metabolomics_profile VALUES ('03093de5-4498-4b87-bd30-2dc35386a5b7','ecc1e6e7-0b5c-4c1f-a607-db59767d3fb5','Glutamine','HMDB0000641','C00064',0.47,'LC-MS','amino_acid',-1.02);
INSERT INTO metabolomics_profile VALUES ('8675d171-bbbd-4ca3-ad87-60cb419e6976','ecc1e6e7-0b5c-4c1f-a607-db59767d3fb5','Glucose','HMDB0000122','C00031',5.41,'LC-MS','carbohydrate',2.27);
INSERT INTO metabolomics_profile VALUES ('f08f4f69-95d1-4016-bd36-869ce5e28804','ecc1e6e7-0b5c-4c1f-a607-db59767d3fb5','Phosphocholine','HMDB0001565','C00588',0.29,'LC-MS','lipid',-1.14);
INSERT INTO tumor_clone VALUES ('400e2b56-69ca-4c30-9c40-15b68348b6a0','ecc1e6e7-0b5c-4c1f-a607-db59767d3fb5','clone_A',0.57,'[]',1,1,0.1099);
INSERT INTO tumor_clone VALUES ('6b3449a5-4d37-4642-83c8-19e6d4560166','ecc1e6e7-0b5c-4c1f-a607-db59767d3fb5','clone_B',0.43,'[]',0,2,0.0644);
INSERT INTO cell_cycle_state VALUES ('ead8995a-f019-4f28-9600-e61d341bcbf8','ecc1e6e7-0b5c-4c1f-a607-db59767d3fb5',0.842,0.01,0.01,0.138,1.8975,480.0,2.7);
INSERT INTO apoptosis_marker VALUES ('e5fd780b-7c2b-4fda-96c1-3381005c37ac','ecc1e6e7-0b5c-4c1f-a607-db59767d3fb5',178.0,103.9532,140.0,1.27,0.1173,3.6857,0.8802);
INSERT INTO dna_repair_status VALUES ('0da18c8d-f797-4014-a42d-70b4954d176a','ecc1e6e7-0b5c-4c1f-a607-db59767d3fb5','mutated_somatic','mutated_somatic','proficient_MMR',0.04,0.5,20.4,0,'wildtype');
INSERT INTO metabolic_phenotype VALUES ('e65b16a9-9a2c-4506-a74d-9199d7b7aae1','ecc1e6e7-0b5c-4c1f-a607-db59767d3fb5',0.1,68.4883,0.5068,0.4748,0.1379,1.2099,0.3814);
INSERT INTO stemness_profile VALUES ('d60a2385-a53c-4874-a813-145468c489c4','ecc1e6e7-0b5c-4c1f-a607-db59767d3fb5',76.9251,7.4721,26.6919,0.1886,0.364,0.469,0.2551,0.1576);
INSERT INTO drug_resistance_feature VALUES ('34c8e46a-5773-4dcb-b14b-370ba36ab420','ecc1e6e7-0b5c-4c1f-a607-db59767d3fb5',1.1,0.5663,0.5671,0.9771,'[]',1.0);
INSERT INTO immune_infiltration VALUES ('b7773f12-1683-4b0f-bec0-3ef92a8138c0','ecc1e6e7-0b5c-4c1f-a607-db59767d3fb5',7.7,11.3637,7.332,8.2615,1.466,10.9173,17.607,3.0253,11.4489,'CIBERSORT');
INSERT INTO checkpoint_expression VALUES ('f055592e-e39a-4910-89fa-fa320a977c99','ecc1e6e7-0b5c-4c1f-a607-db59767d3fb5',24.2,43.56,8.6361,8.8449,14.6802,8.8535,10.9597,34.9946);
INSERT INTO cytokine_milieu VALUES ('43162d5c-fcf9-4691-ac6e-6f1865dcd85e','ecc1e6e7-0b5c-4c1f-a607-db59767d3fb5',35.5003,8.0605,4.6793,18.8379,25.282,35.0,59.5585,78.9196);
INSERT INTO stromal_composition VALUES ('b4f7224e-0a44-4451-91ed-02eb87ff418b','ecc1e6e7-0b5c-4c1f-a607-db59767d3fb5',0.2694,0.1074,0.1011,0.2314,2.7354,34.3306);
INSERT INTO ecm_profile VALUES ('a8f4b1d8-9191-4d88-8c1e-8f5523be1cf9','ecc1e6e7-0b5c-4c1f-a607-db59767d3fb5',13.2859,9.0454,18.5178,0.3357,0.5234,0.449,0.46);
INSERT INTO hypoxia_vasculature VALUES ('e34537dd-a465-45e0-8a11-64297df32d73','ecc1e6e7-0b5c-4c1f-a607-db59767d3fb5',0.59,0.8639,5.7,0.3446,83.3769,170.1242,55.6247,6.9,7.09);
INSERT INTO organ_function VALUES ('142e7c81-cc40-4ae3-86c8-fbcb0e0350fc','4dc8b470-4354-4936-816b-517370e30ef3','2022-03-09',64.9,1.1788,8.7086,15.73,16.0277,35.3832,59.5,399.0079,1.0763);
INSERT INTO immune_baseline VALUES ('c10005d6-3265-47e4-980d-4100a9d92710','4dc8b470-4354-4936-816b-517370e30ef3','2022-03-09',6.74,1.94,5.66,2.9175,558.899,353.5614,337.2837,8.7162);
INSERT INTO hormonal_profile VALUES ('956baf68-8f1d-426d-9f7b-b88d8a532798','4dc8b470-4354-4936-816b-517370e30ef3','2022-03-09',6.5,0.71,328.0,87.7084,21.4057,1.2639,5.6845);
INSERT INTO pharmacogenomics VALUES ('e7962722-979c-439a-bb77-66d72bf61a55','4dc8b470-4354-4936-816b-517370e30ef3','NM','UM','NM','*28/*28','low',0,'NM');
INSERT INTO body_composition VALUES ('36f7af77-7772-4e98-98f3-1e7b0ebb6f2c','4dc8b470-4354-4936-816b-517370e30ef3','2022-03-09',26.1,39.8,20.3951,54.0924,25.3129,1.7889);
INSERT INTO microbiome_profile VALUES ('4878c382-72b0-4a01-965b-2527ecbe50dc','4dc8b470-4354-4936-816b-517370e30ef3','2022-03-09','gut','16S_rRNA_V4',3.6399,1.341,0.0031,'[{"genus": "Bacteroides", "rel": 0.342}, {"genus": "Faecalibacterium", "rel": 0.144}, {"genus": "Akkermansia", "rel": 0.0031}]',0);
INSERT INTO tumor_staging VALUES ('18eac859-229e-46eb-b0c9-abdf0b5f8789','4dc8b470-4354-4936-816b-517370e30ef3','2022-03-09','8500/3','C50.4','Invasive ductal carcinoma','T4','N3','M0','I',2,'left');
INSERT INTO imaging_measurement VALUES ('035f7cc7-f64e-4a0a-b014-4e13c3647fc2','4dc8b470-4354-4936-816b-517370e30ef3','2022-03-03','MRI','L1','primary_left_breast',7.7,239.0401,3.1607,'SD','{"entropy": 6.02, "sphericity": 0.55}');
INSERT INTO pathology_report VALUES ('b1b72ee1-ef1d-44eb-aff6-11346aa2d34d','4dc8b470-4354-4936-816b-517370e30ef3','2022-03-09','core_needle_biopsy','R0',7,22,0,0,26.1699);
INSERT INTO performance_status VALUES ('dfdcd984-3922-46f6-88ed-090997777cc7','4dc8b470-4354-4936-816b-517370e30ef3','2022-03-09',0,75,1,47.4645);
INSERT INTO liquid_biopsy VALUES ('4b76b087-e261-419d-9447-38fc935634da','4dc8b470-4354-4936-816b-517370e30ef3','2022-03-09',0.0776,34.92,2,'[]','detected',8.5131);
INSERT INTO treatment_regimen VALUES ('1a3d68c6-684c-41d3-90af-55e00eb3c06d','4dc8b470-4354-4936-816b-517370e30ef3',1,'Letrozole','adjuvant','2022-04-19','2022-08-24','planned_completion','PR',547);
INSERT INTO treatment_drug_dose VALUES ('86a1adff-9335-4f21-88c8-0153441b541a','1a3d68c6-684c-41d3-90af-55e00eb3c06d','dea8e584-d12c-47bf-a4c0-e739973380b8','2022-04-19',75.0,71.0,5.3,'oral',1,1.5911);
INSERT INTO adverse_event VALUES ('b0116bb2-60f4-4431-912c-6bc8825bef1c','4dc8b470-4354-4936-816b-517370e30ef3','1a3d68c6-684c-41d3-90af-55e00eb3c06d','Fatigue',2,'2022-07-05','2022-07-27','probable','none');
INSERT INTO adverse_event VALUES ('90cc9a7a-7d68-405c-8a95-7826a9873b57','4dc8b470-4354-4936-816b-517370e30ef3','1a3d68c6-684c-41d3-90af-55e00eb3c06d','Diarrhoea',2,'2022-06-02','2022-07-04','probable','none');
INSERT INTO radiation_plan VALUES ('428a7fc9-789d-4862-a6be-e2292cb60aea','4dc8b470-4354-4936-816b-517370e30ef3','photon_EBRT','CTV',51.3536,2.0,25,5,'IMRT',NULL,'{"heart": {"V20Gy_pct": "<25"}, "lung": {"mean_Gy": "<18"}}');
INSERT INTO carcinogen_exposure VALUES ('ee0e12fb-6746-408d-948f-58db9de1e9ee','4dc8b470-4354-4936-816b-517370e30ef3','never',0.0,9.8177,28.4387,15.1388,'[]',0.0,0);
INSERT INTO diet_nutrition VALUES ('311e0cdb-a96b-43ba-a867-d919f79e59ad','4dc8b470-4354-4936-816b-517370e30ef3','2022-03-09','FFQ',1578.0882,75.6288,209.8954,95.6031,29.306,116.5913,22.3294,11.4863,'plant_based');
INSERT INTO physical_activity VALUES ('36e547c2-6adc-4ec8-b09e-b93ce0e84396','4dc8b470-4354-4936-816b-517370e30ef3','2022-03-09',404.9699,42.7619,73.3597,9.7019,34.2625,9514,24.0095);
INSERT INTO stress_psychology VALUES ('c84cf053-7b47-4ce9-9190-1847f468fd1f','4dc8b470-4354-4936-816b-517370e30ef3','2022-03-09',11,6,8,22.8774,203.36,6.7043,4);
INSERT INTO environmental_exposure VALUES ('fbd99f95-d9ef-4bbc-995d-28a7781bed26','4dc8b470-4354-4936-816b-517370e30ef3','2022-03-09',6.2786,24.4572,46.3838,'negative',NULL,'negative','negative',5.6795,'naive');
INSERT INTO socioeconomic_context VALUES ('ac57d271-34d4-4160-a4f9-061e3e34aa9f','4dc8b470-4354-4936-816b-517370e30ef3','2022-03-09',86.0953,'public_Medicaid',0.6895,0.2,100.0,'unable_to_work_disability',34.0819,19);
INSERT INTO circadian_profile VALUES ('cd17f5ee-e171-4071-9cfc-601f0f557b1b','4dc8b470-4354-4936-816b-517370e30ef3','2022-03-09','evening',84.5784,15.9531,'22:15',779.8535,0,8);

-- Patient 75: HER2+ HR-
INSERT INTO patient VALUES ('480b179b-4f5c-406c-b4b9-cceafba4530f','MRN-1366231','1955-12-17','female','East Asian','{"EUR": 0.17, "AFR": 0.18}','2022-12-31','2022-12-31');
INSERT INTO genomic_sample VALUES ('f6f2b919-e545-473c-b7a5-4d8eb7e9b8da','480b179b-4f5c-406c-b4b9-cceafba4530f','tumor','C50.4','2023-01-21','TruSight Oncology 500',0.78,0,'FFPE');
INSERT INTO somatic_mutation VALUES ('73131291-2543-4c41-95a0-ca000c904aae','f6f2b919-e545-473c-b7a5-4d8eb7e9b8da','ERBB2','chr17',39725084,'A','G','SNV','missense_variant','p.Leu755Ser',0.3183,213,'oncogenic','COSV52735019','1','SBS5');
INSERT INTO somatic_mutation VALUES ('98620910-f769-418d-8897-e948b7d339c1','f6f2b919-e545-473c-b7a5-4d8eb7e9b8da','PTEN','chr10',89692905,'G','A','SNV','missense_variant','p.Arg130Gly',0.3234,86,'oncogenic','COSV52731827','1','SBS5');
INSERT INTO somatic_mutation VALUES ('fc9f2db7-8375-43d7-a587-5ce83b014aae','f6f2b919-e545-473c-b7a5-4d8eb7e9b8da','CDH1','chr16',68771195,'C','T','SNV','nonsense_variant','p.Gln333Ter',0.4168,202,'oncogenic','COSV52697483','3A','SBS1');
INSERT INTO somatic_mutation VALUES ('387f9c44-46c0-4299-8ead-531a584d9c3a','f6f2b919-e545-473c-b7a5-4d8eb7e9b8da','MAP3K1','chr5',56115628,'G','A','SNV','missense_variant','p.Glu1298Lys',0.2369,222,'oncogenic','COSV52721033','3A','SBS1');
INSERT INTO somatic_mutation VALUES ('d6c392df-32c6-4578-8c64-65d615058a7f','f6f2b919-e545-473c-b7a5-4d8eb7e9b8da','ESR1','chr6',152098794,'T','C','SNV','missense_variant','p.Tyr537Cys',0.1674,244,'oncogenic','COSV52744551','1','SBS1');
INSERT INTO copy_number_variant VALUES ('b5a3fa21-0df6-4544-b7e0-fd497907eee6','f6f2b919-e545-473c-b7a5-4d8eb7e9b8da','ERBB2','chr17',37800000,38200000,14.5,2.64,'amplification',1);
INSERT INTO copy_number_variant VALUES ('2f4bf08d-e7da-422b-9fad-0c05dd2a3f42','f6f2b919-e545-473c-b7a5-4d8eb7e9b8da','MYC','chr8',127700000,127800000,3.1,1.39,'neutral',0);
INSERT INTO copy_number_variant VALUES ('27623acd-fa25-43ba-b861-6c6f3a3bdb02','f6f2b919-e545-473c-b7a5-4d8eb7e9b8da','CDKN2A','chr9',21967000,21995000,0.2,-2.54,'shallow_deletion',0);
INSERT INTO gene_expression VALUES ('c57a3458-3481-4f69-986f-34549cca4aa8','f6f2b919-e545-473c-b7a5-4d8eb7e9b8da','ENSG00000091831','ESR1',128.83,12.88,322,0.1,51.5);
INSERT INTO gene_expression VALUES ('3fb7b27e-9026-49e4-aa63-fea6b4080827','f6f2b919-e545-473c-b7a5-4d8eb7e9b8da','ENSG00000141736','ERBB2',575.25,57.53,1438,5.06,99.0);
INSERT INTO gene_expression VALUES ('754c1996-83f3-43df-9a02-cec437801de4','f6f2b919-e545-473c-b7a5-4d8eb7e9b8da','ENSG00000148773','MKI67',504.91,50.49,1262,4.28,99.0);
INSERT INTO gene_expression VALUES ('885b173a-3148-434a-b82b-c6e9b50fb62a','f6f2b919-e545-473c-b7a5-4d8eb7e9b8da','ENSG00000141510','TP53',47.71,9.2,58,-0.8,38.0);
INSERT INTO gene_expression VALUES ('4ac8cc78-35ea-462a-9ce4-f7184f635bbc','f6f2b919-e545-473c-b7a5-4d8eb7e9b8da','ENSG00000012048','BRCA1',54.53,1.13,316,-0.73,39.0);
INSERT INTO gene_expression VALUES ('52c93034-6f26-4dc7-afe0-c085c78d8700','f6f2b919-e545-473c-b7a5-4d8eb7e9b8da','ENSG00000139618','BRCA2',79.33,2.91,117,-0.45,43.2);
INSERT INTO gene_expression VALUES ('c3c0b8b7-1fe3-4b9b-a602-a2cdd503d6e1','f6f2b919-e545-473c-b7a5-4d8eb7e9b8da','ENSG00000171862','PTEN',105.31,3.25,585,-0.16,47.6);
INSERT INTO gene_expression VALUES ('128712bc-b444-4777-8fcb-6ec884c6a26b','f6f2b919-e545-473c-b7a5-4d8eb7e9b8da','ENSG00000136997','MYC',1.5,7.28,375,-1.32,30.2);
INSERT INTO protein_expression VALUES ('5ae67e6e-7443-4d8c-8d4a-3131e192d432','f6f2b919-e545-473c-b7a5-4d8eb7e9b8da','ESR1','P03372','IHC',-1.25,25.0,1,'NULL');
INSERT INTO protein_expression VALUES ('3fdd8e5b-5380-4293-90ba-75997c897ff4','f6f2b919-e545-473c-b7a5-4d8eb7e9b8da','PGR','P06401','IHC',-1.49,1.0,0,'NULL');
INSERT INTO protein_expression VALUES ('cb0d40ac-7d87-4455-be8b-d875261cfe3c','f6f2b919-e545-473c-b7a5-4d8eb7e9b8da','ERBB2','P04626','IHC',1.23,273.0,7,'pY1248');
INSERT INTO protein_expression VALUES ('da04df06-3130-4117-9ea7-c179d84050de','f6f2b919-e545-473c-b7a5-4d8eb7e9b8da','MKI67','P46013','IHC',0.31,169.0,0,'NULL');
INSERT INTO epigenetic_mark VALUES ('e620e48f-3a0f-4f7f-8171-2f88eb59feb5','f6f2b919-e545-473c-b7a5-4d8eb7e9b8da','DNA_methylation','cg15629539',0.633,'0.786','ESR1','CpG_island',NULL);
INSERT INTO epigenetic_mark VALUES ('43745bf1-588b-4abb-b009-f013b935b0aa','f6f2b919-e545-473c-b7a5-4d8eb7e9b8da','DNA_methylation','cg27053763',0.057,'-4.048','BRCA1','promoter',NULL);
INSERT INTO epigenetic_mark VALUES ('0252d3f3-e7ca-4fb1-92df-f792405f22a5','f6f2b919-e545-473c-b7a5-4d8eb7e9b8da','H3K27ac','chr17:37800000-37850000',0.335,NULL,'ERBB2','enhancer','4.018');
INSERT INTO ncrna_profile VALUES ('b2d16798-2ed4-42f1-96cb-20132fbf14cd','f6f2b919-e545-473c-b7a5-4d8eb7e9b8da','miRNA','hsa-miR-21-5p','miR-21-5p',3.6,'["PTEN", "PDCD4"]');
INSERT INTO ncrna_profile VALUES ('5ae99186-57f8-47ae-97d3-a229a2429349','f6f2b919-e545-473c-b7a5-4d8eb7e9b8da','miRNA','hsa-miR-155-5p','miR-155-5p',4.66,'["SHIP1", "SOCS1"]');
INSERT INTO ncrna_profile VALUES ('8260672c-95e6-4f0f-acdb-811bf469df95','f6f2b919-e545-473c-b7a5-4d8eb7e9b8da','lncRNA','ENSG00000228630','HOTAIR',1.63,'["SHIP1", "SOCS1"]');
INSERT INTO ncrna_profile VALUES ('b25bc5d7-e952-4472-bd89-8c3a6d476ca7','f6f2b919-e545-473c-b7a5-4d8eb7e9b8da','lncRNA','ENSG00000251562','MALAT1',48.95,'["SHIP1", "SOCS1"]');
INSERT INTO metabolomics_profile VALUES ('221538fa-4a66-4b39-8be0-f1c3f19e68b7','f6f2b919-e545-473c-b7a5-4d8eb7e9b8da','Lactate','HMDB0000190','C00186',3.65,'LC-MS','organic_acid',1.1);
INSERT INTO metabolomics_profile VALUES ('6f308085-1358-4745-91d6-2225e47d7f75','f6f2b919-e545-473c-b7a5-4d8eb7e9b8da','Glutamine','HMDB0000641','C00064',0.37,'LC-MS','amino_acid',-1.09);
INSERT INTO metabolomics_profile VALUES ('47ff22d0-b9b0-4005-96f8-b401cea34048','f6f2b919-e545-473c-b7a5-4d8eb7e9b8da','Glucose','HMDB0000122','C00031',4.8,'LC-MS','carbohydrate',1.87);
INSERT INTO metabolomics_profile VALUES ('0728a3d1-fac5-475c-aaf8-6dee210c3079','f6f2b919-e545-473c-b7a5-4d8eb7e9b8da','Phosphocholine','HMDB0001565','C00588',0.12,'LC-MS','lipid',-1.25);
INSERT INTO tumor_clone VALUES ('9973bca3-a2ec-47bf-b1ce-3f2d1500793f','f6f2b919-e545-473c-b7a5-4d8eb7e9b8da','clone_A',0.95,'[]',1,1,0.1844);
INSERT INTO tumor_clone VALUES ('fe5948d4-c5de-42c8-90af-89ba1b82fe5f','f6f2b919-e545-473c-b7a5-4d8eb7e9b8da','clone_B',0.05,'[]',0,2,0.2);
INSERT INTO cell_cycle_state VALUES ('7e6e99b9-6eb5-408a-8f94-27adcc2234d9','f6f2b919-e545-473c-b7a5-4d8eb7e9b8da',0.402,0.312,0.154,0.132,60.4355,265.6,8.2);
INSERT INTO apoptosis_marker VALUES ('f5c825a0-2154-4e00-ab39-a0d0f088a8fd','f6f2b919-e545-473c-b7a5-4d8eb7e9b8da',0.0,101.4052,69.0,0.0,0.0638,3.5776,1.8907);
INSERT INTO dna_repair_status VALUES ('31a3143c-cebe-468d-b93b-1eb67fefc0b3','f6f2b919-e545-473c-b7a5-4d8eb7e9b8da','wildtype','wildtype','proficient_MMR',0.04,5.1,32.4,0,'wildtype');
INSERT INTO metabolic_phenotype VALUES ('955eddfc-a7d9-40bd-9e3a-76f55eb26298','f6f2b919-e545-473c-b7a5-4d8eb7e9b8da',0.103,83.0602,0.3188,0.2518,0.05,1.1978,0.6367);
INSERT INTO stemness_profile VALUES ('4b146acb-7ae3-4757-98c8-b3ace856e74c','f6f2b919-e545-473c-b7a5-4d8eb7e9b8da',89.738,19.3148,12.1755,0.155,0.334,0.208,0.0748,0.1312);
INSERT INTO drug_resistance_feature VALUES ('d89d97b8-c7c2-4cc8-b723-a373d87784f3','f6f2b919-e545-473c-b7a5-4d8eb7e9b8da',0.76,0.7191,0.445,0.7105,'[]',0.7138);
INSERT INTO immune_infiltration VALUES ('426c312a-a682-46bc-a165-123e02c744dc','f6f2b919-e545-473c-b7a5-4d8eb7e9b8da',20.8,10.7756,9.2499,4.1177,4.3802,6.1548,13.0226,2.4112,7.0448,'CIBERSORT');
INSERT INTO checkpoint_expression VALUES ('3081dc18-ca6a-4174-a851-6f799f276603','f6f2b919-e545-473c-b7a5-4d8eb7e9b8da',35.1,63.18,8.0192,11.4357,15.3411,2.2655,13.299,19.3354);
INSERT INTO cytokine_milieu VALUES ('bf9acdcd-1f5f-4b3d-b8f3-6a12303112eb','f6f2b919-e545-473c-b7a5-4d8eb7e9b8da',21.8887,19.4355,10.518,20.7473,19.4699,27.3,95.0342,69.876);
INSERT INTO stromal_composition VALUES ('d70983bf-482c-4c86-b5b6-0dc2f867f153','f6f2b919-e545-473c-b7a5-4d8eb7e9b8da',0.3785,0.0952,0.0929,0.3923,3.0392,22.8162);
INSERT INTO ecm_profile VALUES ('944c8eba-71ea-4e7a-90a0-4ecc9d0e86d8','f6f2b919-e545-473c-b7a5-4d8eb7e9b8da',9.5028,11.525,22.4044,0.4414,0.2119,0.6316,0.607);
INSERT INTO hypoxia_vasculature VALUES ('1e513a4b-87d8-4a38-9769-67151768c64e','f6f2b919-e545-473c-b7a5-4d8eb7e9b8da',0.57,0.6364,8.5,0.3218,59.372,207.4048,83.702,14.7,7.03);
INSERT INTO organ_function VALUES ('b6b62f16-bc66-4fe1-a22d-8ec02e2c5609','480b179b-4f5c-406c-b4b9-cceafba4530f','2022-12-31',61.9,1.1428,17.0631,19.9875,9.9221,28.4467,69.8,421.3704,0.8646);
INSERT INTO immune_baseline VALUES ('30224faf-a38b-4623-906e-c053658f8f48','480b179b-4f5c-406c-b4b9-cceafba4530f','2022-12-31',10.47,0.64,4.06,6.3437,515.8469,294.6578,206.474,11.6706);
INSERT INTO hormonal_profile VALUES ('a76e0af0-adad-4fe8-89a5-3b6c0975eb19','480b179b-4f5c-406c-b4b9-cceafba4530f','2022-12-31',2.0,0.67,577.0,105.6172,24.7088,1.7983,2.0);
INSERT INTO pharmacogenomics VALUES ('33d81f43-e44e-42fb-878f-0f1154cb3885','480b179b-4f5c-406c-b4b9-cceafba4530f','NM','NM','NM','*28/*28','low',0,'NM');
INSERT INTO body_composition VALUES ('e0d5700e-e4db-4082-bed9-2cf1f2b3ec06','480b179b-4f5c-406c-b4b9-cceafba4530f','2022-12-31',31.7,39.2,25.5426,107.9696,38.881,1.6608);
INSERT INTO microbiome_profile VALUES ('724af1ad-b511-451d-90e5-f9f42aec5d26','480b179b-4f5c-406c-b4b9-cceafba4530f','2022-12-31','gut','16S_rRNA_V4',3.2487,1.8877,0.0707,'[{"genus": "Bacteroides", "rel": 0.337}, {"genus": "Faecalibacterium", "rel": 0.171}, {"genus": "Akkermansia", "rel": 0.0707}]',0);
INSERT INTO tumor_staging VALUES ('39bc7c58-f989-48c0-82ca-e10d2e79601a','480b179b-4f5c-406c-b4b9-cceafba4530f','2022-12-31','8500/3','C50.4','Invasive ductal carcinoma','T3','N2','M0','IIIA',1,'right');
INSERT INTO imaging_measurement VALUES ('8a051c0b-176a-4d57-b1bc-09e46db07f90','480b179b-4f5c-406c-b4b9-cceafba4530f','2022-12-16','MRI','L1','primary_left_breast',34.8,22066.6473,4.1605,'SD','{"entropy": 5.23, "sphericity": 0.62}');
INSERT INTO pathology_report VALUES ('5c8a7242-7c92-424b-bf60-0019eacef0b5','480b179b-4f5c-406c-b4b9-cceafba4530f','2022-12-31','core_needle_biopsy','R0',7,19,0,0,10.2031);
INSERT INTO performance_status VALUES ('79986489-5c93-448a-b636-54d7c86ee223','480b179b-4f5c-406c-b4b9-cceafba4530f','2022-12-31',0,80,3,42.5293);
INSERT INTO liquid_biopsy VALUES ('ff8a62d4-fdc8-4c63-a7ed-a5579708f08a','480b179b-4f5c-406c-b4b9-cceafba4530f','2022-12-31',0.0233,10.485,5,'[]','detected',13.1936);
INSERT INTO treatment_regimen VALUES ('739fc501-814c-4d73-8e2c-297117ed0001','480b179b-4f5c-406c-b4b9-cceafba4530f',1,'Pertuzumab+Tras','neoadjuvant','2023-02-08','2023-09-04','planned_completion','PR',197);
INSERT INTO treatment_drug_dose VALUES ('47956d62-4cf2-47b0-9756-61d3311697de','739fc501-814c-4d73-8e2c-297117ed0001','ee7cd6f0-c90e-4aa4-be8c-5bd7dbf650f6','2023-02-08',82.0,82.0,0.0,'IV',1,1.3619);
INSERT INTO adverse_event VALUES ('b21bf857-3e84-434c-bf93-b51e7d51099c','480b179b-4f5c-406c-b4b9-cceafba4530f','739fc501-814c-4d73-8e2c-297117ed0001','Hand-foot syndrome',1,'2023-03-02','2023-04-23','probable','none');
INSERT INTO adverse_event VALUES ('b7119435-311c-406f-825e-734691e5cdca','480b179b-4f5c-406c-b4b9-cceafba4530f','739fc501-814c-4d73-8e2c-297117ed0001','Alopecia',2,'2023-05-04','2023-05-23','probable','none');
INSERT INTO adverse_event VALUES ('9e82abcd-7ca6-476e-b6e5-e30271b7b443','480b179b-4f5c-406c-b4b9-cceafba4530f','739fc501-814c-4d73-8e2c-297117ed0001','Fatigue',2,'2023-04-25','2023-06-04','probable','none');
INSERT INTO radiation_plan VALUES ('d4b8e70b-d8ac-415c-b81f-5245f612a0f1','480b179b-4f5c-406c-b4b9-cceafba4530f','photon_EBRT','CTV',52.9724,2.0,25,5,'IMRT',NULL,'{"heart": {"V20Gy_pct": "<25"}, "lung": {"mean_Gy": "<18"}}');
INSERT INTO carcinogen_exposure VALUES ('f07fe144-fa83-450e-9a89-d27e0ac330dc','480b179b-4f5c-406c-b4b9-cceafba4530f','never',0.0,5.0942,30.784,106.5722,'[]',0.0,0);
INSERT INTO diet_nutrition VALUES ('a734df21-e3f2-48c1-9ced-6bfd6d0553cb','480b179b-4f5c-406c-b4b9-cceafba4530f','2022-12-31','FFQ',1911.3594,50.8543,263.5336,47.4014,20.8046,24.7629,14.327,18.6302,'plant_based');
INSERT INTO physical_activity VALUES ('e710022e-4fcb-4412-adbb-27497990795f','480b179b-4f5c-406c-b4b9-cceafba4530f','2022-12-31',801.86,128.8828,171.6202,11.6436,26.1716,7020,29.4468);
INSERT INTO stress_psychology VALUES ('03e6c85f-2f7a-42b3-b52d-54c5c0d86715','480b179b-4f5c-406c-b4b9-cceafba4530f','2022-12-31',17,14,11,36.5341,357.74,7.3264,10);
INSERT INTO environmental_exposure VALUES ('46c3dc02-c6f0-498f-b791-4a6f1f54d0ad','480b179b-4f5c-406c-b4b9-cceafba4530f','2022-12-31',9.5139,17.1022,34.5886,'negative',NULL,'negative','negative',12.8291,'naive');
INSERT INTO socioeconomic_context VALUES ('7734d61c-92e1-40f3-9474-a68960d74185','480b179b-4f5c-406c-b4b9-cceafba4530f','2022-12-31',47.1732,'private',0.609,0.8797,70.6463,'employed_part_time',33.8722,17);
INSERT INTO circadian_profile VALUES ('bba63757-25a2-47d9-a54b-9f60e9db0ad3','480b179b-4f5c-406c-b4b9-cceafba4530f','2022-12-31','morning',92.4501,25.8204,'22:55',727.76,1,9);

-- Patient 76: HR+/HER2- early
INSERT INTO patient VALUES ('82d728ac-398e-4802-9d3e-fc5199e1b768','MRN-0124619','1976-05-08','female','East Asian','{"EUR": 0.54, "AFR": 0.18}','2020-04-05','2020-04-05');
INSERT INTO genomic_sample VALUES ('43f9b43f-59ec-4013-ac8d-746e57a67374','82d728ac-398e-4802-9d3e-fc5199e1b768','tumor','C50.4','2020-04-25','Illumina NovaSeq 6000 WGS',0.66,0,'FFPE');
INSERT INTO somatic_mutation VALUES ('cd12ebb1-cd01-4158-9e0d-1c1545cca8f4','43f9b43f-59ec-4013-ac8d-746e57a67374','PIK3CA','chr3',179234297,'C','T','SNV','missense_variant','p.His1047Arg',0.24,139,'oncogenic','COSV52748762','1','SBS1');
INSERT INTO somatic_mutation VALUES ('8a9f8015-c39c-43f9-8781-aeba069c2750','43f9b43f-59ec-4013-ac8d-746e57a67374','CCND1','chr11',69465258,'G','T','SNV','missense_variant','p.Pro241Leu',0.2458,334,'oncogenic','COSV52718943','3A','SBS1');
INSERT INTO somatic_mutation VALUES ('4619cb6e-f216-4474-815d-5f15841d8721','43f9b43f-59ec-4013-ac8d-746e57a67374','GATA3','chr10',8115610,'CT','C','indel','frameshift_variant','p.Thr443fs',0.4098,130,'oncogenic','COSV52704812','1','SBS5');
INSERT INTO somatic_mutation VALUES ('3a47f411-5e79-4d13-8cda-3bba8a99df97','43f9b43f-59ec-4013-ac8d-746e57a67374','MAP3K1','chr5',56115628,'G','A','SNV','missense_variant','p.Glu1298Lys',0.1631,364,'oncogenic','COSV52721033','3A','SBS1');
INSERT INTO somatic_mutation VALUES ('a35b00aa-98f2-48b1-af50-4824af376ed3','43f9b43f-59ec-4013-ac8d-746e57a67374','BRCA2','chr13',32338709,'A','T','SNV','stop_gained','p.Lys1690Ter',0.3841,292,'pathogenic','COSV52712043','1','SBS3');
INSERT INTO copy_number_variant VALUES ('87d66174-6823-4820-bd27-ce0e168f4df3','43f9b43f-59ec-4013-ac8d-746e57a67374','MYC','chr8',127700000,127800000,5.5,-0.52,'neutral',0);
INSERT INTO copy_number_variant VALUES ('d5ba4f14-cb61-4552-ab86-93187a82afab','43f9b43f-59ec-4013-ac8d-746e57a67374','CDKN2A','chr9',21967000,21995000,0.9,-0.57,'shallow_deletion',0);
INSERT INTO gene_expression VALUES ('abebd8fe-215f-4a3f-8857-39f0c1191089','43f9b43f-59ec-4013-ac8d-746e57a67374','ENSG00000091831','ESR1',656.04,65.6,1640,5.96,99.0);
INSERT INTO gene_expression VALUES ('c68bde23-235b-408e-a9fe-a643a98a1096','43f9b43f-59ec-4013-ac8d-746e57a67374','ENSG00000141736','ERBB2',190.46,19.05,476,0.78,61.7);
INSERT INTO gene_expression VALUES ('850796f8-b4bc-40a7-8ad0-1469ffcbd581','43f9b43f-59ec-4013-ac8d-746e57a67374','ENSG00000148773','MKI67',185.75,18.57,464,0.73,61.0);
INSERT INTO gene_expression VALUES ('bb776263-ceff-4b23-b45d-4d836c2226e6','43f9b43f-59ec-4013-ac8d-746e57a67374','ENSG00000141510','TP53',40.09,4.82,347,-0.89,36.6);
INSERT INTO gene_expression VALUES ('f20238f7-ba79-40f5-9882-23ff4f18af5d','43f9b43f-59ec-4013-ac8d-746e57a67374','ENSG00000012048','BRCA1',24.55,1.97,365,-1.06,34.1);
INSERT INTO gene_expression VALUES ('bb48b136-b59a-4c26-a946-f3bed7dacc14','43f9b43f-59ec-4013-ac8d-746e57a67374','ENSG00000139618','BRCA2',7.77,1.86,226,-1.25,31.2);
INSERT INTO gene_expression VALUES ('a47a9242-fedb-4435-a7c4-ba1b2e6fa877','43f9b43f-59ec-4013-ac8d-746e57a67374','ENSG00000171862','PTEN',70.91,8.67,138,-0.55,41.8);
INSERT INTO gene_expression VALUES ('9331c155-3543-4d9b-ad75-318a12ee822a','43f9b43f-59ec-4013-ac8d-746e57a67374','ENSG00000136997','MYC',49.94,6.02,308,-0.78,38.3);
INSERT INTO protein_expression VALUES ('ab885238-08f0-4fbb-869e-a8baf3b07006','43f9b43f-59ec-4013-ac8d-746e57a67374','ESR1','P03372','IHC',1.21,271.0,7,'NULL');
INSERT INTO protein_expression VALUES ('95dfe852-280c-4724-97fc-42b2ebd573ca','43f9b43f-59ec-4013-ac8d-746e57a67374','PGR','P06401','IHC',0.17,167.0,4,'NULL');
INSERT INTO protein_expression VALUES ('3af53e5c-d645-4cc6-87cf-29eb0defad8a','43f9b43f-59ec-4013-ac8d-746e57a67374','ERBB2','P04626','IHC',-1.15,35.0,1,'pY1248');
INSERT INTO protein_expression VALUES ('28103a7e-a03d-4e0f-ad30-18720b5d2fd3','43f9b43f-59ec-4013-ac8d-746e57a67374','MKI67','P46013','IHC',-1.14,33.0,0,'NULL');
INSERT INTO epigenetic_mark VALUES ('4f0fdae0-ef71-4107-90e6-410590e9442f','43f9b43f-59ec-4013-ac8d-746e57a67374','DNA_methylation','cg15629539',0.121,'-2.861','ESR1','CpG_island',NULL);
INSERT INTO epigenetic_mark VALUES ('c7c5f045-bb5b-4584-8ccb-91d87a924de6','43f9b43f-59ec-4013-ac8d-746e57a67374','DNA_methylation','cg27053763',0.212,'-1.894','BRCA1','promoter',NULL);
INSERT INTO epigenetic_mark VALUES ('44429578-e132-4851-8d5e-82640d9e78c7','43f9b43f-59ec-4013-ac8d-746e57a67374','H3K27ac','chr17:37800000-37850000',0.377,NULL,'ERBB2','enhancer','1.592');
INSERT INTO ncrna_profile VALUES ('3ff24e3a-7b37-48e1-bb63-f9c77ad85801','43f9b43f-59ec-4013-ac8d-746e57a67374','miRNA','hsa-miR-21-5p','miR-21-5p',4.19,'["PTEN", "PDCD4"]');
INSERT INTO ncrna_profile VALUES ('e335f977-887e-465c-809c-721f469fa1bb','43f9b43f-59ec-4013-ac8d-746e57a67374','miRNA','hsa-miR-155-5p','miR-155-5p',3.66,'["SHIP1", "SOCS1"]');
INSERT INTO ncrna_profile VALUES ('b820a9f4-fd29-4b10-bdf5-50db5ecc67d6','43f9b43f-59ec-4013-ac8d-746e57a67374','lncRNA','ENSG00000228630','HOTAIR',2.77,'["SHIP1", "SOCS1"]');
INSERT INTO ncrna_profile VALUES ('aa7cb1da-9cc8-4b74-9f6d-bb456805e761','43f9b43f-59ec-4013-ac8d-746e57a67374','lncRNA','ENSG00000251562','MALAT1',31.65,'["SHIP1", "SOCS1"]');
INSERT INTO metabolomics_profile VALUES ('1252dbb5-3ffc-4883-b605-1f9cd638766b','43f9b43f-59ec-4013-ac8d-746e57a67374','Lactate','HMDB0000190','C00186',2.1,'LC-MS','organic_acid',0.07);
INSERT INTO metabolomics_profile VALUES ('08b63988-467c-4978-a0a4-d93a1489070d','43f9b43f-59ec-4013-ac8d-746e57a67374','Glutamine','HMDB0000641','C00064',0.26,'LC-MS','amino_acid',-1.16);
INSERT INTO metabolomics_profile VALUES ('8be72c6f-7f3f-4144-87f8-d881340ba003','43f9b43f-59ec-4013-ac8d-746e57a67374','Glucose','HMDB0000122','C00031',5.5,'LC-MS','carbohydrate',2.33);
INSERT INTO metabolomics_profile VALUES ('e51cd949-c5a5-4e6f-b1d5-d2a20198e53a','43f9b43f-59ec-4013-ac8d-746e57a67374','Phosphocholine','HMDB0001565','C00588',0.19,'LC-MS','lipid',-1.21);
INSERT INTO tumor_clone VALUES ('08367799-6b31-4167-b95f-17ee0b037cf7','43f9b43f-59ec-4013-ac8d-746e57a67374','clone_A',0.8,'[]',1,1,0.1902);
INSERT INTO tumor_clone VALUES ('cc67a6ce-b091-4950-9689-d82a969318e1','43f9b43f-59ec-4013-ac8d-746e57a67374','clone_B',0.2,'[]',0,2,0.0346);
INSERT INTO cell_cycle_state VALUES ('ebcf6eec-2ea2-4a00-96f4-dd0ad639c548','43f9b43f-59ec-4013-ac8d-746e57a67374',0.811,0.059,0.017,0.113,11.8699,480.0,2.2);
INSERT INTO apoptosis_marker VALUES ('b5dd407a-9280-44bb-b167-23ff6a5d04c0','43f9b43f-59ec-4013-ac8d-746e57a67374',196.0,68.3219,102.0,1.92,0.1037,3.186,0.58);
INSERT INTO dna_repair_status VALUES ('0d3127a9-6db4-4af1-b636-a0c06f8935e5','43f9b43f-59ec-4013-ac8d-746e57a67374','mutated_somatic','mutated_somatic','proficient_MMR',0.04,0.5,22.5,0,'wildtype');
INSERT INTO metabolic_phenotype VALUES ('0e4f8b76-899e-41af-9670-541ed7d45052','43f9b43f-59ec-4013-ac8d-746e57a67374',0.285,80.4151,0.318,0.3506,0.3124,0.9283,0.7898);
INSERT INTO stemness_profile VALUES ('2aab8681-eb43-47b6-a829-42beb4066838','43f9b43f-59ec-4013-ac8d-746e57a67374',82.452,34.138,9.4999,0.02,0.354,0.44,0.1937,0.02);
INSERT INTO drug_resistance_feature VALUES ('2e6bdb45-3180-40e4-bc9c-7fd3f86fb8d3','43f9b43f-59ec-4013-ac8d-746e57a67374',1.24,0.8794,0.524,0.6739,'[]',1.0);
INSERT INTO immune_infiltration VALUES ('1e849d8e-899e-44b4-8edd-7cc5c6db3b94','43f9b43f-59ec-4013-ac8d-746e57a67374',10.9,21.7667,10.8742,6.8346,6.6026,6.1344,11.6051,2.7145,5.0142,'CIBERSORT');
INSERT INTO checkpoint_expression VALUES ('7fb913cf-956a-48e7-9430-69d26c521410','43f9b43f-59ec-4013-ac8d-746e57a67374',42.1,75.78,10.6479,10.4606,14.6942,6.6869,11.0838,26.4788);
INSERT INTO cytokine_milieu VALUES ('f214fc18-78e4-4bdf-8a57-425b60ab85d4','43f9b43f-59ec-4013-ac8d-746e57a67374',24.623,10.1675,6.9708,3.0,9.958,19.8,58.0886,64.2165);
INSERT INTO stromal_composition VALUES ('a7baf566-6577-4443-8b20-26c0da5377ac','43f9b43f-59ec-4013-ac8d-746e57a67374',0.4803,0.0534,0.1314,0.4015,3.8116,33.4217);
INSERT INTO ecm_profile VALUES ('70213be0-ec6f-4ce1-8cd8-e9e7c676e76e','43f9b43f-59ec-4013-ac8d-746e57a67374',11.3319,9.604,30.2151,0.5257,0.4595,0.5572,0.6935);
INSERT INTO hypoxia_vasculature VALUES ('454fb149-7be6-47f9-af24-1c092049a142','43f9b43f-59ec-4013-ac8d-746e57a67374',1.07,0.2637,9.2,0.213,128.5651,173.0945,109.8746,14.9,7.26);
INSERT INTO organ_function VALUES ('6bc197bc-af6e-4097-bb57-ecd4f856c11a','82d728ac-398e-4802-9d3e-fc5199e1b768','2020-04-05',74.9,1.2988,16.4921,18.8207,15.2587,41.7891,59.6,408.2319,1.0785);
INSERT INTO immune_baseline VALUES ('88dd5875-e14a-4ae0-86eb-37b8659236fe','82d728ac-398e-4802-9d3e-fc5199e1b768','2020-04-05',8.71,1.88,5.19,2.7606,628.7187,392.915,250.6656,12.7505);
INSERT INTO hormonal_profile VALUES ('ba86473e-7776-4982-9613-66d53e7aa541','82d728ac-398e-4802-9d3e-fc5199e1b768','2020-04-05',185.8,0.69,431.0,82.8797,15.4346,1.8428,3.1308);
INSERT INTO pharmacogenomics VALUES ('3d11266b-c494-4d5e-a173-dfa9cf5c6cfa','82d728ac-398e-4802-9d3e-fc5199e1b768','UM','NM','NM','*1/*28','normal',0,'NM');
INSERT INTO body_composition VALUES ('cb65b0f9-f4af-4def-b9e6-8f8ed510e770','82d728ac-398e-4802-9d3e-fc5199e1b768','2020-04-05',25.8,33.6,22.7389,20.0,30.738,1.6105);
INSERT INTO microbiome_profile VALUES ('e1b33a63-9811-4725-89f7-6930ee42e618','82d728ac-398e-4802-9d3e-fc5199e1b768','2020-04-05','gut','16S_rRNA_V4',3.1039,2.6797,0.0416,'[{"genus": "Bacteroides", "rel": 0.314}, {"genus": "Faecalibacterium", "rel": 0.182}, {"genus": "Akkermansia", "rel": 0.0416}]',0);
INSERT INTO tumor_staging VALUES ('74f7340e-dd0b-4f76-8ec5-4d5720a58ac5','82d728ac-398e-4802-9d3e-fc5199e1b768','2020-04-05','8500/3','C50.4','Invasive ductal carcinoma','T2','N1','M0','IIA',1,'right');
INSERT INTO imaging_measurement VALUES ('3d53e65f-8a44-43b2-8b63-85365d5b8edb','82d728ac-398e-4802-9d3e-fc5199e1b768','2020-03-18','MRI','L1','primary_left_breast',29.5,13442.0241,2.2404,'SD','{"entropy": 7.42, "sphericity": 0.55}');
INSERT INTO pathology_report VALUES ('894277b7-4f0e-4a34-b7e5-cf2e5fe7d402','82d728ac-398e-4802-9d3e-fc5199e1b768','2020-04-05','core_needle_biopsy','R0',4,21,0,0,8.3668);
INSERT INTO performance_status VALUES ('7f54452a-6810-4e99-b53c-5374f545bc67','82d728ac-398e-4802-9d3e-fc5199e1b768','2020-04-05',0,94,0,26.0623);
INSERT INTO liquid_biopsy VALUES ('1d99721e-285c-487c-ae56-e11d3d54f2f8','82d728ac-398e-4802-9d3e-fc5199e1b768','2020-04-05',0.1706,76.77,5,'[]','detected',8.3481);
INSERT INTO treatment_regimen VALUES ('a7cb1311-e901-46c7-8047-a384ffb8f0fa','82d728ac-398e-4802-9d3e-fc5199e1b768',1,'Letrozole','adjuvant','2020-05-14','2020-10-31','planned_completion','PR',317);
INSERT INTO treatment_drug_dose VALUES ('cadc53ad-e380-4bf7-8430-b50c7d7a1e64','a7cb1311-e901-46c7-8047-a384ffb8f0fa','dea8e584-d12c-47bf-a4c0-e739973380b8','2020-05-14',76.0,76.0,0.0,'oral',1,0.9513);
INSERT INTO adverse_event VALUES ('5d36bad2-2b68-4226-baba-c32fd7a7de01','82d728ac-398e-4802-9d3e-fc5199e1b768','a7cb1311-e901-46c7-8047-a384ffb8f0fa','Alopecia',3,'2020-07-08','2020-08-24','probable','dose_reduction');
INSERT INTO adverse_event VALUES ('2288a516-d9ef-4fc7-a491-1b0aa2fcaa7f','82d728ac-398e-4802-9d3e-fc5199e1b768','a7cb1311-e901-46c7-8047-a384ffb8f0fa','Peripheral sensory neuropathy',2,'2020-05-26','2020-07-23','probable','none');
INSERT INTO adverse_event VALUES ('1c6f8aae-7d94-4f32-b262-38ffd9325865','82d728ac-398e-4802-9d3e-fc5199e1b768','a7cb1311-e901-46c7-8047-a384ffb8f0fa','Nausea',2,'2020-08-05','2020-08-26','probable','none');
INSERT INTO radiation_plan VALUES ('27ea305f-6ab3-4265-a6de-b3b4fe933a77','82d728ac-398e-4802-9d3e-fc5199e1b768','photon_EBRT','CTV',49.0862,2.0,25,5,'IMRT',NULL,'{"heart": {"V20Gy_pct": "<25"}, "lung": {"mean_Gy": "<18"}}');
INSERT INTO carcinogen_exposure VALUES ('7e3183c3-be90-45dd-a714-019d82424742','82d728ac-398e-4802-9d3e-fc5199e1b768','never',0.0,5.9789,15.5152,55.1659,'[]',0.0,0);
INSERT INTO diet_nutrition VALUES ('636c40bc-229e-46ff-b337-b2444d23ff7b','82d728ac-398e-4802-9d3e-fc5199e1b768','2020-04-05','FFQ',1100.0,70.1379,163.2563,62.3362,22.7717,38.0478,28.0782,11.9888,'plant_based');
INSERT INTO physical_activity VALUES ('41ffaabb-ae21-4e77-b4ff-3b9856d42b24','82d728ac-398e-4802-9d3e-fc5199e1b768','2020-04-05',605.3521,64.6108,197.0715,9.3458,16.9713,1000,30.3605);
INSERT INTO stress_psychology VALUES ('ac481761-9b68-4308-9fdd-69cd6c0bd6a1','82d728ac-398e-4802-9d3e-fc5199e1b768','2020-04-05',16,3,7,33.7405,267.22,5.8614,10);
INSERT INTO environmental_exposure VALUES ('f1e128c6-763b-4702-b975-3162bacdfc75','82d728ac-398e-4802-9d3e-fc5199e1b768','2020-04-05',12.1464,19.4211,55.6454,'negative',NULL,'negative','negative',11.1811,'naive');
INSERT INTO socioeconomic_context VALUES ('914fa0aa-8838-42eb-92c6-fb5262b74678','82d728ac-398e-4802-9d3e-fc5199e1b768','2020-04-05',56.9478,'public_Medicaid',0.4092,0.7839,52.7364,'employed_part_time',30.4656,12);
INSERT INTO circadian_profile VALUES ('9b1ed228-d7c1-40ee-be9e-5ac3398a260f','82d728ac-398e-4802-9d3e-fc5199e1b768','2020-04-05','intermediate',85.1828,21.5992,'22:43',1286.5611,0,9);

-- Patient 77: HR+ metastatic
INSERT INTO patient VALUES ('b3d2271b-8df4-4340-881a-94744bbd0257','MRN-8567144','1953-05-05','female','Hispanic or Latino','{"EUR": 0.3, "AFR": 0.0}','2023-10-16','2023-10-16');
INSERT INTO genomic_sample VALUES ('920c1ef0-593f-4884-9740-38b919045d9d','b3d2271b-8df4-4340-881a-94744bbd0257','tumor','C50.4','2023-11-06','Tempus xT',0.62,0,'FFPE');
INSERT INTO somatic_mutation VALUES ('a2227339-1a0b-4685-a6f6-1558e6b1d80f','920c1ef0-593f-4884-9740-38b919045d9d','CDH1','chr16',68771195,'C','T','SNV','nonsense_variant','p.Gln333Ter',0.4184,360,'oncogenic','COSV52697483','3A','SBS1');
INSERT INTO somatic_mutation VALUES ('22fa02dc-6a52-4838-af81-b0bcebeae600','920c1ef0-593f-4884-9740-38b919045d9d','BRCA2','chr13',32338709,'A','T','SNV','stop_gained','p.Lys1690Ter',0.4056,285,'pathogenic','COSV52712043','1','SBS3');
INSERT INTO somatic_mutation VALUES ('bf87c497-2bb4-4482-862a-9ab30fbbccb4','920c1ef0-593f-4884-9740-38b919045d9d','TP53','chr17',7674220,'G','A','SNV','missense_variant','p.Arg248Trp',0.359,263,'oncogenic','COSV52743007','1','SBS5');
INSERT INTO somatic_mutation VALUES ('029189c6-a9ae-42a0-a5f0-181fec992e84','920c1ef0-593f-4884-9740-38b919045d9d','GATA3','chr10',8115610,'CT','C','indel','frameshift_variant','p.Thr443fs',0.3239,389,'oncogenic','COSV52704812','1','SBS5');
INSERT INTO copy_number_variant VALUES ('041f67a7-c292-4d82-b2f9-e4babba698e2','920c1ef0-593f-4884-9740-38b919045d9d','MYC','chr8',127700000,127800000,6.5,-0.1,'neutral',0);
INSERT INTO copy_number_variant VALUES ('f23ecc91-91d2-43d0-89df-3ab7642d31c4','920c1ef0-593f-4884-9740-38b919045d9d','CDKN2A','chr9',21967000,21995000,1.0,-1.46,'shallow_deletion',0);
INSERT INTO gene_expression VALUES ('ecbce4d1-0e7c-413e-86e7-f4e90f83f181','920c1ef0-593f-4884-9740-38b919045d9d','ENSG00000091831','ESR1',727.02,72.7,1818,6.74,99.0);
INSERT INTO gene_expression VALUES ('611d70f6-f8e3-4ff9-822b-c3381843c28e','920c1ef0-593f-4884-9740-38b919045d9d','ENSG00000141736','ERBB2',5.0,0.5,12,-1.28,30.8);
INSERT INTO gene_expression VALUES ('04e8d9bd-ee87-4ed5-adc0-079f1d848df5','920c1ef0-593f-4884-9740-38b919045d9d','ENSG00000148773','MKI67',210.78,21.08,527,1.01,65.2);
INSERT INTO gene_expression VALUES ('592fb4b8-537e-4de5-b004-a7f3900b6940','920c1ef0-593f-4884-9740-38b919045d9d','ENSG00000141510','TP53',44.99,8.94,169,-0.83,37.5);
INSERT INTO gene_expression VALUES ('99f897ff-fc0d-41a9-9f59-c0e648822299','920c1ef0-593f-4884-9740-38b919045d9d','ENSG00000012048','BRCA1',40.41,7.12,229,-0.88,36.8);
INSERT INTO gene_expression VALUES ('6aa95284-e93b-46ef-8d32-8165fafde7ed','920c1ef0-593f-4884-9740-38b919045d9d','ENSG00000139618','BRCA2',81.5,5.57,217,-0.43,43.5);
INSERT INTO gene_expression VALUES ('8b208c08-c46a-452f-8245-9687ba51cab1','920c1ef0-593f-4884-9740-38b919045d9d','ENSG00000171862','PTEN',36.73,6.21,208,-0.93,36.0);
INSERT INTO gene_expression VALUES ('5ef44c34-d41b-4ee3-9042-7acdd37e8a93','920c1ef0-593f-4884-9740-38b919045d9d','ENSG00000136997','MYC',15.79,1.57,165,-1.16,32.6);
INSERT INTO protein_expression VALUES ('933dd766-8aed-4b68-88e5-81b84761e505','920c1ef0-593f-4884-9740-38b919045d9d','ESR1','P03372','IHC',0.96,246.0,6,'NULL');
INSERT INTO protein_expression VALUES ('9319304a-6275-44d5-b2b6-ad596a47732d','920c1ef0-593f-4884-9740-38b919045d9d','PGR','P06401','IHC',0.64,214.0,5,'NULL');
INSERT INTO protein_expression VALUES ('fd876811-861e-449a-ba11-785a355b953c','920c1ef0-593f-4884-9740-38b919045d9d','ERBB2','P04626','IHC',-1.37,13.0,0,'pY1248');
INSERT INTO protein_expression VALUES ('d4b1de83-2f1f-4bb4-a0cb-cbdc981230e7','920c1ef0-593f-4884-9740-38b919045d9d','MKI67','P46013','IHC',-0.45,98.0,0,'NULL');
INSERT INTO epigenetic_mark VALUES ('af32ecb8-1061-44e1-a3ff-30a713143063','920c1ef0-593f-4884-9740-38b919045d9d','DNA_methylation','cg15629539',0.112,'-2.987','ESR1','CpG_island',NULL);
INSERT INTO epigenetic_mark VALUES ('b2c87b3d-d7eb-478f-909e-3b7a95705c7b','920c1ef0-593f-4884-9740-38b919045d9d','DNA_methylation','cg27053763',0.083,'-3.466','BRCA1','promoter',NULL);
INSERT INTO epigenetic_mark VALUES ('ce0a62e7-6a21-4ceb-85b7-7752f39dacf5','920c1ef0-593f-4884-9740-38b919045d9d','H3K27ac','chr17:37800000-37850000',0.266,NULL,'ERBB2','enhancer','1.095');
INSERT INTO ncrna_profile VALUES ('2afa43d8-c1b5-4147-95c5-caf9b0de2dd8','920c1ef0-593f-4884-9740-38b919045d9d','miRNA','hsa-miR-21-5p','miR-21-5p',3.88,'["PTEN", "PDCD4"]');
INSERT INTO ncrna_profile VALUES ('bb168fb2-cf3c-47ff-8d5c-6facfe24b014','920c1ef0-593f-4884-9740-38b919045d9d','miRNA','hsa-miR-155-5p','miR-155-5p',7.56,'["SHIP1", "SOCS1"]');
INSERT INTO ncrna_profile VALUES ('5827f935-c815-48f1-93c1-4a60ce7dd666','920c1ef0-593f-4884-9740-38b919045d9d','lncRNA','ENSG00000228630','HOTAIR',2.37,'["SHIP1", "SOCS1"]');
INSERT INTO ncrna_profile VALUES ('1770a854-d9e9-48ed-82b9-8a005072f7e9','920c1ef0-593f-4884-9740-38b919045d9d','lncRNA','ENSG00000251562','MALAT1',57.02,'["SHIP1", "SOCS1"]');
INSERT INTO metabolomics_profile VALUES ('677d985d-62b8-471a-aa97-38cbf7836283','920c1ef0-593f-4884-9740-38b919045d9d','Lactate','HMDB0000190','C00186',1.82,'LC-MS','organic_acid',-0.12);
INSERT INTO metabolomics_profile VALUES ('ca82c961-ac22-4779-8ebe-3830ea4ea2b3','920c1ef0-593f-4884-9740-38b919045d9d','Glutamine','HMDB0000641','C00064',0.28,'LC-MS','amino_acid',-1.15);
INSERT INTO metabolomics_profile VALUES ('d716a404-6bc1-4d50-9132-5ec061ed4aa1','920c1ef0-593f-4884-9740-38b919045d9d','Glucose','HMDB0000122','C00031',5.62,'LC-MS','carbohydrate',2.41);
INSERT INTO metabolomics_profile VALUES ('0fb87fa3-6620-40fa-9813-d242f1b83dc2','920c1ef0-593f-4884-9740-38b919045d9d','Phosphocholine','HMDB0001565','C00588',0.13,'LC-MS','lipid',-1.25);
INSERT INTO tumor_clone VALUES ('98eef342-e83a-4108-aad0-c0d971080e9d','920c1ef0-593f-4884-9740-38b919045d9d','clone_A',0.68,'[]',1,1,0.189);
INSERT INTO tumor_clone VALUES ('4aca71d1-a82e-4802-a777-b642defd955a','920c1ef0-593f-4884-9740-38b919045d9d','clone_B',0.32,'[]',0,2,0.0653);
INSERT INTO cell_cycle_state VALUES ('ff01f803-6283-473c-b381-a984f28b5d01','920c1ef0-593f-4884-9740-38b919045d9d',0.643,0.162,0.086,0.109,35.0933,456.5,2.3);
INSERT INTO apoptosis_marker VALUES ('a604e3ad-cf28-4e88-aa21-539b86835d2d','920c1ef0-593f-4884-9740-38b919045d9d',193.0,117.5603,103.0,1.87,0.2586,5.6497,0.5178);
INSERT INTO dna_repair_status VALUES ('69c60a5d-d510-43b1-9c7a-2a807671995f','920c1ef0-593f-4884-9740-38b919045d9d','mutated_somatic','mutated_somatic','proficient_MMR',0.04,5.3,32.1,0,'wildtype');
INSERT INTO metabolic_phenotype VALUES ('2ac89dbd-ac5e-4c9b-8a97-e075fe4541e6','920c1ef0-593f-4884-9740-38b919045d9d',0.549,123.6011,0.3337,0.4248,0.2338,0.6759,0.69);
INSERT INTO stemness_profile VALUES ('059172bf-0d69-43d7-badc-9893aa7e8585','920c1ef0-593f-4884-9740-38b919045d9d',62.549,20.5882,7.0725,0.2213,0.184,0.127,0.5986,0.3704);
INSERT INTO drug_resistance_feature VALUES ('a6d1913f-417c-4b96-97dc-747acc0a30ac','920c1ef0-593f-4884-9740-38b919045d9d',1.94,0.5282,0.619,1.3589,'[]',0.9902);
INSERT INTO immune_infiltration VALUES ('70b7077e-6e99-4cbb-8980-1f7ab91c0b3f','920c1ef0-593f-4884-9740-38b919045d9d',6.8,14.3923,9.5659,8.8,6.2638,9.6637,16.1928,5.4022,10.7746,'CIBERSORT');
INSERT INTO checkpoint_expression VALUES ('9049051b-419c-4d0e-96a6-13f5e253d48a','920c1ef0-593f-4884-9740-38b919045d9d',16.7,30.06,7.0581,12.8658,11.4501,13.1202,8.6939,24.5696);
INSERT INTO cytokine_milieu VALUES ('7c3d4225-d3a5-4d2c-ba89-0391a116859c','920c1ef0-593f-4884-9740-38b919045d9d',20.8725,12.8399,7.0671,6.5688,14.5295,19.7,5.0,115.3466);
INSERT INTO stromal_composition VALUES ('6c0bb92a-7721-4bbd-8100-506973a3c2cb','920c1ef0-593f-4884-9740-38b919045d9d',0.2921,0.0124,0.1257,0.3339,3.9714,23.9991);
INSERT INTO ecm_profile VALUES ('020969f1-7361-40be-9823-157839aa8b87','920c1ef0-593f-4884-9740-38b919045d9d',13.493,1.821,14.4603,0.1219,0.3596,0.6657,0.5108);
INSERT INTO hypoxia_vasculature VALUES ('3ac34700-f2d6-4b17-9df0-1aefa342a6a0','920c1ef0-593f-4884-9740-38b919045d9d',1.5,1.2116,9.9,0.1793,97.4478,248.8747,121.0918,12.1,6.92);
INSERT INTO organ_function VALUES ('affed90a-41cf-4a9c-8320-e2e1c32f39b5','b3d2271b-8df4-4340-881a-94744bbd0257','2023-10-16',63.2,1.1584,5.0,26.747,12.3571,37.7915,65.4,414.0108,1.1514);
INSERT INTO immune_baseline VALUES ('f38f1fdb-60ca-4d87-9828-82b59025b00f','b3d2271b-8df4-4340-881a-94744bbd0257','2023-10-16',7.04,0.79,4.01,5.0759,587.8801,471.2653,204.75,6.4535);
INSERT INTO hormonal_profile VALUES ('914ffa88-e980-49a4-9794-c6ed7e683c17','b3d2271b-8df4-4340-881a-94744bbd0257','2023-10-16',2.0,0.46,530.0,72.7491,24.6833,2.9663,9.2498);
INSERT INTO pharmacogenomics VALUES ('c024caf2-ed3b-4d11-9bac-1fa7de0eb72f','b3d2271b-8df4-4340-881a-94744bbd0257','NM','IM','IM','*28/*28','low',0,'NM');
INSERT INTO body_composition VALUES ('b892bac1-3c58-4f37-9117-a9dbba0a9c4d','b3d2271b-8df4-4340-881a-94744bbd0257','2023-10-16',28.2,36.2,26.3695,93.0066,44.6383,1.5716);
INSERT INTO microbiome_profile VALUES ('0277c947-a641-48ca-a8d5-c8e7c48bdfc5','b3d2271b-8df4-4340-881a-94744bbd0257','2023-10-16','gut','16S_rRNA_V4',2.8454,2.3745,0.0348,'[{"genus": "Bacteroides", "rel": 0.236}, {"genus": "Faecalibacterium", "rel": 0.113}, {"genus": "Akkermansia", "rel": 0.0348}]',0);
INSERT INTO tumor_staging VALUES ('f71db10c-6b21-4339-b09c-3d5bcac76226','b3d2271b-8df4-4340-881a-94744bbd0257','2023-10-16','8500/3','C50.4','Invasive ductal carcinoma','T4','N3','M1','IV',1,'left');
INSERT INTO imaging_measurement VALUES ('bfa46198-ea35-4dba-b9cb-3c109f86ddc9','b3d2271b-8df4-4340-881a-94744bbd0257','2023-09-23','MRI','L1','primary_left_breast',6.7,157.4791,5.2762,'SD','{"entropy": 5.96, "sphericity": 0.75}');
INSERT INTO pathology_report VALUES ('993e942a-5a39-449c-ab7e-e54e90595d6d','b3d2271b-8df4-4340-881a-94744bbd0257','2023-10-16','core_needle_biopsy','R0',1,17,0,1,17.1795);
INSERT INTO performance_status VALUES ('103d8122-10a6-4c07-8447-df550b28d174','b3d2271b-8df4-4340-881a-94744bbd0257','2023-10-16',1,83,3,33.0396);
INSERT INTO liquid_biopsy VALUES ('7f3616af-1248-486d-9ee8-2bdc16272910','b3d2271b-8df4-4340-881a-94744bbd0257','2023-10-16',0.1636,73.62,0,'[]','detected',11.8018);
INSERT INTO treatment_regimen VALUES ('ce855988-39d2-4eac-94a8-009539dfe55f','b3d2271b-8df4-4340-881a-94744bbd0257',1,'Palbociclib+Let','palliative','2023-11-04','2024-03-25','planned_completion','PR',190);
INSERT INTO treatment_drug_dose VALUES ('4515c0e1-3678-4c77-8286-95899e2f3717','ce855988-39d2-4eac-94a8-009539dfe55f','14234f22-ddb9-4e92-883c-bd55730bb629','2023-11-04',64.0,53.0,17.2,'IV',1,0.618);
INSERT INTO adverse_event VALUES ('1ce471cb-0e84-4403-8cdd-d8bd3941e983','b3d2271b-8df4-4340-881a-94744bbd0257','ce855988-39d2-4eac-94a8-009539dfe55f','Fatigue',2,'2023-12-04','2024-01-03','probable','none');
INSERT INTO adverse_event VALUES ('c5a55b8e-d24b-4c3b-b615-b1e8f801eb88','b3d2271b-8df4-4340-881a-94744bbd0257','ce855988-39d2-4eac-94a8-009539dfe55f','Nausea',3,'2023-12-19','2024-01-10','probable','dose_reduction');
INSERT INTO carcinogen_exposure VALUES ('a22e27be-fac8-4181-a295-3b0ca53180f6','b3d2271b-8df4-4340-881a-94744bbd0257','former',10.3604,4.0787,42.7442,96.092,'[]',0.0,0);
INSERT INTO diet_nutrition VALUES ('4635a26a-84a7-4dee-b8b4-fa626775951c','b3d2271b-8df4-4340-881a-94744bbd0257','2023-10-16','FFQ',1601.4386,72.0589,233.2988,85.0774,20.7962,84.1064,44.7159,8.0748,'Mediterranean');
INSERT INTO physical_activity VALUES ('7a17a20d-ee4f-4549-87fc-a6874e6fafa6','b3d2271b-8df4-4340-881a-94744bbd0257','2023-10-16',662.0366,167.7029,18.1306,8.8261,21.9566,7265,27.5105);
INSERT INTO stress_psychology VALUES ('4a7e0a20-2a1d-48b2-83fb-4f5d53833d69','b3d2271b-8df4-4340-881a-94744bbd0257','2023-10-16',19,6,5,51.1273,328.6,6.3299,2);
INSERT INTO environmental_exposure VALUES ('bce8e0af-be23-4b87-a95b-7a846ac42cca','b3d2271b-8df4-4340-881a-94744bbd0257','2023-10-16',12.9168,26.0575,25.1222,'negative',NULL,'negative','negative',8.0971,'naive');
INSERT INTO socioeconomic_context VALUES ('ca2d5f84-a4b1-4b6e-bc14-91ef3647e495','b3d2271b-8df4-4340-881a-94744bbd0257','2023-10-16',16.2205,'private',0.6174,0.4707,54.346,'employed_part_time',35.6754,13);
INSERT INTO circadian_profile VALUES ('24334721-1f13-4d7a-bdb4-d9ccfdeab345','b3d2271b-8df4-4340-881a-94744bbd0257','2023-10-16','intermediate',86.4549,26.6801,'22:08',637.5743,1,7);

-- Patient 78: HR+/HER2- early
INSERT INTO patient VALUES ('fc1071cb-ea95-4af3-b073-ff263473a273','MRN-5427826','1978-06-29','female','East Asian','{"EUR": 0.17, "AFR": 0.26}','2020-08-02','2020-08-02');
INSERT INTO genomic_sample VALUES ('e6c5ba2f-e91d-4643-95d1-50c116d84b87','fc1071cb-ea95-4af3-b073-ff263473a273','tumor','C50.4','2020-08-04','Tempus xT',0.4,0,'FFPE');
INSERT INTO somatic_mutation VALUES ('275d036f-6747-4550-bb62-229c6801b11a','e6c5ba2f-e91d-4643-95d1-50c116d84b87','ESR1','chr6',152098794,'T','C','SNV','missense_variant','p.Tyr537Cys',0.213,334,'oncogenic','COSV52744551','1','SBS1');
INSERT INTO somatic_mutation VALUES ('1981c68b-16af-4673-92bb-87639d4560d7','e6c5ba2f-e91d-4643-95d1-50c116d84b87','BRCA1','chr17',43094464,'T','A','SNV','missense_variant','p.Cys1697Ser',0.4302,285,'pathogenic','COSV52701256','1','SBS3');
INSERT INTO somatic_mutation VALUES ('2e156978-aedb-4f28-a996-e90721dd0c89','e6c5ba2f-e91d-4643-95d1-50c116d84b87','ERBB2','chr17',39725084,'A','G','SNV','missense_variant','p.Leu755Ser',0.302,238,'oncogenic','COSV52735019','1','SBS5');
INSERT INTO somatic_mutation VALUES ('1d1480b9-1aee-47e8-99a5-60b3bd02d79c','e6c5ba2f-e91d-4643-95d1-50c116d84b87','CDH1','chr16',68771195,'C','T','SNV','nonsense_variant','p.Gln333Ter',0.4451,381,'oncogenic','COSV52697483','3A','SBS1');
INSERT INTO somatic_mutation VALUES ('160cfd60-20fa-4761-8dff-f0a5a31df38f','e6c5ba2f-e91d-4643-95d1-50c116d84b87','PIK3CA','chr3',179234297,'C','T','SNV','missense_variant','p.His1047Arg',0.2255,87,'oncogenic','COSV52748762','1','SBS1');
INSERT INTO copy_number_variant VALUES ('09a8ca26-3be1-47ab-b4b1-1fa561b80566','e6c5ba2f-e91d-4643-95d1-50c116d84b87','MYC','chr8',127700000,127800000,6.0,0.39,'neutral',0);
INSERT INTO copy_number_variant VALUES ('1d4c807f-3735-4a74-a6b5-7f5bc775367a','e6c5ba2f-e91d-4643-95d1-50c116d84b87','CDKN2A','chr9',21967000,21995000,0.1,-1.43,'shallow_deletion',0);
INSERT INTO gene_expression VALUES ('0b1d8e83-1878-4e91-a86a-938644f7314e','e6c5ba2f-e91d-4643-95d1-50c116d84b87','ENSG00000091831','ESR1',744.04,74.4,1860,6.93,99.0);
INSERT INTO gene_expression VALUES ('07526f0c-ea6d-4370-8294-ac41624221ba','e6c5ba2f-e91d-4643-95d1-50c116d84b87','ENSG00000141736','ERBB2',94.23,9.42,236,-0.29,45.6);
INSERT INTO gene_expression VALUES ('c74208cb-2fc7-4860-abdb-3c8dc3222e12','e6c5ba2f-e91d-4643-95d1-50c116d84b87','ENSG00000148773','MKI67',177.88,17.79,445,0.64,59.6);
INSERT INTO gene_expression VALUES ('0b6f4d99-1572-4c32-a0b9-7fcbddf9d77f','e6c5ba2f-e91d-4643-95d1-50c116d84b87','ENSG00000141510','TP53',70.92,7.28,88,-0.55,41.8);
INSERT INTO gene_expression VALUES ('7a9fb98a-de2a-4ce2-a1a6-6d56c61b25c8','e6c5ba2f-e91d-4643-95d1-50c116d84b87','ENSG00000012048','BRCA1',38.61,3.97,230,-0.9,36.5);
INSERT INTO gene_expression VALUES ('e62a3d23-03e1-4d79-ad96-2ee74a4873a8','e6c5ba2f-e91d-4643-95d1-50c116d84b87','ENSG00000139618','BRCA2',49.66,8.02,256,-0.78,38.3);
INSERT INTO gene_expression VALUES ('bd4fd3b6-df0b-4cf1-beb0-bc3ca28594f9','e6c5ba2f-e91d-4643-95d1-50c116d84b87','ENSG00000171862','PTEN',78.88,3.43,386,-0.46,43.1);
INSERT INTO gene_expression VALUES ('73c3e736-9469-4663-8a34-f7e860dee123','e6c5ba2f-e91d-4643-95d1-50c116d84b87','ENSG00000136997','MYC',125.86,9.66,724,0.07,51.0);
INSERT INTO protein_expression VALUES ('e1ef5780-d3f6-45e5-a494-82ff007e75aa','e6c5ba2f-e91d-4643-95d1-50c116d84b87','ESR1','P03372','IHC',1.1,260.0,6,'NULL');
INSERT INTO protein_expression VALUES ('7ac2980c-f699-432b-93fe-17f918e795d6','e6c5ba2f-e91d-4643-95d1-50c116d84b87','PGR','P06401','IHC',0.15,165.0,4,'NULL');
INSERT INTO protein_expression VALUES ('c7bbcd20-4527-4750-a19d-0820e396329a','e6c5ba2f-e91d-4643-95d1-50c116d84b87','ERBB2','P04626','IHC',-0.78,72.0,2,'pY1248');
INSERT INTO protein_expression VALUES ('4153a5fe-1c78-46f5-998c-680b405fbb66','e6c5ba2f-e91d-4643-95d1-50c116d84b87','MKI67','P46013','IHC',-0.83,63.0,0,'NULL');
INSERT INTO epigenetic_mark VALUES ('bfce8095-90f6-489b-a15a-8567ddc66568','e6c5ba2f-e91d-4643-95d1-50c116d84b87','DNA_methylation','cg15629539',0.145,'-2.56','ESR1','CpG_island',NULL);
INSERT INTO epigenetic_mark VALUES ('152c73be-785a-4049-a72f-a44268d8a057','e6c5ba2f-e91d-4643-95d1-50c116d84b87','DNA_methylation','cg27053763',0.099,'-3.186','BRCA1','promoter',NULL);
INSERT INTO epigenetic_mark VALUES ('ee752f8d-381a-436c-abc3-44346463dfec','e6c5ba2f-e91d-4643-95d1-50c116d84b87','H3K27ac','chr17:37800000-37850000',0.133,NULL,'ERBB2','enhancer',NULL);
INSERT INTO ncrna_profile VALUES ('69ef39e6-7ec4-478a-a714-cb0cf113fe7d','e6c5ba2f-e91d-4643-95d1-50c116d84b87','miRNA','hsa-miR-21-5p','miR-21-5p',3.84,'["PTEN", "PDCD4"]');
INSERT INTO ncrna_profile VALUES ('2316563d-2e4e-4caf-81e3-516a5c90f9ca','e6c5ba2f-e91d-4643-95d1-50c116d84b87','miRNA','hsa-miR-155-5p','miR-155-5p',5.14,'["SHIP1", "SOCS1"]');
INSERT INTO ncrna_profile VALUES ('531ddc71-2f8e-4fec-a872-def3a4e66c9a','e6c5ba2f-e91d-4643-95d1-50c116d84b87','lncRNA','ENSG00000228630','HOTAIR',2.59,'["SHIP1", "SOCS1"]');
INSERT INTO ncrna_profile VALUES ('106131e6-0563-4e55-973f-52df4bd32192','e6c5ba2f-e91d-4643-95d1-50c116d84b87','lncRNA','ENSG00000251562','MALAT1',38.85,'["SHIP1", "SOCS1"]');
INSERT INTO metabolomics_profile VALUES ('18142055-b981-4c06-a9b1-887473182b5e','e6c5ba2f-e91d-4643-95d1-50c116d84b87','Lactate','HMDB0000190','C00186',1.7,'LC-MS','organic_acid',-0.2);
INSERT INTO metabolomics_profile VALUES ('6eae3b9f-a316-4894-a4e0-b84063395da8','e6c5ba2f-e91d-4643-95d1-50c116d84b87','Glutamine','HMDB0000641','C00064',0.41,'LC-MS','amino_acid',-1.06);
INSERT INTO metabolomics_profile VALUES ('1f1b41c2-0576-4f78-8b86-4e60797a6e5b','e6c5ba2f-e91d-4643-95d1-50c116d84b87','Glucose','HMDB0000122','C00031',4.36,'LC-MS','carbohydrate',1.57);
INSERT INTO metabolomics_profile VALUES ('12e6853f-5e25-4452-854e-612ab61740ef','e6c5ba2f-e91d-4643-95d1-50c116d84b87','Phosphocholine','HMDB0001565','C00588',0.17,'LC-MS','lipid',-1.22);
INSERT INTO tumor_clone VALUES ('e62a9733-173e-4feb-bae9-3b92d5a6e0ef','e6c5ba2f-e91d-4643-95d1-50c116d84b87','clone_A',0.92,'[]',1,1,0.145);
INSERT INTO tumor_clone VALUES ('92222efb-97eb-4758-9252-2a221fa4b192','e6c5ba2f-e91d-4643-95d1-50c116d84b87','clone_B',0.08,'[]',0,2,0.1058);
INSERT INTO cell_cycle_state VALUES ('a4d8a2f0-1baa-42e9-9814-974bd20be3ec','e6c5ba2f-e91d-4643-95d1-50c116d84b87',0.766,0.099,0.051,0.084,22.3847,480.0,1.7);
INSERT INTO apoptosis_marker VALUES ('e99ff0d7-1d7c-47fc-bad4-9760d31dd814','e6c5ba2f-e91d-4643-95d1-50c116d84b87',204.0,157.4419,85.0,2.4,0.2476,6.5306,0.9746);
INSERT INTO dna_repair_status VALUES ('18badd85-3acf-46d3-9098-9ec76e91ab3e','e6c5ba2f-e91d-4643-95d1-50c116d84b87','mutated_somatic','mutated_somatic','proficient_MMR',0.04,5.6,27.9,0,'wildtype');
INSERT INTO metabolic_phenotype VALUES ('02f027f2-aeba-419d-badf-80317102d34b','e6c5ba2f-e91d-4643-95d1-50c116d84b87',0.298,47.4825,0.3961,0.3161,0.2333,0.5,0.677);
INSERT INTO stemness_profile VALUES ('9b9fed38-3c2d-414a-970b-9a97adea53f5','e6c5ba2f-e91d-4643-95d1-50c116d84b87',71.0304,9.6645,18.4526,0.2056,0.437,0.141,0.2602,0.089);
INSERT INTO drug_resistance_feature VALUES ('9061cae0-8694-4ac2-b7cc-69775ec12ba2','e6c5ba2f-e91d-4643-95d1-50c116d84b87',1.06,0.4477,0.822,0.4793,'[]',0.3612);
INSERT INTO immune_infiltration VALUES ('03ca29fe-0631-4c69-834f-37887b8f13ce','e6c5ba2f-e91d-4643-95d1-50c116d84b87',3.6,6.8467,9.7767,5.637,4.5411,9.5591,17.5343,4.9627,10.5104,'CIBERSORT');
INSERT INTO checkpoint_expression VALUES ('dcd7aa14-25ad-47b7-9118-ce4ea0a4c69b','e6c5ba2f-e91d-4643-95d1-50c116d84b87',30.5,54.9,5.3795,13.328,8.5199,14.3177,11.5617,31.2058);
INSERT INTO cytokine_milieu VALUES ('5977dd3f-f92f-4ce8-963a-2fd03822866a','e6c5ba2f-e91d-4643-95d1-50c116d84b87',24.8998,4.7643,10.3302,20.406,22.0188,16.7,17.9514,20.0);
INSERT INTO stromal_composition VALUES ('88c88824-73c1-497e-b067-fa88f63fc397','e6c5ba2f-e91d-4643-95d1-50c116d84b87',0.2766,0.0766,0.071,0.4518,2.3231,34.931);
INSERT INTO ecm_profile VALUES ('81c0f0f1-35b4-4772-87b7-e173248cd084','e6c5ba2f-e91d-4643-95d1-50c116d84b87',11.3988,3.0785,27.4609,0.6249,0.5387,0.763,0.4361);
INSERT INTO hypoxia_vasculature VALUES ('3bed277d-f3f2-4f01-aa23-fcf04a13017d','e6c5ba2f-e91d-4643-95d1-50c116d84b87',0.63,0.443,9.0,0.1954,79.0664,212.8695,103.4439,4.4,7.05);
INSERT INTO organ_function VALUES ('37978031-5efa-4c1c-b074-710750cb90ff','fc1071cb-ea95-4af3-b073-ff263473a273','2020-08-02',51.0,1.012,18.7405,16.3447,10.754,39.3782,61.8,419.6414,0.9709);
INSERT INTO immune_baseline VALUES ('47bb3907-e5d0-4051-aef9-50ebd08abd90','fc1071cb-ea95-4af3-b073-ff263473a273','2020-08-02',9.64,1.25,3.97,3.176,629.3937,178.8906,168.3656,11.2084);
INSERT INTO hormonal_profile VALUES ('2b3959de-b6eb-4807-8aa9-c02731e2910d','fc1071cb-ea95-4af3-b073-ff263473a273','2020-08-02',212.6,0.58,371.0,64.2313,18.6785,0.4535,6.2175);
INSERT INTO pharmacogenomics VALUES ('c66f01f8-4527-44a6-870f-05d8c0c66723','fc1071cb-ea95-4af3-b073-ff263473a273','IM','UM','NM','*1/*1','normal',0,'NM');
INSERT INTO body_composition VALUES ('724d23f0-dee6-4998-8503-37cdeea70e72','fc1071cb-ea95-4af3-b073-ff263473a273','2020-08-02',25.0,44.7,37.4114,77.0664,34.436,1.6492);
INSERT INTO microbiome_profile VALUES ('618447fe-a7be-40b1-a92d-6fe4b5586f1c','fc1071cb-ea95-4af3-b073-ff263473a273','2020-08-02','gut','16S_rRNA_V4',3.8745,3.2198,0.0305,'[{"genus": "Bacteroides", "rel": 0.158}, {"genus": "Faecalibacterium", "rel": 0.111}, {"genus": "Akkermansia", "rel": 0.0305}]',0);
INSERT INTO tumor_staging VALUES ('e02ffe6b-176c-4a18-8bdd-da2d9d093190','fc1071cb-ea95-4af3-b073-ff263473a273','2020-08-02','8500/3','C50.4','Invasive ductal carcinoma','T2','N1','M0','IIA',1,'left');
INSERT INTO imaging_measurement VALUES ('5063697a-af7d-490b-a1af-ee0889601b1d','fc1071cb-ea95-4af3-b073-ff263473a273','2020-07-17','MRI','L1','primary_left_breast',25.0,8181.2309,2.7364,'SD','{"entropy": 5.91, "sphericity": 0.61}');
INSERT INTO pathology_report VALUES ('de08a6c6-ebd0-40e9-bcbe-4664b07e398b','fc1071cb-ea95-4af3-b073-ff263473a273','2020-08-02','core_needle_biopsy','R0',1,7,0,0,9.8836);
INSERT INTO performance_status VALUES ('cba7012c-6cd0-4d9f-a955-c7fb4f276e74','fc1071cb-ea95-4af3-b073-ff263473a273','2020-08-02',0,94,0,33.9852);
INSERT INTO liquid_biopsy VALUES ('e540d9c1-ac11-4823-8c8e-b6ee894c18df','fc1071cb-ea95-4af3-b073-ff263473a273','2020-08-02',0.063,28.35,3,'[]','detected',10.1791);
INSERT INTO treatment_regimen VALUES ('9970a3e9-cd03-453a-a6d8-58100e183a20','fc1071cb-ea95-4af3-b073-ff263473a273',1,'Letrozole','adjuvant','2020-08-21','2021-05-20','planned_completion','PR',654);
INSERT INTO treatment_drug_dose VALUES ('64e60dac-3bcb-4a89-982a-364a1d66b55f','9970a3e9-cd03-453a-a6d8-58100e183a20','dea8e584-d12c-47bf-a4c0-e739973380b8','2020-08-21',73.0,73.0,0.0,'oral',1,2.1785);
INSERT INTO adverse_event VALUES ('41c6f47a-696e-41ca-be12-c0826e5ab24d','fc1071cb-ea95-4af3-b073-ff263473a273','9970a3e9-cd03-453a-a6d8-58100e183a20','Arthralgia',2,'2020-08-28','2020-09-30','probable','none');
INSERT INTO adverse_event VALUES ('609e9350-3b73-405d-a27d-f8a3e4f67551','fc1071cb-ea95-4af3-b073-ff263473a273','9970a3e9-cd03-453a-a6d8-58100e183a20','Diarrhoea',3,'2020-08-30','2020-09-15','probable','dose_reduction');
INSERT INTO radiation_plan VALUES ('3f0d5ed7-dc6b-48a0-8c7b-17435b417544','fc1071cb-ea95-4af3-b073-ff263473a273','photon_EBRT','CTV',51.9663,2.0,25,5,'IMRT',NULL,'{"heart": {"V20Gy_pct": "<25"}, "lung": {"mean_Gy": "<18"}}');
INSERT INTO carcinogen_exposure VALUES ('b815b68d-789e-4b82-86cd-8ab00c9ce217','fc1071cb-ea95-4af3-b073-ff263473a273','never',0.0,5.9382,45.6736,38.949,'[]',0.0,0);
INSERT INTO diet_nutrition VALUES ('6158fd18-03da-4ddf-a27e-9164c24a770a','fc1071cb-ea95-4af3-b073-ff263473a273','2020-08-02','FFQ',1872.3659,63.5977,299.888,66.4479,18.7391,66.1081,0.0,5.7139,'Mediterranean');
INSERT INTO physical_activity VALUES ('01e4e49a-55b4-469f-b6cb-99ab2cfc4037','fc1071cb-ea95-4af3-b073-ff263473a273','2020-08-02',774.4275,124.9201,128.0084,8.5075,21.2643,7301,24.9838);
INSERT INTO stress_psychology VALUES ('66de7ca2-215d-4028-a2d2-8e8d06ce54af','fc1071cb-ea95-4af3-b073-ff263473a273','2020-08-02',17,8,9,66.8693,230.02,6.5561,10);
INSERT INTO environmental_exposure VALUES ('a7f1f9b3-63a3-493c-a831-fc81ac7139f1','fc1071cb-ea95-4af3-b073-ff263473a273','2020-08-02',9.1163,9.1571,23.0322,'negative',NULL,'negative','negative',7.933,'naive');
INSERT INTO socioeconomic_context VALUES ('9d9b0a6d-c20e-469b-8481-543ab452871f','fc1071cb-ea95-4af3-b073-ff263473a273','2020-08-02',70.3778,'public_Medicare',0.5894,0.9873,68.7895,'retired',26.2445,14);
INSERT INTO circadian_profile VALUES ('5255bf3f-ba2c-459f-b8d4-fac388ba7459','fc1071cb-ea95-4af3-b073-ff263473a273','2020-08-02','morning',86.5632,20.6583,'22:11',420.0572,0,12);

-- Patient 79: HR+/HER2+
INSERT INTO patient VALUES ('c632e0ef-77ed-46f0-9489-46d268f9f766','MRN-9958801','1963-11-07','female','White','{"EUR": 0.27, "AFR": 0.08}','2018-05-10','2018-05-10');
INSERT INTO genomic_sample VALUES ('db2f5065-11a7-4abc-b750-4b4027ea59ca','c632e0ef-77ed-46f0-9489-46d268f9f766','tumor','C50.4','2018-05-20','TruSight Oncology 500',0.78,0,'FFPE');
INSERT INTO somatic_mutation VALUES ('b171bb62-6525-4410-b54f-b7ee8715b2d3','db2f5065-11a7-4abc-b750-4b4027ea59ca','TP53','chr17',7674220,'G','A','SNV','missense_variant','p.Arg248Trp',0.5972,361,'oncogenic','COSV52743007','1','SBS5');
INSERT INTO somatic_mutation VALUES ('7c372f77-b238-427c-8558-dfe2f6a22552','db2f5065-11a7-4abc-b750-4b4027ea59ca','BRCA2','chr13',32338709,'A','T','SNV','stop_gained','p.Lys1690Ter',0.2226,333,'pathogenic','COSV52712043','1','SBS3');
INSERT INTO somatic_mutation VALUES ('e530f25a-8e64-4522-a5f2-ad59817e78c9','db2f5065-11a7-4abc-b750-4b4027ea59ca','ERBB2','chr17',39725084,'A','G','SNV','missense_variant','p.Leu755Ser',0.3562,397,'oncogenic','COSV52735019','1','SBS5');
INSERT INTO somatic_mutation VALUES ('2b8bdd0d-78e1-4d76-a5b0-86519e8900f8','db2f5065-11a7-4abc-b750-4b4027ea59ca','ESR1','chr6',152098794,'T','C','SNV','missense_variant','p.Tyr537Cys',0.151,233,'oncogenic','COSV52744551','1','SBS1');
INSERT INTO somatic_mutation VALUES ('99dd5b1b-3d3f-42a2-9534-d7e3ea899a4c','db2f5065-11a7-4abc-b750-4b4027ea59ca','CCND1','chr11',69465258,'G','T','SNV','missense_variant','p.Pro241Leu',0.2142,173,'oncogenic','COSV52718943','3A','SBS1');
INSERT INTO somatic_mutation VALUES ('b17254e5-4846-43c3-b854-38fa04e24b4f','db2f5065-11a7-4abc-b750-4b4027ea59ca','MAP3K1','chr5',56115628,'G','A','SNV','missense_variant','p.Glu1298Lys',0.2553,366,'oncogenic','COSV52721033','3A','SBS1');
INSERT INTO copy_number_variant VALUES ('4c994aef-0bcb-4958-ab4a-e04a10746da5','db2f5065-11a7-4abc-b750-4b4027ea59ca','ERBB2','chr17',37800000,38200000,14.6,3.3,'amplification',1);
INSERT INTO copy_number_variant VALUES ('2a2ba112-f357-44c3-8ae1-219acd6711d1','db2f5065-11a7-4abc-b750-4b4027ea59ca','MYC','chr8',127700000,127800000,3.0,0.99,'amplification',0);
INSERT INTO copy_number_variant VALUES ('f2f3f032-6f94-46ad-a803-43c1f87609c0','db2f5065-11a7-4abc-b750-4b4027ea59ca','CDKN2A','chr9',21967000,21995000,0.4,-1.63,'shallow_deletion',0);
INSERT INTO gene_expression VALUES ('34c60188-9ab4-498d-a42a-362425f4ba67','db2f5065-11a7-4abc-b750-4b4027ea59ca','ENSG00000091831','ESR1',500.02,50.0,1250,4.22,99.0);
INSERT INTO gene_expression VALUES ('7c5f6c31-0cbe-4001-8ec9-74b9fe02ded9','db2f5065-11a7-4abc-b750-4b4027ea59ca','ENSG00000141736','ERBB2',330.94,33.09,827,2.34,85.1);
INSERT INTO gene_expression VALUES ('556b2ed9-464f-43fb-b1ed-075ea4f99952','db2f5065-11a7-4abc-b750-4b4027ea59ca','ENSG00000148773','MKI67',255.44,25.54,639,1.5,72.5);
INSERT INTO gene_expression VALUES ('6bd82891-f62e-4c3a-83b2-d63cfb0a41dd','db2f5065-11a7-4abc-b750-4b4027ea59ca','ENSG00000141510','TP53',50.74,8.84,55,-0.77,38.5);
INSERT INTO gene_expression VALUES ('8863dd00-37b9-4fd1-9fce-1d1a07ced0e9','db2f5065-11a7-4abc-b750-4b4027ea59ca','ENSG00000012048','BRCA1',64.69,10.12,314,-0.61,40.9);
INSERT INTO gene_expression VALUES ('254d993f-7896-4c41-82c5-bc5422d88a65','db2f5065-11a7-4abc-b750-4b4027ea59ca','ENSG00000139618','BRCA2',34.5,6.66,110,-0.95,35.8);
INSERT INTO gene_expression VALUES ('32abfacd-c6e1-4976-a315-1738fe4c86d4','db2f5065-11a7-4abc-b750-4b4027ea59ca','ENSG00000171862','PTEN',24.53,6.99,347,-1.06,34.1);
INSERT INTO gene_expression VALUES ('6eb230cd-1194-46d5-bf29-cc25c32c3bde','db2f5065-11a7-4abc-b750-4b4027ea59ca','ENSG00000136997','MYC',68.2,3.6,608,-0.58,41.3);
INSERT INTO protein_expression VALUES ('51959da1-e866-4d34-a251-6ea98eefaf9b','db2f5065-11a7-4abc-b750-4b4027ea59ca','ESR1','P03372','IHC',0.47,197.0,5,'NULL');
INSERT INTO protein_expression VALUES ('270c96fc-fa29-40a4-87ec-187c213a2a6e','db2f5065-11a7-4abc-b750-4b4027ea59ca','PGR','P06401','IHC',0.55,205.0,5,'NULL');
INSERT INTO protein_expression VALUES ('6abfb4d4-6f2b-4c5e-9069-effe6d59da27','db2f5065-11a7-4abc-b750-4b4027ea59ca','ERBB2','P04626','IHC',1.14,264.0,7,'pY1248');
INSERT INTO protein_expression VALUES ('4779700f-2ef0-4e4e-9f92-52b4f02518e4','db2f5065-11a7-4abc-b750-4b4027ea59ca','MKI67','P46013','IHC',-0.54,89.0,0,'NULL');
INSERT INTO epigenetic_mark VALUES ('cf346f16-d872-490a-b7e1-f5c977616f55','db2f5065-11a7-4abc-b750-4b4027ea59ca','DNA_methylation','cg15629539',0.083,'-3.466','ESR1','CpG_island',NULL);
INSERT INTO epigenetic_mark VALUES ('e6a15d17-0e05-4b92-a870-254b79247a59','db2f5065-11a7-4abc-b750-4b4027ea59ca','DNA_methylation','cg27053763',0.254,'-1.554','BRCA1','promoter',NULL);
INSERT INTO epigenetic_mark VALUES ('b3a987f4-1a28-4382-b46f-ac349cfe6db4','db2f5065-11a7-4abc-b750-4b4027ea59ca','H3K27ac','chr17:37800000-37850000',0.285,NULL,'ERBB2','enhancer','3.914');
INSERT INTO ncrna_profile VALUES ('932e8aa7-24cf-475e-83be-84dc1ff71e66','db2f5065-11a7-4abc-b750-4b4027ea59ca','miRNA','hsa-miR-21-5p','miR-21-5p',6.12,'["PTEN", "PDCD4"]');
INSERT INTO ncrna_profile VALUES ('f6ebffcd-8bc9-4876-939f-d7d65d154b71','db2f5065-11a7-4abc-b750-4b4027ea59ca','miRNA','hsa-miR-155-5p','miR-155-5p',4.0,'["SHIP1", "SOCS1"]');
INSERT INTO ncrna_profile VALUES ('b4d9d5c4-c331-443e-81ca-0f75e23d8a27','db2f5065-11a7-4abc-b750-4b4027ea59ca','lncRNA','ENSG00000228630','HOTAIR',2.25,'["SHIP1", "SOCS1"]');
INSERT INTO ncrna_profile VALUES ('005bd938-d5f2-4129-ab98-92e7810fbcf5','db2f5065-11a7-4abc-b750-4b4027ea59ca','lncRNA','ENSG00000251562','MALAT1',44.72,'["SHIP1", "SOCS1"]');
INSERT INTO metabolomics_profile VALUES ('cdcfc818-8f2d-45d3-9059-a0164c0a3168','db2f5065-11a7-4abc-b750-4b4027ea59ca','Lactate','HMDB0000190','C00186',1.27,'LC-MS','organic_acid',-0.49);
INSERT INTO metabolomics_profile VALUES ('d965434d-3b82-466f-a78b-eea74542eba0','db2f5065-11a7-4abc-b750-4b4027ea59ca','Glutamine','HMDB0000641','C00064',0.58,'LC-MS','amino_acid',-0.95);
INSERT INTO metabolomics_profile VALUES ('6c42d782-a714-4570-9bcd-7c4ac7dfcb3c','db2f5065-11a7-4abc-b750-4b4027ea59ca','Glucose','HMDB0000122','C00031',5.62,'LC-MS','carbohydrate',2.41);
INSERT INTO metabolomics_profile VALUES ('1da32e16-7449-47cc-9146-58c1259115c1','db2f5065-11a7-4abc-b750-4b4027ea59ca','Phosphocholine','HMDB0001565','C00588',0.19,'LC-MS','lipid',-1.21);
INSERT INTO tumor_clone VALUES ('1fbd480b-2bd7-4109-9f53-040116e8fc31','db2f5065-11a7-4abc-b750-4b4027ea59ca','clone_A',0.89,'[]',1,1,0.0593);
INSERT INTO tumor_clone VALUES ('079a617f-5e66-4f1e-a76a-1337c91e5b86','db2f5065-11a7-4abc-b750-4b4027ea59ca','clone_B',0.11,'[]',0,2,0.034);
INSERT INTO cell_cycle_state VALUES ('74347d2b-8d35-485a-9381-3f0956bf669b','db2f5065-11a7-4abc-b750-4b4027ea59ca',0.626,0.187,0.087,0.1,31.9534,480.0,3.7);
INSERT INTO apoptosis_marker VALUES ('10d4b7cf-7876-4658-8a7c-547cd48da622','db2f5065-11a7-4abc-b750-4b4027ea59ca',170.0,113.0657,54.0,3.15,0.1499,4.9731,0.862);
INSERT INTO dna_repair_status VALUES ('6876baf1-66a5-4e7a-b7a1-df4e4893919a','db2f5065-11a7-4abc-b750-4b4027ea59ca','mutated_somatic','mutated_somatic','proficient_MMR',0.04,10.1,37.8,0,'wildtype');
INSERT INTO metabolic_phenotype VALUES ('064a991b-9d31-468a-8a1a-c245b3c33b02','db2f5065-11a7-4abc-b750-4b4027ea59ca',0.368,86.3706,0.3378,0.3731,0.1789,1.1574,0.4275);
INSERT INTO stemness_profile VALUES ('818771e4-d511-43df-8c05-c1f924eab3fa','db2f5065-11a7-4abc-b750-4b4027ea59ca',10.0,27.911,11.0947,0.1155,0.299,0.389,0.5399,0.0242);
INSERT INTO drug_resistance_feature VALUES ('3c2e9b5f-f7e9-426e-ba83-93331ba3f31b','db2f5065-11a7-4abc-b750-4b4027ea59ca',0.1,1.0865,0.7842,0.8957,'[]',0.0);
INSERT INTO immune_infiltration VALUES ('30b8855f-f6aa-4c4d-9219-26d6f2e9295c','db2f5065-11a7-4abc-b750-4b4027ea59ca',11.1,3.4873,4.934,6.345,8.2884,7.6853,7.8192,6.0025,10.3131,'CIBERSORT');
INSERT INTO checkpoint_expression VALUES ('27ec4425-4048-4d8b-ab99-d3f9ad45cac1','db2f5065-11a7-4abc-b750-4b4027ea59ca',11.7,21.06,7.6902,16.3517,4.6382,12.1678,8.4362,27.2271);
INSERT INTO cytokine_milieu VALUES ('649b0fed-3fea-482f-85d3-a43be9256bbd','db2f5065-11a7-4abc-b750-4b4027ea59ca',37.3976,11.2949,8.0578,13.5401,17.1454,8.9,34.6513,168.1371);
INSERT INTO stromal_composition VALUES ('076a21ba-f29e-40ee-8ab9-3e2c789a743e','db2f5065-11a7-4abc-b750-4b4027ea59ca',0.1862,0.1146,0.0927,0.3808,3.3873,19.4335);
INSERT INTO ecm_profile VALUES ('3dade55c-0d99-40ff-8d88-ad960f2677c1','db2f5065-11a7-4abc-b750-4b4027ea59ca',12.458,9.3425,36.3128,0.1888,0.4185,0.7374,0.3348);
INSERT INTO hypoxia_vasculature VALUES ('ea377bb3-e45d-4903-b251-0cd8f1161b24','db2f5065-11a7-4abc-b750-4b4027ea59ca',1.23,0.1,10.3,0.3,52.7024,190.075,93.235,13.4,6.87);
INSERT INTO organ_function VALUES ('b29787a2-247a-4c63-bfeb-784da36a217d','c632e0ef-77ed-46f0-9489-46d268f9f766','2018-05-10',79.8,1.3576,22.9703,11.6847,11.7584,35.7469,68.0,428.6936,0.9983);
INSERT INTO immune_baseline VALUES ('461a0523-8cc9-4ae0-abaa-73382cacb7d9','c632e0ef-77ed-46f0-9489-46d268f9f766','2018-05-10',9.33,2.07,3.15,1.5217,551.4058,262.65,314.1538,11.9711);
INSERT INTO hormonal_profile VALUES ('1ca7adef-9e03-4add-a90c-903d66ed038f','c632e0ef-77ed-46f0-9489-46d268f9f766','2018-05-10',25.6,0.81,305.0,44.4253,18.5518,0.3,10.9912);
INSERT INTO pharmacogenomics VALUES ('09c2e845-beb6-4240-b1e3-d5704f5c8a42','c632e0ef-77ed-46f0-9489-46d268f9f766','UM','NM','NM','*1/*1','normal',0,'NM');
INSERT INTO body_composition VALUES ('1d9b2401-9c79-49c7-b0c7-b61b328367d0','c632e0ef-77ed-46f0-9489-46d268f9f766','2018-05-10',27.7,35.0,30.1116,99.3999,34.9689,1.7775);
INSERT INTO microbiome_profile VALUES ('9908fc0f-ecb9-44aa-a47d-16e85e440109','c632e0ef-77ed-46f0-9489-46d268f9f766','2018-05-10','gut','16S_rRNA_V4',3.0086,1.6214,0.0089,'[{"genus": "Bacteroides", "rel": 0.323}, {"genus": "Faecalibacterium", "rel": 0.152}, {"genus": "Akkermansia", "rel": 0.0089}]',0);
INSERT INTO tumor_staging VALUES ('e31672b4-eba7-4810-9288-328bfa8a0371','c632e0ef-77ed-46f0-9489-46d268f9f766','2018-05-10','8500/3','C50.4','Invasive ductal carcinoma','T3','N2','M0','IIIA',1,'left');
INSERT INTO imaging_measurement VALUES ('875da226-e63e-4182-8534-3c276005a359','c632e0ef-77ed-46f0-9489-46d268f9f766','2018-04-23','MRI','L1','primary_left_breast',27.9,11371.3292,3.2858,'SD','{"entropy": 7.85, "sphericity": 0.86}');
INSERT INTO pathology_report VALUES ('6e918c41-6a4d-463a-a1a6-96d75d11c7aa','c632e0ef-77ed-46f0-9489-46d268f9f766','2018-05-10','core_needle_biopsy','R0',4,6,1,0,0.0);
INSERT INTO performance_status VALUES ('97eda6cd-e0b6-495e-85f8-fb2c19ad850c','c632e0ef-77ed-46f0-9489-46d268f9f766','2018-05-10',1,94,4,39.3046);
INSERT INTO liquid_biopsy VALUES ('9eb1e565-0aef-45be-9db0-8d04c7e4bc8d','c632e0ef-77ed-46f0-9489-46d268f9f766','2018-05-10',0.0627,28.215,8,'[]','detected',15.1571);
INSERT INTO treatment_regimen VALUES ('a3a87262-c309-4209-a4ef-04a70732756e','c632e0ef-77ed-46f0-9489-46d268f9f766',1,'T-DM1','adjuvant','2018-06-10','2018-12-25','planned_completion','PR',608);
INSERT INTO treatment_drug_dose VALUES ('4c31d19b-a249-4206-b198-f26fe98f7c2b','a3a87262-c309-4209-a4ef-04a70732756e','6875e431-ad8e-4272-8f17-9b89825e25c6','2018-06-10',70.0,63.0,10.0,'IV',1,0.5);
INSERT INTO adverse_event VALUES ('8e0a6021-2643-47f1-a2f2-d4e6085adee2','c632e0ef-77ed-46f0-9489-46d268f9f766','a3a87262-c309-4209-a4ef-04a70732756e','Neutropenia',2,'2018-06-28','2018-07-05','probable','none');
INSERT INTO adverse_event VALUES ('93127265-9992-46f5-9443-71334ce64f53','c632e0ef-77ed-46f0-9489-46d268f9f766','a3a87262-c309-4209-a4ef-04a70732756e','Diarrhoea',1,'2018-08-24','2018-10-23','probable','none');
INSERT INTO radiation_plan VALUES ('a32a6aa3-5925-4682-bd2d-0f4f82505ad5','c632e0ef-77ed-46f0-9489-46d268f9f766','photon_EBRT','CTV',51.2582,2.0,25,5,'IMRT',NULL,'{"heart": {"V20Gy_pct": "<25"}, "lung": {"mean_Gy": "<18"}}');
INSERT INTO carcinogen_exposure VALUES ('f9e8b88b-668f-4019-b655-2d4b37b5d06f','c632e0ef-77ed-46f0-9489-46d268f9f766','never',0.0,9.6894,33.0232,106.524,'[]',0.0,0);
INSERT INTO diet_nutrition VALUES ('6aa3609d-d4a4-4782-9a90-435e8dcdd3cd','c632e0ef-77ed-46f0-9489-46d268f9f766','2018-05-10','FFQ',1100.0,59.7609,219.1355,109.2034,19.9839,38.6226,9.5081,16.1009,'plant_based');
INSERT INTO physical_activity VALUES ('c50fe22f-2b5c-46de-97e9-0459f86a6b0e','c632e0ef-77ed-46f0-9489-46d268f9f766','2018-05-10',545.1244,112.9512,152.1652,11.5841,22.3978,4734,33.7876);
INSERT INTO stress_psychology VALUES ('42017932-4e8b-49e9-98b7-e6b65db4e3a1','c632e0ef-77ed-46f0-9489-46d268f9f766','2018-05-10',17,10,12,47.4604,189.1,5.728,13);
INSERT INTO environmental_exposure VALUES ('e0c45f64-2c9a-49bf-acb0-46fdedff05d3','c632e0ef-77ed-46f0-9489-46d268f9f766','2018-05-10',12.0581,14.2784,41.3124,'negative',NULL,'negative','negative',10.3797,'naive');
INSERT INTO socioeconomic_context VALUES ('a9209515-f417-4d3d-bd68-ff887da2e4c6','c632e0ef-77ed-46f0-9489-46d268f9f766','2018-05-10',41.9457,'public_Medicaid',0.7132,0.5291,78.2064,'employed_part_time',19.7598,22);
INSERT INTO circadian_profile VALUES ('0b430184-7f22-4b41-bcc6-4ba803945e01','c632e0ef-77ed-46f0-9489-46d268f9f766','2018-05-10','evening',76.279,16.0864,'22:29',798.4153,0,7);

-- Patient 80: HR+/HER2- early
INSERT INTO patient VALUES ('dd6523cf-bbca-4e70-9551-f482834d03db','MRN-3646916','1961-11-28','female','Black or African American','{"EUR": 0.19, "AFR": 0.26}','2021-01-15','2021-01-15');
INSERT INTO genomic_sample VALUES ('ec779f84-5d72-49e4-aa1d-be17a72c0e65','dd6523cf-bbca-4e70-9551-f482834d03db','tumor','C50.4','2021-02-01','Illumina NovaSeq 6000 WGS',0.41,0,'FFPE');
INSERT INTO somatic_mutation VALUES ('919a2187-4dae-4540-8fc6-e0c062c5a0ec','ec779f84-5d72-49e4-aa1d-be17a72c0e65','BRCA1','chr17',43094464,'T','A','SNV','missense_variant','p.Cys1697Ser',0.3515,377,'pathogenic','COSV52701256','1','SBS3');
INSERT INTO somatic_mutation VALUES ('7b81b043-6d00-4c8f-b701-7d71d490b620','ec779f84-5d72-49e4-aa1d-be17a72c0e65','MYC','chr8',127735434,'A','G','SNV','missense_variant','p.Thr58Ala',0.3673,341,'oncogenic','COSV52759832','3A','SBS5');
INSERT INTO somatic_mutation VALUES ('4feb29de-4cb9-4bc7-bcaf-18b591bd269e','ec779f84-5d72-49e4-aa1d-be17a72c0e65','MAP3K1','chr5',56115628,'G','A','SNV','missense_variant','p.Glu1298Lys',0.1781,127,'oncogenic','COSV52721033','3A','SBS1');
INSERT INTO copy_number_variant VALUES ('364e6dac-f908-465f-90f3-c4cd458bceba','ec779f84-5d72-49e4-aa1d-be17a72c0e65','MYC','chr8',127700000,127800000,5.9,1.51,'neutral',0);
INSERT INTO copy_number_variant VALUES ('4989ea08-7531-4bb6-91cd-93c5f115d1fa','ec779f84-5d72-49e4-aa1d-be17a72c0e65','CDKN2A','chr9',21967000,21995000,1.2,-2.33,'shallow_deletion',0);
INSERT INTO gene_expression VALUES ('7cade019-84cb-4384-9ae4-c1651fadc00b','ec779f84-5d72-49e4-aa1d-be17a72c0e65','ENSG00000091831','ESR1',706.58,70.66,1766,6.52,99.0);
INSERT INTO gene_expression VALUES ('427dd81d-9690-4540-9b66-7defa01892b3','ec779f84-5d72-49e4-aa1d-be17a72c0e65','ENSG00000141736','ERBB2',92.91,9.29,232,-0.3,45.5);
INSERT INTO gene_expression VALUES ('96590a8d-6228-4613-ab40-4bb920c97796','ec779f84-5d72-49e4-aa1d-be17a72c0e65','ENSG00000148773','MKI67',41.01,4.1,103,-0.88,36.8);
INSERT INTO gene_expression VALUES ('123c911e-36c3-4547-a5ea-2594b3f72408','ec779f84-5d72-49e4-aa1d-be17a72c0e65','ENSG00000141510','TP53',54.91,9.07,66,-0.72,39.2);
INSERT INTO gene_expression VALUES ('ba39f5ac-9696-4227-a66f-c5e373d36617','ec779f84-5d72-49e4-aa1d-be17a72c0e65','ENSG00000012048','BRCA1',47.72,0.1,73,-0.8,38.0);
INSERT INTO gene_expression VALUES ('3aa13f72-fbbd-48f6-b958-06bd5ca45ae6','ec779f84-5d72-49e4-aa1d-be17a72c0e65','ENSG00000139618','BRCA2',40.86,2.48,310,-0.88,36.8);
INSERT INTO gene_expression VALUES ('4f10ab76-9f0d-4c8d-89d9-e007271206df','ec779f84-5d72-49e4-aa1d-be17a72c0e65','ENSG00000171862','PTEN',72.06,8.62,238,-0.53,42.0);
INSERT INTO gene_expression VALUES ('1a7f0d8e-d102-4f2e-bdbb-20062df52bc5','ec779f84-5d72-49e4-aa1d-be17a72c0e65','ENSG00000136997','MYC',165.51,2.41,386,0.51,57.6);
INSERT INTO protein_expression VALUES ('0743671a-aeda-45b2-a300-1e91abe79771','ec779f84-5d72-49e4-aa1d-be17a72c0e65','ESR1','P03372','IHC',0.48,198.0,5,'NULL');
INSERT INTO protein_expression VALUES ('3ea40998-9a19-4a2c-9bc8-39d1ed460964','ec779f84-5d72-49e4-aa1d-be17a72c0e65','PGR','P06401','IHC',0.5,200.0,5,'NULL');
INSERT INTO protein_expression VALUES ('993bb130-7ada-40f2-9a0a-47c41277aa14','ec779f84-5d72-49e4-aa1d-be17a72c0e65','ERBB2','P04626','IHC',-1.5,0.0,0,'pY1248');
INSERT INTO protein_expression VALUES ('4d46e819-7723-4cc4-b10f-54ccb1741242','ec779f84-5d72-49e4-aa1d-be17a72c0e65','MKI67','P46013','IHC',-1.31,17.0,0,'NULL');
INSERT INTO epigenetic_mark VALUES ('a1baee52-aee3-4dd4-a1f5-0afdb8e303bd','ec779f84-5d72-49e4-aa1d-be17a72c0e65','DNA_methylation','cg15629539',0.149,'-2.514','ESR1','CpG_island',NULL);
INSERT INTO epigenetic_mark VALUES ('1a07041a-db48-4331-829c-8367cd1839b5','ec779f84-5d72-49e4-aa1d-be17a72c0e65','DNA_methylation','cg27053763',0.111,'-3.002','BRCA1','promoter',NULL);
INSERT INTO epigenetic_mark VALUES ('4c2adbdd-3960-4377-8d17-fefcf4084a70','ec779f84-5d72-49e4-aa1d-be17a72c0e65','H3K27ac','chr17:37800000-37850000',0.258,NULL,'ERBB2','enhancer','1.548');
INSERT INTO ncrna_profile VALUES ('29096d39-4c7b-4f43-8925-e35c8b3cd29c','ec779f84-5d72-49e4-aa1d-be17a72c0e65','miRNA','hsa-miR-21-5p','miR-21-5p',1.13,'["PTEN", "PDCD4"]');
INSERT INTO ncrna_profile VALUES ('7f2481a3-379b-4e1a-b330-17b92ef7991b','ec779f84-5d72-49e4-aa1d-be17a72c0e65','miRNA','hsa-miR-155-5p','miR-155-5p',4.99,'["SHIP1", "SOCS1"]');
INSERT INTO ncrna_profile VALUES ('e7f595dc-0135-4203-8397-e8e7230206bb','ec779f84-5d72-49e4-aa1d-be17a72c0e65','lncRNA','ENSG00000228630','HOTAIR',2.18,'["SHIP1", "SOCS1"]');
INSERT INTO ncrna_profile VALUES ('b976ce32-c251-48ed-be7d-26b64d81e43d','ec779f84-5d72-49e4-aa1d-be17a72c0e65','lncRNA','ENSG00000251562','MALAT1',58.33,'["SHIP1", "SOCS1"]');
INSERT INTO metabolomics_profile VALUES ('57dc1e99-dacc-4947-9b70-1cfb26574b52','ec779f84-5d72-49e4-aa1d-be17a72c0e65','Lactate','HMDB0000190','C00186',1.33,'LC-MS','organic_acid',-0.45);
INSERT INTO metabolomics_profile VALUES ('bd5ac6e2-a193-413b-803b-92511148f6b9','ec779f84-5d72-49e4-aa1d-be17a72c0e65','Glutamine','HMDB0000641','C00064',0.32,'LC-MS','amino_acid',-1.12);
INSERT INTO metabolomics_profile VALUES ('c03a91cc-fd2e-423b-bf21-9c12c30d2268','ec779f84-5d72-49e4-aa1d-be17a72c0e65','Glucose','HMDB0000122','C00031',5.06,'LC-MS','carbohydrate',2.04);
INSERT INTO metabolomics_profile VALUES ('4b30c641-45e6-4cec-a48c-35febf9df460','ec779f84-5d72-49e4-aa1d-be17a72c0e65','Phosphocholine','HMDB0001565','C00588',0.2,'LC-MS','lipid',-1.2);
INSERT INTO tumor_clone VALUES ('961a925a-aa54-4487-82fe-63687525e16a','ec779f84-5d72-49e4-aa1d-be17a72c0e65','clone_A',0.62,'[]',1,1,0.1344);
INSERT INTO tumor_clone VALUES ('d292db61-d6c6-4b3c-8c87-e6b843b8e100','ec779f84-5d72-49e4-aa1d-be17a72c0e65','clone_B',0.38,'[]',0,2,0.0637);
INSERT INTO cell_cycle_state VALUES ('dbf755f3-5c7a-4b7d-99b9-37fd58274fd3','ec779f84-5d72-49e4-aa1d-be17a72c0e65',0.905,0.027,0.01,0.058,6.2347,480.0,0.0);
INSERT INTO apoptosis_marker VALUES ('b6080365-6b5c-4baf-beb2-007e025e08fc','ec779f84-5d72-49e4-aa1d-be17a72c0e65',146.0,117.7459,94.0,1.55,0.182,4.7457,0.841);
INSERT INTO dna_repair_status VALUES ('902ebe6d-f184-4252-a88f-3283c5ae981d','ec779f84-5d72-49e4-aa1d-be17a72c0e65','mutated_somatic','mutated_somatic','proficient_MMR',0.04,1.3,10.6,0,'wildtype');
INSERT INTO metabolic_phenotype VALUES ('24b21078-2107-429f-8fc3-b1347d6ea3bf','ec779f84-5d72-49e4-aa1d-be17a72c0e65',0.277,60.5252,0.4254,0.3755,0.1232,0.6929,0.6066);
INSERT INTO stemness_profile VALUES ('0ba118fe-7498-46a7-aa6a-8ab3732e67dd','ec779f84-5d72-49e4-aa1d-be17a72c0e65',32.2125,4.9753,0.0,0.101,0.352,0.363,0.5099,0.2748);
INSERT INTO drug_resistance_feature VALUES ('e9d03a24-b751-473c-93c6-17dfa0c8d327','ec779f84-5d72-49e4-aa1d-be17a72c0e65',0.28,0.8881,0.5046,0.6776,'[]',0.0014);
INSERT INTO immune_infiltration VALUES ('eb538501-9e58-43f5-96dd-5b467ab3f148','ec779f84-5d72-49e4-aa1d-be17a72c0e65',4.2,14.9147,9.2942,5.1011,11.6027,5.6292,10.3469,4.2922,9.7007,'CIBERSORT');
INSERT INTO checkpoint_expression VALUES ('65a15b4c-800a-486a-92de-a27ebbbc0e0e','ec779f84-5d72-49e4-aa1d-be17a72c0e65',0.0,0.0,13.9953,10.3876,10.2672,12.5285,4.7186,28.0045);
INSERT INTO cytokine_milieu VALUES ('3992420d-49aa-41ab-bfea-480fb601d76f','ec779f84-5d72-49e4-aa1d-be17a72c0e65',37.7238,12.0136,7.8826,27.8107,15.5429,14.5,22.4252,105.0674);
INSERT INTO stromal_composition VALUES ('913f559c-39e6-4490-a02b-1f93cd8d421d','ec779f84-5d72-49e4-aa1d-be17a72c0e65',0.2928,0.0343,0.1562,0.4093,2.9319,20.0233);
INSERT INTO ecm_profile VALUES ('54ec3db5-3773-4ff4-a32b-ace64b45915d','ec779f84-5d72-49e4-aa1d-be17a72c0e65',10.3756,7.9906,13.5723,0.417,0.1879,0.8679,0.2835);
INSERT INTO hypoxia_vasculature VALUES ('47255772-54f7-4d34-8b0d-5b63c6d0efe5','ec779f84-5d72-49e4-aa1d-be17a72c0e65',0.1,0.1994,10.5,0.1974,135.7113,151.874,94.2198,17.0,6.99);
INSERT INTO organ_function VALUES ('0b097418-2d74-4481-a728-f14d4d93cef4','dd6523cf-bbca-4e70-9551-f482834d03db','2021-01-15',63.6,1.1632,13.0305,22.4539,8.8022,37.6415,68.4,405.6531,0.97);
INSERT INTO immune_baseline VALUES ('15ba74fe-d307-4b56-88ed-805fdf4f63f4','dd6523cf-bbca-4e70-9551-f482834d03db','2021-01-15',11.78,1.79,4.24,2.3687,583.3558,297.5514,331.0054,10.4333);
INSERT INTO hormonal_profile VALUES ('2e775eff-e1ff-43e2-8991-2ebf6074d12f','dd6523cf-bbca-4e70-9551-f482834d03db','2021-01-15',2.0,0.38,478.0,84.334,22.7922,1.2592,5.7657);
INSERT INTO pharmacogenomics VALUES ('e74b122d-c039-41ff-9e0c-0f25bbd47d05','dd6523cf-bbca-4e70-9551-f482834d03db','UM','IM','NM','*1/*1','normal',0,'NM');
INSERT INTO body_composition VALUES ('a405af15-d11c-4322-ad89-387a2a407cec','dd6523cf-bbca-4e70-9551-f482834d03db','2021-01-15',28.5,44.7,40.1575,145.1082,32.0749,1.5874);
INSERT INTO microbiome_profile VALUES ('7eb653cb-ae04-45e8-8e29-40dea581329d','dd6523cf-bbca-4e70-9551-f482834d03db','2021-01-15','gut','16S_rRNA_V4',2.9286,2.2766,0.0288,'[{"genus": "Bacteroides", "rel": 0.34}, {"genus": "Faecalibacterium", "rel": 0.135}, {"genus": "Akkermansia", "rel": 0.0288}]',0);
INSERT INTO tumor_staging VALUES ('8b66ab79-6aab-454a-bfbd-b92d184522f3','dd6523cf-bbca-4e70-9551-f482834d03db','2021-01-15','8500/3','C50.4','Invasive ductal carcinoma','T2','N1','M0','IIB',3,'left');
INSERT INTO imaging_measurement VALUES ('36267822-e141-48c1-977c-7df982a3c669','dd6523cf-bbca-4e70-9551-f482834d03db','2020-12-20','MRI','L1','primary_left_breast',41.3,36884.9142,2.1441,'SD','{"entropy": 7.28, "sphericity": 0.74}');
INSERT INTO pathology_report VALUES ('2c31130e-8742-4be1-98a3-8f89564c6f3c','dd6523cf-bbca-4e70-9551-f482834d03db','2021-01-15','core_needle_biopsy','R0',4,13,0,0,0.0);
INSERT INTO performance_status VALUES ('e1f49ac9-6f68-4e15-a416-7a7bfad541cc','dd6523cf-bbca-4e70-9551-f482834d03db','2021-01-15',1,84,3,40.2709);
INSERT INTO liquid_biopsy VALUES ('e048e879-e6f8-41b9-b947-064d67fed44a','dd6523cf-bbca-4e70-9551-f482834d03db','2021-01-15',0.0493,22.185,6,'[]','detected',12.5862);
INSERT INTO treatment_regimen VALUES ('2d849648-5544-410a-9e6a-b0daf1b5a8e3','dd6523cf-bbca-4e70-9551-f482834d03db',1,'Letrozole','adjuvant','2021-01-29','2021-10-30','planned_completion','PR',304);
INSERT INTO treatment_drug_dose VALUES ('18008175-b877-4b3c-980a-aa938387891d','2d849648-5544-410a-9e6a-b0daf1b5a8e3','dea8e584-d12c-47bf-a4c0-e739973380b8','2021-01-29',75.0,75.0,0.0,'oral',1,2.6572);
INSERT INTO adverse_event VALUES ('a510b5ab-1aaa-4f76-b2c7-41cdf89ee7be','dd6523cf-bbca-4e70-9551-f482834d03db','2d849648-5544-410a-9e6a-b0daf1b5a8e3','Neutropenia',2,'2021-03-02','2021-04-25','probable','none');
INSERT INTO adverse_event VALUES ('34dd8acc-1900-4008-8f10-f844c9bc0c2d','dd6523cf-bbca-4e70-9551-f482834d03db','2d849648-5544-410a-9e6a-b0daf1b5a8e3','Fatigue',4,'2021-03-01','2021-04-15','probable','dose_reduction');
INSERT INTO adverse_event VALUES ('3f2426fe-4b33-4800-b2f3-deeaeae0a38d','dd6523cf-bbca-4e70-9551-f482834d03db','2d849648-5544-410a-9e6a-b0daf1b5a8e3','Peripheral sensory neuropathy',1,'2021-02-15','2021-03-02','probable','none');
INSERT INTO radiation_plan VALUES ('ba6fb04f-3e49-4532-95e8-7d077a79db1d','dd6523cf-bbca-4e70-9551-f482834d03db','photon_EBRT','CTV',51.4673,2.0,25,5,'IMRT',NULL,'{"heart": {"V20Gy_pct": "<25"}, "lung": {"mean_Gy": "<18"}}');
INSERT INTO carcinogen_exposure VALUES ('79a4a6ef-3003-4e8e-bdcb-812d0b993f34','dd6523cf-bbca-4e70-9551-f482834d03db','never',0.0,8.0722,32.0919,36.6937,'[]',0.0,0);
INSERT INTO diet_nutrition VALUES ('28822b9e-1df2-43af-830f-08be34b1be59','dd6523cf-bbca-4e70-9551-f482834d03db','2021-01-15','FFQ',1436.5821,53.2016,219.5112,87.4959,13.8693,113.7685,7.6224,5.0488,'Mediterranean');
INSERT INTO physical_activity VALUES ('9566e458-2cf7-412c-bf7c-ace94e4d298b','dd6523cf-bbca-4e70-9551-f482834d03db','2021-01-15',880.8079,193.1176,50.8446,7.8945,19.0438,6422,30.9479);
INSERT INTO stress_psychology VALUES ('d5ec9f80-d3b0-4c4c-b989-03549584328a','dd6523cf-bbca-4e70-9551-f482834d03db','2021-01-15',19,15,5,42.1861,296.36,5.8926,6);
INSERT INTO environmental_exposure VALUES ('88e9b504-b7fa-4536-b3b4-629acc34a860','dd6523cf-bbca-4e70-9551-f482834d03db','2021-01-15',17.4068,25.9122,22.9339,'negative',NULL,'negative','negative',7.1233,'naive');
INSERT INTO socioeconomic_context VALUES ('5ea98b0f-cae5-41df-afe0-087e3f74b30b','dd6523cf-bbca-4e70-9551-f482834d03db','2021-01-15',50.8065,'private',0.5663,0.6392,49.7775,'employed_part_time',33.6492,19);
INSERT INTO circadian_profile VALUES ('374644da-b1a3-40cc-987e-c319382fda94','dd6523cf-bbca-4e70-9551-f482834d03db','2021-01-15','evening',83.1571,21.1975,'22:11',743.7346,0,10);

-- Patient 81: HR+/HER2- early
INSERT INTO patient VALUES ('d962039c-9269-4149-b2b1-2f7f87b0f175','MRN-7883376','1966-09-25','female','White','{"EUR": 0.55, "AFR": 0.19}','2022-10-14','2022-10-14');
INSERT INTO genomic_sample VALUES ('43eb00eb-8e62-4a83-8815-73a3bd4f2e4a','d962039c-9269-4149-b2b1-2f7f87b0f175','tumor','C50.4','2022-10-19','Guardant360',0.6,0,'FFPE');
INSERT INTO somatic_mutation VALUES ('9bc94850-226f-45dd-bc8f-b3bee93b04b9','43eb00eb-8e62-4a83-8815-73a3bd4f2e4a','MYC','chr8',127735434,'A','G','SNV','missense_variant','p.Thr58Ala',0.1694,123,'oncogenic','COSV52759832','3A','SBS5');
INSERT INTO somatic_mutation VALUES ('a731cdcb-220c-429a-9dd3-ca342bfc2aa3','43eb00eb-8e62-4a83-8815-73a3bd4f2e4a','ERBB2','chr17',39725084,'A','G','SNV','missense_variant','p.Leu755Ser',0.2539,322,'oncogenic','COSV52735019','1','SBS5');
INSERT INTO somatic_mutation VALUES ('bccd3618-2163-47bf-8e9e-cf78dc769f2b','43eb00eb-8e62-4a83-8815-73a3bd4f2e4a','BRCA1','chr17',43094464,'T','A','SNV','missense_variant','p.Cys1697Ser',0.3756,81,'pathogenic','COSV52701256','1','SBS3');
INSERT INTO copy_number_variant VALUES ('7fa0aa97-d751-447a-ab61-76ec40a3b3df','43eb00eb-8e62-4a83-8815-73a3bd4f2e4a','MYC','chr8',127700000,127800000,1.2,0.4,'neutral',0);
INSERT INTO copy_number_variant VALUES ('e573cea6-3968-46e0-a96c-075b1d21849f','43eb00eb-8e62-4a83-8815-73a3bd4f2e4a','CDKN2A','chr9',21967000,21995000,0.6,-1.51,'shallow_deletion',0);
INSERT INTO gene_expression VALUES ('f6a56daa-b3c7-4561-9531-f4211d62564a','43eb00eb-8e62-4a83-8815-73a3bd4f2e4a','ENSG00000091831','ESR1',834.24,83.42,2086,7.94,99.0);
INSERT INTO gene_expression VALUES ('45708dea-8e45-4ade-b1e2-3595ef6c145d','43eb00eb-8e62-4a83-8815-73a3bd4f2e4a','ENSG00000141736','ERBB2',64.23,6.42,161,-0.62,40.7);
INSERT INTO gene_expression VALUES ('ce99c8c2-3065-494c-9747-b917ca9aae86','43eb00eb-8e62-4a83-8815-73a3bd4f2e4a','ENSG00000148773','MKI67',71.32,7.13,178,-0.54,41.9);
INSERT INTO gene_expression VALUES ('96d7e259-55f1-40a1-9c09-6c39e274169d','43eb00eb-8e62-4a83-8815-73a3bd4f2e4a','ENSG00000141510','TP53',21.8,1.46,484,-1.09,33.6);
INSERT INTO gene_expression VALUES ('aa058c54-3bcb-4171-9fb1-a5b3febb2e4f','43eb00eb-8e62-4a83-8815-73a3bd4f2e4a','ENSG00000012048','BRCA1',52.6,3.22,197,-0.75,38.8);
INSERT INTO gene_expression VALUES ('f1efd7fb-d06b-49d6-9724-aca602b08d3d','43eb00eb-8e62-4a83-8815-73a3bd4f2e4a','ENSG00000139618','BRCA2',34.05,5.28,123,-0.96,35.6);
INSERT INTO gene_expression VALUES ('41084237-4e41-4e5a-8541-ac8c3e54a567','43eb00eb-8e62-4a83-8815-73a3bd4f2e4a','ENSG00000171862','PTEN',26.45,11.78,258,-1.04,34.4);
INSERT INTO gene_expression VALUES ('b5087a05-65b7-4bee-8691-3c3d91617b24','43eb00eb-8e62-4a83-8815-73a3bd4f2e4a','ENSG00000136997','MYC',20.04,5.63,494,-1.11,33.3);
INSERT INTO protein_expression VALUES ('960ff1bb-042e-4c21-9b55-2300d7406b09','43eb00eb-8e62-4a83-8815-73a3bd4f2e4a','ESR1','P03372','IHC',0.98,248.0,6,'NULL');
INSERT INTO protein_expression VALUES ('8462f7dd-97f6-40da-9050-cb4332d03f65','43eb00eb-8e62-4a83-8815-73a3bd4f2e4a','PGR','P06401','IHC',0.37,187.0,5,'NULL');
INSERT INTO protein_expression VALUES ('657a5649-4c6b-424d-827e-3da0d3ddcad2','43eb00eb-8e62-4a83-8815-73a3bd4f2e4a','ERBB2','P04626','IHC',-1.5,0.0,0,'pY1248');
INSERT INTO protein_expression VALUES ('b7900624-cc17-49fd-837a-b23c10b1e9b3','43eb00eb-8e62-4a83-8815-73a3bd4f2e4a','MKI67','P46013','IHC',-0.98,48.0,0,'NULL');
INSERT INTO epigenetic_mark VALUES ('98024f95-b522-4155-af7c-2c2df04dd924','43eb00eb-8e62-4a83-8815-73a3bd4f2e4a','DNA_methylation','cg15629539',0.082,'-3.485','ESR1','CpG_island',NULL);
INSERT INTO epigenetic_mark VALUES ('767dc4ab-1324-4f8c-912a-525e18938aa2','43eb00eb-8e62-4a83-8815-73a3bd4f2e4a','DNA_methylation','cg27053763',0.195,'-2.046','BRCA1','promoter',NULL);
INSERT INTO epigenetic_mark VALUES ('f3503967-9d16-41d1-8e45-6b45e8d17283','43eb00eb-8e62-4a83-8815-73a3bd4f2e4a','H3K27ac','chr17:37800000-37850000',0.292,NULL,'ERBB2','enhancer','1.92');
INSERT INTO ncrna_profile VALUES ('328f3d3d-b30b-493e-bc69-f66f5e3e1480','43eb00eb-8e62-4a83-8815-73a3bd4f2e4a','miRNA','hsa-miR-21-5p','miR-21-5p',3.0,'["PTEN", "PDCD4"]');
INSERT INTO ncrna_profile VALUES ('e9ac533e-6a93-44f8-b984-e1185e615031','43eb00eb-8e62-4a83-8815-73a3bd4f2e4a','miRNA','hsa-miR-155-5p','miR-155-5p',2.45,'["SHIP1", "SOCS1"]');
INSERT INTO ncrna_profile VALUES ('727acdca-b7da-4760-b94e-4e69b8671da4','43eb00eb-8e62-4a83-8815-73a3bd4f2e4a','lncRNA','ENSG00000228630','HOTAIR',3.54,'["SHIP1", "SOCS1"]');
INSERT INTO ncrna_profile VALUES ('b5040565-128d-48b0-bc74-beb5f06e13d4','43eb00eb-8e62-4a83-8815-73a3bd4f2e4a','lncRNA','ENSG00000251562','MALAT1',45.76,'["SHIP1", "SOCS1"]');
INSERT INTO metabolomics_profile VALUES ('f97bc47f-f736-445e-9abc-361a69b63658','43eb00eb-8e62-4a83-8815-73a3bd4f2e4a','Lactate','HMDB0000190','C00186',1.4,'LC-MS','organic_acid',-0.4);
INSERT INTO metabolomics_profile VALUES ('6ebf912c-c1d4-48ba-8ad0-5294f3c567e1','43eb00eb-8e62-4a83-8815-73a3bd4f2e4a','Glutamine','HMDB0000641','C00064',0.6,'LC-MS','amino_acid',-0.93);
INSERT INTO metabolomics_profile VALUES ('c7ff1a6b-e0f2-4004-8935-40bffa7ebcc2','43eb00eb-8e62-4a83-8815-73a3bd4f2e4a','Glucose','HMDB0000122','C00031',5.36,'LC-MS','carbohydrate',2.24);
INSERT INTO metabolomics_profile VALUES ('11578e38-69f1-402b-a036-a4a6879364bd','43eb00eb-8e62-4a83-8815-73a3bd4f2e4a','Phosphocholine','HMDB0001565','C00588',0.23,'LC-MS','lipid',-1.18);
INSERT INTO tumor_clone VALUES ('0e66ef0e-21b1-46b8-96bf-c71572f83098','43eb00eb-8e62-4a83-8815-73a3bd4f2e4a','clone_A',0.58,'[]',1,1,0.067);
INSERT INTO tumor_clone VALUES ('703dfe54-6297-410f-8193-0eb98ff81278','43eb00eb-8e62-4a83-8815-73a3bd4f2e4a','clone_B',0.42,'[]',0,2,0.0478);
INSERT INTO cell_cycle_state VALUES ('67cbb2e3-e6a5-491f-83f6-6756a0fc3fc0','43eb00eb-8e62-4a83-8815-73a3bd4f2e4a',0.761,0.064,0.036,0.139,17.2141,480.0,3.3);
INSERT INTO apoptosis_marker VALUES ('d9547a6a-5f5e-4ac7-84d3-0880261a64c1','43eb00eb-8e62-4a83-8815-73a3bd4f2e4a',233.0,55.5458,108.0,2.16,0.1225,8.0963,0.7063);
INSERT INTO dna_repair_status VALUES ('02359973-8cc7-4d4b-91e4-76391fa5d80b','43eb00eb-8e62-4a83-8815-73a3bd4f2e4a','mutated_somatic','mutated_somatic','proficient_MMR',0.04,8.7,22.6,0,'wildtype');
INSERT INTO metabolic_phenotype VALUES ('7c1c828f-aa43-4140-9846-15e077b66693','43eb00eb-8e62-4a83-8815-73a3bd4f2e4a',0.282,114.574,0.3321,0.1451,0.1768,1.1833,0.534);
INSERT INTO stemness_profile VALUES ('c23a9f4d-82d8-44d9-beed-baf9ee30539a','43eb00eb-8e62-4a83-8815-73a3bd4f2e4a',117.1065,15.7377,4.5914,0.1665,0.426,0.569,0.3034,0.1424);
INSERT INTO drug_resistance_feature VALUES ('d92b9843-5469-4db0-a92f-7acd37dba601','43eb00eb-8e62-4a83-8815-73a3bd4f2e4a',0.74,0.7142,0.7229,0.5132,'[]',0.4807);
INSERT INTO immune_infiltration VALUES ('3160284a-ea89-460e-a130-d1d83317245f','43eb00eb-8e62-4a83-8815-73a3bd4f2e4a',3.4,10.6518,7.3304,4.22,7.3127,8.8512,20.8106,6.3909,9.3752,'CIBERSORT');
INSERT INTO checkpoint_expression VALUES ('f448cc93-78e0-4cf9-8ffa-8c89038c8f38','43eb00eb-8e62-4a83-8815-73a3bd4f2e4a',7.0,12.6,5.248,14.7437,10.44,9.5509,8.8871,23.537);
INSERT INTO cytokine_milieu VALUES ('56f1fafa-9944-49e8-b982-c0b4fb8d0e6c','43eb00eb-8e62-4a83-8815-73a3bd4f2e4a',36.6733,8.6448,7.2827,36.2422,13.5338,18.6,41.9422,74.028);
INSERT INTO stromal_composition VALUES ('dde12b24-89d3-405f-b6e7-441374dd4796','43eb00eb-8e62-4a83-8815-73a3bd4f2e4a',0.2531,0.0453,0.1544,0.3838,3.147,25.6728);
INSERT INTO ecm_profile VALUES ('c4e2728c-8cb5-46ff-9fb9-681a787ae2ed','43eb00eb-8e62-4a83-8815-73a3bd4f2e4a',17.197,12.2031,12.9928,0.4228,0.2771,0.4652,0.5583);
INSERT INTO hypoxia_vasculature VALUES ('df7176ce-ca03-440f-8354-d96587dbd899','43eb00eb-8e62-4a83-8815-73a3bd4f2e4a',2.08,0.6058,8.0,0.4012,81.6203,152.3482,118.893,4.5,6.85);
INSERT INTO organ_function VALUES ('6d2cc1a9-9091-484e-8193-edd45bb2dfce','d962039c-9269-4149-b2b1-2f7f87b0f175','2022-10-14',82.3,1.3876,12.3252,16.7518,13.465,44.0267,59.2,399.2173,1.0555);
INSERT INTO immune_baseline VALUES ('ab227138-bf4b-4c37-87fc-2fb0fb1a942f','d962039c-9269-4149-b2b1-2f7f87b0f175','2022-10-14',8.93,2.13,2.82,1.3239,511.1931,313.3257,409.9928,9.3683);
INSERT INTO hormonal_profile VALUES ('55d01ab5-7e3a-4c07-8366-d75cb95d25b5','d962039c-9269-4149-b2b1-2f7f87b0f175','2022-10-14',2.0,0.39,500.0,69.4023,22.249,3.1342,10.7888);
INSERT INTO pharmacogenomics VALUES ('0e6496f2-b0aa-4bbe-a723-a170e23707b0','d962039c-9269-4149-b2b1-2f7f87b0f175','NM','NM','IM','*1/*28','normal',0,'NM');
INSERT INTO body_composition VALUES ('f9573e10-adba-4130-8eca-4d68fb8c71d3','d962039c-9269-4149-b2b1-2f7f87b0f175','2022-10-14',31.4,44.4,22.4976,102.8683,43.0893,1.7946);
INSERT INTO microbiome_profile VALUES ('518eea0b-b3eb-437c-8b6c-50910343fe62','d962039c-9269-4149-b2b1-2f7f87b0f175','2022-10-14','gut','16S_rRNA_V4',3.2771,2.7855,0.0,'[{"genus": "Bacteroides", "rel": 0.154}, {"genus": "Faecalibacterium", "rel": 0.186}, {"genus": "Akkermansia", "rel": 0.0}]',0);
INSERT INTO tumor_staging VALUES ('56e23695-d4f5-4f7c-8be2-c3c3edbb1be0','d962039c-9269-4149-b2b1-2f7f87b0f175','2022-10-14','8500/3','C50.4','Invasive ductal carcinoma','T2','N1','M0','IIA',2,'right');
INSERT INTO imaging_measurement VALUES ('81c4582f-43c7-43c6-b904-43e4d4b95f83','d962039c-9269-4149-b2b1-2f7f87b0f175','2022-09-16','MRI','L1','primary_left_breast',17.0,2572.4408,4.1981,'SD','{"entropy": 7.97, "sphericity": 0.52}');
INSERT INTO pathology_report VALUES ('f4889807-54cb-46e3-a609-c8226bb0352e','d962039c-9269-4149-b2b1-2f7f87b0f175','2022-10-14','core_needle_biopsy','R0',1,11,0,0,0.0);
INSERT INTO performance_status VALUES ('a6d1084f-1606-447b-829a-f3fe132043f6','d962039c-9269-4149-b2b1-2f7f87b0f175','2022-10-14',1,89,0,28.7025);
INSERT INTO liquid_biopsy VALUES ('41fb9793-41af-407e-89ea-91b22480517c','d962039c-9269-4149-b2b1-2f7f87b0f175','2022-10-14',0.0597,26.865,4,'[]','detected',12.8079);
INSERT INTO treatment_regimen VALUES ('3616becb-42f1-48df-9c9a-cc59701134c6','d962039c-9269-4149-b2b1-2f7f87b0f175',1,'Letrozole','adjuvant','2022-11-03','2024-02-14','planned_completion','PR',328);
INSERT INTO treatment_drug_dose VALUES ('6714d7c4-1e9a-4607-9063-c8d5e50a777e','3616becb-42f1-48df-9c9a-cc59701134c6','dea8e584-d12c-47bf-a4c0-e739973380b8','2022-11-03',72.0,70.0,2.8,'oral',1,1.0474);
INSERT INTO adverse_event VALUES ('68d8caf6-9d63-4b16-a2f4-183b3ab1028b','d962039c-9269-4149-b2b1-2f7f87b0f175','3616becb-42f1-48df-9c9a-cc59701134c6','Alopecia',2,'2022-12-15','2023-01-26','probable','none');
INSERT INTO adverse_event VALUES ('32b9ae9f-8162-4734-a89c-ca93527027ca','d962039c-9269-4149-b2b1-2f7f87b0f175','3616becb-42f1-48df-9c9a-cc59701134c6','Hand-foot syndrome',1,'2022-11-16','2023-01-13','probable','none');
INSERT INTO radiation_plan VALUES ('cd5b8d98-8558-4183-9feb-2890b0d3cf1c','d962039c-9269-4149-b2b1-2f7f87b0f175','photon_EBRT','CTV',49.4695,2.0,25,5,'IMRT',NULL,'{"heart": {"V20Gy_pct": "<25"}, "lung": {"mean_Gy": "<18"}}');
INSERT INTO carcinogen_exposure VALUES ('e72413ca-8114-43a5-a46b-d009c7f42a30','d962039c-9269-4149-b2b1-2f7f87b0f175','former',13.9264,17.572,35.7732,75.5036,'[]',0.0,0);
INSERT INTO diet_nutrition VALUES ('4931d505-4fdd-424d-9bfe-df7928c86ade','d962039c-9269-4149-b2b1-2f7f87b0f175','2022-10-14','FFQ',1364.2596,69.552,217.2288,77.8935,34.8689,42.5946,5.7243,13.4442,'Western');
INSERT INTO physical_activity VALUES ('e52cd568-ad07-4f3d-aea9-05d501ad3974','d962039c-9269-4149-b2b1-2f7f87b0f175','2022-10-14',517.8639,92.3117,303.3996,8.8604,27.3845,1654,25.4872);
INSERT INTO stress_psychology VALUES ('fbe9eb08-5457-4b28-b022-fccda7816f49','d962039c-9269-4149-b2b1-2f7f87b0f175','2022-10-14',18,0,8,39.0077,310.0,6.8041,7);
INSERT INTO environmental_exposure VALUES ('1bdd9cb7-2d33-4c1f-83ed-af64ad913c4b','d962039c-9269-4149-b2b1-2f7f87b0f175','2022-10-14',11.7123,3.1202,21.8554,'negative',NULL,'negative','negative',6.0723,'naive');
INSERT INTO socioeconomic_context VALUES ('87c05502-cd4b-4c61-9535-2a0ddb5fe01a','d962039c-9269-4149-b2b1-2f7f87b0f175','2022-10-14',25.3131,'public_Medicare',0.6329,0.8244,22.5018,'employed_part_time',37.5116,15);
INSERT INTO circadian_profile VALUES ('3b7e92e5-4e6f-4d39-b479-a058d5730928','d962039c-9269-4149-b2b1-2f7f87b0f175','2022-10-14','evening',78.389,22.2182,'22:00',548.5298,0,7);

-- Patient 82: HR+/HER2- early
INSERT INTO patient VALUES ('3a940654-ae15-4940-8702-f93a15c0fd4f','MRN-2648062','1962-03-30','female','Black or African American','{"EUR": 0.75, "AFR": 0.27}','2018-10-29','2018-10-29');
INSERT INTO genomic_sample VALUES ('4a27710a-f63d-414e-9859-327655ec201a','3a940654-ae15-4940-8702-f93a15c0fd4f','tumor','C50.4','2018-10-30','Foundation One CDx',0.69,0,'FFPE');
INSERT INTO somatic_mutation VALUES ('ab822618-d24e-4e90-8f92-761b515b0d6b','4a27710a-f63d-414e-9859-327655ec201a','PTEN','chr10',89692905,'G','A','SNV','missense_variant','p.Arg130Gly',0.3351,202,'oncogenic','COSV52731827','1','SBS5');
INSERT INTO somatic_mutation VALUES ('01bb8d04-01f0-4fee-9037-6619ecd26117','4a27710a-f63d-414e-9859-327655ec201a','BRCA1','chr17',43094464,'T','A','SNV','missense_variant','p.Cys1697Ser',0.4601,302,'pathogenic','COSV52701256','1','SBS3');
INSERT INTO somatic_mutation VALUES ('58e29bb6-5d97-4cba-8e7a-ee3353bda82d','4a27710a-f63d-414e-9859-327655ec201a','PIK3CA','chr3',179234297,'C','T','SNV','missense_variant','p.His1047Arg',0.2776,146,'oncogenic','COSV52748762','1','SBS1');
INSERT INTO somatic_mutation VALUES ('f3c62836-b1ec-4c06-9b21-c2345cb2a41d','4a27710a-f63d-414e-9859-327655ec201a','ERBB2','chr17',39725084,'A','G','SNV','missense_variant','p.Leu755Ser',0.2292,351,'oncogenic','COSV52735019','1','SBS5');
INSERT INTO somatic_mutation VALUES ('552fdabb-7ce5-4f60-9302-351bcbcd16c0','4a27710a-f63d-414e-9859-327655ec201a','ESR1','chr6',152098794,'T','C','SNV','missense_variant','p.Tyr537Cys',0.1995,299,'oncogenic','COSV52744551','1','SBS1');
INSERT INTO somatic_mutation VALUES ('8fa70a66-96a5-4037-a516-bc5d99c5d553','4a27710a-f63d-414e-9859-327655ec201a','GATA3','chr10',8115610,'CT','C','indel','frameshift_variant','p.Thr443fs',0.2933,216,'oncogenic','COSV52704812','1','SBS5');
INSERT INTO copy_number_variant VALUES ('3e76d22f-98e9-46a7-92c4-9e87e0daac64','4a27710a-f63d-414e-9859-327655ec201a','MYC','chr8',127700000,127800000,1.0,0.92,'amplification',0);
INSERT INTO copy_number_variant VALUES ('57f49f1d-8cd9-4157-8a53-b945731d8e87','4a27710a-f63d-414e-9859-327655ec201a','CDKN2A','chr9',21967000,21995000,0.5,-1.73,'shallow_deletion',0);
INSERT INTO gene_expression VALUES ('03493679-32e1-44c1-96b3-bb25e906295a','4a27710a-f63d-414e-9859-327655ec201a','ENSG00000091831','ESR1',1034.41,103.44,2586,10.16,99.0);
INSERT INTO gene_expression VALUES ('602f4f74-1225-4e15-b207-c18dd10e582c','4a27710a-f63d-414e-9859-327655ec201a','ENSG00000141736','ERBB2',226.85,22.68,567,1.19,67.8);
INSERT INTO gene_expression VALUES ('7e708489-4600-411d-aa3a-3cead0b4eeae','4a27710a-f63d-414e-9859-327655ec201a','ENSG00000148773','MKI67',80.58,8.06,201,-0.44,43.4);
INSERT INTO gene_expression VALUES ('1b9394ce-9a05-4be3-89d8-533338d4a353','4a27710a-f63d-414e-9859-327655ec201a','ENSG00000141510','TP53',58.75,4.8,184,-0.68,39.8);
INSERT INTO gene_expression VALUES ('d2924042-2d56-415a-b095-81e355626339','4a27710a-f63d-414e-9859-327655ec201a','ENSG00000012048','BRCA1',45.26,2.93,275,-0.83,37.5);
INSERT INTO gene_expression VALUES ('bbbe8565-9672-4845-9978-88c2bdee42a0','4a27710a-f63d-414e-9859-327655ec201a','ENSG00000139618','BRCA2',79.43,5.36,396,-0.45,43.2);
INSERT INTO gene_expression VALUES ('9ba4ce69-6134-4259-a387-0db73e686570','4a27710a-f63d-414e-9859-327655ec201a','ENSG00000171862','PTEN',18.89,3.54,174,-1.12,33.2);
INSERT INTO gene_expression VALUES ('391bfd45-8551-41a3-a931-24bb17b26d8f','4a27710a-f63d-414e-9859-327655ec201a','ENSG00000136997','MYC',60.5,0.54,481,-0.66,40.1);
INSERT INTO protein_expression VALUES ('56fc5b52-d464-4a16-9faf-3cf3e450b7ec','4a27710a-f63d-414e-9859-327655ec201a','ESR1','P03372','IHC',0.65,215.0,5,'NULL');
INSERT INTO protein_expression VALUES ('17c36c25-191e-4d61-b4dd-ab7cc3ea24c4','4a27710a-f63d-414e-9859-327655ec201a','PGR','P06401','IHC',0.84,234.0,6,'NULL');
INSERT INTO protein_expression VALUES ('df2b412d-3b23-4f53-b309-5c321f25abff','4a27710a-f63d-414e-9859-327655ec201a','ERBB2','P04626','IHC',-1.19,31.0,1,'pY1248');
INSERT INTO protein_expression VALUES ('9b9e0ff6-3864-443d-9687-fae52e574e7f','4a27710a-f63d-414e-9859-327655ec201a','MKI67','P46013','IHC',-1.2,28.0,0,'NULL');
INSERT INTO epigenetic_mark VALUES ('52eabcc5-906c-4b49-86d4-4ca96132c3c3','4a27710a-f63d-414e-9859-327655ec201a','DNA_methylation','cg15629539',0.066,'-3.823','ESR1','CpG_island',NULL);
INSERT INTO epigenetic_mark VALUES ('c4a55cf9-48c4-4e22-a80e-8ed6251aaa76','4a27710a-f63d-414e-9859-327655ec201a','DNA_methylation','cg27053763',0.145,'-2.56','BRCA1','promoter',NULL);
INSERT INTO epigenetic_mark VALUES ('192e0f34-b513-43f1-937e-10dba02e17a0','4a27710a-f63d-414e-9859-327655ec201a','H3K27ac','chr17:37800000-37850000',0.148,NULL,'ERBB2','enhancer','1.682');
INSERT INTO ncrna_profile VALUES ('dfb51bb5-99e8-4eca-921c-23e8b5f8a5a7','4a27710a-f63d-414e-9859-327655ec201a','miRNA','hsa-miR-21-5p','miR-21-5p',6.26,'["PTEN", "PDCD4"]');
INSERT INTO ncrna_profile VALUES ('0aac9083-46da-4bf1-92c4-7fb4f7724f6c','4a27710a-f63d-414e-9859-327655ec201a','miRNA','hsa-miR-155-5p','miR-155-5p',2.93,'["SHIP1", "SOCS1"]');
INSERT INTO ncrna_profile VALUES ('d3a06922-0c9a-4fe7-9bfe-57d7e80db311','4a27710a-f63d-414e-9859-327655ec201a','lncRNA','ENSG00000228630','HOTAIR',4.01,'["SHIP1", "SOCS1"]');
INSERT INTO ncrna_profile VALUES ('32813e1b-b3ae-4e05-80aa-4ebc1ec342e0','4a27710a-f63d-414e-9859-327655ec201a','lncRNA','ENSG00000251562','MALAT1',38.13,'["SHIP1", "SOCS1"]');
INSERT INTO metabolomics_profile VALUES ('62d0981f-0bea-4ace-b45f-82c7f942612c','4a27710a-f63d-414e-9859-327655ec201a','Lactate','HMDB0000190','C00186',1.87,'LC-MS','organic_acid',-0.09);
INSERT INTO metabolomics_profile VALUES ('61797016-ad47-4e34-b7c9-5188382301fa','4a27710a-f63d-414e-9859-327655ec201a','Glutamine','HMDB0000641','C00064',0.52,'LC-MS','amino_acid',-0.99);
INSERT INTO metabolomics_profile VALUES ('e10abd36-105c-47fe-8ed4-fade352358ea','4a27710a-f63d-414e-9859-327655ec201a','Glucose','HMDB0000122','C00031',4.09,'LC-MS','carbohydrate',1.39);
INSERT INTO metabolomics_profile VALUES ('d4a209f9-28db-41de-a57d-4b8c1f553888','4a27710a-f63d-414e-9859-327655ec201a','Phosphocholine','HMDB0001565','C00588',0.07,'LC-MS','lipid',-1.29);
INSERT INTO tumor_clone VALUES ('14095863-9c6f-4f09-92cb-8a52d0c4c588','4a27710a-f63d-414e-9859-327655ec201a','clone_A',0.8,'[]',1,1,0.1634);
INSERT INTO tumor_clone VALUES ('e1df7bfe-53ff-4157-ba1d-c077bfaac295','4a27710a-f63d-414e-9859-327655ec201a','clone_B',0.2,'[]',0,2,0.0289);
INSERT INTO cell_cycle_state VALUES ('63ab83cd-ce69-4352-bea7-1731edfcf767','4a27710a-f63d-414e-9859-327655ec201a',0.919,0.041,0.02,0.02,9.9995,480.0,2.1);
INSERT INTO apoptosis_marker VALUES ('fd91bc64-32a8-4469-8d99-3a2ba4ce3585','4a27710a-f63d-414e-9859-327655ec201a',134.0,137.4342,78.0,1.72,0.2494,2.3372,1.0708);
INSERT INTO dna_repair_status VALUES ('b318c9ff-a569-4b89-b731-d5568b446780','4a27710a-f63d-414e-9859-327655ec201a','mutated_somatic','mutated_somatic','proficient_MMR',0.04,1.2,18.2,0,'wildtype');
INSERT INTO metabolic_phenotype VALUES ('7b384b74-2587-4da5-8b71-c5b0c3f98739','4a27710a-f63d-414e-9859-327655ec201a',0.472,72.5526,0.1376,0.6746,0.2535,1.2764,0.6464);
INSERT INTO stemness_profile VALUES ('9c84ecd5-c8b7-4f04-bf7b-9529cb1bfa66','4a27710a-f63d-414e-9859-327655ec201a',89.0644,32.6091,13.0069,0.1074,0.419,0.169,0.4002,0.2263);
INSERT INTO drug_resistance_feature VALUES ('14a057ec-00ac-498e-adc5-495f074d4c6c','4a27710a-f63d-414e-9859-327655ec201a',0.64,0.5559,0.5528,0.6279,'[]',0.3711);
INSERT INTO immune_infiltration VALUES ('b229ce35-25d9-4eb7-924f-24469ece3f44','4a27710a-f63d-414e-9859-327655ec201a',13.4,9.6373,9.9036,6.3699,8.3851,8.8975,12.7294,4.4314,11.3534,'CIBERSORT');
INSERT INTO checkpoint_expression VALUES ('aaa4eb4d-3435-4d88-8a2d-51a1977949c3','4a27710a-f63d-414e-9859-327655ec201a',19.1,34.38,6.732,18.2947,13.1971,8.5135,1.7137,11.8847);
INSERT INTO cytokine_milieu VALUES ('b38f1219-299b-4740-8e5a-76d8e70d3f04','4a27710a-f63d-414e-9859-327655ec201a',36.4472,11.3286,8.9145,11.7213,16.7015,9.4,21.1999,107.9533);
INSERT INTO stromal_composition VALUES ('093c2371-f1dd-46d8-b4f2-f004448d43af','4a27710a-f63d-414e-9859-327655ec201a',0.2601,0.0995,0.0911,0.3245,2.9508,26.8812);
INSERT INTO ecm_profile VALUES ('b734e032-fe50-4922-8288-04791e670e93','4a27710a-f63d-414e-9859-327655ec201a',9.7791,9.6578,21.8375,0.346,0.3351,0.407,0.6688);
INSERT INTO hypoxia_vasculature VALUES ('76e143fe-b56f-4b31-a3df-208274cc6b32','4a27710a-f63d-414e-9859-327655ec201a',0.47,0.4682,7.4,0.1189,93.0606,172.2473,58.0722,3.5,7.22);
INSERT INTO organ_function VALUES ('ae9f6e22-9af3-4912-bbfb-c6d326e4ec73','3a940654-ae15-4940-8702-f93a15c0fd4f','2018-10-29',90.6,1.4872,13.622,18.529,11.864,34.622,59.1,405.334,0.9466);
INSERT INTO immune_baseline VALUES ('5d8254a1-2ab5-452c-a68b-a71a96a6aa0d','3a940654-ae15-4940-8702-f93a15c0fd4f','2018-10-29',5.59,2.05,4.83,2.3561,611.3527,484.4072,194.0557,7.6939);
INSERT INTO hormonal_profile VALUES ('3060b932-10a8-4c66-8e33-426f7e0bc9a6','3a940654-ae15-4940-8702-f93a15c0fd4f','2018-10-29',9.4,0.41,391.0,84.7328,16.6447,0.7509,7.539);
INSERT INTO pharmacogenomics VALUES ('6f7379b7-ceee-4e00-9a1f-117b8eb306af','3a940654-ae15-4940-8702-f93a15c0fd4f','IM','NM','NM','*28/*28','low',0,'NM');
INSERT INTO body_composition VALUES ('b77f7897-464b-4101-9678-cc5fe230294c','3a940654-ae15-4940-8702-f93a15c0fd4f','2018-10-29',27.1,35.5,30.4837,133.7384,31.7329,1.6463);
INSERT INTO microbiome_profile VALUES ('58c6a053-5b41-4415-82c1-c541e7a08f5b','3a940654-ae15-4940-8702-f93a15c0fd4f','2018-10-29','gut','16S_rRNA_V4',3.3641,1.875,0.0502,'[{"genus": "Bacteroides", "rel": 0.248}, {"genus": "Faecalibacterium", "rel": 0.083}, {"genus": "Akkermansia", "rel": 0.0502}]',0);
INSERT INTO tumor_staging VALUES ('4c9e4847-708b-4e57-9dae-bc74a5d553a0','3a940654-ae15-4940-8702-f93a15c0fd4f','2018-10-29','8500/3','C50.4','Invasive ductal carcinoma','T2','N1','M0','IIA',2,'right');
INSERT INTO imaging_measurement VALUES ('fde372cf-0eee-4af6-9f29-e03607d79f9b','3a940654-ae15-4940-8702-f93a15c0fd4f','2018-10-12','MRI','L1','primary_left_breast',22.7,6124.5783,2.6988,'SD','{"entropy": 5.16, "sphericity": 0.52}');
INSERT INTO pathology_report VALUES ('754c2616-dca7-4201-9742-df5368ee5280','3a940654-ae15-4940-8702-f93a15c0fd4f','2018-10-29','core_needle_biopsy','R0',6,10,0,1,0.0);
INSERT INTO performance_status VALUES ('22f4fd67-4928-47b9-b1da-f4f5ba06eaf4','3a940654-ae15-4940-8702-f93a15c0fd4f','2018-10-29',2,82,4,44.6496);
INSERT INTO liquid_biopsy VALUES ('9e0d6b66-3df6-49ab-8a0e-f8f070728321','3a940654-ae15-4940-8702-f93a15c0fd4f','2018-10-29',0.1262,56.79,4,'[]','detected',8.6287);
INSERT INTO treatment_regimen VALUES ('6bdb8e1e-10be-4302-a05c-5b6e539f8e1e','3a940654-ae15-4940-8702-f93a15c0fd4f',1,'Letrozole','adjuvant','2018-11-17','2019-10-27','planned_completion','PR',664);
INSERT INTO treatment_drug_dose VALUES ('93b0d7b4-19bd-4a44-ad47-fafbd2164b9a','6bdb8e1e-10be-4302-a05c-5b6e539f8e1e','dea8e584-d12c-47bf-a4c0-e739973380b8','2018-11-17',87.0,79.0,9.2,'oral',1,1.4096);
INSERT INTO adverse_event VALUES ('b2df000e-03b2-4ea4-ba86-77ae1c81eb6d','3a940654-ae15-4940-8702-f93a15c0fd4f','6bdb8e1e-10be-4302-a05c-5b6e539f8e1e','Alopecia',1,'2018-12-11','2018-12-29','probable','none');
INSERT INTO adverse_event VALUES ('891a4075-5f4e-45f6-be69-b13ae52adfe8','3a940654-ae15-4940-8702-f93a15c0fd4f','6bdb8e1e-10be-4302-a05c-5b6e539f8e1e','Diarrhoea',2,'2018-11-26','2018-12-19','probable','none');
INSERT INTO adverse_event VALUES ('99927157-6a36-4250-bf1d-298d5de29098','3a940654-ae15-4940-8702-f93a15c0fd4f','6bdb8e1e-10be-4302-a05c-5b6e539f8e1e','Nausea',1,'2018-11-24','2019-01-09','probable','none');
INSERT INTO adverse_event VALUES ('b1445002-91f5-4487-b112-764bdce0a7fa','3a940654-ae15-4940-8702-f93a15c0fd4f','6bdb8e1e-10be-4302-a05c-5b6e539f8e1e','Fatigue',1,'2018-12-18','2019-02-14','probable','none');
INSERT INTO radiation_plan VALUES ('add811fe-aad7-45da-88e4-40cb4544b814','3a940654-ae15-4940-8702-f93a15c0fd4f','photon_EBRT','CTV',48.623,2.0,25,5,'IMRT',NULL,'{"heart": {"V20Gy_pct": "<25"}, "lung": {"mean_Gy": "<18"}}');
INSERT INTO carcinogen_exposure VALUES ('7833df28-28f3-4160-8dc5-4f81da34f1e4','3a940654-ae15-4940-8702-f93a15c0fd4f','never',0.0,5.7855,37.7932,40.0666,'[]',0.0,0);
INSERT INTO diet_nutrition VALUES ('ead0de47-ab94-49fb-bc0f-3a0f50be54a9','3a940654-ae15-4940-8702-f93a15c0fd4f','2018-10-29','FFQ',1452.1473,36.9149,195.0668,98.8573,22.512,44.2315,27.2094,17.9666,'plant_based');
INSERT INTO physical_activity VALUES ('98955bd7-ea4f-4924-ad71-3e95ed77f237','3a940654-ae15-4940-8702-f93a15c0fd4f','2018-10-29',793.3527,50.0803,322.7105,12.4683,33.6535,4928,34.9609);
INSERT INTO stress_psychology VALUES ('6753254f-2e50-4c14-840a-0de5437e3a92','3a940654-ae15-4940-8702-f93a15c0fd4f','2018-10-29',15,7,4,39.3219,242.42,8.517,11);
INSERT INTO environmental_exposure VALUES ('75f416b5-d7c6-46c3-b368-fe436d5dd04b','3a940654-ae15-4940-8702-f93a15c0fd4f','2018-10-29',8.1534,22.0643,48.7013,'negative',NULL,'negative','negative',12.6867,'naive');
INSERT INTO socioeconomic_context VALUES ('d886bc45-b170-4f97-91ba-544c23ce8e48','3a940654-ae15-4940-8702-f93a15c0fd4f','2018-10-29',54.17,'public_Medicaid',0.9979,0.6364,63.5392,'employed_part_time',25.0289,13);
INSERT INTO circadian_profile VALUES ('1a6e0946-77d1-40c0-a020-b26615626db4','3a940654-ae15-4940-8702-f93a15c0fd4f','2018-10-29','morning',82.4082,25.8387,'22:46',712.1108,0,7);

-- Patient 83: HR+ metastatic
INSERT INTO patient VALUES ('83f60389-1884-46c3-a72a-f7af679d97dd','MRN-6699621','1963-01-10','female','Black or African American','{"EUR": 0.27, "AFR": 0.11}','2021-05-08','2021-05-08');
INSERT INTO genomic_sample VALUES ('d2984550-a4a2-4107-b2df-24f5b6659328','83f60389-1884-46c3-a72a-f7af679d97dd','tumor','C50.4','2021-05-16','Tempus xT',0.66,0,'FFPE');
INSERT INTO somatic_mutation VALUES ('a6b9321b-a266-4cc3-9047-7f4e423d75f9','d2984550-a4a2-4107-b2df-24f5b6659328','ERBB2','chr17',39725084,'A','G','SNV','missense_variant','p.Leu755Ser',0.3144,235,'oncogenic','COSV52735019','1','SBS5');
INSERT INTO somatic_mutation VALUES ('aed90ee3-a767-492a-b217-077b44a896bd','d2984550-a4a2-4107-b2df-24f5b6659328','ESR1','chr6',152098794,'T','C','SNV','missense_variant','p.Tyr537Cys',0.2421,149,'oncogenic','COSV52744551','1','SBS1');
INSERT INTO somatic_mutation VALUES ('79985fd6-e1ca-449d-862d-43c454d28a3c','d2984550-a4a2-4107-b2df-24f5b6659328','CCND1','chr11',69465258,'G','T','SNV','missense_variant','p.Pro241Leu',0.2227,99,'oncogenic','COSV52718943','3A','SBS1');
INSERT INTO copy_number_variant VALUES ('5c645d5b-83c7-4c46-a3a8-65759441447e','d2984550-a4a2-4107-b2df-24f5b6659328','MYC','chr8',127700000,127800000,1.6,0.07,'neutral',0);
INSERT INTO copy_number_variant VALUES ('b0bbd27f-fe14-49cb-bd21-93b09c6e04e0','d2984550-a4a2-4107-b2df-24f5b6659328','CDKN2A','chr9',21967000,21995000,0.5,-1.9,'shallow_deletion',0);
INSERT INTO gene_expression VALUES ('2236c793-f05e-481f-b1ad-987dfa6fcaf3','d2984550-a4a2-4107-b2df-24f5b6659328','ENSG00000091831','ESR1',1147.6,114.76,2869,11.42,99.0);
INSERT INTO gene_expression VALUES ('2ccafdf1-fe8b-4381-9001-c7cfdbdaa671','d2984550-a4a2-4107-b2df-24f5b6659328','ENSG00000141736','ERBB2',132.1,13.21,330,0.13,52.0);
INSERT INTO gene_expression VALUES ('26e519da-0569-4f33-9960-53ae637e59ab','d2984550-a4a2-4107-b2df-24f5b6659328','ENSG00000148773','MKI67',321.25,32.13,803,2.24,83.6);
INSERT INTO gene_expression VALUES ('d45047b3-a2d8-4e2a-809a-fd92ba37fd3b','d2984550-a4a2-4107-b2df-24f5b6659328','ENSG00000141510','TP53',53.8,1.88,269,-0.74,38.9);
INSERT INTO gene_expression VALUES ('896ec740-a7cc-4006-b04c-7b220accf4c6','d2984550-a4a2-4107-b2df-24f5b6659328','ENSG00000012048','BRCA1',29.92,5.64,331,-1.0,35.0);
INSERT INTO gene_expression VALUES ('a0f84570-f577-4bf5-8793-c8adee121799','d2984550-a4a2-4107-b2df-24f5b6659328','ENSG00000139618','BRCA2',90.06,2.79,260,-0.33,45.0);
INSERT INTO gene_expression VALUES ('bca20538-c5da-4d26-a716-0cfe7aec85c9','d2984550-a4a2-4107-b2df-24f5b6659328','ENSG00000171862','PTEN',65.11,4.79,100,-0.61,40.9);
INSERT INTO gene_expression VALUES ('b615b86f-9adb-4afa-9761-c3cf9da34c4f','d2984550-a4a2-4107-b2df-24f5b6659328','ENSG00000136997','MYC',79.32,8.05,600,-0.45,43.2);
INSERT INTO protein_expression VALUES ('383b447f-8c83-4a68-9301-89c9f49df10f','d2984550-a4a2-4107-b2df-24f5b6659328','ESR1','P03372','IHC',0.75,225.0,6,'NULL');
INSERT INTO protein_expression VALUES ('77fc7b2c-5d2d-4e4d-a1bf-39cac8ff8026','d2984550-a4a2-4107-b2df-24f5b6659328','PGR','P06401','IHC',-0.02,148.0,4,'NULL');
INSERT INTO protein_expression VALUES ('84f0f266-3fa1-4b14-84db-dc88cfad1c9d','d2984550-a4a2-4107-b2df-24f5b6659328','ERBB2','P04626','IHC',-0.99,51.0,1,'pY1248');
INSERT INTO protein_expression VALUES ('aa9f7c1b-b8c2-4e72-824d-59d825dd6411','d2984550-a4a2-4107-b2df-24f5b6659328','MKI67','P46013','IHC',-0.2,121.0,0,'NULL');
INSERT INTO epigenetic_mark VALUES ('38a98c88-fe58-420f-997c-0aac5451d53c','d2984550-a4a2-4107-b2df-24f5b6659328','DNA_methylation','cg15629539',0.005,'-7.637','ESR1','CpG_island',NULL);
INSERT INTO epigenetic_mark VALUES ('e8b54ecc-46a2-495a-b759-a232111ab9a6','d2984550-a4a2-4107-b2df-24f5b6659328','H3K27ac','cg27053763',0.0,NULL,'BRCA1','promoter',NULL);
INSERT INTO epigenetic_mark VALUES ('a2a33540-633a-4285-8e33-e6b36a4bd89b','d2984550-a4a2-4107-b2df-24f5b6659328','H3K27ac','chr17:37800000-37850000',0.24,NULL,'ERBB2','enhancer','2.236');
INSERT INTO ncrna_profile VALUES ('46211754-1fa9-4c8a-8693-b336e400a1a2','d2984550-a4a2-4107-b2df-24f5b6659328','miRNA','hsa-miR-21-5p','miR-21-5p',4.64,'["PTEN", "PDCD4"]');
INSERT INTO ncrna_profile VALUES ('8fbfca08-cddc-4e04-8eda-fc8de0cfc212','d2984550-a4a2-4107-b2df-24f5b6659328','miRNA','hsa-miR-155-5p','miR-155-5p',7.22,'["SHIP1", "SOCS1"]');
INSERT INTO ncrna_profile VALUES ('f73d1431-ca45-466b-bd81-b69ee1df013b','d2984550-a4a2-4107-b2df-24f5b6659328','lncRNA','ENSG00000228630','HOTAIR',3.31,'["SHIP1", "SOCS1"]');
INSERT INTO ncrna_profile VALUES ('aeb4ddb1-9965-4ee6-a7f2-f0d120acd900','d2984550-a4a2-4107-b2df-24f5b6659328','lncRNA','ENSG00000251562','MALAT1',43.45,'["SHIP1", "SOCS1"]');
INSERT INTO metabolomics_profile VALUES ('b68d7f88-5268-4d82-9657-b25fc0267c70','d2984550-a4a2-4107-b2df-24f5b6659328','Lactate','HMDB0000190','C00186',2.97,'LC-MS','organic_acid',0.65);
INSERT INTO metabolomics_profile VALUES ('febf9193-86b5-4350-acab-61832d12b4b7','d2984550-a4a2-4107-b2df-24f5b6659328','Glutamine','HMDB0000641','C00064',0.37,'LC-MS','amino_acid',-1.09);
INSERT INTO metabolomics_profile VALUES ('6bbc10b4-0a9a-4e4d-aae3-569eda02ee59','d2984550-a4a2-4107-b2df-24f5b6659328','Glucose','HMDB0000122','C00031',4.77,'LC-MS','carbohydrate',1.85);
INSERT INTO metabolomics_profile VALUES ('2e8f8e5c-b7d4-42c5-a66e-27169e312bdb','d2984550-a4a2-4107-b2df-24f5b6659328','Phosphocholine','HMDB0001565','C00588',0.14,'LC-MS','lipid',-1.24);
INSERT INTO tumor_clone VALUES ('c911f00e-c796-4a31-b913-c9fca246245a','d2984550-a4a2-4107-b2df-24f5b6659328','clone_A',0.71,'[]',1,1,0.0621);
INSERT INTO tumor_clone VALUES ('c182fe7e-f0cd-46fb-8402-76866b8284d2','d2984550-a4a2-4107-b2df-24f5b6659328','clone_B',0.29,'[]',0,2,0.0443);
INSERT INTO cell_cycle_state VALUES ('ce2ddaf7-152c-43bc-bcb2-f3c0b2e30720','d2984550-a4a2-4107-b2df-24f5b6659328',0.6,0.17,0.069,0.161,43.2784,333.8,6.9);
INSERT INTO apoptosis_marker VALUES ('f02ca374-abd2-47f1-9f88-9387981da831','d2984550-a4a2-4107-b2df-24f5b6659328',140.0,128.9454,120.0,1.17,0.157,2.4684,0.4465);
INSERT INTO dna_repair_status VALUES ('ebd9ca17-63f0-487c-9711-1de7d5a4f4b3','d2984550-a4a2-4107-b2df-24f5b6659328','wildtype','wildtype','proficient_MMR',0.04,2.4,23.9,0,'wildtype');
INSERT INTO metabolic_phenotype VALUES ('5e39a1ab-14f0-4542-a327-680d1430febc','d2984550-a4a2-4107-b2df-24f5b6659328',0.516,101.2553,0.1798,0.4055,0.1552,1.3425,0.4654);
INSERT INTO stemness_profile VALUES ('1093f7ab-de8e-4921-9076-0a25abd7e239','d2984550-a4a2-4107-b2df-24f5b6659328',74.3922,21.2701,0.0,0.0589,0.347,0.203,0.3741,0.2412);
INSERT INTO drug_resistance_feature VALUES ('707bc13a-b645-4d79-bf9c-a5464894d09a','d2984550-a4a2-4107-b2df-24f5b6659328',0.74,0.3095,0.7264,1.0519,'[]',0.2726);
INSERT INTO immune_infiltration VALUES ('114b1c08-986b-494d-8cb9-1849bb865e18','d2984550-a4a2-4107-b2df-24f5b6659328',2.0,12.1,8.5384,4.6062,4.4914,4.304,16.5197,7.0539,6.5274,'CIBERSORT');
INSERT INTO checkpoint_expression VALUES ('b10076d8-d25c-4e34-be14-82185b8e46fb','d2984550-a4a2-4107-b2df-24f5b6659328',29.3,52.74,9.2766,17.4902,7.87,7.3212,15.1176,16.0127);
INSERT INTO cytokine_milieu VALUES ('c5ced250-34d2-42b1-a101-2cf141563786','d2984550-a4a2-4107-b2df-24f5b6659328',22.1951,20.9003,9.6077,19.9544,12.6599,14.2,43.3313,43.4814);
INSERT INTO stromal_composition VALUES ('39ad8839-3a0d-4572-a4ec-7d0935faba18','d2984550-a4a2-4107-b2df-24f5b6659328',0.2774,0.1097,0.0635,0.1209,2.9113,34.0397);
INSERT INTO ecm_profile VALUES ('51e8d5de-a832-4ade-adb0-2b177e0b1c11','d2984550-a4a2-4107-b2df-24f5b6659328',15.1664,5.2958,12.9454,0.6552,0.4424,0.6968,0.4029);
INSERT INTO hypoxia_vasculature VALUES ('18358a53-23aa-489b-aa9f-0fcd14c85004','d2984550-a4a2-4107-b2df-24f5b6659328',0.7,0.3126,8.8,0.05,97.4017,256.2205,76.1866,7.2,7.4);
INSERT INTO organ_function VALUES ('8b6e0ab6-9c3b-4bc2-a399-b9586f94fcf1','83f60389-1884-46c3-a72a-f7af679d97dd','2021-05-08',69.7,1.2364,34.463,12.2644,9.7493,40.1749,59.1,399.5571,1.1692);
INSERT INTO immune_baseline VALUES ('99bec55d-4c78-495b-a614-56481f8a8fca','83f60389-1884-46c3-a72a-f7af679d97dd','2021-05-08',7.62,0.89,4.02,4.5169,439.1493,298.3816,295.1692,8.8604);
INSERT INTO hormonal_profile VALUES ('2a6ce372-5a6c-46f1-bc24-6d6d14f68955','83f60389-1884-46c3-a72a-f7af679d97dd','2021-05-08',2.0,0.47,531.0,68.5839,20.5207,1.8727,5.9238);
INSERT INTO pharmacogenomics VALUES ('d85ed0c7-9ede-4d5d-893c-eac4b4b39afe','83f60389-1884-46c3-a72a-f7af679d97dd','NM','PM','NM','*28/*28','low',0,'NM');
INSERT INTO body_composition VALUES ('fcba9830-c7fa-4ead-942e-0dcdeb1324e9','83f60389-1884-46c3-a72a-f7af679d97dd','2021-05-08',27.8,43.3,36.0632,106.2145,31.926,1.6881);
INSERT INTO microbiome_profile VALUES ('6968fe8a-045b-438f-9507-d17f758d1336','83f60389-1884-46c3-a72a-f7af679d97dd','2021-05-08','gut','16S_rRNA_V4',3.1493,1.6009,0.0,'[{"genus": "Bacteroides", "rel": 0.216}, {"genus": "Faecalibacterium", "rel": 0.15}, {"genus": "Akkermansia", "rel": 0.0}]',0);
INSERT INTO tumor_staging VALUES ('18031610-cc94-4953-9be3-47944a851cee','83f60389-1884-46c3-a72a-f7af679d97dd','2021-05-08','8500/3','C50.4','Invasive ductal carcinoma','T4','N3','M1','IV',2,'left');
INSERT INTO imaging_measurement VALUES ('a86c2887-bdc4-405a-828d-6706cc20574f','83f60389-1884-46c3-a72a-f7af679d97dd','2021-04-22','MRI','L1','primary_left_breast',12.9,1124.0037,4.8845,'SD','{"entropy": 5.02, "sphericity": 0.67}');
INSERT INTO pathology_report VALUES ('51f302ce-b9ac-4ac0-9bd3-62784ecf43a5','83f60389-1884-46c3-a72a-f7af679d97dd','2021-05-08','core_needle_biopsy','R0',1,6,1,0,32.492);
INSERT INTO performance_status VALUES ('7237c6f1-5bc6-46ff-be8a-b485530464c8','83f60389-1884-46c3-a72a-f7af679d97dd','2021-05-08',0,95,3,42.2335);
INSERT INTO liquid_biopsy VALUES ('74ddea5e-8b13-414f-9543-41d7b18efb02','83f60389-1884-46c3-a72a-f7af679d97dd','2021-05-08',0.005,2.25,4,'[]','detected',10.8518);
INSERT INTO treatment_regimen VALUES ('db35bb39-af55-43df-b042-0bb1f48d6b9d','83f60389-1884-46c3-a72a-f7af679d97dd',1,'Palbociclib+Let','palliative','2021-06-04','2022-04-15','planned_completion','PR',541);
INSERT INTO treatment_drug_dose VALUES ('5aeb2c28-7230-4ae3-bd13-3924f7390d92','db35bb39-af55-43df-b042-0bb1f48d6b9d','14234f22-ddb9-4e92-883c-bd55730bb629','2021-06-04',66.0,63.0,4.5,'IV',1,1.7372);
INSERT INTO adverse_event VALUES ('698d914d-df62-4742-ae5a-5370f154a236','83f60389-1884-46c3-a72a-f7af679d97dd','db35bb39-af55-43df-b042-0bb1f48d6b9d','Hand-foot syndrome',1,'2021-07-19','2021-09-13','probable','none');
INSERT INTO adverse_event VALUES ('bd502edc-bac8-4f04-b7ea-f0291a10c2fc','83f60389-1884-46c3-a72a-f7af679d97dd','db35bb39-af55-43df-b042-0bb1f48d6b9d','Arthralgia',2,'2021-08-15','2021-09-21','probable','none');
INSERT INTO carcinogen_exposure VALUES ('ddcdc396-afbc-4f78-8e25-c0bc4a3ab3a3','83f60389-1884-46c3-a72a-f7af679d97dd','current',35.9794,5.2232,32.0198,44.5572,'[]',0.0,0);
INSERT INTO diet_nutrition VALUES ('6b10357b-a63f-433a-9e0a-404ec82d3b1a','83f60389-1884-46c3-a72a-f7af679d97dd','2021-05-08','FFQ',1490.613,78.2766,161.8103,81.6997,22.5474,76.7649,14.5515,8.3295,'Mediterranean');
INSERT INTO physical_activity VALUES ('55810315-f231-4f57-9bdb-8efe28272649','83f60389-1884-46c3-a72a-f7af679d97dd','2021-05-08',49.7355,164.3556,159.5158,8.5331,18.8241,3415,26.51);
INSERT INTO stress_psychology VALUES ('40e40c83-a6e4-4528-9b05-7af904b12d2f','83f60389-1884-46c3-a72a-f7af679d97dd','2021-05-08',27,4,7,51.9301,329.22,8.5418,9);
INSERT INTO environmental_exposure VALUES ('2901af15-216b-41c3-a97a-998bef210c2c','83f60389-1884-46c3-a72a-f7af679d97dd','2021-05-08',13.6419,10.4337,33.6506,'negative',NULL,'negative','negative',12.235,'naive');
INSERT INTO socioeconomic_context VALUES ('76ad84c2-d037-407c-9317-efcf8acc9d86','83f60389-1884-46c3-a72a-f7af679d97dd','2021-05-08',46.6809,'public_Medicare',0.7174,0.5463,70.8456,'unable_to_work_disability',32.9131,20);
INSERT INTO circadian_profile VALUES ('6f05bc78-751a-4761-9922-f87161d2b0de','83f60389-1884-46c3-a72a-f7af679d97dd','2021-05-08','morning',86.0592,17.9332,'22:31',1244.2769,0,14);

-- Patient 84: HR+/HER2- early
INSERT INTO patient VALUES ('fd55ab72-a1be-46cf-8c3c-258449561904','MRN-8280621','1957-03-27','female','Mixed','{"EUR": 0.31, "AFR": 0.06}','2021-10-10','2021-10-10');
INSERT INTO genomic_sample VALUES ('c9056890-093c-41d2-be3d-ede184e9f69e','fd55ab72-a1be-46cf-8c3c-258449561904','tumor','C50.4','2021-10-23','TruSight Oncology 500',0.49,0,'FFPE');
INSERT INTO somatic_mutation VALUES ('2c2d99ea-131d-442c-b225-58222bd020a2','c9056890-093c-41d2-be3d-ede184e9f69e','PIK3CA','chr3',179234297,'C','T','SNV','missense_variant','p.His1047Arg',0.2034,331,'oncogenic','COSV52748762','1','SBS1');
INSERT INTO somatic_mutation VALUES ('fca470a5-9203-45cc-8c73-2dbfbdea10e6','c9056890-093c-41d2-be3d-ede184e9f69e','BRCA2','chr13',32338709,'A','T','SNV','stop_gained','p.Lys1690Ter',0.3982,87,'pathogenic','COSV52712043','1','SBS3');
INSERT INTO somatic_mutation VALUES ('c6c5caae-1ecc-4c50-ad20-148f1d431d23','c9056890-093c-41d2-be3d-ede184e9f69e','GATA3','chr10',8115610,'CT','C','indel','frameshift_variant','p.Thr443fs',0.3782,373,'oncogenic','COSV52704812','1','SBS5');
INSERT INTO somatic_mutation VALUES ('ce3e315f-a76e-4835-9cf8-04c7ccaae203','c9056890-093c-41d2-be3d-ede184e9f69e','ERBB2','chr17',39725084,'A','G','SNV','missense_variant','p.Leu755Ser',0.2426,194,'oncogenic','COSV52735019','1','SBS5');
INSERT INTO somatic_mutation VALUES ('375b7de3-84c7-4f45-a90d-83153724a233','c9056890-093c-41d2-be3d-ede184e9f69e','BRCA1','chr17',43094464,'T','A','SNV','missense_variant','p.Cys1697Ser',0.4772,373,'pathogenic','COSV52701256','1','SBS3');
INSERT INTO copy_number_variant VALUES ('86c57268-9436-481b-9b48-1ac486449c32','c9056890-093c-41d2-be3d-ede184e9f69e','MYC','chr8',127700000,127800000,6.6,0.13,'neutral',0);
INSERT INTO copy_number_variant VALUES ('31d629a3-66d9-430b-9684-87a5ec3a3551','c9056890-093c-41d2-be3d-ede184e9f69e','CDKN2A','chr9',21967000,21995000,0.8,-1.59,'shallow_deletion',0);
INSERT INTO gene_expression VALUES ('a68180bd-7746-4c06-b202-bd61f02c8821','c9056890-093c-41d2-be3d-ede184e9f69e','ENSG00000091831','ESR1',739.33,73.93,1848,6.88,99.0);
INSERT INTO gene_expression VALUES ('dcbb61c0-e637-4922-8f2d-36331116e9cc','c9056890-093c-41d2-be3d-ede184e9f69e','ENSG00000141736','ERBB2',70.13,7.01,175,-0.55,41.8);
INSERT INTO gene_expression VALUES ('8fd9da6f-753b-433f-90e0-f114f532dd96','c9056890-093c-41d2-be3d-ede184e9f69e','ENSG00000148773','MKI67',10.0,1.0,25,-1.22,31.7);
INSERT INTO gene_expression VALUES ('8e9ea37d-151c-4d9e-b0d5-61f9ce962802','c9056890-093c-41d2-be3d-ede184e9f69e','ENSG00000141510','TP53',37.09,2.22,72,-0.92,36.2);
INSERT INTO gene_expression VALUES ('e384530b-6593-4fa4-96e7-07de64406e72','c9056890-093c-41d2-be3d-ede184e9f69e','ENSG00000012048','BRCA1',8.54,7.55,221,-1.24,31.4);
INSERT INTO gene_expression VALUES ('717a2d87-909a-4cfa-ae43-1ace24949467','c9056890-093c-41d2-be3d-ede184e9f69e','ENSG00000139618','BRCA2',0.9,8.42,111,-1.32,30.2);
INSERT INTO gene_expression VALUES ('709895db-06df-4cc5-abf3-99e6eb9db21c','c9056890-093c-41d2-be3d-ede184e9f69e','ENSG00000171862','PTEN',38.34,4.08,77,-0.91,36.4);
INSERT INTO gene_expression VALUES ('0c049306-e993-40c6-86d2-cae031708f3f','c9056890-093c-41d2-be3d-ede184e9f69e','ENSG00000136997','MYC',107.64,0.1,237,-0.14,47.9);
INSERT INTO protein_expression VALUES ('a00d5304-8ac4-4738-9197-39de195cb012','c9056890-093c-41d2-be3d-ede184e9f69e','ESR1','P03372','IHC',1.01,251.0,6,'NULL');
INSERT INTO protein_expression VALUES ('3b974f12-2eb9-45ff-9af2-70bfb8571f32','c9056890-093c-41d2-be3d-ede184e9f69e','PGR','P06401','IHC',0.47,197.0,5,'NULL');
INSERT INTO protein_expression VALUES ('f7657b61-b642-48db-b1cc-28af4df6ebcd','c9056890-093c-41d2-be3d-ede184e9f69e','ERBB2','P04626','IHC',-1.27,23.0,1,'pY1248');
INSERT INTO protein_expression VALUES ('9caf762e-a2e2-4d21-9649-1523afc99a19','c9056890-093c-41d2-be3d-ede184e9f69e','MKI67','P46013','IHC',-1.47,3.0,0,'NULL');
INSERT INTO epigenetic_mark VALUES ('74c15b10-168c-4db2-92de-8f4a4251c757','c9056890-093c-41d2-be3d-ede184e9f69e','DNA_methylation','cg15629539',0.077,'-3.583','ESR1','CpG_island',NULL);
INSERT INTO epigenetic_mark VALUES ('bd75de7a-94c0-4f98-8c78-ad6411adabb1','c9056890-093c-41d2-be3d-ede184e9f69e','DNA_methylation','cg27053763',0.032,'-4.919','BRCA1','promoter',NULL);
INSERT INTO epigenetic_mark VALUES ('3149681b-10fa-4d83-93cf-e5938850fb63','c9056890-093c-41d2-be3d-ede184e9f69e','H3K27ac','chr17:37800000-37850000',0.277,NULL,'ERBB2','enhancer','0.129');
INSERT INTO ncrna_profile VALUES ('4ac1f4e8-d966-43e5-8e80-96387045d159','c9056890-093c-41d2-be3d-ede184e9f69e','miRNA','hsa-miR-21-5p','miR-21-5p',1.11,'["PTEN", "PDCD4"]');
INSERT INTO ncrna_profile VALUES ('a8ecfe76-01cf-4ccb-8976-29c4e8f98877','c9056890-093c-41d2-be3d-ede184e9f69e','miRNA','hsa-miR-155-5p','miR-155-5p',5.71,'["SHIP1", "SOCS1"]');
INSERT INTO ncrna_profile VALUES ('d92b885d-64a0-4a91-99b0-319813edca71','c9056890-093c-41d2-be3d-ede184e9f69e','lncRNA','ENSG00000228630','HOTAIR',3.23,'["SHIP1", "SOCS1"]');
INSERT INTO ncrna_profile VALUES ('cd755522-aef5-464d-8c7e-726b5a194087','c9056890-093c-41d2-be3d-ede184e9f69e','lncRNA','ENSG00000251562','MALAT1',43.58,'["SHIP1", "SOCS1"]');
INSERT INTO metabolomics_profile VALUES ('82914874-0b36-4e1c-9624-d594f20a2471','c9056890-093c-41d2-be3d-ede184e9f69e','Lactate','HMDB0000190','C00186',1.55,'LC-MS','organic_acid',-0.3);
INSERT INTO metabolomics_profile VALUES ('9c19f581-f642-405b-9294-79e6771aeca7','c9056890-093c-41d2-be3d-ede184e9f69e','Glutamine','HMDB0000641','C00064',0.55,'LC-MS','amino_acid',-0.97);
INSERT INTO metabolomics_profile VALUES ('ac0b57fb-38d5-4f92-a010-11b41c94301e','c9056890-093c-41d2-be3d-ede184e9f69e','Glucose','HMDB0000122','C00031',4.68,'LC-MS','carbohydrate',1.79);
INSERT INTO metabolomics_profile VALUES ('fa56a66b-d242-49cc-b2d1-a49eb9d2be13','c9056890-093c-41d2-be3d-ede184e9f69e','Phosphocholine','HMDB0001565','C00588',0.2,'LC-MS','lipid',-1.2);
INSERT INTO tumor_clone VALUES ('8a065bee-4cea-4c69-b1e5-10c0e8b72516','c9056890-093c-41d2-be3d-ede184e9f69e','clone_A',0.82,'[]',1,1,0.1105);
INSERT INTO tumor_clone VALUES ('13c08cfa-f64e-42d3-81b3-b021211f8012','c9056890-093c-41d2-be3d-ede184e9f69e','clone_B',0.18,'[]',0,2,0.0819);
INSERT INTO cell_cycle_state VALUES ('07332dc7-694f-462c-99a2-91bffcb412be','c9056890-093c-41d2-be3d-ede184e9f69e',0.871,0.01,0.01,0.109,1.0,480.0,0.0);
INSERT INTO apoptosis_marker VALUES ('bffadb57-f4b9-4203-a81a-720f0377e72f','c9056890-093c-41d2-be3d-ede184e9f69e',135.0,92.025,51.0,2.65,0.0433,4.0698,1.1847);
INSERT INTO dna_repair_status VALUES ('16ce208b-b190-4ce6-bfda-a229c4d4ef63','c9056890-093c-41d2-be3d-ede184e9f69e','mutated_somatic','mutated_somatic','proficient_MMR',0.04,6.7,34.6,0,'wildtype');
INSERT INTO metabolic_phenotype VALUES ('3bbbe13b-22fa-411c-8c67-13da8fb46210','c9056890-093c-41d2-be3d-ede184e9f69e',0.48,132.0543,0.1229,0.4642,0.1392,1.3922,0.5848);
INSERT INTO stemness_profile VALUES ('ba5842d9-c580-418d-95c7-ab6b17ce1058','c9056890-093c-41d2-be3d-ede184e9f69e',87.0265,0.0,10.7949,0.1889,0.373,0.083,0.6767,0.02);
INSERT INTO drug_resistance_feature VALUES ('eaec5358-c35b-40cb-afc0-59e5a32d10bb','c9056890-093c-41d2-be3d-ede184e9f69e',1.22,0.5583,0.5844,0.3299,'[]',0.5746);
INSERT INTO immune_infiltration VALUES ('2fbc4810-6cc1-46f4-9954-829a913ef5c3','c9056890-093c-41d2-be3d-ede184e9f69e',3.3,10.4329,8.3039,2.7597,3.9101,8.9897,16.9629,5.1713,5.2332,'CIBERSORT');
INSERT INTO checkpoint_expression VALUES ('5022ea29-0a64-46d7-930c-3259dd72b485','c9056890-093c-41d2-be3d-ede184e9f69e',0.3,0.54,10.0868,12.3316,17.1621,9.2761,8.6374,22.9471);
INSERT INTO cytokine_milieu VALUES ('4b8471e6-ae09-4dda-9eb5-76b50e01d214','c9056890-093c-41d2-be3d-ede184e9f69e',30.761,17.3685,11.5858,23.6951,24.6789,5.0,7.5065,104.5204);
INSERT INTO stromal_composition VALUES ('a0d4e7a6-9ad9-41fa-bef1-c4ba6328deec','c9056890-093c-41d2-be3d-ede184e9f69e',0.0578,0.0397,0.1415,0.3225,2.7514,18.5733);
INSERT INTO ecm_profile VALUES ('63937de8-8477-45e7-acbe-70da5a008b22','c9056890-093c-41d2-be3d-ede184e9f69e',19.134,9.2282,22.6856,0.2919,0.4892,0.2231,0.3827);
INSERT INTO hypoxia_vasculature VALUES ('081707e4-9ca1-457c-93f6-16a5b40afb0e','c9056890-093c-41d2-be3d-ede184e9f69e',0.25,0.7435,6.4,0.082,70.3277,245.6281,92.1661,20.2,6.79);
INSERT INTO organ_function VALUES ('dae05f0f-9cae-445e-b581-66a2e37a52ec','fd55ab72-a1be-46cf-8c3c-258449561904','2021-10-10',56.7,1.0804,24.1329,12.9274,10.9474,40.4767,60.2,360.0,1.0127);
INSERT INTO immune_baseline VALUES ('0bbaf2b5-8cc4-41f2-9cab-a5abf5483025','fd55ab72-a1be-46cf-8c3c-258449561904','2021-10-10',8.83,1.28,3.96,3.0938,525.9235,320.923,296.1793,8.4064);
INSERT INTO hormonal_profile VALUES ('28d81b0d-0497-4a7c-81a5-2311c01bbb23','fd55ab72-a1be-46cf-8c3c-258449561904','2021-10-10',5.5,0.81,457.0,90.1797,20.3537,0.4822,11.562);
INSERT INTO pharmacogenomics VALUES ('a842e7e2-a63c-4d68-a88b-b098442d97ff','fd55ab72-a1be-46cf-8c3c-258449561904','UM','NM','UM','*1/*28','normal',0,'NM');
INSERT INTO body_composition VALUES ('70c4192b-7ea8-4a4d-8acd-999da290f8ac','fd55ab72-a1be-46cf-8c3c-258449561904','2021-10-10',27.3,42.5,23.7907,72.7277,26.1599,1.743);
INSERT INTO microbiome_profile VALUES ('f6965ebd-2795-4775-8f70-d9c96d04b953','fd55ab72-a1be-46cf-8c3c-258449561904','2021-10-10','gut','16S_rRNA_V4',3.068,1.8136,0.0354,'[{"genus": "Bacteroides", "rel": 0.18}, {"genus": "Faecalibacterium", "rel": 0.139}, {"genus": "Akkermansia", "rel": 0.0354}]',0);
INSERT INTO tumor_staging VALUES ('83474eeb-5fbb-4004-b3a2-1c26939b1c99','fd55ab72-a1be-46cf-8c3c-258449561904','2021-10-10','8500/3','C50.4','Invasive ductal carcinoma','T2','N1','M0','IIB',3,'right');
INSERT INTO imaging_measurement VALUES ('3cbf1052-051d-4a1b-a5f4-0ff9d2ba6362','fd55ab72-a1be-46cf-8c3c-258449561904','2021-09-18','MRI','L1','primary_left_breast',32.7,18308.0412,2.139,'SD','{"entropy": 7.51, "sphericity": 0.72}');
INSERT INTO pathology_report VALUES ('ba6616b8-02da-47fe-b504-c2e6b5ad8e6e','fd55ab72-a1be-46cf-8c3c-258449561904','2021-10-10','core_needle_biopsy','R0',7,10,0,0,30.0491);
INSERT INTO performance_status VALUES ('714be598-3f76-404a-a143-f4c77aa3eee8','fd55ab72-a1be-46cf-8c3c-258449561904','2021-10-10',1,70,3,43.9305);
INSERT INTO liquid_biopsy VALUES ('117844c6-d58e-4d54-a87e-86ae55841a3a','fd55ab72-a1be-46cf-8c3c-258449561904','2021-10-10',0.1306,58.77,0,'[]','detected',12.1345);
INSERT INTO treatment_regimen VALUES ('d8eca25d-1ee2-4975-bbf3-ae74951ce577','fd55ab72-a1be-46cf-8c3c-258449561904',1,'Letrozole','adjuvant','2021-11-20','2022-05-19','planned_completion','PR',228);
INSERT INTO treatment_drug_dose VALUES ('cafa1124-1f84-437f-8957-f9ec777e1d83','d8eca25d-1ee2-4975-bbf3-ae74951ce577','dea8e584-d12c-47bf-a4c0-e739973380b8','2021-11-20',70.0,67.0,4.3,'oral',1,1.2203);
INSERT INTO adverse_event VALUES ('b4ec6ec7-c1b1-44ff-9fc0-42f68f2558ad','fd55ab72-a1be-46cf-8c3c-258449561904','d8eca25d-1ee2-4975-bbf3-ae74951ce577','Peripheral sensory neuropathy',1,'2021-12-26','2022-02-16','probable','none');
INSERT INTO adverse_event VALUES ('aa965dc4-e2ab-49d8-ae98-84e50138fc1c','fd55ab72-a1be-46cf-8c3c-258449561904','d8eca25d-1ee2-4975-bbf3-ae74951ce577','Neutropenia',2,'2022-01-31','2022-03-06','probable','none');
INSERT INTO adverse_event VALUES ('f70ead24-a345-4bfc-b3ef-2f2594c5caab','fd55ab72-a1be-46cf-8c3c-258449561904','d8eca25d-1ee2-4975-bbf3-ae74951ce577','Hand-foot syndrome',2,'2022-01-04','2022-02-09','probable','none');
INSERT INTO adverse_event VALUES ('f5eec8f1-8481-4692-bbba-53d05e79e370','fd55ab72-a1be-46cf-8c3c-258449561904','d8eca25d-1ee2-4975-bbf3-ae74951ce577','Alopecia',1,'2021-12-02','2021-12-29','probable','none');
INSERT INTO radiation_plan VALUES ('f91e2b89-023e-4488-b807-7a258251464a','fd55ab72-a1be-46cf-8c3c-258449561904','photon_EBRT','CTV',50.1339,2.0,25,5,'IMRT',NULL,'{"heart": {"V20Gy_pct": "<25"}, "lung": {"mean_Gy": "<18"}}');
INSERT INTO carcinogen_exposure VALUES ('06855856-6c3f-4e29-8a1f-01840e8c2d8a','fd55ab72-a1be-46cf-8c3c-258449561904','never',0.0,0.876,27.141,13.8099,'[]',0.0,0);
INSERT INTO diet_nutrition VALUES ('d2424a69-3d12-4cea-bca7-734296b0fb49','fd55ab72-a1be-46cf-8c3c-258449561904','2021-10-10','FFQ',1759.7685,74.2814,330.3789,57.4748,29.8104,83.778,19.1544,8.2418,'Mediterranean');
INSERT INTO physical_activity VALUES ('c6a24fa1-8c7e-42fa-abab-4886a644297a','fd55ab72-a1be-46cf-8c3c-258449561904','2021-10-10',681.4317,167.045,80.972,8.8692,25.7964,4714,35.4544);
INSERT INTO stress_psychology VALUES ('ebfc4326-bc8d-406f-8c87-aa542ec503cf','fd55ab72-a1be-46cf-8c3c-258449561904','2021-10-10',12,2,0,51.5896,283.34,5.8121,14);
INSERT INTO environmental_exposure VALUES ('75810744-3c1a-48a9-9646-84201a725ceb','fd55ab72-a1be-46cf-8c3c-258449561904','2021-10-10',3.7784,16.278,34.6861,'negative',NULL,'negative','negative',3.8108,'naive');
INSERT INTO socioeconomic_context VALUES ('4b9c8bb7-c095-4456-8206-6a876a6e61e3','fd55ab72-a1be-46cf-8c3c-258449561904','2021-10-10',13.7957,'public_Medicare',0.6905,0.6391,84.9059,'employed_part_time',36.5234,11);
INSERT INTO circadian_profile VALUES ('55f8267f-ef73-431c-8724-5913ad06309c','fd55ab72-a1be-46cf-8c3c-258449561904','2021-10-10','intermediate',83.949,29.4801,'22:41',374.2972,0,8);

-- Patient 85: HER2+ HR-
INSERT INTO patient VALUES ('8d645776-94c2-4b1d-8904-fa263d61a18d','MRN-5122566','1955-03-06','female','Hispanic or Latino','{"EUR": 0.19, "AFR": 0.19}','2021-08-14','2021-08-14');
INSERT INTO genomic_sample VALUES ('e0724555-33e0-4ce9-8877-4a447ef7bc40','8d645776-94c2-4b1d-8904-fa263d61a18d','tumor','C50.4','2021-08-27','Guardant360',0.78,0,'FFPE');
INSERT INTO somatic_mutation VALUES ('2bcb22c4-8408-4180-98b7-2820e687ce55','e0724555-33e0-4ce9-8877-4a447ef7bc40','CCND1','chr11',69465258,'G','T','SNV','missense_variant','p.Pro241Leu',0.1608,310,'oncogenic','COSV52718943','3A','SBS1');
INSERT INTO somatic_mutation VALUES ('65b780fe-cef0-402b-9185-bb6d06ad7781','e0724555-33e0-4ce9-8877-4a447ef7bc40','PIK3CA','chr3',179234297,'C','T','SNV','missense_variant','p.His1047Arg',0.1557,396,'oncogenic','COSV52748762','1','SBS1');
INSERT INTO somatic_mutation VALUES ('0805a955-a109-40c8-85bc-83f4948ee409','e0724555-33e0-4ce9-8877-4a447ef7bc40','ESR1','chr6',152098794,'T','C','SNV','missense_variant','p.Tyr537Cys',0.1612,152,'oncogenic','COSV52744551','1','SBS1');
INSERT INTO copy_number_variant VALUES ('1d58e953-0999-4a48-a784-d206adceabf3','e0724555-33e0-4ce9-8877-4a447ef7bc40','ERBB2','chr17',37800000,38200000,14.4,3.38,'amplification',1);
INSERT INTO copy_number_variant VALUES ('9b3bfe9d-3352-45e2-998b-db865a012a2a','e0724555-33e0-4ce9-8877-4a447ef7bc40','MYC','chr8',127700000,127800000,5.2,-0.12,'amplification',0);
INSERT INTO copy_number_variant VALUES ('08174a28-60c4-4c41-a1b8-71620f1768ab','e0724555-33e0-4ce9-8877-4a447ef7bc40','CDKN2A','chr9',21967000,21995000,0.7,-1.15,'shallow_deletion',0);
INSERT INTO gene_expression VALUES ('b9257a34-e60d-40d7-b8c5-cdb32129c6ae','e0724555-33e0-4ce9-8877-4a447ef7bc40','ENSG00000091831','ESR1',1.0,0.1,2,-1.32,30.2);
INSERT INTO gene_expression VALUES ('3c7b27e7-19a1-4daa-a413-de5f75dde503','e0724555-33e0-4ce9-8877-4a447ef7bc40','ENSG00000141736','ERBB2',378.17,37.82,945,2.87,93.1);
INSERT INTO gene_expression VALUES ('0d645630-b983-4b30-8617-5a9452d27d33','e0724555-33e0-4ce9-8877-4a447ef7bc40','ENSG00000148773','MKI67',421.99,42.2,1055,3.36,99.0);
INSERT INTO gene_expression VALUES ('f797a41a-3c31-42e1-9cb3-089f7f584880','e0724555-33e0-4ce9-8877-4a447ef7bc40','ENSG00000141510','TP53',103.69,4.86,266,-0.18,47.3);
INSERT INTO gene_expression VALUES ('b6595afc-e603-4448-b346-7f6d9e499e95','e0724555-33e0-4ce9-8877-4a447ef7bc40','ENSG00000012048','BRCA1',37.99,2.28,192,-0.91,36.4);
INSERT INTO gene_expression VALUES ('0646fdce-c02e-4740-a494-35fba47d2a9f','e0724555-33e0-4ce9-8877-4a447ef7bc40','ENSG00000139618','BRCA2',50.48,4.25,151,-0.77,38.5);
INSERT INTO gene_expression VALUES ('5ffd9ef7-801a-4f68-acde-8837e380d15a','e0724555-33e0-4ce9-8877-4a447ef7bc40','ENSG00000171862','PTEN',105.19,3.73,551,-0.16,47.6);
INSERT INTO gene_expression VALUES ('5916cc24-d69c-4a92-8b60-3023fe4c5410','e0724555-33e0-4ce9-8877-4a447ef7bc40','ENSG00000136997','MYC',87.66,8.43,757,-0.36,44.6);
INSERT INTO protein_expression VALUES ('071e04de-88fb-4bd3-9373-d3895e1e23e3','e0724555-33e0-4ce9-8877-4a447ef7bc40','ESR1','P03372','IHC',-1.38,12.0,0,'NULL');
INSERT INTO protein_expression VALUES ('4e393ca3-bf46-4fbf-98c7-5ecd75199c9a','e0724555-33e0-4ce9-8877-4a447ef7bc40','PGR','P06401','IHC',-1.25,25.0,1,'NULL');
INSERT INTO protein_expression VALUES ('a7d2af64-d8dc-485e-bc5e-e99fd0c80689','e0724555-33e0-4ce9-8877-4a447ef7bc40','ERBB2','P04626','IHC',0.79,229.0,6,'pY1248');
INSERT INTO protein_expression VALUES ('e60ce7cc-4a33-4aa1-ba20-e5cedfb80f9c','e0724555-33e0-4ce9-8877-4a447ef7bc40','MKI67','P46013','IHC',-0.16,125.0,0,'NULL');
INSERT INTO epigenetic_mark VALUES ('e4be0821-6e89-4550-a114-03711a3a6048','e0724555-33e0-4ce9-8877-4a447ef7bc40','DNA_methylation','cg15629539',0.621,'0.712','ESR1','CpG_island',NULL);
INSERT INTO epigenetic_mark VALUES ('f20bcaa2-c03a-478f-83f4-660193fa6f5e','e0724555-33e0-4ce9-8877-4a447ef7bc40','H3K27ac','cg27053763',0.0,NULL,'BRCA1','promoter',NULL);
INSERT INTO epigenetic_mark VALUES ('7ff3488c-b111-4ab6-b913-7b92d9de7aec','e0724555-33e0-4ce9-8877-4a447ef7bc40','H3K27ac','chr17:37800000-37850000',0.1,NULL,'ERBB2','enhancer','4.719');
INSERT INTO ncrna_profile VALUES ('d0720a9c-c2f3-4078-85e0-e544eff211ec','e0724555-33e0-4ce9-8877-4a447ef7bc40','miRNA','hsa-miR-21-5p','miR-21-5p',1.71,'["PTEN", "PDCD4"]');
INSERT INTO ncrna_profile VALUES ('1137ec57-1b9a-49b7-8912-950b40ad997b','e0724555-33e0-4ce9-8877-4a447ef7bc40','miRNA','hsa-miR-155-5p','miR-155-5p',6.26,'["SHIP1", "SOCS1"]');
INSERT INTO ncrna_profile VALUES ('7dc44b6d-f00b-44a4-93dd-3f5d522de45c','e0724555-33e0-4ce9-8877-4a447ef7bc40','lncRNA','ENSG00000228630','HOTAIR',1.97,'["SHIP1", "SOCS1"]');
INSERT INTO ncrna_profile VALUES ('1f5a66c9-836e-4c75-8dc2-c56bbc25f604','e0724555-33e0-4ce9-8877-4a447ef7bc40','lncRNA','ENSG00000251562','MALAT1',54.71,'["SHIP1", "SOCS1"]');
INSERT INTO metabolomics_profile VALUES ('7afb1081-5e24-4f27-8a9f-ec9ec416c732','e0724555-33e0-4ce9-8877-4a447ef7bc40','Lactate','HMDB0000190','C00186',2.39,'LC-MS','organic_acid',0.26);
INSERT INTO metabolomics_profile VALUES ('2f38665f-ff21-4f58-970d-8ea0acf4c679','e0724555-33e0-4ce9-8877-4a447ef7bc40','Glutamine','HMDB0000641','C00064',0.24,'LC-MS','amino_acid',-1.17);
INSERT INTO metabolomics_profile VALUES ('7cd4ee45-84da-4bd6-8d42-4f340913d616','e0724555-33e0-4ce9-8877-4a447ef7bc40','Glucose','HMDB0000122','C00031',4.74,'LC-MS','carbohydrate',1.83);
INSERT INTO metabolomics_profile VALUES ('b676fdeb-c950-430d-a128-b69437766779','e0724555-33e0-4ce9-8877-4a447ef7bc40','Phosphocholine','HMDB0001565','C00588',0.17,'LC-MS','lipid',-1.22);
INSERT INTO tumor_clone VALUES ('a53f4e9e-5bef-49a5-b642-77684bcf7e8e','e0724555-33e0-4ce9-8877-4a447ef7bc40','clone_A',0.67,'[]',1,1,0.1759);
INSERT INTO tumor_clone VALUES ('d4a525f2-ffbd-4f88-9b82-122cc99aaab1','e0724555-33e0-4ce9-8877-4a447ef7bc40','clone_B',0.33,'[]',0,2,0.0485);
INSERT INTO cell_cycle_state VALUES ('7522b86e-09e3-4181-b29e-c46cdd153173','e0724555-33e0-4ce9-8877-4a447ef7bc40',0.584,0.163,0.143,0.11,44.7311,360.0,6.2);
INSERT INTO apoptosis_marker VALUES ('35ba17b2-d85e-4497-87e6-7477564a274e','e0724555-33e0-4ce9-8877-4a447ef7bc40',37.0,137.7008,82.0,0.45,0.2572,4.411,1.0994);
INSERT INTO dna_repair_status VALUES ('fb6ea717-af04-4cba-8bbd-508901fe4c23','e0724555-33e0-4ce9-8877-4a447ef7bc40','wildtype','wildtype','proficient_MMR',0.04,5.5,24.8,0,'wildtype');
INSERT INTO metabolic_phenotype VALUES ('56bd7516-1c81-4eb8-b883-f4e5e62f2459','e0724555-33e0-4ce9-8877-4a447ef7bc40',0.51,68.6974,0.3488,0.6289,0.1479,1.0128,0.7893);
INSERT INTO stemness_profile VALUES ('18e75e1f-434e-4769-b286-419d82966bd5','e0724555-33e0-4ce9-8877-4a447ef7bc40',22.9821,27.4426,0.0225,0.2434,0.191,0.388,0.1985,0.2959);
INSERT INTO drug_resistance_feature VALUES ('9d3f8422-a83e-45c9-95fd-e8cf753bea16','e0724555-33e0-4ce9-8877-4a447ef7bc40',1.63,0.9084,0.4484,1.8911,'[]',1.0);
INSERT INTO immune_infiltration VALUES ('15e4eb41-b02e-483d-b4cc-8ab51f23d038','e0724555-33e0-4ce9-8877-4a447ef7bc40',6.9,14.4295,11.107,7.1417,7.7959,14.1176,18.1324,2.7685,17.4974,'CIBERSORT');
INSERT INTO checkpoint_expression VALUES ('971ecb0f-0e57-4981-99a4-65ba895f0c75','e0724555-33e0-4ce9-8877-4a447ef7bc40',19.1,34.38,8.704,23.4055,15.111,4.9432,4.2364,41.7171);
INSERT INTO cytokine_milieu VALUES ('0136a91e-7b09-4f6f-adf5-4e525d81fd97','e0724555-33e0-4ce9-8877-4a447ef7bc40',25.8694,8.3131,3.7341,17.292,19.8446,18.2,14.7124,178.1499);
INSERT INTO stromal_composition VALUES ('a27303d3-9e4a-4e7a-94bf-5ee4ee1fbc42','e0724555-33e0-4ce9-8877-4a447ef7bc40',0.233,0.102,0.0464,0.2835,3.0519,24.1218);
INSERT INTO ecm_profile VALUES ('1aef9204-0336-4d91-abe1-2833498a56e4','e0724555-33e0-4ce9-8877-4a447ef7bc40',9.7462,10.1092,39.7973,0.5098,0.2632,0.6501,0.3314);
INSERT INTO hypoxia_vasculature VALUES ('feb08534-7ca5-407c-91a9-9b2c8fb6bddb','e0724555-33e0-4ce9-8877-4a447ef7bc40',0.89,0.5402,8.3,0.1151,80.7122,148.9744,81.7049,13.0,7.11);
INSERT INTO organ_function VALUES ('68f44f5d-e8fd-4fac-9221-99221e87e43e','8d645776-94c2-4b1d-8904-fa263d61a18d','2021-08-14',55.2,1.0624,28.193,14.4801,9.7149,34.3114,58.0,419.748,1.0887);
INSERT INTO immune_baseline VALUES ('5f7c8929-9f94-4dba-a735-9bd29539a513','8d645776-94c2-4b1d-8904-fa263d61a18d','2021-08-14',7.66,1.57,5.31,3.3822,554.42,435.5317,299.4319,9.6819);
INSERT INTO hormonal_profile VALUES ('147b4908-1a56-4f34-8b46-38ac52bdad84','8d645776-94c2-4b1d-8904-fa263d61a18d','2021-08-14',23.4,0.23,503.0,88.7629,19.2846,3.1841,5.9799);
INSERT INTO pharmacogenomics VALUES ('50703cce-8955-409c-9ef1-6a9fe1acfe19','8d645776-94c2-4b1d-8904-fa263d61a18d','IM','NM','UM','*1/*28','normal',0,'NM');
INSERT INTO body_composition VALUES ('7ca298a8-7bd7-456e-834b-49598c3fa9a5','8d645776-94c2-4b1d-8904-fa263d61a18d','2021-08-14',26.1,39.1,40.2218,44.0551,39.99,1.7177);
INSERT INTO microbiome_profile VALUES ('388209a0-39b8-4be0-b64d-f2a672118270','8d645776-94c2-4b1d-8904-fa263d61a18d','2021-08-14','gut','16S_rRNA_V4',3.8281,2.0822,0.0,'[{"genus": "Bacteroides", "rel": 0.205}, {"genus": "Faecalibacterium", "rel": 0.111}, {"genus": "Akkermansia", "rel": 0.0}]',0);
INSERT INTO tumor_staging VALUES ('85ed4bca-33d4-4080-9982-66f95c8bc003','8d645776-94c2-4b1d-8904-fa263d61a18d','2021-08-14','8500/3','C50.4','Invasive ductal carcinoma','T3','N2','M0','IIIA',1,'left');
INSERT INTO imaging_measurement VALUES ('868032b3-b798-4e5d-8590-c8d76fa9532f','8d645776-94c2-4b1d-8904-fa263d61a18d','2021-07-29','MRI','L1','primary_left_breast',26.8,10078.6649,3.829,'SD','{"entropy": 5.58, "sphericity": 0.64}');
INSERT INTO pathology_report VALUES ('c2187c57-bb27-43ad-a525-b22e421548c8','8d645776-94c2-4b1d-8904-fa263d61a18d','2021-08-14','core_needle_biopsy','R0',3,15,0,0,40.8798);
INSERT INTO performance_status VALUES ('5d493e14-0e2a-48ac-956f-c3768828f70e','8d645776-94c2-4b1d-8904-fa263d61a18d','2021-08-14',0,87,3,38.2307);
INSERT INTO liquid_biopsy VALUES ('c19c4809-301d-483e-b41a-9751781489d8','8d645776-94c2-4b1d-8904-fa263d61a18d','2021-08-14',0.1634,73.53,6,'[]','detected',12.7714);
INSERT INTO treatment_regimen VALUES ('7d45f265-d55a-4f36-b2e9-17e57b20c113','8d645776-94c2-4b1d-8904-fa263d61a18d',1,'Pertuzumab+Tras','neoadjuvant','2021-09-22','2023-02-08','planned_completion','PR',545);
INSERT INTO treatment_drug_dose VALUES ('dc4b0913-17dc-4da1-9c57-2c71822f8e13','7d45f265-d55a-4f36-b2e9-17e57b20c113','ee7cd6f0-c90e-4aa4-be8c-5bd7dbf650f6','2021-09-22',88.0,83.0,5.7,'IV',1,0.7857);
INSERT INTO adverse_event VALUES ('303fb6b6-0948-4714-8c1b-24c15844ee82','8d645776-94c2-4b1d-8904-fa263d61a18d','7d45f265-d55a-4f36-b2e9-17e57b20c113','Alopecia',1,'2021-12-19','2022-02-07','probable','none');
INSERT INTO adverse_event VALUES ('c114ead5-9f1c-4775-bb6b-b24c1fe0a015','8d645776-94c2-4b1d-8904-fa263d61a18d','7d45f265-d55a-4f36-b2e9-17e57b20c113','Peripheral sensory neuropathy',1,'2021-11-24','2021-12-17','probable','none');
INSERT INTO adverse_event VALUES ('58b92393-f348-4ae3-9b4e-edafe3fe7362','8d645776-94c2-4b1d-8904-fa263d61a18d','7d45f265-d55a-4f36-b2e9-17e57b20c113','Hand-foot syndrome',1,'2021-10-10','2021-10-19','probable','none');
INSERT INTO adverse_event VALUES ('33b6fc5f-2c01-48a3-b24c-a7a05c43d4fe','8d645776-94c2-4b1d-8904-fa263d61a18d','7d45f265-d55a-4f36-b2e9-17e57b20c113','Nausea',1,'2021-10-02','2021-11-28','probable','none');
INSERT INTO carcinogen_exposure VALUES ('5949d111-3915-46b3-9497-059abe09c261','8d645776-94c2-4b1d-8904-fa263d61a18d','never',0.0,7.5112,28.1174,70.7611,'[]',0.0,0);
INSERT INTO diet_nutrition VALUES ('1f8c9cea-9107-446f-9cfb-d0ad5bc47722','8d645776-94c2-4b1d-8904-fa263d61a18d','2021-08-14','FFQ',1541.8218,62.4204,86.219,87.4315,12.8814,52.2749,27.8152,3.024,'Western');
INSERT INTO physical_activity VALUES ('65d38986-8dd1-4278-be15-5a184f6ad7b3','8d645776-94c2-4b1d-8904-fa263d61a18d','2021-08-14',170.1163,82.4004,185.978,9.4199,25.3132,8675,28.0337);
INSERT INTO stress_psychology VALUES ('4d2bb636-a75d-4928-8117-21f57cd09803','8d645776-94c2-4b1d-8904-fa263d61a18d','2021-08-14',16,11,7,53.3593,311.86,5.5017,15);
INSERT INTO environmental_exposure VALUES ('1cc90b77-e9cd-44ad-83fd-dced9d1efdda','8d645776-94c2-4b1d-8904-fa263d61a18d','2021-08-14',19.9056,24.1174,39.0849,'negative',NULL,'negative','negative',13.6434,'naive');
INSERT INTO socioeconomic_context VALUES ('ea618769-8f17-445a-a132-d99c71204da2','8d645776-94c2-4b1d-8904-fa263d61a18d','2021-08-14',46.717,'public_Medicare',0.7839,0.5843,53.1255,'unable_to_work_disability',28.0955,11);
INSERT INTO circadian_profile VALUES ('0aa6d5e9-30a5-4632-b7f0-e7f8e2cecbd9','8d645776-94c2-4b1d-8904-fa263d61a18d','2021-08-14','morning',78.2713,22.3599,'22:00',794.7604,0,11);

-- Patient 86: HR+/HER2- early
INSERT INTO patient VALUES ('912c017f-e593-4cc0-bd2b-dc75f83789b8','MRN-4757031','1967-03-26','female','White','{"EUR": 0.74, "AFR": 0.15}','2022-11-19','2022-11-19');
INSERT INTO genomic_sample VALUES ('9ae71d76-c809-407e-aab2-5f6588e93e0d','912c017f-e593-4cc0-bd2b-dc75f83789b8','tumor','C50.4','2022-11-21','Illumina NovaSeq 6000 WGS',0.62,0,'FFPE');
INSERT INTO somatic_mutation VALUES ('d43b2187-d7c0-49a3-ac7a-7846b2f162c2','9ae71d76-c809-407e-aab2-5f6588e93e0d','GATA3','chr10',8115610,'CT','C','indel','frameshift_variant','p.Thr443fs',0.3284,197,'oncogenic','COSV52704812','1','SBS5');
INSERT INTO somatic_mutation VALUES ('8f27ded3-6fc4-46ee-9d09-f3bdf4987f0e','9ae71d76-c809-407e-aab2-5f6588e93e0d','TP53','chr17',7674220,'G','A','SNV','missense_variant','p.Arg248Trp',0.462,301,'oncogenic','COSV52743007','1','SBS5');
INSERT INTO somatic_mutation VALUES ('fc8e0fb0-f866-47d6-8ab3-3e49fc9c7d25','9ae71d76-c809-407e-aab2-5f6588e93e0d','MAP3K1','chr5',56115628,'G','A','SNV','missense_variant','p.Glu1298Lys',0.1585,133,'oncogenic','COSV52721033','3A','SBS1');
INSERT INTO somatic_mutation VALUES ('959ee9cd-62fd-4956-b376-d46ebad3705d','9ae71d76-c809-407e-aab2-5f6588e93e0d','CCND1','chr11',69465258,'G','T','SNV','missense_variant','p.Pro241Leu',0.2472,87,'oncogenic','COSV52718943','3A','SBS1');
INSERT INTO somatic_mutation VALUES ('13e49bee-fb20-4047-9b94-42cfa60faa94','9ae71d76-c809-407e-aab2-5f6588e93e0d','MYC','chr8',127735434,'A','G','SNV','missense_variant','p.Thr58Ala',0.2146,360,'oncogenic','COSV52759832','3A','SBS5');
INSERT INTO somatic_mutation VALUES ('efd0bc5d-ec31-4d19-b87a-fdc24048b2e9','9ae71d76-c809-407e-aab2-5f6588e93e0d','CDH1','chr16',68771195,'C','T','SNV','nonsense_variant','p.Gln333Ter',0.3867,313,'oncogenic','COSV52697483','3A','SBS1');
INSERT INTO copy_number_variant VALUES ('40845dbd-04fa-4356-b960-a3aeb6aced7e','9ae71d76-c809-407e-aab2-5f6588e93e0d','MYC','chr8',127700000,127800000,4.6,-0.1,'neutral',0);
INSERT INTO copy_number_variant VALUES ('ed2ce971-c932-4dd6-a683-6866cbf7c94c','9ae71d76-c809-407e-aab2-5f6588e93e0d','CDKN2A','chr9',21967000,21995000,0.8,-1.19,'shallow_deletion',0);
INSERT INTO gene_expression VALUES ('5d09db37-8eb3-4911-920b-96a468fe5b21','9ae71d76-c809-407e-aab2-5f6588e93e0d','ENSG00000091831','ESR1',958.34,95.83,2396,9.31,99.0);
INSERT INTO gene_expression VALUES ('4bac9542-9587-473c-9fc7-bfec04686c2c','9ae71d76-c809-407e-aab2-5f6588e93e0d','ENSG00000141736','ERBB2',5.0,0.5,12,-1.28,30.8);
INSERT INTO gene_expression VALUES ('7a26c875-6f15-4549-b5db-eb5bb48a7dfc','9ae71d76-c809-407e-aab2-5f6588e93e0d','ENSG00000148773','MKI67',10.17,1.02,25,-1.22,31.7);
INSERT INTO gene_expression VALUES ('37000e6a-7d13-43d3-beb2-40faa4f3b187','9ae71d76-c809-407e-aab2-5f6588e93e0d','ENSG00000141510','TP53',36.16,7.05,346,-0.93,36.0);
INSERT INTO gene_expression VALUES ('fb8090a8-3f56-43b3-be0b-a696b64083ac','9ae71d76-c809-407e-aab2-5f6588e93e0d','ENSG00000012048','BRCA1',60.1,4.04,76,-0.67,40.0);
INSERT INTO gene_expression VALUES ('7b3fc426-2481-4779-8645-4d00454a92f7','9ae71d76-c809-407e-aab2-5f6588e93e0d','ENSG00000139618','BRCA2',31.09,3.68,140,-0.99,35.1);
INSERT INTO gene_expression VALUES ('3dc7aa3a-b594-4188-9110-310889afc05a','9ae71d76-c809-407e-aab2-5f6588e93e0d','ENSG00000171862','PTEN',81.29,5.93,249,-0.43,43.5);
INSERT INTO gene_expression VALUES ('622262f8-e194-4241-89b2-2096acd6da35','9ae71d76-c809-407e-aab2-5f6588e93e0d','ENSG00000136997','MYC',78.84,5.8,594,-0.46,43.1);
INSERT INTO protein_expression VALUES ('b66a76cf-1b02-45a0-8b1c-9f837e93e333','9ae71d76-c809-407e-aab2-5f6588e93e0d','ESR1','P03372','IHC',1.08,258.0,6,'NULL');
INSERT INTO protein_expression VALUES ('6ac33cb4-3a7f-4e35-91aa-2272e2e08542','9ae71d76-c809-407e-aab2-5f6588e93e0d','PGR','P06401','IHC',-0.03,147.0,4,'NULL');
INSERT INTO protein_expression VALUES ('81eb9346-65b6-4991-acf6-cb4bbe88044a','9ae71d76-c809-407e-aab2-5f6588e93e0d','ERBB2','P04626','IHC',-1.19,31.0,1,'pY1248');
INSERT INTO protein_expression VALUES ('464f4c74-33e1-4eef-aefe-21249f64096a','9ae71d76-c809-407e-aab2-5f6588e93e0d','MKI67','P46013','IHC',-1.26,23.0,0,'NULL');
INSERT INTO epigenetic_mark VALUES ('b331b4d9-e3df-465b-9b0f-bbb066294b95','9ae71d76-c809-407e-aab2-5f6588e93e0d','DNA_methylation','cg15629539',0.008,'-6.954','ESR1','CpG_island',NULL);
INSERT INTO epigenetic_mark VALUES ('273357b3-4e3c-4472-8d3f-f90977034d29','9ae71d76-c809-407e-aab2-5f6588e93e0d','H3K27ac','cg27053763',0.0,NULL,'BRCA1','promoter',NULL);
INSERT INTO epigenetic_mark VALUES ('cca4000d-2892-4d71-bac6-d09e2545ed48','9ae71d76-c809-407e-aab2-5f6588e93e0d','H3K27ac','chr17:37800000-37850000',0.237,NULL,'ERBB2','enhancer','1.232');
INSERT INTO ncrna_profile VALUES ('56d4add9-192b-42b7-914c-861a5f2e8b6e','9ae71d76-c809-407e-aab2-5f6588e93e0d','miRNA','hsa-miR-21-5p','miR-21-5p',1.79,'["PTEN", "PDCD4"]');
INSERT INTO ncrna_profile VALUES ('1ac14695-9d7c-4620-8a4f-236ca2711295','9ae71d76-c809-407e-aab2-5f6588e93e0d','miRNA','hsa-miR-155-5p','miR-155-5p',8.11,'["SHIP1", "SOCS1"]');
INSERT INTO ncrna_profile VALUES ('62b20fc0-5989-4969-beae-43460e3e502d','9ae71d76-c809-407e-aab2-5f6588e93e0d','lncRNA','ENSG00000228630','HOTAIR',3.53,'["SHIP1", "SOCS1"]');
INSERT INTO ncrna_profile VALUES ('5b109a91-3098-45f8-9281-35019a8913c2','9ae71d76-c809-407e-aab2-5f6588e93e0d','lncRNA','ENSG00000251562','MALAT1',62.37,'["SHIP1", "SOCS1"]');
INSERT INTO metabolomics_profile VALUES ('a101dd63-a4c7-4c36-9539-ee4a60635ebc','9ae71d76-c809-407e-aab2-5f6588e93e0d','Lactate','HMDB0000190','C00186',3.06,'LC-MS','organic_acid',0.71);
INSERT INTO metabolomics_profile VALUES ('77b70871-417f-4a11-bf19-d2858aefb28a','9ae71d76-c809-407e-aab2-5f6588e93e0d','Glutamine','HMDB0000641','C00064',0.54,'LC-MS','amino_acid',-0.97);
INSERT INTO metabolomics_profile VALUES ('e6ad2915-f11a-4a12-a474-c2351d8348e3','9ae71d76-c809-407e-aab2-5f6588e93e0d','Glucose','HMDB0000122','C00031',5.71,'LC-MS','carbohydrate',2.47);
INSERT INTO metabolomics_profile VALUES ('964f7b92-3dfe-4b39-95c3-0f62a38de968','9ae71d76-c809-407e-aab2-5f6588e93e0d','Phosphocholine','HMDB0001565','C00588',0.19,'LC-MS','lipid',-1.21);
INSERT INTO tumor_clone VALUES ('811a5dd8-cfc0-4b92-b833-10905927272c','9ae71d76-c809-407e-aab2-5f6588e93e0d','clone_A',0.8,'[]',1,1,0.1619);
INSERT INTO tumor_clone VALUES ('3f7774f1-f85c-4281-81d9-990ae3b281be','9ae71d76-c809-407e-aab2-5f6588e93e0d','clone_B',0.2,'[]',0,2,0.0775);
INSERT INTO cell_cycle_state VALUES ('dca80bbd-7956-438f-8a8b-74b00a91309a','9ae71d76-c809-407e-aab2-5f6588e93e0d',0.818,0.047,0.019,0.116,8.1021,480.0,0.8);
INSERT INTO apoptosis_marker VALUES ('673a4b99-50df-411d-bcb5-38a9463a3ae3','9ae71d76-c809-407e-aab2-5f6588e93e0d',199.0,108.9824,79.0,2.52,0.136,5.2134,0.9224);
INSERT INTO dna_repair_status VALUES ('dc4a9af7-66ff-4376-9ea5-3cef8fecc08f','9ae71d76-c809-407e-aab2-5f6588e93e0d','wildtype','wildtype','proficient_MMR',0.04,14.5,28.6,0,'wildtype');
INSERT INTO metabolic_phenotype VALUES ('9583fb3c-9e07-413e-b6aa-c6f10f66db0a','9ae71d76-c809-407e-aab2-5f6588e93e0d',0.457,134.2187,0.4211,0.5097,0.3132,1.2212,0.5948);
INSERT INTO stemness_profile VALUES ('212bfeb1-97e2-4f01-8a58-5604c60ec92b','9ae71d76-c809-407e-aab2-5f6588e93e0d',24.6062,19.5554,9.1381,0.1532,0.248,0.236,0.1464,0.1627);
INSERT INTO drug_resistance_feature VALUES ('00d65f86-df76-4aa0-a514-056fce72cfc0','9ae71d76-c809-407e-aab2-5f6588e93e0d',1.3,0.8737,0.5853,0.7869,'[]',0.8925);
INSERT INTO immune_infiltration VALUES ('d5ffa218-3203-41d8-a8d8-eba2ef91d0cb','9ae71d76-c809-407e-aab2-5f6588e93e0d',0.5,8.9543,9.5295,3.2098,5.7302,10.5246,12.0292,5.6658,5.3778,'CIBERSORT');
INSERT INTO checkpoint_expression VALUES ('0189cdaf-64ee-4893-819f-e604d96e9507','9ae71d76-c809-407e-aab2-5f6588e93e0d',45.8,82.44,13.1688,10.9142,9.3162,13.1284,9.0734,17.437);
INSERT INTO cytokine_milieu VALUES ('90a4afc8-e758-4368-aa24-54d2e53a013b','9ae71d76-c809-407e-aab2-5f6588e93e0d',27.2021,11.0861,12.9321,20.6523,10.1251,19.4,16.6845,123.6248);
INSERT INTO stromal_composition VALUES ('ca59e20e-6b1d-4633-85cd-4d36bb7ed52f','9ae71d76-c809-407e-aab2-5f6588e93e0d',0.1516,0.0928,0.0632,0.2095,3.2555,39.768);
INSERT INTO ecm_profile VALUES ('088e0ddf-7ac6-4ac7-b954-d29ff8de8ff1','9ae71d76-c809-407e-aab2-5f6588e93e0d',6.6728,6.6977,25.9849,0.6021,0.3938,0.7322,0.4365);
INSERT INTO hypoxia_vasculature VALUES ('9a2640dd-4f18-446b-9628-f871998581fa','9ae71d76-c809-407e-aab2-5f6588e93e0d',0.44,0.8651,9.1,0.2946,78.987,131.9843,132.031,7.2,7.09);
INSERT INTO organ_function VALUES ('a17ca44e-5c83-49c5-83bd-6439a806edf4','912c017f-e593-4cc0-bd2b-dc75f83789b8','2022-11-19',72.8,1.2736,18.387,22.6124,13.8963,30.1088,70.4,385.0328,1.0424);
INSERT INTO immune_baseline VALUES ('ecdc8173-0307-4c73-9788-5edf489cc5ba','912c017f-e593-4cc0-bd2b-dc75f83789b8','2022-11-19',5.88,2.05,3.98,1.9415,758.5505,333.5173,324.2916,11.1524);
INSERT INTO hormonal_profile VALUES ('9d935258-c8f6-4b1a-908f-ca537b4ce05a','912c017f-e593-4cc0-bd2b-dc75f83789b8','2022-11-19',2.0,0.82,558.0,75.537,8.0,2.8105,5.786);
INSERT INTO pharmacogenomics VALUES ('19846d94-0b1e-461a-98ed-206ceedf9ac7','912c017f-e593-4cc0-bd2b-dc75f83789b8','UM','NM','IM','*28/*28','low',0,'NM');
INSERT INTO body_composition VALUES ('43acd454-a2e1-4035-8aa6-524a20cdcda6','912c017f-e593-4cc0-bd2b-dc75f83789b8','2022-11-19',20.5,40.5,29.4556,45.8151,20.7455,1.5101);
INSERT INTO microbiome_profile VALUES ('dd319066-c260-4707-9a7b-6323df892a15','912c017f-e593-4cc0-bd2b-dc75f83789b8','2022-11-19','gut','16S_rRNA_V4',3.9102,1.6542,0.0,'[{"genus": "Bacteroides", "rel": 0.181}, {"genus": "Faecalibacterium", "rel": 0.08}, {"genus": "Akkermansia", "rel": 0.0}]',0);
INSERT INTO tumor_staging VALUES ('a4ea4eb8-d78c-4615-98b9-28ae55c295a1','912c017f-e593-4cc0-bd2b-dc75f83789b8','2022-11-19','8500/3','C50.4','Invasive ductal carcinoma','T2','N1','M0','IIB',3,'right');
INSERT INTO imaging_measurement VALUES ('b8f48c9b-1099-4dcc-9a32-2c41b17b410d','912c017f-e593-4cc0-bd2b-dc75f83789b8','2022-11-09','MRI','L1','primary_left_breast',32.2,17480.9986,3.7486,'SD','{"entropy": 6.56, "sphericity": 0.85}');
INSERT INTO pathology_report VALUES ('bf840a8a-4b8e-44d6-bf8f-28d4fffa5f36','912c017f-e593-4cc0-bd2b-dc75f83789b8','2022-11-19','core_needle_biopsy','R0',4,19,0,0,7.2761);
INSERT INTO performance_status VALUES ('e8da17ad-2ea5-44f9-a9a3-d8a561d4c9e9','912c017f-e593-4cc0-bd2b-dc75f83789b8','2022-11-19',2,79,3,42.7146);
INSERT INTO liquid_biopsy VALUES ('9c0e863e-13cd-436b-b9be-d5d1a6cf2670','912c017f-e593-4cc0-bd2b-dc75f83789b8','2022-11-19',0.0238,10.71,6,'[]','detected',10.9393);
INSERT INTO treatment_regimen VALUES ('b092d612-a9cf-4a1b-b330-6a3b1e0121c8','912c017f-e593-4cc0-bd2b-dc75f83789b8',1,'Letrozole','adjuvant','2022-12-10','2024-03-16','planned_completion','PR',206);
INSERT INTO treatment_drug_dose VALUES ('b903e72d-294b-4dd7-8268-519ab9549e3d','b092d612-a9cf-4a1b-b330-6a3b1e0121c8','dea8e584-d12c-47bf-a4c0-e739973380b8','2022-12-10',71.0,68.0,4.2,'oral',1,1.4659);
INSERT INTO adverse_event VALUES ('aaaf3657-5ddf-4b32-b0ac-d9211eb01eff','912c017f-e593-4cc0-bd2b-dc75f83789b8','b092d612-a9cf-4a1b-b330-6a3b1e0121c8','Diarrhoea',2,'2023-03-05','2023-04-29','probable','none');
INSERT INTO adverse_event VALUES ('01a271c8-847c-4753-86db-6d4db3394588','912c017f-e593-4cc0-bd2b-dc75f83789b8','b092d612-a9cf-4a1b-b330-6a3b1e0121c8','Hand-foot syndrome',2,'2023-02-24','2023-03-07','probable','none');
INSERT INTO adverse_event VALUES ('37fa20f5-ec48-441a-a9f2-774dbef50f81','912c017f-e593-4cc0-bd2b-dc75f83789b8','b092d612-a9cf-4a1b-b330-6a3b1e0121c8','Alopecia',1,'2023-02-08','2023-03-01','probable','none');
INSERT INTO adverse_event VALUES ('1f834390-b4a9-4510-aa12-9abf90c8e45f','912c017f-e593-4cc0-bd2b-dc75f83789b8','b092d612-a9cf-4a1b-b330-6a3b1e0121c8','Nausea',1,'2023-02-19','2023-03-23','probable','none');
INSERT INTO carcinogen_exposure VALUES ('beda0881-ef82-4c4c-aec2-b91d4ef19554','912c017f-e593-4cc0-bd2b-dc75f83789b8','never',0.0,2.7599,32.3882,93.5459,'[]',0.0,0);
INSERT INTO diet_nutrition VALUES ('7afe391d-8d3c-43ab-ba21-d5a41481c8a9','912c017f-e593-4cc0-bd2b-dc75f83789b8','2022-11-19','FFQ',1888.0523,68.5925,227.7007,52.8647,17.0737,74.3876,29.3732,17.7614,'Mediterranean');
INSERT INTO physical_activity VALUES ('d7f81d75-4fdc-46ba-b464-83115b5a545e','912c017f-e593-4cc0-bd2b-dc75f83789b8','2022-11-19',744.8335,103.1694,68.9614,5.7974,42.6471,4985,40.6803);
INSERT INTO stress_psychology VALUES ('6c42abe7-0bdf-48ea-b3e5-74fc9563c027','912c017f-e593-4cc0-bd2b-dc75f83789b8','2022-11-19',17,6,9,43.664,345.96,7.3646,12);
INSERT INTO environmental_exposure VALUES ('72172b04-5cfc-4b58-abb9-835006774516','912c017f-e593-4cc0-bd2b-dc75f83789b8','2022-11-19',15.4233,20.2554,24.4327,'negative',NULL,'negative','negative',6.6694,'naive');
INSERT INTO socioeconomic_context VALUES ('d41fabe5-1f93-4abd-901f-d5ee62e4564f','912c017f-e593-4cc0-bd2b-dc75f83789b8','2022-11-19',71.6187,'public_Medicare',0.8241,0.8469,85.1357,'employed_part_time',22.7002,16);
INSERT INTO circadian_profile VALUES ('95d91aff-6013-4e13-8801-97b6e2b060d8','912c017f-e593-4cc0-bd2b-dc75f83789b8','2022-11-19','evening',78.1566,28.3837,'22:13',978.2799,1,9);

-- Patient 87: HER2+ HR-
INSERT INTO patient VALUES ('dc4d9300-f23f-4f36-a3db-d5cd0f006acd','MRN-6482926','1971-03-31','female','East Asian','{"EUR": 0.76, "AFR": 0.08}','2021-05-16','2021-05-16');
INSERT INTO genomic_sample VALUES ('5666b30a-32d9-458b-985f-1d6a1ba54e43','dc4d9300-f23f-4f36-a3db-d5cd0f006acd','tumor','C50.4','2021-05-19','Tempus xT',0.69,0,'FFPE');
INSERT INTO somatic_mutation VALUES ('9d3259d3-d12a-40a1-92d4-0912c5112fad','5666b30a-32d9-458b-985f-1d6a1ba54e43','CCND1','chr11',69465258,'G','T','SNV','missense_variant','p.Pro241Leu',0.2388,289,'oncogenic','COSV52718943','3A','SBS1');
INSERT INTO somatic_mutation VALUES ('66a71455-08d3-481d-8fff-66eba945c90c','5666b30a-32d9-458b-985f-1d6a1ba54e43','MAP3K1','chr5',56115628,'G','A','SNV','missense_variant','p.Glu1298Lys',0.1345,290,'oncogenic','COSV52721033','3A','SBS1');
INSERT INTO somatic_mutation VALUES ('dac47f67-de5a-4073-b2ee-adfdc992fcb2','5666b30a-32d9-458b-985f-1d6a1ba54e43','ESR1','chr6',152098794,'T','C','SNV','missense_variant','p.Tyr537Cys',0.2069,361,'oncogenic','COSV52744551','1','SBS1');
INSERT INTO somatic_mutation VALUES ('90f9eb14-7a3f-4b7f-9480-57d9b8ce2aac','5666b30a-32d9-458b-985f-1d6a1ba54e43','BRCA2','chr13',32338709,'A','T','SNV','stop_gained','p.Lys1690Ter',0.4286,387,'pathogenic','COSV52712043','1','SBS3');
INSERT INTO somatic_mutation VALUES ('b72e86b5-1ac5-4d92-b8a6-a461e24cad12','5666b30a-32d9-458b-985f-1d6a1ba54e43','TP53','chr17',7674220,'G','A','SNV','missense_variant','p.Arg248Trp',0.5029,136,'oncogenic','COSV52743007','1','SBS5');
INSERT INTO somatic_mutation VALUES ('da406f0d-4df1-40c9-b7a7-d41de6485b65','5666b30a-32d9-458b-985f-1d6a1ba54e43','MYC','chr8',127735434,'A','G','SNV','missense_variant','p.Thr58Ala',0.4367,135,'oncogenic','COSV52759832','3A','SBS5');
INSERT INTO copy_number_variant VALUES ('5e843df8-1c18-44fa-9e26-ab0b6769343c','5666b30a-32d9-458b-985f-1d6a1ba54e43','ERBB2','chr17',37800000,38200000,16.0,3.71,'amplification',1);
INSERT INTO copy_number_variant VALUES ('43e6d443-61dc-47bb-9b1b-9ae1f7449f76','5666b30a-32d9-458b-985f-1d6a1ba54e43','MYC','chr8',127700000,127800000,3.8,1.24,'neutral',0);
INSERT INTO copy_number_variant VALUES ('cb3de102-6e9b-4f12-b711-c8d249c5adb8','5666b30a-32d9-458b-985f-1d6a1ba54e43','CDKN2A','chr9',21967000,21995000,0.2,-1.82,'shallow_deletion',0);
INSERT INTO gene_expression VALUES ('ffe0e149-fb86-4bd8-9f5b-95ab6f48c4e6','5666b30a-32d9-458b-985f-1d6a1ba54e43','ENSG00000091831','ESR1',1.0,0.1,2,-1.32,30.2);
INSERT INTO gene_expression VALUES ('ca0a0c5f-c294-430a-8e38-d005f60a1e2d','5666b30a-32d9-458b-985f-1d6a1ba54e43','ENSG00000141736','ERBB2',452.16,45.22,1130,3.69,99.0);
INSERT INTO gene_expression VALUES ('1ea13c69-026b-4809-a199-18d699cefece','5666b30a-32d9-458b-985f-1d6a1ba54e43','ENSG00000148773','MKI67',269.16,26.92,673,1.66,74.9);
INSERT INTO gene_expression VALUES ('f1a2a337-cac4-4754-ab6e-791667ab0f91','5666b30a-32d9-458b-985f-1d6a1ba54e43','ENSG00000141510','TP53',60.63,12.64,160,-0.66,40.1);
INSERT INTO gene_expression VALUES ('6979ce10-9c27-40d1-bd37-c67d7df4e665','5666b30a-32d9-458b-985f-1d6a1ba54e43','ENSG00000012048','BRCA1',8.8,5.82,286,-1.24,31.4);
INSERT INTO gene_expression VALUES ('7e1d3fe9-3be9-4a37-8e00-9e57a610983d','5666b30a-32d9-458b-985f-1d6a1ba54e43','ENSG00000139618','BRCA2',37.36,3.62,391,-0.92,36.2);
INSERT INTO gene_expression VALUES ('290cbebe-1cd4-46ff-a43e-d4eacec55dcf','5666b30a-32d9-458b-985f-1d6a1ba54e43','ENSG00000171862','PTEN',53.56,10.13,348,-0.74,38.9);
INSERT INTO gene_expression VALUES ('5af54204-760d-4a7e-ab05-dc5fdac3b946','5666b30a-32d9-458b-985f-1d6a1ba54e43','ENSG00000136997','MYC',129.87,6.22,787,0.11,51.6);
INSERT INTO protein_expression VALUES ('c6885d96-c398-4800-979f-f89ce71ab985','5666b30a-32d9-458b-985f-1d6a1ba54e43','ESR1','P03372','IHC',-1.47,3.0,0,'NULL');
INSERT INTO protein_expression VALUES ('b0fc58f3-8131-41ba-8e31-428484819d13','5666b30a-32d9-458b-985f-1d6a1ba54e43','PGR','P06401','IHC',-0.8,70.0,2,'NULL');
INSERT INTO protein_expression VALUES ('2d9e48a4-9623-412c-8b9f-dbb99c116ec3','5666b30a-32d9-458b-985f-1d6a1ba54e43','ERBB2','P04626','IHC',1.5,300.0,8,'pY1248');
INSERT INTO protein_expression VALUES ('173ec5d9-491e-4240-ad53-e5b79d5e0928','5666b30a-32d9-458b-985f-1d6a1ba54e43','MKI67','P46013','IHC',-0.42,101.0,0,'NULL');
INSERT INTO epigenetic_mark VALUES ('c6e6c660-be7c-4639-849b-1081c310b8fc','5666b30a-32d9-458b-985f-1d6a1ba54e43','DNA_methylation','cg15629539',0.622,'0.719','ESR1','CpG_island',NULL);
INSERT INTO epigenetic_mark VALUES ('3a09083b-8529-4a9e-b77c-ce154bed699b','5666b30a-32d9-458b-985f-1d6a1ba54e43','DNA_methylation','cg27053763',0.094,'-3.269','BRCA1','promoter',NULL);
INSERT INTO epigenetic_mark VALUES ('d0aba489-690f-4393-bf59-16c2568dc2e9','5666b30a-32d9-458b-985f-1d6a1ba54e43','H3K27ac','chr17:37800000-37850000',0.332,NULL,'ERBB2','enhancer','4.222');
INSERT INTO ncrna_profile VALUES ('35b8f259-8365-446b-958d-1f37bbb846c9','5666b30a-32d9-458b-985f-1d6a1ba54e43','miRNA','hsa-miR-21-5p','miR-21-5p',3.61,'["PTEN", "PDCD4"]');
INSERT INTO ncrna_profile VALUES ('63856ce1-06c8-4cc7-806d-74325b3c81bd','5666b30a-32d9-458b-985f-1d6a1ba54e43','miRNA','hsa-miR-155-5p','miR-155-5p',4.29,'["SHIP1", "SOCS1"]');
INSERT INTO ncrna_profile VALUES ('686660a6-e1cb-45c0-a408-3b0f2b343b7a','5666b30a-32d9-458b-985f-1d6a1ba54e43','lncRNA','ENSG00000228630','HOTAIR',1.08,'["SHIP1", "SOCS1"]');
INSERT INTO ncrna_profile VALUES ('81cdd0be-32b9-48cd-88c6-c7666ef6fa89','5666b30a-32d9-458b-985f-1d6a1ba54e43','lncRNA','ENSG00000251562','MALAT1',54.97,'["SHIP1", "SOCS1"]');
INSERT INTO metabolomics_profile VALUES ('b13acd36-bca3-4d13-a7ac-e9d102b7b837','5666b30a-32d9-458b-985f-1d6a1ba54e43','Lactate','HMDB0000190','C00186',1.94,'LC-MS','organic_acid',-0.04);
INSERT INTO metabolomics_profile VALUES ('01ef0772-b670-4b06-8bac-f65d51b53d42','5666b30a-32d9-458b-985f-1d6a1ba54e43','Glutamine','HMDB0000641','C00064',0.33,'LC-MS','amino_acid',-1.11);
INSERT INTO metabolomics_profile VALUES ('c2ef6f5e-024e-45bc-9b75-06b2abad3b37','5666b30a-32d9-458b-985f-1d6a1ba54e43','Glucose','HMDB0000122','C00031',4.44,'LC-MS','carbohydrate',1.63);
INSERT INTO metabolomics_profile VALUES ('a50dfbe0-00a4-4a17-8f5f-b991ced942e5','5666b30a-32d9-458b-985f-1d6a1ba54e43','Phosphocholine','HMDB0001565','C00588',0.12,'LC-MS','lipid',-1.25);
INSERT INTO tumor_clone VALUES ('ded60282-6976-4416-b800-43a350c54fd0','5666b30a-32d9-458b-985f-1d6a1ba54e43','clone_A',0.58,'[]',1,1,0.1995);
INSERT INTO tumor_clone VALUES ('e2bcc718-b9d2-452b-a185-694cf7309b09','5666b30a-32d9-458b-985f-1d6a1ba54e43','clone_B',0.42,'[]',0,2,0.0902);
INSERT INTO cell_cycle_state VALUES ('a382f73b-f4d5-4f65-a1c2-39f6a9d871d1','5666b30a-32d9-458b-985f-1d6a1ba54e43',0.597,0.176,0.083,0.144,36.1116,426.0,0.7);
INSERT INTO apoptosis_marker VALUES ('1e7fe2fe-3b94-4a08-a399-dcb3e5068ebf','5666b30a-32d9-458b-985f-1d6a1ba54e43',33.0,55.4639,124.0,0.27,0.0973,5.9198,2.2596);
INSERT INTO dna_repair_status VALUES ('434f2c93-bec3-482d-86b9-e3675e8e6a65','5666b30a-32d9-458b-985f-1d6a1ba54e43','mutated_somatic','mutated_somatic','proficient_MMR',0.04,8.9,36.6,0,'wildtype');
INSERT INTO metabolic_phenotype VALUES ('8e1420a4-a9a1-4ed6-90a2-bd08f9fc66b8','5666b30a-32d9-458b-985f-1d6a1ba54e43',0.306,85.2243,0.367,0.5774,0.172,1.1239,0.8322);
INSERT INTO stemness_profile VALUES ('1f53deb1-70bc-4c97-95b2-b8abfaf004f7','5666b30a-32d9-458b-985f-1d6a1ba54e43',58.779,21.9703,16.1559,0.1758,0.286,0.373,0.3635,0.2241);
INSERT INTO drug_resistance_feature VALUES ('0d33aab2-6a80-49f6-8da3-25f3fccbb634','5666b30a-32d9-458b-985f-1d6a1ba54e43',0.1,0.8189,0.8137,1.5248,'[]',0.1425);
INSERT INTO immune_infiltration VALUES ('3d96f8dd-250b-4d15-8c89-94dbda7d4736','5666b30a-32d9-458b-985f-1d6a1ba54e43',7.0,17.0603,10.7169,7.0032,7.5109,9.468,16.58,3.4516,3.1869,'CIBERSORT');
INSERT INTO checkpoint_expression VALUES ('12ec3c9c-675b-4fb9-98e8-eb267b074ac8','5666b30a-32d9-458b-985f-1d6a1ba54e43',30.9,55.62,5.877,24.03,14.1461,10.2195,12.7087,19.7355);
INSERT INTO cytokine_milieu VALUES ('73d0332c-2994-4b3a-9895-c7564722dbd5','5666b30a-32d9-458b-985f-1d6a1ba54e43',54.5551,12.3595,2.6383,20.1249,20.2412,14.3,34.6275,213.2452);
INSERT INTO stromal_composition VALUES ('e8cb296e-6dba-435b-a395-041768879b3d','5666b30a-32d9-458b-985f-1d6a1ba54e43',0.3622,0.095,0.0929,0.4702,3.8974,23.5156);
INSERT INTO ecm_profile VALUES ('f46f71ab-4c29-41ff-9516-f448d14ee625','5666b30a-32d9-458b-985f-1d6a1ba54e43',5.491,1.8092,8.7618,0.2728,0.4011,0.3999,0.4258);
INSERT INTO hypoxia_vasculature VALUES ('278c83d5-c17e-4fe0-9e01-084f34b1e087','5666b30a-32d9-458b-985f-1d6a1ba54e43',0.31,0.637,9.4,0.3607,134.0459,233.6787,64.6172,17.7,7.23);
INSERT INTO organ_function VALUES ('1fb81d72-fdb5-408f-b063-7e58d7c62f74','dc4d9300-f23f-4f36-a3db-d5cd0f006acd','2021-05-16',75.1,1.3012,37.0192,26.615,15.6454,37.3153,73.2,423.2852,1.0929);
INSERT INTO immune_baseline VALUES ('ad875a95-226f-47d0-8da5-d9beee856782','dc4d9300-f23f-4f36-a3db-d5cd0f006acd','2021-05-16',8.56,1.97,3.87,1.9645,571.2182,581.6929,285.223,10.2773);
INSERT INTO hormonal_profile VALUES ('5353e60e-d15d-4426-9f59-2fddea8db7f8','dc4d9300-f23f-4f36-a3db-d5cd0f006acd','2021-05-16',153.8,0.48,378.0,52.8132,14.8191,2.4388,6.0561);
INSERT INTO pharmacogenomics VALUES ('790450a9-cae6-4720-b4b0-68a670be8aa8','dc4d9300-f23f-4f36-a3db-d5cd0f006acd','NM','IM','NM','*28/*28','low',0,'NM');
INSERT INTO body_composition VALUES ('e91a5188-1ddd-4e83-aca9-39f862f5a52b','dc4d9300-f23f-4f36-a3db-d5cd0f006acd','2021-05-16',28.6,38.3,31.6845,58.5875,32.1913,1.6148);
INSERT INTO microbiome_profile VALUES ('620faee9-0b17-4a15-b886-d2f03f190a5c','dc4d9300-f23f-4f36-a3db-d5cd0f006acd','2021-05-16','gut','16S_rRNA_V4',2.8613,2.5057,0.0,'[{"genus": "Bacteroides", "rel": 0.273}, {"genus": "Faecalibacterium", "rel": 0.128}, {"genus": "Akkermansia", "rel": 0.0}]',0);
INSERT INTO tumor_staging VALUES ('c67389ae-15d6-4c27-86a3-b178df0b892d','dc4d9300-f23f-4f36-a3db-d5cd0f006acd','2021-05-16','8500/3','C50.4','Invasive ductal carcinoma','T3','N2','M0','IIIA',2,'left');
INSERT INTO imaging_measurement VALUES ('502104eb-d6f4-4de5-a110-84140f7f38e0','dc4d9300-f23f-4f36-a3db-d5cd0f006acd','2021-04-22','MRI','L1','primary_left_breast',21.2,4988.9162,3.2504,'SD','{"entropy": 5.48, "sphericity": 0.74}');
INSERT INTO pathology_report VALUES ('a5743a62-8250-4ac8-b3bb-8796a062a26b','dc4d9300-f23f-4f36-a3db-d5cd0f006acd','2021-05-16','core_needle_biopsy','R0',7,16,0,0,41.1379);
INSERT INTO performance_status VALUES ('f14ba734-2840-4a59-b8bc-5f7815500de3','dc4d9300-f23f-4f36-a3db-d5cd0f006acd','2021-05-16',2,76,2,33.3269);
INSERT INTO liquid_biopsy VALUES ('26d24373-de83-45f1-bcab-a3ea75fcd35a','dc4d9300-f23f-4f36-a3db-d5cd0f006acd','2021-05-16',0.1247,56.115,2,'[]','detected',13.1421);
INSERT INTO treatment_regimen VALUES ('bc53a777-0eda-41e3-89dd-7d05c9b59106','dc4d9300-f23f-4f36-a3db-d5cd0f006acd',1,'Pertuzumab+Tras','neoadjuvant','2021-06-19','2022-10-22','planned_completion','PR',268);
INSERT INTO treatment_drug_dose VALUES ('190ad8d4-64aa-4996-b88d-1f43b50ba353','bc53a777-0eda-41e3-89dd-7d05c9b59106','ee7cd6f0-c90e-4aa4-be8c-5bd7dbf650f6','2021-06-19',70.0,62.0,11.4,'IV',1,1.6366);
INSERT INTO adverse_event VALUES ('a9019480-0a6c-4d8b-bc51-6698b5a02bed','dc4d9300-f23f-4f36-a3db-d5cd0f006acd','bc53a777-0eda-41e3-89dd-7d05c9b59106','Alopecia',1,'2021-08-11','2021-09-11','probable','none');
INSERT INTO adverse_event VALUES ('d443207e-274c-4617-a2b3-491f0e96364d','dc4d9300-f23f-4f36-a3db-d5cd0f006acd','bc53a777-0eda-41e3-89dd-7d05c9b59106','Neutropenia',2,'2021-06-27','2021-08-15','probable','none');
INSERT INTO radiation_plan VALUES ('49678a47-e2c9-4731-808d-79de36014902','dc4d9300-f23f-4f36-a3db-d5cd0f006acd','photon_EBRT','CTV',51.8433,2.0,25,5,'IMRT',NULL,'{"heart": {"V20Gy_pct": "<25"}, "lung": {"mean_Gy": "<18"}}');
INSERT INTO carcinogen_exposure VALUES ('110f0eae-eb15-45f4-a5ed-204a68e2641c','dc4d9300-f23f-4f36-a3db-d5cd0f006acd','never',0.0,0.4875,28.6423,59.4283,'[]',0.0,0);
INSERT INTO diet_nutrition VALUES ('a9bf6656-6479-4963-99fe-38cf37a0401f','dc4d9300-f23f-4f36-a3db-d5cd0f006acd','2021-05-16','FFQ',1979.111,51.7308,255.2335,66.8321,22.7345,61.5073,14.0093,1.8015,'Mediterranean');
INSERT INTO physical_activity VALUES ('8eae007a-14b7-4129-91fb-9d6843dbabc1','dc4d9300-f23f-4f36-a3db-d5cd0f006acd','2021-05-16',593.0533,116.5261,85.3699,5.4063,20.0308,7808,19.6096);
INSERT INTO stress_psychology VALUES ('da027d2d-702e-41aa-8e22-3613bfa16a58','dc4d9300-f23f-4f36-a3db-d5cd0f006acd','2021-05-16',3,9,5,46.3526,234.36,7.2559,8);
INSERT INTO environmental_exposure VALUES ('0ba84c13-cb32-4d2a-9eab-6a23dd48e6bc','dc4d9300-f23f-4f36-a3db-d5cd0f006acd','2021-05-16',12.6444,14.1135,47.9175,'negative',NULL,'negative','negative',5.0399,'naive');
INSERT INTO socioeconomic_context VALUES ('4e5030e0-b440-4eaf-9ea2-014dcf550417','dc4d9300-f23f-4f36-a3db-d5cd0f006acd','2021-05-16',67.6965,'private',0.7837,0.7142,77.5589,'employed_part_time',37.979,14);
INSERT INTO circadian_profile VALUES ('59c461e5-1450-4bc3-bc17-93d440a89a82','dc4d9300-f23f-4f36-a3db-d5cd0f006acd','2021-05-16','morning',73.202,20.9862,'22:55',922.4299,0,11);

-- Patient 88: HR+/HER2- early
INSERT INTO patient VALUES ('c5ce65bc-9937-471d-b78c-d94bd8d129cf','MRN-3340581','1957-03-30','female','East Asian','{"EUR": 0.31, "AFR": 0.18}','2019-01-13','2019-01-13');
INSERT INTO genomic_sample VALUES ('82948d3c-3e83-4eef-8a13-fa8358c7adde','c5ce65bc-9937-471d-b78c-d94bd8d129cf','tumor','C50.4','2019-01-17','Illumina NovaSeq 6000 WGS',0.66,0,'FFPE');
INSERT INTO somatic_mutation VALUES ('590ffb04-5500-414b-b5f9-9d057f31facf','82948d3c-3e83-4eef-8a13-fa8358c7adde','GATA3','chr10',8115610,'CT','C','indel','frameshift_variant','p.Thr443fs',0.4349,240,'oncogenic','COSV52704812','1','SBS5');
INSERT INTO somatic_mutation VALUES ('87dcb241-3cba-45b4-b938-8f6614c73e8c','82948d3c-3e83-4eef-8a13-fa8358c7adde','ERBB2','chr17',39725084,'A','G','SNV','missense_variant','p.Leu755Ser',0.3338,306,'oncogenic','COSV52735019','1','SBS5');
INSERT INTO somatic_mutation VALUES ('518cf3da-5c30-4241-9637-b3ab97d2fead','82948d3c-3e83-4eef-8a13-fa8358c7adde','PIK3CA','chr3',179234297,'C','T','SNV','missense_variant','p.His1047Arg',0.3973,154,'oncogenic','COSV52748762','1','SBS1');
INSERT INTO copy_number_variant VALUES ('b076abce-0dc7-4259-93b1-b3075bb8c664','82948d3c-3e83-4eef-8a13-fa8358c7adde','MYC','chr8',127700000,127800000,4.5,-0.21,'amplification',0);
INSERT INTO copy_number_variant VALUES ('d630d40d-efa8-48dd-b808-23547c480e48','82948d3c-3e83-4eef-8a13-fa8358c7adde','CDKN2A','chr9',21967000,21995000,0.6,-1.98,'shallow_deletion',0);
INSERT INTO gene_expression VALUES ('4ce5c0f3-ad26-4af7-972b-aab91710455e','82948d3c-3e83-4eef-8a13-fa8358c7adde','ENSG00000091831','ESR1',550.07,55.01,1375,4.78,99.0);
INSERT INTO gene_expression VALUES ('1ad522cd-8bd7-4af3-aef9-601ab35125e3','82948d3c-3e83-4eef-8a13-fa8358c7adde','ENSG00000141736','ERBB2',5.0,0.5,12,-1.28,30.8);
INSERT INTO gene_expression VALUES ('45c6577b-eda6-4d19-9b4d-fb0842a08b36','82948d3c-3e83-4eef-8a13-fa8358c7adde','ENSG00000148773','MKI67',125.99,12.6,315,0.07,51.0);
INSERT INTO gene_expression VALUES ('1f200e11-c631-4a55-88c7-fabb06a87c17','82948d3c-3e83-4eef-8a13-fa8358c7adde','ENSG00000141510','TP53',77.09,8.96,287,-0.48,42.8);
INSERT INTO gene_expression VALUES ('fd818edb-c2ec-4c6d-af78-e8d2818a09a4','82948d3c-3e83-4eef-8a13-fa8358c7adde','ENSG00000012048','BRCA1',37.91,4.53,316,-0.91,36.4);
INSERT INTO gene_expression VALUES ('185e59c1-6e40-4ebc-aeb1-b94414ffb9e4','82948d3c-3e83-4eef-8a13-fa8358c7adde','ENSG00000139618','BRCA2',45.87,6.28,193,-0.82,37.7);
INSERT INTO gene_expression VALUES ('90a7cf62-f943-42f0-b548-2f1da175ae73','82948d3c-3e83-4eef-8a13-fa8358c7adde','ENSG00000171862','PTEN',63.8,7.05,397,-0.62,40.7);
INSERT INTO gene_expression VALUES ('fb3ce1c1-1c7b-41fc-84e5-92e4048a1564','82948d3c-3e83-4eef-8a13-fa8358c7adde','ENSG00000136997','MYC',98.75,5.25,420,-0.24,46.4);
INSERT INTO protein_expression VALUES ('217fae1b-7a37-4fb0-a65d-abbda78aa74f','82948d3c-3e83-4eef-8a13-fa8358c7adde','ESR1','P03372','IHC',1.02,252.0,6,'NULL');
INSERT INTO protein_expression VALUES ('88d97d9b-6bab-4e12-81ae-c427d2cc0109','82948d3c-3e83-4eef-8a13-fa8358c7adde','PGR','P06401','IHC',0.44,194.0,5,'NULL');
INSERT INTO protein_expression VALUES ('8cf0a7ae-cd9f-42dc-8b44-d46b20c725b3','82948d3c-3e83-4eef-8a13-fa8358c7adde','ERBB2','P04626','IHC',-1.41,9.0,0,'pY1248');
INSERT INTO protein_expression VALUES ('f03e5dc9-6468-43bf-b786-065fc40433ec','82948d3c-3e83-4eef-8a13-fa8358c7adde','MKI67','P46013','IHC',-0.94,52.0,0,'NULL');
INSERT INTO epigenetic_mark VALUES ('b8278104-6603-4b37-95a1-26d350296af4','82948d3c-3e83-4eef-8a13-fa8358c7adde','DNA_methylation','cg15629539',0.086,'-3.41','ESR1','CpG_island',NULL);
INSERT INTO epigenetic_mark VALUES ('1060908b-52c6-4233-bc4f-0ba466492c4f','82948d3c-3e83-4eef-8a13-fa8358c7adde','DNA_methylation','cg27053763',0.015,'-6.037','BRCA1','promoter',NULL);
INSERT INTO epigenetic_mark VALUES ('8235ddb6-73ba-4220-ba93-e37737336847','82948d3c-3e83-4eef-8a13-fa8358c7adde','H3K27ac','chr17:37800000-37850000',0.349,NULL,'ERBB2','enhancer','2.064');
INSERT INTO ncrna_profile VALUES ('61c3dfa8-c218-42fb-a638-955eca1d07b0','82948d3c-3e83-4eef-8a13-fa8358c7adde','miRNA','hsa-miR-21-5p','miR-21-5p',2.65,'["PTEN", "PDCD4"]');
INSERT INTO ncrna_profile VALUES ('5d4481e3-8952-4e65-ad18-fc50e8f83483','82948d3c-3e83-4eef-8a13-fa8358c7adde','miRNA','hsa-miR-155-5p','miR-155-5p',7.33,'["SHIP1", "SOCS1"]');
INSERT INTO ncrna_profile VALUES ('84a6d822-1791-4edf-a205-56b33ce6f952','82948d3c-3e83-4eef-8a13-fa8358c7adde','lncRNA','ENSG00000228630','HOTAIR',3.03,'["SHIP1", "SOCS1"]');
INSERT INTO ncrna_profile VALUES ('44867ae7-36fa-4e30-b18a-310d35746533','82948d3c-3e83-4eef-8a13-fa8358c7adde','lncRNA','ENSG00000251562','MALAT1',35.79,'["SHIP1", "SOCS1"]');
INSERT INTO metabolomics_profile VALUES ('33596118-9199-4961-8f6a-714f5e52c421','82948d3c-3e83-4eef-8a13-fa8358c7adde','Lactate','HMDB0000190','C00186',2.21,'LC-MS','organic_acid',0.14);
INSERT INTO metabolomics_profile VALUES ('ee904b0a-7fd6-43ef-be1b-d8791b009226','82948d3c-3e83-4eef-8a13-fa8358c7adde','Glutamine','HMDB0000641','C00064',0.38,'LC-MS','amino_acid',-1.08);
INSERT INTO metabolomics_profile VALUES ('e2f00441-c3da-4ff1-bb87-2d46240c5714','82948d3c-3e83-4eef-8a13-fa8358c7adde','Glucose','HMDB0000122','C00031',5.35,'LC-MS','carbohydrate',2.23);
INSERT INTO metabolomics_profile VALUES ('3cb453be-d500-4f64-83b1-6aa49129d49b','82948d3c-3e83-4eef-8a13-fa8358c7adde','Phosphocholine','HMDB0001565','C00588',0.19,'LC-MS','lipid',-1.21);
INSERT INTO tumor_clone VALUES ('1d5f4c52-720e-4653-b6be-189cef2adc0e','82948d3c-3e83-4eef-8a13-fa8358c7adde','clone_A',0.59,'[]',1,1,0.1452);
INSERT INTO tumor_clone VALUES ('888d4fca-0e9d-49b4-8e6a-2f7bb7b44301','82948d3c-3e83-4eef-8a13-fa8358c7adde','clone_B',0.41,'[]',0,2,0.0734);
INSERT INTO cell_cycle_state VALUES ('cdfee571-8c55-497e-b979-07b1e7306268','82948d3c-3e83-4eef-8a13-fa8358c7adde',0.706,0.081,0.048,0.165,18.5073,480.0,2.0);
INSERT INTO apoptosis_marker VALUES ('b3cf9b95-f781-4164-b1bd-a23a3be9aade','82948d3c-3e83-4eef-8a13-fa8358c7adde',178.0,143.523,85.0,2.09,0.1774,3.648,0.7242);
INSERT INTO dna_repair_status VALUES ('65de01ff-13f2-4b76-b7e1-64c666a4d6c6','82948d3c-3e83-4eef-8a13-fa8358c7adde','wildtype','wildtype','proficient_MMR',0.04,5.5,26.7,0,'wildtype');
INSERT INTO metabolic_phenotype VALUES ('19c8a1d7-68ea-4d3a-8f37-5a7c43e2ad41','82948d3c-3e83-4eef-8a13-fa8358c7adde',0.317,60.5025,0.2822,0.2906,0.2843,1.0585,0.5952);
INSERT INTO stemness_profile VALUES ('1c927314-acc4-423f-9cc5-ad343bb0798c','82948d3c-3e83-4eef-8a13-fa8358c7adde',64.7471,0.0,0.0,0.2706,0.503,0.121,0.1216,0.0928);
INSERT INTO drug_resistance_feature VALUES ('4f3e93f3-6553-49f4-b691-d246ef4c7a9d','82948d3c-3e83-4eef-8a13-fa8358c7adde',0.62,0.7428,0.2507,0.6306,'[]',0.6298);
INSERT INTO immune_infiltration VALUES ('cbe42255-b143-494e-85b7-2806ea2278ad','82948d3c-3e83-4eef-8a13-fa8358c7adde',7.2,7.3449,6.9031,5.8921,3.5605,6.6475,15.8495,4.0516,9.5688,'CIBERSORT');
INSERT INTO checkpoint_expression VALUES ('3fac35f4-8e80-4eca-82dd-94aa71921631','82948d3c-3e83-4eef-8a13-fa8358c7adde',0.0,0.0,8.8074,11.4697,12.7309,10.1488,6.1121,31.2679);
INSERT INTO cytokine_milieu VALUES ('fd806a0d-48b9-4d99-8eeb-354b992c3af9','82948d3c-3e83-4eef-8a13-fa8358c7adde',25.4214,9.7438,10.9561,26.7315,20.3545,11.2,26.1013,77.0241);
INSERT INTO stromal_composition VALUES ('a6a9a276-be86-403c-be08-d681273cd30d','82948d3c-3e83-4eef-8a13-fa8358c7adde',0.1829,0.0601,0.138,0.4452,3.8436,28.8334);
INSERT INTO ecm_profile VALUES ('b83cbbb7-eca6-4bd5-a394-da9b95709472','82948d3c-3e83-4eef-8a13-fa8358c7adde',8.0024,8.3996,13.3627,0.3094,0.4385,0.4274,0.3545);
INSERT INTO hypoxia_vasculature VALUES ('64d62de8-b664-4485-9782-cc15cd0a61c8','82948d3c-3e83-4eef-8a13-fa8358c7adde',1.45,0.6046,5.2,0.1475,130.8254,220.6306,96.029,6.8,6.95);
INSERT INTO organ_function VALUES ('803316d4-225e-4e3a-8515-10ba39e4eee6','c5ce65bc-9937-471d-b78c-d94bd8d129cf','2019-01-13',66.0,1.192,26.0206,17.4761,11.8757,38.3708,69.6,417.2041,1.0565);
INSERT INTO immune_baseline VALUES ('82d7db53-09cd-4301-b3ce-fcd2783bb2ee','c5ce65bc-9937-471d-b78c-d94bd8d129cf','2019-01-13',6.81,1.3,4.0,3.0769,442.1324,464.8223,251.3996,11.2441);
INSERT INTO hormonal_profile VALUES ('b4a3696c-c360-4891-9df7-10a3211040a0','c5ce65bc-9937-471d-b78c-d94bd8d129cf','2019-01-13',31.3,0.54,480.0,107.7889,14.9157,0.9678,9.5739);
INSERT INTO pharmacogenomics VALUES ('37ea575a-d471-4022-80a6-6280bd28852a','c5ce65bc-9937-471d-b78c-d94bd8d129cf','NM','UM','NM','*1/*28','normal',1,'NM');
INSERT INTO body_composition VALUES ('b3d40fd4-b9f3-4a7f-9771-2d39e4eea313','c5ce65bc-9937-471d-b78c-d94bd8d129cf','2019-01-13',28.9,43.7,32.9236,125.78,36.579,1.6692);
INSERT INTO microbiome_profile VALUES ('1de3f5d7-ec2c-4290-b7ed-8d3160a2afd0','c5ce65bc-9937-471d-b78c-d94bd8d129cf','2019-01-13','gut','16S_rRNA_V4',3.8207,2.4544,0.009,'[{"genus": "Bacteroides", "rel": 0.186}, {"genus": "Faecalibacterium", "rel": 0.083}, {"genus": "Akkermansia", "rel": 0.009}]',0);
INSERT INTO tumor_staging VALUES ('3f10286a-19a3-46db-99b0-831c7751d8e2','c5ce65bc-9937-471d-b78c-d94bd8d129cf','2019-01-13','8500/3','C50.4','Invasive ductal carcinoma','T2','N1','M0','IIB',1,'left');
INSERT INTO imaging_measurement VALUES ('e40a09e8-a095-473a-887a-0fe499acbe84','c5ce65bc-9937-471d-b78c-d94bd8d129cf','2019-01-04','MRI','L1','primary_left_breast',26.0,9202.7721,3.8407,'SD','{"entropy": 6.42, "sphericity": 0.66}');
INSERT INTO pathology_report VALUES ('b18d47f8-743e-4938-a041-60da85f462b4','c5ce65bc-9937-471d-b78c-d94bd8d129cf','2019-01-13','core_needle_biopsy','R0',8,8,1,0,28.2418);
INSERT INTO performance_status VALUES ('6f2e85c1-85a6-4e3d-a89f-c327573426a8','c5ce65bc-9937-471d-b78c-d94bd8d129cf','2019-01-13',1,70,2,35.5514);
INSERT INTO liquid_biopsy VALUES ('854cde72-2c49-4fa9-91a8-5f8b7aa1ff7c','c5ce65bc-9937-471d-b78c-d94bd8d129cf','2019-01-13',0.1277,57.465,2,'[]','detected',13.7419);
INSERT INTO treatment_regimen VALUES ('06549b3b-311b-4046-a6e2-16849560a418','c5ce65bc-9937-471d-b78c-d94bd8d129cf',1,'Letrozole','adjuvant','2019-02-24','2019-08-24','planned_completion','PR',547);
INSERT INTO treatment_drug_dose VALUES ('69ed4577-1f00-4b55-9949-92b284ba8e2f','06549b3b-311b-4046-a6e2-16849560a418','dea8e584-d12c-47bf-a4c0-e739973380b8','2019-02-24',70.0,61.0,12.9,'oral',1,1.8969);
INSERT INTO adverse_event VALUES ('11e69e33-289f-4094-9c3f-9a846b5ab7d1','c5ce65bc-9937-471d-b78c-d94bd8d129cf','06549b3b-311b-4046-a6e2-16849560a418','Diarrhoea',1,'2019-03-03','2019-03-18','probable','none');
INSERT INTO adverse_event VALUES ('0fe26624-a99a-4996-9d19-65f157fc9c99','c5ce65bc-9937-471d-b78c-d94bd8d129cf','06549b3b-311b-4046-a6e2-16849560a418','Arthralgia',2,'2019-04-17','2019-05-07','probable','none');
INSERT INTO radiation_plan VALUES ('332bfe88-bd31-4b62-b3ce-883edbf15c62','c5ce65bc-9937-471d-b78c-d94bd8d129cf','photon_EBRT','CTV',48.8443,2.0,25,5,'IMRT',NULL,'{"heart": {"V20Gy_pct": "<25"}, "lung": {"mean_Gy": "<18"}}');
INSERT INTO carcinogen_exposure VALUES ('46deaadd-d562-4654-b4f6-c9a16425d7e0','c5ce65bc-9937-471d-b78c-d94bd8d129cf','former',9.519,4.9976,32.2054,7.3247,'[]',0.0,0);
INSERT INTO diet_nutrition VALUES ('44a01ce8-480f-460d-a60d-bbf36e2bc238','c5ce65bc-9937-471d-b78c-d94bd8d129cf','2019-01-13','FFQ',2003.0372,68.4095,151.5797,85.2344,29.4987,64.8812,12.8454,4.7628,'plant_based');
INSERT INTO physical_activity VALUES ('10e433ef-ca78-4677-8e9e-78fb30201d5e','c5ce65bc-9937-471d-b78c-d94bd8d129cf','2019-01-13',625.5682,200.7388,204.6172,8.5627,29.3689,6365,25.7769);
INSERT INTO stress_psychology VALUES ('add95e75-de6c-4038-ae91-9b32f284eccd','c5ce65bc-9937-471d-b78c-d94bd8d129cf','2019-01-13',9,4,9,46.3987,297.6,7.7192,9);
INSERT INTO environmental_exposure VALUES ('2754d450-91ee-4928-8d11-08a4c4affebf','c5ce65bc-9937-471d-b78c-d94bd8d129cf','2019-01-13',3.19,17.1012,41.7741,'negative',NULL,'negative','negative',8.0233,'naive');
INSERT INTO socioeconomic_context VALUES ('5d9c0a50-f7f7-4927-860f-8feb7e3313e1','c5ce65bc-9937-471d-b78c-d94bd8d129cf','2019-01-13',25.2095,'public_Medicaid',0.6147,0.8753,53.6335,'employed_part_time',28.6655,13);
INSERT INTO circadian_profile VALUES ('11ac7e22-46e3-4d0c-9d20-0652c52f61c5','c5ce65bc-9937-471d-b78c-d94bd8d129cf','2019-01-13','morning',78.9089,28.7831,'22:46',884.985,0,8);

-- Patient 89: HR+ metastatic
INSERT INTO patient VALUES ('4711021c-7381-4141-82cd-6074f3f0bb12','MRN-3309233','1974-03-14','female','White','{"EUR": 0.33, "AFR": 0.11}','2023-04-04','2023-04-04');
INSERT INTO genomic_sample VALUES ('9ec2165f-0a81-48ed-9abf-0052d8278a74','4711021c-7381-4141-82cd-6074f3f0bb12','tumor','C50.4','2023-04-19','Tempus xT',0.59,0,'FFPE');
INSERT INTO somatic_mutation VALUES ('fe49a084-f5c7-486f-ab70-1b3a4433a044','9ec2165f-0a81-48ed-9abf-0052d8278a74','CCND1','chr11',69465258,'G','T','SNV','missense_variant','p.Pro241Leu',0.1261,231,'oncogenic','COSV52718943','3A','SBS1');
INSERT INTO somatic_mutation VALUES ('53172caa-a97c-4222-8dd3-6ffeeb61ce5e','9ec2165f-0a81-48ed-9abf-0052d8278a74','TP53','chr17',7674220,'G','A','SNV','missense_variant','p.Arg248Trp',0.5027,394,'oncogenic','COSV52743007','1','SBS5');
INSERT INTO somatic_mutation VALUES ('0d35ba55-5730-407a-b4c5-275e82f12562','9ec2165f-0a81-48ed-9abf-0052d8278a74','ESR1','chr6',152098794,'T','C','SNV','missense_variant','p.Tyr537Cys',0.161,133,'oncogenic','COSV52744551','1','SBS1');
INSERT INTO copy_number_variant VALUES ('263edff7-41a9-43de-801f-6089c4772b69','9ec2165f-0a81-48ed-9abf-0052d8278a74','MYC','chr8',127700000,127800000,1.0,-0.61,'neutral',0);
INSERT INTO copy_number_variant VALUES ('66e3a871-df80-4905-bca9-37b12d7b3604','9ec2165f-0a81-48ed-9abf-0052d8278a74','CDKN2A','chr9',21967000,21995000,0.3,-1.72,'shallow_deletion',0);
INSERT INTO gene_expression VALUES ('c477dda6-fd65-459b-9760-9cef91c29c83','9ec2165f-0a81-48ed-9abf-0052d8278a74','ENSG00000091831','ESR1',950.18,95.02,2375,9.22,99.0);
INSERT INTO gene_expression VALUES ('9c4efe1b-c498-43db-b389-1a1ea1391aa8','9ec2165f-0a81-48ed-9abf-0052d8278a74','ENSG00000141736','ERBB2',161.33,16.13,403,0.46,56.9);
INSERT INTO gene_expression VALUES ('8e6e2157-d8e0-440e-be4f-b17500ddfe71','9ec2165f-0a81-48ed-9abf-0052d8278a74','ENSG00000148773','MKI67',137.45,13.74,344,0.19,52.9);
INSERT INTO gene_expression VALUES ('3b3c4272-fe94-4258-986a-f99377f86e51','9ec2165f-0a81-48ed-9abf-0052d8278a74','ENSG00000141510','TP53',34.33,8.66,131,-0.95,35.8);
INSERT INTO gene_expression VALUES ('c3272767-da7a-428f-9f72-64fa90dface7','9ec2165f-0a81-48ed-9abf-0052d8278a74','ENSG00000012048','BRCA1',69.32,0.3,371,-0.56,41.6);
INSERT INTO gene_expression VALUES ('50e53253-4760-4c03-8090-ac2c17e986a7','9ec2165f-0a81-48ed-9abf-0052d8278a74','ENSG00000139618','BRCA2',31.29,3.68,248,-0.99,35.1);
INSERT INTO gene_expression VALUES ('be7d5e32-e97e-4504-88ea-33cd56d0eed5','9ec2165f-0a81-48ed-9abf-0052d8278a74','ENSG00000171862','PTEN',100.55,2.58,121,-0.22,46.7);
INSERT INTO gene_expression VALUES ('efc62c64-f546-4e7a-a5a8-4654161b6d29','9ec2165f-0a81-48ed-9abf-0052d8278a74','ENSG00000136997','MYC',14.11,6.37,771,-1.18,32.3);
INSERT INTO protein_expression VALUES ('f3458fcd-34b6-46ed-aaf2-f480e188725f','9ec2165f-0a81-48ed-9abf-0052d8278a74','ESR1','P03372','IHC',1.09,259.0,6,'NULL');
INSERT INTO protein_expression VALUES ('dc44b537-cfc2-444f-8eef-2730d886db21','9ec2165f-0a81-48ed-9abf-0052d8278a74','PGR','P06401','IHC',0.64,214.0,5,'NULL');
INSERT INTO protein_expression VALUES ('5dc6da4c-6edf-4a5b-abf1-925a4264303d','9ec2165f-0a81-48ed-9abf-0052d8278a74','ERBB2','P04626','IHC',-1.08,42.0,1,'pY1248');
INSERT INTO protein_expression VALUES ('c3e5b1cf-433c-442f-b268-b43330b6889d','9ec2165f-0a81-48ed-9abf-0052d8278a74','MKI67','P46013','IHC',-1.08,39.0,0,'NULL');
INSERT INTO epigenetic_mark VALUES ('537ac14f-8548-4775-bca2-f799bae6ee04','9ec2165f-0a81-48ed-9abf-0052d8278a74','H3K27ac','cg15629539',0.0,NULL,'ESR1','CpG_island',NULL);
INSERT INTO epigenetic_mark VALUES ('52627063-9b96-4d5e-95d0-f9331414304a','9ec2165f-0a81-48ed-9abf-0052d8278a74','DNA_methylation','cg27053763',0.097,'-3.219','BRCA1','promoter',NULL);
INSERT INTO epigenetic_mark VALUES ('116a0c55-9608-4cec-8163-1d1612ebeee6','9ec2165f-0a81-48ed-9abf-0052d8278a74','H3K27ac','chr17:37800000-37850000',0.275,NULL,'ERBB2','enhancer','2.214');
INSERT INTO ncrna_profile VALUES ('63001eaf-b8d3-4d99-8730-a60870a4312e','9ec2165f-0a81-48ed-9abf-0052d8278a74','miRNA','hsa-miR-21-5p','miR-21-5p',1.53,'["PTEN", "PDCD4"]');
INSERT INTO ncrna_profile VALUES ('cea0def0-9481-4952-9f3c-ccc5e5feeb06','9ec2165f-0a81-48ed-9abf-0052d8278a74','miRNA','hsa-miR-155-5p','miR-155-5p',5.36,'["SHIP1", "SOCS1"]');
INSERT INTO ncrna_profile VALUES ('ec92fa22-fc07-4e2b-bcd1-ac06b15521e4','9ec2165f-0a81-48ed-9abf-0052d8278a74','lncRNA','ENSG00000228630','HOTAIR',2.55,'["SHIP1", "SOCS1"]');
INSERT INTO ncrna_profile VALUES ('02b1997f-051d-424a-b6ff-79c09282d374','9ec2165f-0a81-48ed-9abf-0052d8278a74','lncRNA','ENSG00000251562','MALAT1',50.77,'["SHIP1", "SOCS1"]');
INSERT INTO metabolomics_profile VALUES ('d917b5a6-3bad-4a20-b01f-ac1757bf5783','9ec2165f-0a81-48ed-9abf-0052d8278a74','Lactate','HMDB0000190','C00186',2.19,'LC-MS','organic_acid',0.13);
INSERT INTO metabolomics_profile VALUES ('faec621b-b3f3-4798-b2f9-5e31ad60eee7','9ec2165f-0a81-48ed-9abf-0052d8278a74','Glutamine','HMDB0000641','C00064',0.55,'LC-MS','amino_acid',-0.97);
INSERT INTO metabolomics_profile VALUES ('ab301f6d-000d-419e-9933-5a735b339f4c','9ec2165f-0a81-48ed-9abf-0052d8278a74','Glucose','HMDB0000122','C00031',4.33,'LC-MS','carbohydrate',1.55);
INSERT INTO metabolomics_profile VALUES ('04fbb8f0-5566-4606-8123-8000a5544968','9ec2165f-0a81-48ed-9abf-0052d8278a74','Phosphocholine','HMDB0001565','C00588',0.16,'LC-MS','lipid',-1.23);
INSERT INTO tumor_clone VALUES ('ad0e892a-f0ff-4122-9c5d-4b85747d9739','9ec2165f-0a81-48ed-9abf-0052d8278a74','clone_A',0.77,'[]',1,1,0.1642);
INSERT INTO tumor_clone VALUES ('8aaef710-ada8-4033-8cc1-305ef15e1618','9ec2165f-0a81-48ed-9abf-0052d8278a74','clone_B',0.23,'[]',0,2,0.1002);
INSERT INTO cell_cycle_state VALUES ('ae774e15-00f7-4868-ac82-836ed479e6ca','9ec2165f-0a81-48ed-9abf-0052d8278a74',0.737,0.051,0.033,0.179,14.0775,480.0,4.0);
INSERT INTO apoptosis_marker VALUES ('ef2af928-550f-480c-ba15-b99b206aafc9','9ec2165f-0a81-48ed-9abf-0052d8278a74',205.0,124.943,100.0,2.05,0.2365,4.9801,0.8098);
INSERT INTO dna_repair_status VALUES ('b9bafbc7-6d1e-4142-ab06-582c854f2cc0','9ec2165f-0a81-48ed-9abf-0052d8278a74','wildtype','wildtype','proficient_MMR',0.04,4.9,14.8,0,'wildtype');
INSERT INTO metabolic_phenotype VALUES ('37eef5a7-d30e-4d68-b314-01c6eca0dd3b','9ec2165f-0a81-48ed-9abf-0052d8278a74',0.284,118.6606,0.165,0.3167,0.2675,1.0724,0.6265);
INSERT INTO stemness_profile VALUES ('8344c734-ec13-4bdb-be03-1646000ec002','9ec2165f-0a81-48ed-9abf-0052d8278a74',82.4256,5.1483,20.1492,0.0718,0.341,0.465,0.2973,0.1406);
INSERT INTO drug_resistance_feature VALUES ('57ba32fe-0df4-4cf3-b7c7-0c1389653847','9ec2165f-0a81-48ed-9abf-0052d8278a74',0.7,0.05,0.5688,0.6682,'[]',0.329);
INSERT INTO immune_infiltration VALUES ('1fbfd600-a1a4-4fc0-9782-bef51c7299df','9ec2165f-0a81-48ed-9abf-0052d8278a74',6.2,8.4704,6.8863,6.1566,5.2825,8.8703,17.2667,4.6967,10.7899,'CIBERSORT');
INSERT INTO checkpoint_expression VALUES ('a9702132-cdbc-4e0e-a3f0-e4135404478b','9ec2165f-0a81-48ed-9abf-0052d8278a74',9.5,17.1,4.0045,15.9919,9.744,7.0054,10.0921,9.8078);
INSERT INTO cytokine_milieu VALUES ('977b514f-f6f1-49cc-9266-7e24aad19cf6','9ec2165f-0a81-48ed-9abf-0052d8278a74',36.4099,19.2438,3.7522,12.1701,25.9704,14.6,5.0,99.669);
INSERT INTO stromal_composition VALUES ('a0aaad36-ca19-4f21-88c1-fcc0cc232b4d','9ec2165f-0a81-48ed-9abf-0052d8278a74',0.2467,0.1053,0.2052,0.3182,1.6864,29.0469);
INSERT INTO ecm_profile VALUES ('ddf64987-df3f-4809-8f6e-711f449f73ab','9ec2165f-0a81-48ed-9abf-0052d8278a74',10.3777,5.697,22.095,0.2432,0.4722,0.5302,0.3267);
INSERT INTO hypoxia_vasculature VALUES ('fdbca556-2c9f-44d4-8450-745ba767d47e','9ec2165f-0a81-48ed-9abf-0052d8278a74',0.92,0.6808,7.7,0.2612,54.8019,155.5193,54.9768,5.3,6.82);
INSERT INTO organ_function VALUES ('2b3f18b3-ae64-43ee-9593-ac4a7599007b','4711021c-7381-4141-82cd-6074f3f0bb12','2023-04-04',87.2,1.4464,22.5586,20.5766,10.1976,39.0925,62.7,395.3996,1.0207);
INSERT INTO immune_baseline VALUES ('dea69863-ac2b-4fdb-944e-be3d7999a055','4711021c-7381-4141-82cd-6074f3f0bb12','2023-04-04',5.61,1.69,5.91,3.497,691.1407,468.7757,307.9831,10.945);
INSERT INTO hormonal_profile VALUES ('a018ed2c-2eaf-47e2-94e6-1834e6eb7e26','4711021c-7381-4141-82cd-6074f3f0bb12','2023-04-04',203.3,0.4,466.0,57.3047,15.9182,2.0289,7.2183);
INSERT INTO pharmacogenomics VALUES ('72bf3b6f-e05c-4cdd-8955-b2ccebfcf600','4711021c-7381-4141-82cd-6074f3f0bb12','NM','NM','NM','*1/*1','normal',0,'NM');
INSERT INTO body_composition VALUES ('b36ed6ed-e41a-4620-8e9e-e09f7493e27f','4711021c-7381-4141-82cd-6074f3f0bb12','2023-04-04',27.6,36.3,25.9759,63.395,32.8334,1.6765);
INSERT INTO microbiome_profile VALUES ('eef9b652-7434-4572-bef9-e356c0badd80','4711021c-7381-4141-82cd-6074f3f0bb12','2023-04-04','gut','16S_rRNA_V4',2.2623,1.7946,0.0027,'[{"genus": "Bacteroides", "rel": 0.209}, {"genus": "Faecalibacterium", "rel": 0.124}, {"genus": "Akkermansia", "rel": 0.0027}]',0);
INSERT INTO tumor_staging VALUES ('015814ff-f73b-4a61-b163-b73990577378','4711021c-7381-4141-82cd-6074f3f0bb12','2023-04-04','8500/3','C50.4','Invasive ductal carcinoma','T4','N3','M1','IV',1,'right');
INSERT INTO imaging_measurement VALUES ('fa85d32a-94ac-4d46-bb1b-b3c24bccb0de','4711021c-7381-4141-82cd-6074f3f0bb12','2023-03-12','MRI','L1','primary_left_breast',8.8,356.8179,3.9713,'SD','{"entropy": 5.85, "sphericity": 0.85}');
INSERT INTO pathology_report VALUES ('9a91a0c1-2dab-4eec-863e-0aee027a7f5e','4711021c-7381-4141-82cd-6074f3f0bb12','2023-04-04','core_needle_biopsy','R0',2,17,0,0,0.0);
INSERT INTO performance_status VALUES ('e448accc-79e1-4c22-876d-7062bd365969','4711021c-7381-4141-82cd-6074f3f0bb12','2023-04-04',0,90,4,32.4894);
INSERT INTO liquid_biopsy VALUES ('d1862fed-2875-4c71-9945-034e3cca758d','4711021c-7381-4141-82cd-6074f3f0bb12','2023-04-04',0.0582,26.19,7,'[]','detected',11.7532);
INSERT INTO treatment_regimen VALUES ('c314685a-1ef3-4aaa-a2d8-3be41945d7ed','4711021c-7381-4141-82cd-6074f3f0bb12',1,'Palbociclib+Let','palliative','2023-05-05','2024-08-15','planned_completion','PR',327);
INSERT INTO treatment_drug_dose VALUES ('35c6eedb-cf1b-4446-ac69-7b83f3cf43b9','c314685a-1ef3-4aaa-a2d8-3be41945d7ed','14234f22-ddb9-4e92-883c-bd55730bb629','2023-05-05',76.0,69.0,9.2,'IV',1,0.8685);
INSERT INTO adverse_event VALUES ('48f61b5a-e49b-47e8-8f7f-9638d2c5fdd0','4711021c-7381-4141-82cd-6074f3f0bb12','c314685a-1ef3-4aaa-a2d8-3be41945d7ed','Fatigue',1,'2023-06-21','2023-07-23','probable','none');
INSERT INTO adverse_event VALUES ('6e22d8b3-f6ce-4d1f-b328-1445ec21466f','4711021c-7381-4141-82cd-6074f3f0bb12','c314685a-1ef3-4aaa-a2d8-3be41945d7ed','Hand-foot syndrome',1,'2023-07-13','2023-09-04','probable','none');
INSERT INTO adverse_event VALUES ('476c6052-ea62-4551-bdd0-bd57c8c7847f','4711021c-7381-4141-82cd-6074f3f0bb12','c314685a-1ef3-4aaa-a2d8-3be41945d7ed','Alopecia',1,'2023-07-07','2023-07-26','probable','none');
INSERT INTO adverse_event VALUES ('18b5ec32-20aa-44a7-91d7-8e8a163831c5','4711021c-7381-4141-82cd-6074f3f0bb12','c314685a-1ef3-4aaa-a2d8-3be41945d7ed','Peripheral sensory neuropathy',2,'2023-07-03','2023-08-21','probable','none');
INSERT INTO carcinogen_exposure VALUES ('64e44364-53a8-4c9f-925e-8e9bed7244da','4711021c-7381-4141-82cd-6074f3f0bb12','never',0.0,0.0,49.7974,5.0,'[]',0.0,0);
INSERT INTO diet_nutrition VALUES ('ac230469-6347-4972-9735-627c772c3af0','4711021c-7381-4141-82cd-6074f3f0bb12','2023-04-04','FFQ',1607.674,66.7287,312.0216,106.9977,30.3286,23.7332,46.8675,10.4786,'Mediterranean');
INSERT INTO physical_activity VALUES ('a0719913-a06c-4f86-b700-1a3c931503e9','4711021c-7381-4141-82cd-6074f3f0bb12','2023-04-04',852.3663,59.596,85.9517,7.9331,27.1993,8364,27.6951);
INSERT INTO stress_psychology VALUES ('a7f9d9c4-dfa1-4ac8-beca-d79d55e16e16','4711021c-7381-4141-82cd-6074f3f0bb12','2023-04-04',29,5,6,42.2164,288.92,5.6468,5);
INSERT INTO environmental_exposure VALUES ('5bd5df2b-049c-444e-9f7a-4ed6ed324b5f','4711021c-7381-4141-82cd-6074f3f0bb12','2023-04-04',14.3658,31.9868,52.5679,'negative',NULL,'negative','negative',12.3402,'naive');
INSERT INTO socioeconomic_context VALUES ('84cf4b17-4b0c-4bf1-ad26-6db0bcf58cf4','4711021c-7381-4141-82cd-6074f3f0bb12','2023-04-04',84.8512,'public_Medicaid',0.553,0.5417,71.6037,'employed_part_time',30.6182,16);
INSERT INTO circadian_profile VALUES ('5237ada7-7d49-4dcb-807d-4a9b66bab017','4711021c-7381-4141-82cd-6074f3f0bb12','2023-04-04','morning',88.8281,17.4123,'22:16',639.8,0,9);

-- Patient 90: HR+/HER2- early
INSERT INTO patient VALUES ('ef5ac149-8b88-475b-99c7-5daf2918eed7','MRN-1312811','1961-08-14','female','East Asian','{"EUR": 0.77, "AFR": 0.03}','2022-09-14','2022-09-14');
INSERT INTO genomic_sample VALUES ('4e30103e-1441-4747-9d1d-dca28b0b01c4','ef5ac149-8b88-475b-99c7-5daf2918eed7','tumor','C50.4','2022-09-21','Illumina NovaSeq 6000 WGS',0.74,0,'FFPE');
INSERT INTO somatic_mutation VALUES ('cdaad127-7e28-4535-a40a-f9746e3ec4c9','4e30103e-1441-4747-9d1d-dca28b0b01c4','ERBB2','chr17',39725084,'A','G','SNV','missense_variant','p.Leu755Ser',0.3463,135,'oncogenic','COSV52735019','1','SBS5');
INSERT INTO somatic_mutation VALUES ('1c88f176-f833-42e1-884e-45508b9dec86','4e30103e-1441-4747-9d1d-dca28b0b01c4','PIK3CA','chr3',179234297,'C','T','SNV','missense_variant','p.His1047Arg',0.2901,136,'oncogenic','COSV52748762','1','SBS1');
INSERT INTO somatic_mutation VALUES ('6342ad4c-4f0c-4068-b55e-6290fe7065b1','4e30103e-1441-4747-9d1d-dca28b0b01c4','MYC','chr8',127735434,'A','G','SNV','missense_variant','p.Thr58Ala',0.2604,323,'oncogenic','COSV52759832','3A','SBS5');
INSERT INTO somatic_mutation VALUES ('0560f4b3-b967-41e8-b20d-142900831946','4e30103e-1441-4747-9d1d-dca28b0b01c4','TP53','chr17',7674220,'G','A','SNV','missense_variant','p.Arg248Trp',0.3777,110,'oncogenic','COSV52743007','1','SBS5');
INSERT INTO copy_number_variant VALUES ('39f2149c-8ffe-4a9d-81c5-9333d5712a5a','4e30103e-1441-4747-9d1d-dca28b0b01c4','MYC','chr8',127700000,127800000,4.1,1.67,'neutral',0);
INSERT INTO copy_number_variant VALUES ('f244f352-46da-4f82-9afa-78f3658b07cb','4e30103e-1441-4747-9d1d-dca28b0b01c4','CDKN2A','chr9',21967000,21995000,0.3,-1.76,'shallow_deletion',0);
INSERT INTO gene_expression VALUES ('47f9c360-57c2-4d8f-9904-24e002b8908d','4e30103e-1441-4747-9d1d-dca28b0b01c4','ENSG00000091831','ESR1',524.26,52.43,1311,4.49,99.0);
INSERT INTO gene_expression VALUES ('46eb7ffb-9341-420c-9da7-0bef27796073','4e30103e-1441-4747-9d1d-dca28b0b01c4','ENSG00000141736','ERBB2',5.0,0.5,12,-1.28,30.8);
INSERT INTO gene_expression VALUES ('579f7ccf-dec7-479f-a7d2-1f9e8722ddbc','4e30103e-1441-4747-9d1d-dca28b0b01c4','ENSG00000148773','MKI67',88.77,8.88,222,-0.35,44.8);
INSERT INTO gene_expression VALUES ('d2aa6230-f9a8-47c5-ab28-7bdac551d2d6','4e30103e-1441-4747-9d1d-dca28b0b01c4','ENSG00000141510','TP53',61.24,5.57,173,-0.65,40.2);
INSERT INTO gene_expression VALUES ('85913c66-2b65-439b-81ec-63501541cfde','4e30103e-1441-4747-9d1d-dca28b0b01c4','ENSG00000012048','BRCA1',62.63,6.32,300,-0.64,40.4);
INSERT INTO gene_expression VALUES ('6d0cfe39-1085-4eae-b4d8-b466d0a58ce9','4e30103e-1441-4747-9d1d-dca28b0b01c4','ENSG00000139618','BRCA2',26.23,8.8,209,-1.04,34.4);
INSERT INTO gene_expression VALUES ('5be2879f-2344-4cb5-8364-9d4faf64f13a','4e30103e-1441-4747-9d1d-dca28b0b01c4','ENSG00000171862','PTEN',79.68,8.9,165,-0.45,43.2);
INSERT INTO gene_expression VALUES ('69ce93f6-01e4-4cf5-8508-74e875831433','4e30103e-1441-4747-9d1d-dca28b0b01c4','ENSG00000136997','MYC',68.75,9.19,568,-0.57,41.5);
INSERT INTO protein_expression VALUES ('0b4d4537-8dcd-4bd3-bb3b-bcda953bd42c','4e30103e-1441-4747-9d1d-dca28b0b01c4','ESR1','P03372','IHC',0.8,230.0,6,'NULL');
INSERT INTO protein_expression VALUES ('a9c7ef50-3355-40c7-8a65-56799df23db4','4e30103e-1441-4747-9d1d-dca28b0b01c4','PGR','P06401','IHC',0.63,213.0,5,'NULL');
INSERT INTO protein_expression VALUES ('b46210a2-8fcb-402c-a1cd-4bb0905ecb71','4e30103e-1441-4747-9d1d-dca28b0b01c4','ERBB2','P04626','IHC',-1.5,0.0,0,'pY1248');
INSERT INTO protein_expression VALUES ('b00dd032-684f-4acc-9000-f3118a7b8ccc','4e30103e-1441-4747-9d1d-dca28b0b01c4','MKI67','P46013','IHC',-1.32,16.0,0,'NULL');
INSERT INTO epigenetic_mark VALUES ('541a0e25-83a3-453e-8d28-6f1f547fc68d','4e30103e-1441-4747-9d1d-dca28b0b01c4','DNA_methylation','cg15629539',0.079,'-3.543','ESR1','CpG_island',NULL);
INSERT INTO epigenetic_mark VALUES ('964a8d17-276b-4b2a-ae98-6ce78081623e','4e30103e-1441-4747-9d1d-dca28b0b01c4','DNA_methylation','cg27053763',0.141,'-2.607','BRCA1','promoter',NULL);
INSERT INTO epigenetic_mark VALUES ('961ea6ce-34a6-4c54-b55b-f7d0c94aaab5','4e30103e-1441-4747-9d1d-dca28b0b01c4','H3K27ac','chr17:37800000-37850000',0.378,NULL,'ERBB2','enhancer','1.012');
INSERT INTO ncrna_profile VALUES ('9f224ad2-916d-4245-8a98-654e6658c077','4e30103e-1441-4747-9d1d-dca28b0b01c4','miRNA','hsa-miR-21-5p','miR-21-5p',2.25,'["PTEN", "PDCD4"]');
INSERT INTO ncrna_profile VALUES ('eb7a77d8-aa7e-4414-b927-9aaeb442a3b0','4e30103e-1441-4747-9d1d-dca28b0b01c4','miRNA','hsa-miR-155-5p','miR-155-5p',4.5,'["SHIP1", "SOCS1"]');
INSERT INTO ncrna_profile VALUES ('15b8656f-7d9b-4520-af0a-d17c960e4369','4e30103e-1441-4747-9d1d-dca28b0b01c4','lncRNA','ENSG00000228630','HOTAIR',3.47,'["SHIP1", "SOCS1"]');
INSERT INTO ncrna_profile VALUES ('a8629042-f8a3-4b51-bd8d-faa9d440063f','4e30103e-1441-4747-9d1d-dca28b0b01c4','lncRNA','ENSG00000251562','MALAT1',62.93,'["SHIP1", "SOCS1"]');
INSERT INTO metabolomics_profile VALUES ('da3cb934-7d86-47d0-b916-aaebce7ab57b','4e30103e-1441-4747-9d1d-dca28b0b01c4','Lactate','HMDB0000190','C00186',2.88,'LC-MS','organic_acid',0.59);
INSERT INTO metabolomics_profile VALUES ('a98d46d8-0aad-4ff4-989b-a00a6b49b3e0','4e30103e-1441-4747-9d1d-dca28b0b01c4','Glutamine','HMDB0000641','C00064',0.33,'LC-MS','amino_acid',-1.11);
INSERT INTO metabolomics_profile VALUES ('53e3a14d-6180-4cf2-b432-d0bf6bad3f10','4e30103e-1441-4747-9d1d-dca28b0b01c4','Glucose','HMDB0000122','C00031',5.24,'LC-MS','carbohydrate',2.16);
INSERT INTO metabolomics_profile VALUES ('8bc6e245-a5f1-4654-9619-91745dde3642','4e30103e-1441-4747-9d1d-dca28b0b01c4','Phosphocholine','HMDB0001565','C00588',0.3,'LC-MS','lipid',-1.13);
INSERT INTO tumor_clone VALUES ('76abbf60-c5f9-4a8c-9b08-3d91ffdafb72','4e30103e-1441-4747-9d1d-dca28b0b01c4','clone_A',0.84,'[]',1,1,0.2723);
INSERT INTO tumor_clone VALUES ('d2762bd8-e855-44ab-9639-5eeef5f6d71c','4e30103e-1441-4747-9d1d-dca28b0b01c4','clone_B',0.16,'[]',0,2,0.0994);
INSERT INTO cell_cycle_state VALUES ('213a1ecc-0895-4085-9114-bcf776d7e2ee','4e30103e-1441-4747-9d1d-dca28b0b01c4',0.898,0.028,0.01,0.064,5.885,480.0,0.0);
INSERT INTO apoptosis_marker VALUES ('e2f8b6de-94d6-43ff-8fea-40812cf45d8e','4e30103e-1441-4747-9d1d-dca28b0b01c4',133.0,154.7458,101.0,1.32,0.145,4.8722,0.5036);
INSERT INTO dna_repair_status VALUES ('7d78d42d-e13d-4b0c-a8b2-2b1e3b0588d2','4e30103e-1441-4747-9d1d-dca28b0b01c4','wildtype','wildtype','proficient_MMR',0.04,3.7,34.4,0,'wildtype');
INSERT INTO metabolic_phenotype VALUES ('9c2a966a-890e-4784-9f6f-313b6cf3fe21','4e30103e-1441-4747-9d1d-dca28b0b01c4',0.403,78.2895,0.3237,0.1775,0.1389,0.9736,0.6819);
INSERT INTO stemness_profile VALUES ('9125988b-0c39-4556-a7cc-3ce80f167bee','4e30103e-1441-4747-9d1d-dca28b0b01c4',50.8913,8.927,26.4972,0.2148,0.199,0.267,0.2236,0.02);
INSERT INTO drug_resistance_feature VALUES ('de1128eb-df41-4963-a027-03c2e7333547','4e30103e-1441-4747-9d1d-dca28b0b01c4',0.1,1.4236,0.5343,0.8876,'[]',0.0);
INSERT INTO immune_infiltration VALUES ('5d445d95-4672-4f32-8585-ddb27a987a57','4e30103e-1441-4747-9d1d-dca28b0b01c4',12.9,9.3983,10.088,5.1002,7.881,6.1374,6.871,2.7803,6.8591,'CIBERSORT');
INSERT INTO checkpoint_expression VALUES ('6f26fc43-6e04-4a2a-9314-5e7512c8c187','4e30103e-1441-4747-9d1d-dca28b0b01c4',4.6,8.28,4.6445,19.7524,19.2075,14.8496,8.1688,19.3998);
INSERT INTO cytokine_milieu VALUES ('ccf57929-6fab-4ef5-a9dd-6f45b0de0837','4e30103e-1441-4747-9d1d-dca28b0b01c4',42.5666,14.0326,5.7042,20.4516,11.2554,13.6,41.3979,68.3883);
INSERT INTO stromal_composition VALUES ('6bfe512c-81e9-4303-82c2-b32f98c2a0a5','4e30103e-1441-4747-9d1d-dca28b0b01c4',0.2424,0.1006,0.0564,0.5914,3.2572,25.4655);
INSERT INTO ecm_profile VALUES ('bfe2dbbe-5efd-4614-9f4c-8206c261887a','4e30103e-1441-4747-9d1d-dca28b0b01c4',13.9702,8.8625,17.5368,0.4539,0.2528,0.3085,0.356);
INSERT INTO hypoxia_vasculature VALUES ('9daedaca-0035-49be-9afc-39024cbbf3d5','4e30103e-1441-4747-9d1d-dca28b0b01c4',0.8,0.2614,9.1,0.315,105.3488,196.4783,109.95,7.4,7.13);
INSERT INTO organ_function VALUES ('f029cb2b-a5a3-49b5-8fb8-536235268c8b','ef5ac149-8b88-475b-99c7-5daf2918eed7','2022-09-14',49.8,0.9976,25.612,20.9078,19.2004,35.4552,61.3,412.4004,1.1353);
INSERT INTO immune_baseline VALUES ('67d8548b-84b7-48fa-aa6a-ba85c2194ae5','ef5ac149-8b88-475b-99c7-5daf2918eed7','2022-09-14',6.07,1.18,3.67,3.1102,723.9834,266.4104,192.4303,7.8427);
INSERT INTO hormonal_profile VALUES ('6e1911fa-69e5-4a42-8e53-2d75903a9790','ef5ac149-8b88-475b-99c7-5daf2918eed7','2022-09-14',17.9,0.99,530.0,31.4829,19.5141,1.2329,11.5186);
INSERT INTO pharmacogenomics VALUES ('ae8a5634-841c-436a-95ec-267f4bce56f1','ef5ac149-8b88-475b-99c7-5daf2918eed7','PM','PM','NM','*28/*28','low',0,'NM');
INSERT INTO body_composition VALUES ('d9c3e020-9577-47c4-aba6-8b2997d5b0bd','ef5ac149-8b88-475b-99c7-5daf2918eed7','2022-09-14',21.5,50.7,41.3733,36.0711,22.4535,1.7555);
INSERT INTO microbiome_profile VALUES ('e249a54e-2646-4185-aa81-e2e1cfd08df9','ef5ac149-8b88-475b-99c7-5daf2918eed7','2022-09-14','gut','16S_rRNA_V4',3.2734,2.0151,0.0353,'[{"genus": "Bacteroides", "rel": 0.165}, {"genus": "Faecalibacterium", "rel": 0.174}, {"genus": "Akkermansia", "rel": 0.0353}]',0);
INSERT INTO tumor_staging VALUES ('b7250bf3-1db9-4047-b242-d9aafc15ee30','ef5ac149-8b88-475b-99c7-5daf2918eed7','2022-09-14','8500/3','C50.4','Invasive ductal carcinoma','T2','N1','M0','IIB',2,'right');
INSERT INTO imaging_measurement VALUES ('21fa7ce0-7858-49b6-8fc9-ec2c2cef2592','ef5ac149-8b88-475b-99c7-5daf2918eed7','2022-08-19','MRI','L1','primary_left_breast',18.7,3423.9187,3.9224,'SD','{"entropy": 6.63, "sphericity": 0.84}');
INSERT INTO pathology_report VALUES ('f3454217-4f09-41d0-b8f7-11142323789c','ef5ac149-8b88-475b-99c7-5daf2918eed7','2022-09-14','core_needle_biopsy','R0',8,20,1,0,1.2928);
INSERT INTO performance_status VALUES ('f4563ff6-ecdf-40f3-89d6-122bc0f19ace','ef5ac149-8b88-475b-99c7-5daf2918eed7','2022-09-14',2,92,3,46.2809);
INSERT INTO liquid_biopsy VALUES ('1a86bf5d-ae90-4ae4-a5fb-affecae20fae','ef5ac149-8b88-475b-99c7-5daf2918eed7','2022-09-14',0.05,22.5,7,'[]','detected',14.221);
INSERT INTO treatment_regimen VALUES ('7f45f419-0b2c-42c8-9ba8-1319d0b7a4df','ef5ac149-8b88-475b-99c7-5daf2918eed7',1,'Letrozole','adjuvant','2022-10-17','2023-09-24','planned_completion','PR',538);
INSERT INTO treatment_drug_dose VALUES ('c8c99ae4-433c-4f91-990f-716b8da5fc0b','7f45f419-0b2c-42c8-9ba8-1319d0b7a4df','dea8e584-d12c-47bf-a4c0-e739973380b8','2022-10-17',81.0,78.0,3.7,'oral',1,0.9972);
INSERT INTO adverse_event VALUES ('2be6538c-65ed-4aa0-9ce9-8acab40bec80','ef5ac149-8b88-475b-99c7-5daf2918eed7','7f45f419-0b2c-42c8-9ba8-1319d0b7a4df','Arthralgia',2,'2023-01-09','2023-02-28','probable','none');
INSERT INTO adverse_event VALUES ('e40b940a-f526-4700-b8c0-835510707dd0','ef5ac149-8b88-475b-99c7-5daf2918eed7','7f45f419-0b2c-42c8-9ba8-1319d0b7a4df','Peripheral sensory neuropathy',2,'2022-12-11','2023-01-02','probable','none');
INSERT INTO adverse_event VALUES ('ed96fe2d-2045-497e-be9f-11dbe0e592e6','ef5ac149-8b88-475b-99c7-5daf2918eed7','7f45f419-0b2c-42c8-9ba8-1319d0b7a4df','Fatigue',1,'2022-11-17','2022-12-11','probable','none');
INSERT INTO radiation_plan VALUES ('90dac2a6-3b54-4112-9012-462ce6fa7abc','ef5ac149-8b88-475b-99c7-5daf2918eed7','photon_EBRT','CTV',49.7379,2.0,25,5,'IMRT',NULL,'{"heart": {"V20Gy_pct": "<25"}, "lung": {"mean_Gy": "<18"}}');
INSERT INTO carcinogen_exposure VALUES ('1a72a99e-259c-4f9a-875e-62be4efb1a60','ef5ac149-8b88-475b-99c7-5daf2918eed7','current',12.402,10.1426,5.0,91.22,'[]',0.0,0);
INSERT INTO diet_nutrition VALUES ('9af0de05-7890-421e-8769-454d72179d5e','ef5ac149-8b88-475b-99c7-5daf2918eed7','2022-09-14','FFQ',1793.3282,65.6941,181.0679,60.3645,23.0246,50.5488,12.1168,10.0274,'Western');
INSERT INTO physical_activity VALUES ('f35a583b-3379-4f74-b0fe-c7bf13c79fa2','ef5ac149-8b88-475b-99c7-5daf2918eed7','2022-09-14',626.0327,123.2267,291.7769,8.6131,28.121,5324,21.5861);
INSERT INTO stress_psychology VALUES ('ed81ff22-973a-4dc3-be4e-b1beb4a4fec7','ef5ac149-8b88-475b-99c7-5daf2918eed7','2022-09-14',16,9,11,51.1824,328.6,6.456,8);
INSERT INTO environmental_exposure VALUES ('cc02d967-81b0-41e5-aec0-8becd3a8e86a','ef5ac149-8b88-475b-99c7-5daf2918eed7','2022-09-14',16.4845,14.0923,47.757,'negative',NULL,'negative','negative',6.8514,'naive');
INSERT INTO socioeconomic_context VALUES ('ca873333-c272-44ef-9281-59647fdc6fb9','ef5ac149-8b88-475b-99c7-5daf2918eed7','2022-09-14',67.6422,'private',0.8392,0.6173,73.8249,'employed_full_time',38.9145,19);
INSERT INTO circadian_profile VALUES ('fc2cd8d7-2ade-4471-ad48-b6ac7432cafe','ef5ac149-8b88-475b-99c7-5daf2918eed7','2022-09-14','evening',87.5428,22.795,'22:29',1030.8727,0,14);

-- Patient 91: HR+ metastatic
INSERT INTO patient VALUES ('d9943130-853a-4f02-8a7d-85b752592928','MRN-1301054','1954-02-13','female','East Asian','{"EUR": 0.49, "AFR": 0.03}','2020-06-22','2020-06-22');
INSERT INTO genomic_sample VALUES ('63aee425-0acf-4971-9645-2f7f5a83994e','d9943130-853a-4f02-8a7d-85b752592928','tumor','C50.4','2020-06-28','Illumina NovaSeq 6000 WGS',0.61,0,'FFPE');
INSERT INTO somatic_mutation VALUES ('832e25c5-95d4-4467-9a19-059b76dd01ec','63aee425-0acf-4971-9645-2f7f5a83994e','ESR1','chr6',152098794,'T','C','SNV','missense_variant','p.Tyr537Cys',0.061,338,'oncogenic','COSV52744551','1','SBS1');
INSERT INTO somatic_mutation VALUES ('94922fe3-2098-48df-b80f-9cb33463593c','63aee425-0acf-4971-9645-2f7f5a83994e','BRCA1','chr17',43094464,'T','A','SNV','missense_variant','p.Cys1697Ser',0.5057,291,'pathogenic','COSV52701256','1','SBS3');
INSERT INTO somatic_mutation VALUES ('c3ca4bfb-64b2-43ba-af6b-7810fb2bbeb9','63aee425-0acf-4971-9645-2f7f5a83994e','BRCA2','chr13',32338709,'A','T','SNV','stop_gained','p.Lys1690Ter',0.4791,225,'pathogenic','COSV52712043','1','SBS3');
INSERT INTO somatic_mutation VALUES ('47fd7abf-0f41-4e4c-b7a8-f2f183a8bd78','63aee425-0acf-4971-9645-2f7f5a83994e','TP53','chr17',7674220,'G','A','SNV','missense_variant','p.Arg248Trp',0.4444,202,'oncogenic','COSV52743007','1','SBS5');
INSERT INTO somatic_mutation VALUES ('9636db3f-6893-47df-8369-52fcb9b6760f','63aee425-0acf-4971-9645-2f7f5a83994e','MAP3K1','chr5',56115628,'G','A','SNV','missense_variant','p.Glu1298Lys',0.2249,186,'oncogenic','COSV52721033','3A','SBS1');
INSERT INTO copy_number_variant VALUES ('ed126868-329a-422d-b5b7-f3ba7ea22340','63aee425-0acf-4971-9645-2f7f5a83994e','MYC','chr8',127700000,127800000,5.3,-0.06,'neutral',0);
INSERT INTO copy_number_variant VALUES ('b8e24122-33e8-4df5-b42d-5b7f4651a555','63aee425-0acf-4971-9645-2f7f5a83994e','CDKN2A','chr9',21967000,21995000,0.4,-2.05,'shallow_deletion',0);
INSERT INTO gene_expression VALUES ('c407bab9-6db2-4d10-bd8e-b81d98a2ed81','63aee425-0acf-4971-9645-2f7f5a83994e','ENSG00000091831','ESR1',902.14,90.21,2255,8.69,99.0);
INSERT INTO gene_expression VALUES ('d1ea12c6-24dc-493c-a6eb-07fe002e4f90','63aee425-0acf-4971-9645-2f7f5a83994e','ENSG00000141736','ERBB2',5.0,0.5,12,-1.28,30.8);
INSERT INTO gene_expression VALUES ('575e2df9-d485-4bdd-8423-ef5979824af5','63aee425-0acf-4971-9645-2f7f5a83994e','ENSG00000148773','MKI67',21.34,2.13,53,-1.1,33.5);
INSERT INTO gene_expression VALUES ('b03cbaee-eb65-48bb-9b67-08b02d1cc7eb','63aee425-0acf-4971-9645-2f7f5a83994e','ENSG00000141510','TP53',30.73,4.67,353,-0.99,35.1);
INSERT INTO gene_expression VALUES ('882af025-9a9c-4437-b60e-5d4d01cef4fb','63aee425-0acf-4971-9645-2f7f5a83994e','ENSG00000012048','BRCA1',96.16,0.35,295,-0.26,46.1);
INSERT INTO gene_expression VALUES ('79756ed6-0897-4f57-83f7-7b2172f5687f','63aee425-0acf-4971-9645-2f7f5a83994e','ENSG00000139618','BRCA2',36.73,3.17,60,-0.93,36.0);
INSERT INTO gene_expression VALUES ('c4fa3556-8690-475e-8573-0c04f6f7d950','63aee425-0acf-4971-9645-2f7f5a83994e','ENSG00000171862','PTEN',81.56,1.23,204,-0.43,43.5);
INSERT INTO gene_expression VALUES ('f3117b19-5655-4e7c-b9a4-1abefb8544a7','63aee425-0acf-4971-9645-2f7f5a83994e','ENSG00000136997','MYC',119.47,5.56,130,-0.01,49.9);
INSERT INTO protein_expression VALUES ('3604f5d9-8eec-446e-9700-75ec447b6635','63aee425-0acf-4971-9645-2f7f5a83994e','ESR1','P03372','IHC',1.28,278.0,7,'NULL');
INSERT INTO protein_expression VALUES ('8ee3b7ba-7b05-48db-a47a-dc5876a5d7a3','63aee425-0acf-4971-9645-2f7f5a83994e','PGR','P06401','IHC',0.61,211.0,5,'NULL');
INSERT INTO protein_expression VALUES ('b7f2e213-c32b-47ab-ae3f-df2400f702fd','63aee425-0acf-4971-9645-2f7f5a83994e','ERBB2','P04626','IHC',-1.34,16.0,0,'pY1248');
INSERT INTO protein_expression VALUES ('5e3c5d29-1ce9-4911-9845-8564ab84dce1','63aee425-0acf-4971-9645-2f7f5a83994e','MKI67','P46013','IHC',-1.41,9.0,0,'NULL');
INSERT INTO epigenetic_mark VALUES ('2395f92b-7b87-4cf6-97cc-00c901209c8a','63aee425-0acf-4971-9645-2f7f5a83994e','DNA_methylation','cg15629539',0.087,'-3.392','ESR1','CpG_island',NULL);
INSERT INTO epigenetic_mark VALUES ('72a8ede0-8270-401e-a491-0cff7cad2c07','63aee425-0acf-4971-9645-2f7f5a83994e','DNA_methylation','cg27053763',0.165,'-2.339','BRCA1','promoter',NULL);
INSERT INTO epigenetic_mark VALUES ('2c6a865f-f60f-43f9-a927-5d92bd16a822','63aee425-0acf-4971-9645-2f7f5a83994e','H3K27ac','chr17:37800000-37850000',0.26,NULL,'ERBB2','enhancer','1.191');
INSERT INTO ncrna_profile VALUES ('7b7e2fe8-817c-4efb-b07a-b5d7524b3cc5','63aee425-0acf-4971-9645-2f7f5a83994e','miRNA','hsa-miR-21-5p','miR-21-5p',1.89,'["PTEN", "PDCD4"]');
INSERT INTO ncrna_profile VALUES ('03cd090e-3f58-4625-97c7-ae36269f41a2','63aee425-0acf-4971-9645-2f7f5a83994e','miRNA','hsa-miR-155-5p','miR-155-5p',6.04,'["SHIP1", "SOCS1"]');
INSERT INTO ncrna_profile VALUES ('246c5e48-cdc1-462e-8fa5-7dce8a1e701b','63aee425-0acf-4971-9645-2f7f5a83994e','lncRNA','ENSG00000228630','HOTAIR',1.86,'["SHIP1", "SOCS1"]');
INSERT INTO ncrna_profile VALUES ('08bf6afc-2676-4d32-8ec3-8c08fccf98dd','63aee425-0acf-4971-9645-2f7f5a83994e','lncRNA','ENSG00000251562','MALAT1',67.62,'["SHIP1", "SOCS1"]');
INSERT INTO metabolomics_profile VALUES ('2d90b746-a72c-458b-9628-3492dc28e70b','63aee425-0acf-4971-9645-2f7f5a83994e','Lactate','HMDB0000190','C00186',3.21,'LC-MS','organic_acid',0.81);
INSERT INTO metabolomics_profile VALUES ('ed145757-a5c4-4315-91a6-2a4ad317cda7','63aee425-0acf-4971-9645-2f7f5a83994e','Glutamine','HMDB0000641','C00064',0.43,'LC-MS','amino_acid',-1.05);
INSERT INTO metabolomics_profile VALUES ('81fcaf14-6ce6-4701-800b-78fa8f84bc3a','63aee425-0acf-4971-9645-2f7f5a83994e','Glucose','HMDB0000122','C00031',5.3,'LC-MS','carbohydrate',2.2);
INSERT INTO metabolomics_profile VALUES ('e6291c0a-d5ed-4ccf-a881-67b4349ce93e','63aee425-0acf-4971-9645-2f7f5a83994e','Phosphocholine','HMDB0001565','C00588',0.12,'LC-MS','lipid',-1.25);
INSERT INTO tumor_clone VALUES ('a26286f7-369f-4ee7-9492-ea260719a23a','63aee425-0acf-4971-9645-2f7f5a83994e','clone_A',0.59,'[]',1,1,0.2026);
INSERT INTO tumor_clone VALUES ('d974ea63-4251-4ed1-ad4a-366a7119e100','63aee425-0acf-4971-9645-2f7f5a83994e','clone_B',0.41,'[]',0,2,0.0774);
INSERT INTO cell_cycle_state VALUES ('5e405c74-306b-4717-ba23-509543210260','63aee425-0acf-4971-9645-2f7f5a83994e',0.845,0.011,0.01,0.134,3.0417,480.0,0.7);
INSERT INTO apoptosis_marker VALUES ('89a47122-fd18-45fc-8890-8a878416175a','63aee425-0acf-4971-9645-2f7f5a83994e',106.0,97.9831,94.0,1.13,0.2996,5.6452,0.4895);
INSERT INTO dna_repair_status VALUES ('3f8e2339-324f-4005-ae89-3397d935aba3','63aee425-0acf-4971-9645-2f7f5a83994e','mutated_somatic','mutated_somatic','proficient_MMR',0.04,2.7,20.7,0,'wildtype');
INSERT INTO metabolic_phenotype VALUES ('4bbec29f-f409-4d32-b589-fbf0f861fdea','63aee425-0acf-4971-9645-2f7f5a83994e',0.371,64.3611,0.2524,0.3487,0.05,0.9792,0.7934);
INSERT INTO stemness_profile VALUES ('21947fc5-1586-49f0-aac5-454f76a51e5b','63aee425-0acf-4971-9645-2f7f5a83994e',14.7656,0.0,0.0,0.319,0.307,0.353,0.5303,0.2741);
INSERT INTO drug_resistance_feature VALUES ('6d06b720-2d3b-490b-bdc9-25bcd0796c53','63aee425-0acf-4971-9645-2f7f5a83994e',1.84,0.5243,0.4544,0.6317,'[]',1.0);
INSERT INTO immune_infiltration VALUES ('c2550ae8-e063-4e7d-ad65-514152073c22','63aee425-0acf-4971-9645-2f7f5a83994e',6.4,12.1974,11.1153,7.1358,10.8849,14.2273,15.3649,7.7796,11.3021,'CIBERSORT');
INSERT INTO checkpoint_expression VALUES ('95721306-1e8d-4313-885b-2cac74705961','63aee425-0acf-4971-9645-2f7f5a83994e',17.2,30.96,6.5469,10.2924,19.1541,13.1913,11.5889,18.2383);
INSERT INTO cytokine_milieu VALUES ('c19e8416-9959-4391-b5a5-1b446760465c','63aee425-0acf-4971-9645-2f7f5a83994e',31.9461,2.0,13.1015,20.4022,24.9495,23.6,5.0,113.9537);
INSERT INTO stromal_composition VALUES ('0d5cd377-d673-425e-a1a0-89565abadc89','63aee425-0acf-4971-9645-2f7f5a83994e',0.2464,0.1398,0.1167,0.6644,4.3746,19.8443);
INSERT INTO ecm_profile VALUES ('ecca8b93-05f6-441e-a148-d4ee35f41745','63aee425-0acf-4971-9645-2f7f5a83994e',3.2082,5.741,10.2967,0.6564,0.3887,0.4288,0.4214);
INSERT INTO hypoxia_vasculature VALUES ('9d68e864-f1bb-4a53-8060-bc7ee51ad89b','63aee425-0acf-4971-9645-2f7f5a83994e',0.35,0.7326,9.1,0.2152,73.8701,166.9243,83.2863,5.1,7.15);
INSERT INTO organ_function VALUES ('e1318898-5535-4fc8-bbb9-49daa2f4de86','d9943130-853a-4f02-8a7d-85b752592928','2020-06-22',74.6,1.2952,16.3759,8.2903,16.3538,33.9621,57.6,385.7553,1.1663);
INSERT INTO immune_baseline VALUES ('53ad4575-543b-401d-b856-09d4595ef722','d9943130-853a-4f02-8a7d-85b752592928','2020-06-22',9.2,0.98,5.01,5.1122,664.3991,440.9422,142.9168,11.714);
INSERT INTO hormonal_profile VALUES ('aa3bd263-e50c-4b6e-bcae-8bf22988e957','d9943130-853a-4f02-8a7d-85b752592928','2020-06-22',2.0,0.39,499.0,63.2047,18.5437,3.0998,9.5096);
INSERT INTO pharmacogenomics VALUES ('422fd3c6-dfe7-4204-9187-00f53fbed380','d9943130-853a-4f02-8a7d-85b752592928','PM','PM','IM','*28/*28','low',0,'NM');
INSERT INTO body_composition VALUES ('441d3d30-2740-40a3-b9ea-a59e8fb09f54','d9943130-853a-4f02-8a7d-85b752592928','2020-06-22',23.0,38.1,34.0213,58.9814,24.4912,1.6713);
INSERT INTO microbiome_profile VALUES ('bfed9d2a-9d5b-4d57-83d2-f43f1bfcdc65','d9943130-853a-4f02-8a7d-85b752592928','2020-06-22','gut','16S_rRNA_V4',3.1394,1.1245,0.0,'[{"genus": "Bacteroides", "rel": 0.288}, {"genus": "Faecalibacterium", "rel": 0.117}, {"genus": "Akkermansia", "rel": 0.0}]',0);
INSERT INTO tumor_staging VALUES ('a2de8cd1-f800-4010-a49f-266fc49cdf5d','d9943130-853a-4f02-8a7d-85b752592928','2020-06-22','8500/3','C50.4','Invasive ductal carcinoma','T4','N3','M1','IV',2,'right');
INSERT INTO imaging_measurement VALUES ('980e9fae-69b0-45a1-b76e-3f12138860ac','d9943130-853a-4f02-8a7d-85b752592928','2020-05-31','MRI','L1','primary_left_breast',25.8,8992.0299,4.1411,'SD','{"entropy": 7.57, "sphericity": 0.72}');
INSERT INTO pathology_report VALUES ('ad36fb26-58cc-4401-a3ea-f13b0c7dc472','d9943130-853a-4f02-8a7d-85b752592928','2020-06-22','core_needle_biopsy','R0',4,6,0,0,0.0);
INSERT INTO performance_status VALUES ('4824090b-7618-4c61-981d-52ff5060d44f','d9943130-853a-4f02-8a7d-85b752592928','2020-06-22',1,88,4,42.1671);
INSERT INTO liquid_biopsy VALUES ('f1d9a1dd-a226-4c64-9dd8-661f516cd85f','d9943130-853a-4f02-8a7d-85b752592928','2020-06-22',0.1073,48.285,7,'[]','detected',10.2887);
INSERT INTO treatment_regimen VALUES ('421eaa6c-c701-4237-b6d7-7809f0581246','d9943130-853a-4f02-8a7d-85b752592928',1,'Palbociclib+Let','palliative','2020-07-16','2021-09-17','planned_completion','PR',687);
INSERT INTO treatment_drug_dose VALUES ('2c41321f-5403-4be9-844e-137fab8b9da4','421eaa6c-c701-4237-b6d7-7809f0581246','14234f22-ddb9-4e92-883c-bd55730bb629','2020-07-16',76.0,71.0,6.6,'IV',1,1.5768);
INSERT INTO adverse_event VALUES ('d30ca6ac-725e-4ff6-8a1c-b8e96c187345','d9943130-853a-4f02-8a7d-85b752592928','421eaa6c-c701-4237-b6d7-7809f0581246','Alopecia',1,'2020-09-29','2020-10-07','probable','none');
INSERT INTO adverse_event VALUES ('ded17f97-a3ce-4f3d-8548-122387c55ac0','d9943130-853a-4f02-8a7d-85b752592928','421eaa6c-c701-4237-b6d7-7809f0581246','Diarrhoea',3,'2020-08-01','2020-08-26','probable','dose_reduction');
INSERT INTO carcinogen_exposure VALUES ('292aea60-74ff-476a-bcaf-c8e6be6f8c2f','d9943130-853a-4f02-8a7d-85b752592928','never',0.0,0.0,37.198,67.1451,'[]',0.0,0);
INSERT INTO diet_nutrition VALUES ('bce8d059-c282-4cf0-a507-57c1b17d6b50','d9943130-853a-4f02-8a7d-85b752592928','2020-06-22','FFQ',1539.1042,58.8078,200.7639,102.3103,26.7521,3.5502,2.2771,4.3802,'Mediterranean');
INSERT INTO physical_activity VALUES ('3ba4d1d8-ca07-4355-a4dd-49c0a53dd533','d9943130-853a-4f02-8a7d-85b752592928','2020-06-22',756.8214,56.7539,161.4933,5.9103,17.2157,5365,33.9251);
INSERT INTO stress_psychology VALUES ('f206ec30-ae46-473a-ac8e-57564b6e149b','d9943130-853a-4f02-8a7d-85b752592928','2020-06-22',23,10,7,40.8904,309.38,6.1176,8);
INSERT INTO environmental_exposure VALUES ('09101a53-27e9-4097-8832-b51c64fef7f8','d9943130-853a-4f02-8a7d-85b752592928','2020-06-22',4.9008,11.6222,28.6029,'negative',NULL,'negative','negative',7.7326,'naive');
INSERT INTO socioeconomic_context VALUES ('522084bf-4296-493d-bf7b-6f7c7623f0ba','d9943130-853a-4f02-8a7d-85b752592928','2020-06-22',52.6835,'public_Medicaid',0.5401,0.6033,73.1029,'employed_part_time',25.3782,19);
INSERT INTO circadian_profile VALUES ('86fad2d7-9b68-4599-8883-bacb5b6dbf69','d9943130-853a-4f02-8a7d-85b752592928','2020-06-22','morning',71.2299,23.8405,'22:56',834.6478,0,7);

-- Patient 92: HR+/HER2- early
INSERT INTO patient VALUES ('13097a67-83b1-456c-8567-498dbfea15ee','MRN-3297327','1967-10-02','female','Hispanic or Latino','{"EUR": 0.7, "AFR": 0.01}','2022-05-23','2022-05-23');
INSERT INTO genomic_sample VALUES ('292446d6-009c-41e9-893b-4db200bc49c7','13097a67-83b1-456c-8567-498dbfea15ee','tumor','C50.4','2022-06-13','Guardant360',0.65,0,'FFPE');
INSERT INTO somatic_mutation VALUES ('f59bc5aa-49a6-4c7e-94bf-91e354bbcb73','292446d6-009c-41e9-893b-4db200bc49c7','CDH1','chr16',68771195,'C','T','SNV','nonsense_variant','p.Gln333Ter',0.3454,140,'oncogenic','COSV52697483','3A','SBS1');
INSERT INTO somatic_mutation VALUES ('3d75547e-6682-4697-be64-51382681d4b5','292446d6-009c-41e9-893b-4db200bc49c7','CCND1','chr11',69465258,'G','T','SNV','missense_variant','p.Pro241Leu',0.2625,367,'oncogenic','COSV52718943','3A','SBS1');
INSERT INTO somatic_mutation VALUES ('823b5b52-9219-461c-99b0-1689417419cd','292446d6-009c-41e9-893b-4db200bc49c7','MYC','chr8',127735434,'A','G','SNV','missense_variant','p.Thr58Ala',0.3262,101,'oncogenic','COSV52759832','3A','SBS5');
INSERT INTO somatic_mutation VALUES ('731853a3-16be-4a96-811b-63f62ca88f66','292446d6-009c-41e9-893b-4db200bc49c7','GATA3','chr10',8115610,'CT','C','indel','frameshift_variant','p.Thr443fs',0.3136,86,'oncogenic','COSV52704812','1','SBS5');
INSERT INTO somatic_mutation VALUES ('92d4882c-f147-4a81-bff3-506796fd4a0c','292446d6-009c-41e9-893b-4db200bc49c7','PTEN','chr10',89692905,'G','A','SNV','missense_variant','p.Arg130Gly',0.3443,180,'oncogenic','COSV52731827','1','SBS5');
INSERT INTO copy_number_variant VALUES ('aa611849-873c-4e77-98e1-43d0ea0b19ab','292446d6-009c-41e9-893b-4db200bc49c7','MYC','chr8',127700000,127800000,4.1,1.19,'amplification',0);
INSERT INTO copy_number_variant VALUES ('d1184c87-3b4a-42b8-8389-489b2f268608','292446d6-009c-41e9-893b-4db200bc49c7','CDKN2A','chr9',21967000,21995000,0.6,-1.87,'shallow_deletion',0);
INSERT INTO gene_expression VALUES ('eda1bf02-bce6-4b9f-af5c-a796698f7f79','292446d6-009c-41e9-893b-4db200bc49c7','ENSG00000091831','ESR1',743.96,74.4,1860,6.93,99.0);
INSERT INTO gene_expression VALUES ('5664cfb8-a32e-4eac-a1c2-ebd07658e520','292446d6-009c-41e9-893b-4db200bc49c7','ENSG00000141736','ERBB2',5.0,0.5,12,-1.28,30.8);
INSERT INTO gene_expression VALUES ('2de2add8-6cf1-4a46-98a9-7517691911ed','292446d6-009c-41e9-893b-4db200bc49c7','ENSG00000148773','MKI67',133.64,13.36,334,0.15,52.2);
INSERT INTO gene_expression VALUES ('76a8528b-f55a-4b18-b883-b87817d2316c','292446d6-009c-41e9-893b-4db200bc49c7','ENSG00000141510','TP53',31.37,7.58,455,-0.98,35.3);
INSERT INTO gene_expression VALUES ('12bf9299-978f-4343-ab46-3da0871b82f2','292446d6-009c-41e9-893b-4db200bc49c7','ENSG00000012048','BRCA1',39.83,2.9,52,-0.89,36.6);
INSERT INTO gene_expression VALUES ('a9dd76df-44b0-403b-84aa-dca49c543a26','292446d6-009c-41e9-893b-4db200bc49c7','ENSG00000139618','BRCA2',39.51,2.85,393,-0.89,36.6);
INSERT INTO gene_expression VALUES ('f516e852-18dc-4b84-b960-008f1e3c78eb','292446d6-009c-41e9-893b-4db200bc49c7','ENSG00000171862','PTEN',102.73,7.39,343,-0.19,47.1);
INSERT INTO gene_expression VALUES ('a8446241-d28b-4701-90df-d1d4c25346dd','292446d6-009c-41e9-893b-4db200bc49c7','ENSG00000136997','MYC',43.57,11.56,691,-0.85,37.2);
INSERT INTO protein_expression VALUES ('6b63ea5b-fc05-43c3-9216-67d31848ec4a','292446d6-009c-41e9-893b-4db200bc49c7','ESR1','P03372','IHC',0.69,219.0,5,'NULL');
INSERT INTO protein_expression VALUES ('d7d17af9-75d2-4780-b95a-1cea531f1ee7','292446d6-009c-41e9-893b-4db200bc49c7','PGR','P06401','IHC',0.6,210.0,5,'NULL');
INSERT INTO protein_expression VALUES ('959a425c-4967-47fa-9e07-bd395f033bbb','292446d6-009c-41e9-893b-4db200bc49c7','ERBB2','P04626','IHC',-1.24,26.0,1,'pY1248');
INSERT INTO protein_expression VALUES ('b22b5ef7-9497-4042-9f2e-09616eaf26aa','292446d6-009c-41e9-893b-4db200bc49c7','MKI67','P46013','IHC',-0.86,60.0,0,'NULL');
INSERT INTO epigenetic_mark VALUES ('768d9dcc-ee18-416b-8ad9-a7aa67d86d43','292446d6-009c-41e9-893b-4db200bc49c7','DNA_methylation','cg15629539',0.022,'-5.474','ESR1','CpG_island',NULL);
INSERT INTO epigenetic_mark VALUES ('6f7fc9b3-473e-4f78-9c4b-2fdb7278bcb9','292446d6-009c-41e9-893b-4db200bc49c7','DNA_methylation','cg27053763',0.224,'-1.793','BRCA1','promoter',NULL);
INSERT INTO epigenetic_mark VALUES ('93cfb191-1158-47d3-bdf9-62fa1d1b2184','292446d6-009c-41e9-893b-4db200bc49c7','H3K27ac','chr17:37800000-37850000',0.424,NULL,'ERBB2','enhancer','1.34');
INSERT INTO ncrna_profile VALUES ('fa983fbe-69ec-4777-9afd-c44d11db9154','292446d6-009c-41e9-893b-4db200bc49c7','miRNA','hsa-miR-21-5p','miR-21-5p',1.59,'["PTEN", "PDCD4"]');
INSERT INTO ncrna_profile VALUES ('da4b8afa-ab37-445c-8344-eee7dafee584','292446d6-009c-41e9-893b-4db200bc49c7','miRNA','hsa-miR-155-5p','miR-155-5p',4.11,'["SHIP1", "SOCS1"]');
INSERT INTO ncrna_profile VALUES ('e88e73b5-0efa-496c-8923-603dd88cc07b','292446d6-009c-41e9-893b-4db200bc49c7','lncRNA','ENSG00000228630','HOTAIR',3.38,'["SHIP1", "SOCS1"]');
INSERT INTO ncrna_profile VALUES ('15a66927-5f45-40c5-8956-747c2cc31f73','292446d6-009c-41e9-893b-4db200bc49c7','lncRNA','ENSG00000251562','MALAT1',53.04,'["SHIP1", "SOCS1"]');
INSERT INTO metabolomics_profile VALUES ('4ad6c2ba-78eb-4ae5-a195-d7639dc0f548','292446d6-009c-41e9-893b-4db200bc49c7','Lactate','HMDB0000190','C00186',1.69,'LC-MS','organic_acid',-0.21);
INSERT INTO metabolomics_profile VALUES ('d743a09b-a872-4a1a-bdd7-7d7e2eef688d','292446d6-009c-41e9-893b-4db200bc49c7','Glutamine','HMDB0000641','C00064',0.4,'LC-MS','amino_acid',-1.07);
INSERT INTO metabolomics_profile VALUES ('c9fbfbdc-cf21-4ab7-add7-f21939c1fe6f','292446d6-009c-41e9-893b-4db200bc49c7','Glucose','HMDB0000122','C00031',5.29,'LC-MS','carbohydrate',2.19);
INSERT INTO metabolomics_profile VALUES ('74fae916-9b35-429a-a1d2-85004dd19dc2','292446d6-009c-41e9-893b-4db200bc49c7','Phosphocholine','HMDB0001565','C00588',0.13,'LC-MS','lipid',-1.25);
INSERT INTO tumor_clone VALUES ('17e76fbe-4071-4e36-b580-1eb7f93c9256','292446d6-009c-41e9-893b-4db200bc49c7','clone_A',0.79,'[]',1,1,0.0791);
INSERT INTO tumor_clone VALUES ('4062ff2e-66d7-4f4e-a163-168263b88e88','292446d6-009c-41e9-893b-4db200bc49c7','clone_B',0.21,'[]',0,2,0.065);
INSERT INTO cell_cycle_state VALUES ('1f5036c7-b6ef-4cef-83d9-e92c6dd8799e','292446d6-009c-41e9-893b-4db200bc49c7',0.711,0.103,0.043,0.143,21.3816,480.0,2.6);
INSERT INTO apoptosis_marker VALUES ('b8743647-f2a1-4e31-8f59-3b71b1110ea8','292446d6-009c-41e9-893b-4db200bc49c7',152.0,133.8527,97.0,1.57,0.1769,3.061,1.0602);
INSERT INTO dna_repair_status VALUES ('261b3f49-556f-40f0-aa9c-73285edf682f','292446d6-009c-41e9-893b-4db200bc49c7','wildtype','wildtype','proficient_MMR',0.04,2.8,7.8,0,'wildtype');
INSERT INTO metabolic_phenotype VALUES ('bc5c5d5d-4e91-45fb-9ed3-7007adbffe8e','292446d6-009c-41e9-893b-4db200bc49c7',0.383,95.009,0.4052,0.252,0.2237,0.986,0.6731);
INSERT INTO stemness_profile VALUES ('eba3252f-841f-4285-a594-1522386ce404','292446d6-009c-41e9-893b-4db200bc49c7',95.1079,0.0,0.0,0.1666,0.373,0.253,0.5381,0.2051);
INSERT INTO drug_resistance_feature VALUES ('3da88c52-63da-4d79-bdb0-c4367c738422','292446d6-009c-41e9-893b-4db200bc49c7',0.55,0.5582,0.542,0.2696,'[]',0.3669);
INSERT INTO immune_infiltration VALUES ('171c93f4-9463-4764-9787-e54cad53e7cd','292446d6-009c-41e9-893b-4db200bc49c7',1.2,16.1947,7.5098,3.513,4.7013,6.2554,12.9603,4.219,1.7144,'CIBERSORT');
INSERT INTO checkpoint_expression VALUES ('83cf5b86-0144-4bed-84b3-6973e65ad3c3','292446d6-009c-41e9-893b-4db200bc49c7',23.6,42.48,7.5575,16.5897,13.0176,9.965,10.0803,35.0527);
INSERT INTO cytokine_milieu VALUES ('6a3162cc-bb72-4b3e-9edb-1a7105515e0a','292446d6-009c-41e9-893b-4db200bc49c7',12.1789,13.8477,11.3154,22.4554,15.4568,32.7,73.894,93.4549);
INSERT INTO stromal_composition VALUES ('afbd5541-0e8a-46b6-9b1a-95f4cbe812ff','292446d6-009c-41e9-893b-4db200bc49c7',0.1285,0.0377,0.0947,0.1285,3.7819,23.5832);
INSERT INTO ecm_profile VALUES ('bfcf5f0c-e891-4bd9-bdc8-10aa2410fa47','292446d6-009c-41e9-893b-4db200bc49c7',12.1386,10.5683,20.7874,0.2258,0.1767,0.313,0.1452);
INSERT INTO hypoxia_vasculature VALUES ('ca0be18f-6d7d-4cf6-ac1e-657bc89b583a','292446d6-009c-41e9-893b-4db200bc49c7',1.31,0.9089,8.6,0.235,44.9857,315.161,99.7485,10.0,7.21);
INSERT INTO organ_function VALUES ('7702c414-e939-45b8-a1e1-352b5dcf3912','13097a67-83b1-456c-8567-498dbfea15ee','2022-05-23',77.1,1.3252,31.1545,41.8745,12.3823,40.5314,67.2,411.6694,0.9861);
INSERT INTO immune_baseline VALUES ('797fbdd5-1a87-47e0-a32e-e3e7f25790f5','13097a67-83b1-456c-8567-498dbfea15ee','2022-05-23',6.61,1.11,6.28,5.6577,635.8977,457.1503,268.7099,12.0663);
INSERT INTO hormonal_profile VALUES ('c83ca651-86cf-4c84-906d-1712d7e4a933','13097a67-83b1-456c-8567-498dbfea15ee','2022-05-23',2.0,0.47,435.0,88.6501,23.3096,1.0528,8.2911);
INSERT INTO pharmacogenomics VALUES ('4927d48a-a59b-4016-aa5a-5a4e7a449b7e','13097a67-83b1-456c-8567-498dbfea15ee','UM','PM','NM','*1/*1','normal',0,'NM');
INSERT INTO body_composition VALUES ('272f744d-bd5b-4193-a3ec-042590711258','13097a67-83b1-456c-8567-498dbfea15ee','2022-05-23',33.4,33.7,29.0491,140.6466,38.7257,1.7113);
INSERT INTO microbiome_profile VALUES ('67ed5119-f419-4d06-867f-02566ca08820','13097a67-83b1-456c-8567-498dbfea15ee','2022-05-23','gut','16S_rRNA_V4',2.8962,1.9803,0.0,'[{"genus": "Bacteroides", "rel": 0.226}, {"genus": "Faecalibacterium", "rel": 0.077}, {"genus": "Akkermansia", "rel": 0.0}]',1);
INSERT INTO tumor_staging VALUES ('bf96a29e-15dc-4399-9263-c5a5f7e75859','13097a67-83b1-456c-8567-498dbfea15ee','2022-05-23','8500/3','C50.4','Invasive ductal carcinoma','T2','N1','M0','IIB',2,'right');
INSERT INTO imaging_measurement VALUES ('f4766fc0-d4b8-437c-a423-981e0c7324d4','13097a67-83b1-456c-8567-498dbfea15ee','2022-05-02','MRI','L1','primary_left_breast',21.6,5276.6693,3.6485,'SD','{"entropy": 5.4, "sphericity": 0.62}');
INSERT INTO pathology_report VALUES ('4e457edc-8dc4-4736-8c7f-65ad1f8fa545','13097a67-83b1-456c-8567-498dbfea15ee','2022-05-23','core_needle_biopsy','R0',5,8,0,0,31.6721);
INSERT INTO performance_status VALUES ('854bde9f-2291-4a3c-a992-e7d2abdaea01','13097a67-83b1-456c-8567-498dbfea15ee','2022-05-23',0,89,0,33.4214);
INSERT INTO liquid_biopsy VALUES ('9ada2fb0-010e-4a31-9fef-33a088165cde','13097a67-83b1-456c-8567-498dbfea15ee','2022-05-23',0.0576,25.92,1,'[]','detected',5.6052);
INSERT INTO treatment_regimen VALUES ('37f99ebb-1979-48f9-a09c-610eec24ea85','13097a67-83b1-456c-8567-498dbfea15ee',1,'Letrozole','adjuvant','2022-06-15','2023-04-07','planned_completion','PR',546);
INSERT INTO treatment_drug_dose VALUES ('e710fb97-6956-435f-93d7-452fa3254509','37f99ebb-1979-48f9-a09c-610eec24ea85','dea8e584-d12c-47bf-a4c0-e739973380b8','2022-06-15',78.0,71.0,9.0,'oral',1,2.2011);
INSERT INTO adverse_event VALUES ('7cb2c30f-cead-47e5-9a9d-4ebecacaccf5','13097a67-83b1-456c-8567-498dbfea15ee','37f99ebb-1979-48f9-a09c-610eec24ea85','Diarrhoea',2,'2022-07-09','2022-08-19','probable','none');
INSERT INTO adverse_event VALUES ('ae4a8e8f-f9f9-43b2-ab74-7b245976f39e','13097a67-83b1-456c-8567-498dbfea15ee','37f99ebb-1979-48f9-a09c-610eec24ea85','Alopecia',1,'2022-07-05','2022-07-24','probable','none');
INSERT INTO adverse_event VALUES ('849f2d40-46af-4af5-8fd9-bd8399aabaea','13097a67-83b1-456c-8567-498dbfea15ee','37f99ebb-1979-48f9-a09c-610eec24ea85','Fatigue',1,'2022-07-23','2022-08-23','probable','none');
INSERT INTO adverse_event VALUES ('0ddcea11-9048-4f47-a3b9-a0fac3225c8c','13097a67-83b1-456c-8567-498dbfea15ee','37f99ebb-1979-48f9-a09c-610eec24ea85','Neutropenia',4,'2022-07-04','2022-07-19','probable','dose_reduction');
INSERT INTO carcinogen_exposure VALUES ('b8f13bab-8dd6-413d-856d-a09da0498b23','13097a67-83b1-456c-8567-498dbfea15ee','former',22.6915,1.6095,10.9947,84.2781,'[]',0.0,0);
INSERT INTO diet_nutrition VALUES ('9d593bee-5330-4b54-8e4f-c420b97d8a28','13097a67-83b1-456c-8567-498dbfea15ee','2022-05-23','FFQ',1951.8759,61.3746,126.8404,88.8431,24.9049,78.3183,3.397,7.3701,'plant_based');
INSERT INTO physical_activity VALUES ('c1df7b8e-3173-4c6f-9265-513a85a2b64d','13097a67-83b1-456c-8567-498dbfea15ee','2022-05-23',897.2299,106.6906,169.4854,8.4113,26.2323,5669,25.735);
INSERT INTO stress_psychology VALUES ('c385dbb5-3558-456d-8a1e-25b599a51d27','13097a67-83b1-456c-8567-498dbfea15ee','2022-05-23',15,9,4,44.189,269.7,6.0205,7);
INSERT INTO environmental_exposure VALUES ('6bf684bf-a6fd-46a1-99da-a4a5faa48e52','13097a67-83b1-456c-8567-498dbfea15ee','2022-05-23',8.3212,29.826,61.2963,'negative',NULL,'negative','negative',10.6126,'naive');
INSERT INTO socioeconomic_context VALUES ('8553756c-a225-4ada-9d43-ad86cc3ca47a','13097a67-83b1-456c-8567-498dbfea15ee','2022-05-23',36.3763,'private',0.6525,0.417,80.1172,'employed_part_time',25.0215,20);
INSERT INTO circadian_profile VALUES ('763453c6-d97e-4312-9e4b-8f5037d588d5','13097a67-83b1-456c-8567-498dbfea15ee','2022-05-23','evening',80.5746,17.7471,'22:43',1045.6545,0,10);

-- Patient 93: HR+/HER2- early
INSERT INTO patient VALUES ('1cbb3557-f6f3-43f5-b93c-1ca868a0746f','MRN-9292342','1955-04-13','female','South Asian','{"EUR": 0.87, "AFR": 0.09}','2023-12-16','2023-12-16');
INSERT INTO genomic_sample VALUES ('e5afd7d2-50db-4a65-99a2-62be998d19c5','1cbb3557-f6f3-43f5-b93c-1ca868a0746f','tumor','C50.4','2023-12-28','TruSight Oncology 500',0.66,0,'FFPE');
INSERT INTO somatic_mutation VALUES ('319b8219-522d-4232-a798-94889006d53c','e5afd7d2-50db-4a65-99a2-62be998d19c5','PIK3CA','chr3',179234297,'C','T','SNV','missense_variant','p.His1047Arg',0.2289,285,'oncogenic','COSV52748762','1','SBS1');
INSERT INTO somatic_mutation VALUES ('1f944505-5ebe-4656-ac14-ffffa674763e','e5afd7d2-50db-4a65-99a2-62be998d19c5','CDH1','chr16',68771195,'C','T','SNV','nonsense_variant','p.Gln333Ter',0.3745,154,'oncogenic','COSV52697483','3A','SBS1');
INSERT INTO somatic_mutation VALUES ('852f438f-10b7-432a-9163-8cd74f9e97e9','e5afd7d2-50db-4a65-99a2-62be998d19c5','ERBB2','chr17',39725084,'A','G','SNV','missense_variant','p.Leu755Ser',0.2976,363,'oncogenic','COSV52735019','1','SBS5');
INSERT INTO somatic_mutation VALUES ('59cca64a-c8b0-408a-b3c5-a50c6301e7da','e5afd7d2-50db-4a65-99a2-62be998d19c5','GATA3','chr10',8115610,'CT','C','indel','frameshift_variant','p.Thr443fs',0.3532,134,'oncogenic','COSV52704812','1','SBS5');
INSERT INTO copy_number_variant VALUES ('9d8f7e7a-e90b-491f-8566-ab386e4b7c3b','e5afd7d2-50db-4a65-99a2-62be998d19c5','MYC','chr8',127700000,127800000,7.2,1.01,'amplification',0);
INSERT INTO copy_number_variant VALUES ('77c7e6ea-2e89-4e07-9a67-0623947d18b2','e5afd7d2-50db-4a65-99a2-62be998d19c5','CDKN2A','chr9',21967000,21995000,0.6,-1.53,'shallow_deletion',0);
INSERT INTO gene_expression VALUES ('ab0f1388-5b0f-4a6c-b1f8-86bf222a1645','e5afd7d2-50db-4a65-99a2-62be998d19c5','ENSG00000091831','ESR1',1101.63,110.16,2754,10.91,99.0);
INSERT INTO gene_expression VALUES ('7a374055-252f-4f5a-b077-26ab21b5b942','e5afd7d2-50db-4a65-99a2-62be998d19c5','ENSG00000141736','ERBB2',122.85,12.29,307,0.03,50.5);
INSERT INTO gene_expression VALUES ('09d3d690-7b21-4f49-9b82-3acfb196c384','e5afd7d2-50db-4a65-99a2-62be998d19c5','ENSG00000148773','MKI67',25.18,2.52,63,-1.05,34.2);
INSERT INTO gene_expression VALUES ('9b337e19-c2bc-42e9-b28c-70f14f8e7bc7','e5afd7d2-50db-4a65-99a2-62be998d19c5','ENSG00000141510','TP53',12.79,2.7,371,-1.19,32.2);
INSERT INTO gene_expression VALUES ('faff7464-9b2b-4ddf-9f8d-8d4bf52bd06a','e5afd7d2-50db-4a65-99a2-62be998d19c5','ENSG00000012048','BRCA1',38.98,11.14,306,-0.9,36.5);
INSERT INTO gene_expression VALUES ('a4e997cf-fea6-45cd-a713-4a04f58d31cc','e5afd7d2-50db-4a65-99a2-62be998d19c5','ENSG00000139618','BRCA2',56.85,3.68,193,-0.7,39.5);
INSERT INTO gene_expression VALUES ('5ad7f941-8562-45ea-8bc1-3131cefcb879','e5afd7d2-50db-4a65-99a2-62be998d19c5','ENSG00000171862','PTEN',62.95,11.0,441,-0.63,40.5);
INSERT INTO gene_expression VALUES ('98a9fd90-7e11-465d-b48d-743658176750','e5afd7d2-50db-4a65-99a2-62be998d19c5','ENSG00000136997','MYC',89.7,10.13,119,-0.34,44.9);
INSERT INTO protein_expression VALUES ('322ecad4-1cf4-448b-ae76-35f41853afb5','e5afd7d2-50db-4a65-99a2-62be998d19c5','ESR1','P03372','IHC',0.67,217.0,5,'NULL');
INSERT INTO protein_expression VALUES ('4ef6b08e-cea1-4971-9249-ad5ece61e85c','e5afd7d2-50db-4a65-99a2-62be998d19c5','PGR','P06401','IHC',-0.42,108.0,3,'NULL');
INSERT INTO protein_expression VALUES ('6213ca16-095d-45f3-ba3b-6b4d12ae0463','e5afd7d2-50db-4a65-99a2-62be998d19c5','ERBB2','P04626','IHC',-1.5,0.0,0,'pY1248');
INSERT INTO protein_expression VALUES ('7c6605cb-399f-4d91-b24a-e9d0b85e88d7','e5afd7d2-50db-4a65-99a2-62be998d19c5','MKI67','P46013','IHC',-1.47,3.0,0,'NULL');
INSERT INTO epigenetic_mark VALUES ('fcbb5ebf-fb49-4d20-9369-90000e1f8406','e5afd7d2-50db-4a65-99a2-62be998d19c5','DNA_methylation','cg15629539',0.023,'-5.409','ESR1','CpG_island',NULL);
INSERT INTO epigenetic_mark VALUES ('49fde3ad-9829-4fcc-8302-b979423ba429','e5afd7d2-50db-4a65-99a2-62be998d19c5','DNA_methylation','cg27053763',0.03,'-5.015','BRCA1','promoter',NULL);
INSERT INTO epigenetic_mark VALUES ('f0645505-97ba-44e8-a573-f7c909e6a25f','e5afd7d2-50db-4a65-99a2-62be998d19c5','H3K27ac','chr17:37800000-37850000',0.267,NULL,'ERBB2','enhancer','1.224');
INSERT INTO ncrna_profile VALUES ('e6aef1ca-ee6c-4e59-ab47-faf60674d566','e5afd7d2-50db-4a65-99a2-62be998d19c5','miRNA','hsa-miR-21-5p','miR-21-5p',3.27,'["PTEN", "PDCD4"]');
INSERT INTO ncrna_profile VALUES ('3980fbcc-7f12-44c3-8d0b-b61dac0b7609','e5afd7d2-50db-4a65-99a2-62be998d19c5','miRNA','hsa-miR-155-5p','miR-155-5p',6.54,'["SHIP1", "SOCS1"]');
INSERT INTO ncrna_profile VALUES ('aecf8553-326c-4b8e-ac3f-25333761fb2a','e5afd7d2-50db-4a65-99a2-62be998d19c5','lncRNA','ENSG00000228630','HOTAIR',3.75,'["SHIP1", "SOCS1"]');
INSERT INTO ncrna_profile VALUES ('2c9647a9-3088-4d1a-ae0b-98888cb45007','e5afd7d2-50db-4a65-99a2-62be998d19c5','lncRNA','ENSG00000251562','MALAT1',71.9,'["SHIP1", "SOCS1"]');
INSERT INTO metabolomics_profile VALUES ('89294a85-6d73-4c4f-8061-0e4463eda456','e5afd7d2-50db-4a65-99a2-62be998d19c5','Lactate','HMDB0000190','C00186',1.31,'LC-MS','organic_acid',-0.46);
INSERT INTO metabolomics_profile VALUES ('2d24386d-e52a-4037-badd-64b506b11658','e5afd7d2-50db-4a65-99a2-62be998d19c5','Glutamine','HMDB0000641','C00064',0.33,'LC-MS','amino_acid',-1.11);
INSERT INTO metabolomics_profile VALUES ('413e736d-b86c-4a70-b83c-26b45e74e925','e5afd7d2-50db-4a65-99a2-62be998d19c5','Glucose','HMDB0000122','C00031',4.73,'LC-MS','carbohydrate',1.82);
INSERT INTO metabolomics_profile VALUES ('f79d1655-3428-49e8-8b6e-31b9c9e1af14','e5afd7d2-50db-4a65-99a2-62be998d19c5','Phosphocholine','HMDB0001565','C00588',0.19,'LC-MS','lipid',-1.21);
INSERT INTO tumor_clone VALUES ('b86baa8f-12f9-45a0-bb7a-fb654a2aa421','e5afd7d2-50db-4a65-99a2-62be998d19c5','clone_A',0.63,'[]',1,1,0.2105);
INSERT INTO tumor_clone VALUES ('7d873be2-e85c-4d81-8e52-a4a2566ba5fd','e5afd7d2-50db-4a65-99a2-62be998d19c5','clone_B',0.37,'[]',0,2,0.0972);
INSERT INTO cell_cycle_state VALUES ('f95b1de1-eafb-4160-8365-130a13e705f0','e5afd7d2-50db-4a65-99a2-62be998d19c5',0.845,0.01,0.01,0.135,1.0,480.0,0.0);
INSERT INTO apoptosis_marker VALUES ('dee59213-6b6f-48b3-97a3-70d20fa969a7','e5afd7d2-50db-4a65-99a2-62be998d19c5',142.0,75.4714,87.0,1.63,0.1998,3.4477,1.1095);
INSERT INTO dna_repair_status VALUES ('55c1a1d3-2e45-46b6-8111-aa0f03518705','e5afd7d2-50db-4a65-99a2-62be998d19c5','wildtype','wildtype','proficient_MMR',0.04,6.6,0.0,0,'wildtype');
INSERT INTO metabolic_phenotype VALUES ('d8b08451-0875-4612-a6eb-a4fc4473c99e','e5afd7d2-50db-4a65-99a2-62be998d19c5',0.575,89.4657,0.1737,0.325,0.1235,0.7217,0.6372);
INSERT INTO stemness_profile VALUES ('4fce122b-7186-4171-940a-8602738b3671','e5afd7d2-50db-4a65-99a2-62be998d19c5',45.7183,2.3595,0.2338,0.1737,0.42,0.182,0.4938,0.02);
INSERT INTO drug_resistance_feature VALUES ('8cd801b7-7ec5-4762-b28b-9eb7d9d427f6','e5afd7d2-50db-4a65-99a2-62be998d19c5',1.03,0.5961,0.5446,0.6226,'[]',0.6082);
INSERT INTO immune_infiltration VALUES ('32f21892-bf91-44e3-b5a2-c3e05b770309','e5afd7d2-50db-4a65-99a2-62be998d19c5',9.6,11.7685,4.3656,2.6365,4.8204,11.0289,14.7384,5.9887,5.4291,'CIBERSORT');
INSERT INTO checkpoint_expression VALUES ('86357561-638b-4fdf-8725-384a5df9e012','e5afd7d2-50db-4a65-99a2-62be998d19c5',21.4,38.52,9.3394,12.9169,10.3668,13.6968,9.0658,24.897);
INSERT INTO cytokine_milieu VALUES ('60ef65a1-3df4-47eb-ac3a-293c0a330542','e5afd7d2-50db-4a65-99a2-62be998d19c5',26.1432,10.746,13.2199,22.7449,19.1533,13.3,14.4939,72.345);
INSERT INTO stromal_composition VALUES ('0b5e1d69-72b8-494c-ad22-6d0538b7cabf','e5afd7d2-50db-4a65-99a2-62be998d19c5',0.1884,0.0557,0.1658,0.1926,2.9086,28.5227);
INSERT INTO ecm_profile VALUES ('b6d68473-15c3-4bbf-9a89-9f3cf31501b8','e5afd7d2-50db-4a65-99a2-62be998d19c5',16.1931,7.0937,21.9242,0.6661,0.2345,0.4504,0.3077);
INSERT INTO hypoxia_vasculature VALUES ('1a0acae3-ca4b-4a24-ac74-091f06157846','e5afd7d2-50db-4a65-99a2-62be998d19c5',1.53,0.5128,9.8,0.2751,83.3062,197.2762,82.5493,14.9,7.26);
INSERT INTO organ_function VALUES ('80069bf1-4b57-4277-905f-864a3a210fd4','1cbb3557-f6f3-43f5-b93c-1ca868a0746f','2023-12-16',56.0,1.072,22.1075,17.6618,9.965,38.7059,65.7,399.3401,1.0672);
INSERT INTO immune_baseline VALUES ('c239b124-5888-427d-b03d-e4cc2fe431bf','1cbb3557-f6f3-43f5-b93c-1ca868a0746f','2023-12-16',4.27,1.7,3.76,2.2118,551.6857,291.0082,380.5054,11.6047);
INSERT INTO hormonal_profile VALUES ('a2ca901e-f856-479d-804e-d7b67c763010','1cbb3557-f6f3-43f5-b93c-1ca868a0746f','2023-12-16',2.0,0.71,519.0,69.2686,14.6459,1.0177,4.7637);
INSERT INTO pharmacogenomics VALUES ('a1c71ef5-e778-49f2-9fca-7cf105263e50','1cbb3557-f6f3-43f5-b93c-1ca868a0746f','IM','NM','NM','*1/*28','normal',0,'NM');
INSERT INTO body_composition VALUES ('22bfdae5-39b0-46c2-b064-6498857595d7','1cbb3557-f6f3-43f5-b93c-1ca868a0746f','2023-12-16',21.3,44.0,21.2805,63.0174,27.3044,1.6424);
INSERT INTO microbiome_profile VALUES ('62d20961-dca6-414b-9957-21de281edb66','1cbb3557-f6f3-43f5-b93c-1ca868a0746f','2023-12-16','gut','16S_rRNA_V4',3.4799,3.1814,0.0582,'[{"genus": "Bacteroides", "rel": 0.293}, {"genus": "Faecalibacterium", "rel": 0.167}, {"genus": "Akkermansia", "rel": 0.0582}]',0);
INSERT INTO tumor_staging VALUES ('59518a5a-1a12-43ad-8da9-318aa3a130d4','1cbb3557-f6f3-43f5-b93c-1ca868a0746f','2023-12-16','8500/3','C50.4','Invasive ductal carcinoma','T2','N1','M0','IIB',2,'right');
INSERT INTO imaging_measurement VALUES ('e9a625ed-1e16-441e-ad46-3a9806f6ee6e','1cbb3557-f6f3-43f5-b93c-1ca868a0746f','2023-11-24','MRI','L1','primary_left_breast',21.3,5059.8476,2.2579,'SD','{"entropy": 7.18, "sphericity": 0.77}');
INSERT INTO pathology_report VALUES ('8d9458a3-1396-40a6-ba1d-512c6a189d3e','1cbb3557-f6f3-43f5-b93c-1ca868a0746f','2023-12-16','core_needle_biopsy','R0',2,16,1,0,28.9865);
INSERT INTO performance_status VALUES ('a6a4969d-9551-4432-8bf5-c1ae1f5145eb','1cbb3557-f6f3-43f5-b93c-1ca868a0746f','2023-12-16',0,72,0,43.867);
INSERT INTO liquid_biopsy VALUES ('b9e91d4c-e2e1-4321-a8ad-11a69392e02f','1cbb3557-f6f3-43f5-b93c-1ca868a0746f','2023-12-16',0.0353,15.885,1,'[]','detected',8.1368);
INSERT INTO treatment_regimen VALUES ('fc0be7bb-02c8-4271-8d83-4a9d418d6464','1cbb3557-f6f3-43f5-b93c-1ca868a0746f',1,'Letrozole','adjuvant','2024-01-08','2024-11-08','planned_completion','PR',445);
INSERT INTO treatment_drug_dose VALUES ('dfc3ce75-e0de-442e-86a7-c65e89388400','fc0be7bb-02c8-4271-8d83-4a9d418d6464','dea8e584-d12c-47bf-a4c0-e739973380b8','2024-01-08',63.0,63.0,0.0,'oral',1,1.2918);
INSERT INTO adverse_event VALUES ('1bea2beb-14ab-4c07-af98-ba546c646b10','1cbb3557-f6f3-43f5-b93c-1ca868a0746f','fc0be7bb-02c8-4271-8d83-4a9d418d6464','Peripheral sensory neuropathy',1,'2024-02-28','2024-04-27','probable','none');
INSERT INTO adverse_event VALUES ('4c0daaf4-9d61-4571-bc31-0d9fc0774f5c','1cbb3557-f6f3-43f5-b93c-1ca868a0746f','fc0be7bb-02c8-4271-8d83-4a9d418d6464','Hand-foot syndrome',2,'2024-01-29','2024-03-05','probable','none');
INSERT INTO adverse_event VALUES ('9603ca2d-abd7-4385-b966-d51974c87b89','1cbb3557-f6f3-43f5-b93c-1ca868a0746f','fc0be7bb-02c8-4271-8d83-4a9d418d6464','Neutropenia',2,'2024-03-09','2024-03-31','probable','none');
INSERT INTO radiation_plan VALUES ('f02000c2-ad45-4625-98eb-9a769ccf1075','1cbb3557-f6f3-43f5-b93c-1ca868a0746f','photon_EBRT','CTV',49.6013,2.0,25,5,'IMRT',NULL,'{"heart": {"V20Gy_pct": "<25"}, "lung": {"mean_Gy": "<18"}}');
INSERT INTO carcinogen_exposure VALUES ('1f3cee7f-25c0-43a8-9fe7-cafcb8b6fa5a','1cbb3557-f6f3-43f5-b93c-1ca868a0746f','former',13.4437,0.8562,27.9199,81.9287,'[]',0.0,0);
INSERT INTO diet_nutrition VALUES ('31baa2cb-e93f-4ac7-b163-42f767a10bd5','1cbb3557-f6f3-43f5-b93c-1ca868a0746f','2023-12-16','FFQ',2081.4958,54.9162,186.9018,84.111,26.5486,82.0633,0.0,4.074,'Mediterranean');
INSERT INTO physical_activity VALUES ('0a63c702-940e-4ce3-ae78-c8bd920d304c','1cbb3557-f6f3-43f5-b93c-1ca868a0746f','2023-12-16',636.3475,71.3102,247.1984,6.9245,29.1832,7723,21.9746);
INSERT INTO stress_psychology VALUES ('ecab3ee4-10b5-4aae-8dcf-5bc56387311d','1cbb3557-f6f3-43f5-b93c-1ca868a0746f','2023-12-16',16,1,13,47.5932,321.78,7.1264,16);
INSERT INTO environmental_exposure VALUES ('a21d55f6-a1a9-4beb-9fca-a6a691e5d230','1cbb3557-f6f3-43f5-b93c-1ca868a0746f','2023-12-16',8.9556,3.0,25.1748,'negative',NULL,'negative','negative',1.558,'naive');
INSERT INTO socioeconomic_context VALUES ('107a663e-e0eb-4c0c-84e4-b4e86701a71d','1cbb3557-f6f3-43f5-b93c-1ca868a0746f','2023-12-16',31.8471,'public_Medicare',1.0,0.7208,86.0849,'employed_part_time',53.6762,11);
INSERT INTO circadian_profile VALUES ('4806f462-28bf-49b4-b27e-381e21275b2e','1cbb3557-f6f3-43f5-b93c-1ca868a0746f','2023-12-16','morning',82.1049,23.4187,'22:06',547.0539,0,9);

-- Patient 94: TNBC
INSERT INTO patient VALUES ('1736e545-048e-4c86-91de-38001ffa62c1','MRN-9866284','1949-08-03','female','East Asian','{"EUR": 0.89, "AFR": 0.22}','2022-03-15','2022-03-15');
INSERT INTO genomic_sample VALUES ('0267f160-60c0-42cb-9e8f-1592dec97d76','1736e545-048e-4c86-91de-38001ffa62c1','tumor','C50.4','2022-03-22','Tempus xT',0.62,0,'FFPE');
INSERT INTO somatic_mutation VALUES ('1bcf8394-e521-4925-95a8-571f03d16147','0267f160-60c0-42cb-9e8f-1592dec97d76','TP53','chr17',7674220,'G','A','SNV','missense_variant','p.Arg248Trp',0.332,278,'oncogenic','COSV52743007','1','SBS5');
INSERT INTO somatic_mutation VALUES ('ccc29eb0-1d67-4837-86ba-9acafd867300','0267f160-60c0-42cb-9e8f-1592dec97d76','PIK3CA','chr3',179234297,'C','T','SNV','missense_variant','p.His1047Arg',0.365,383,'oncogenic','COSV52748762','1','SBS1');
INSERT INTO somatic_mutation VALUES ('404fd651-637a-4680-820e-0104a10ce702','0267f160-60c0-42cb-9e8f-1592dec97d76','MAP3K1','chr5',56115628,'G','A','SNV','missense_variant','p.Glu1298Lys',0.1512,91,'oncogenic','COSV52721033','3A','SBS1');
INSERT INTO somatic_mutation VALUES ('5d45cdfe-f34a-4bc1-a7bc-a9922e7bb948','0267f160-60c0-42cb-9e8f-1592dec97d76','BRCA1','chr17',43094464,'T','A','SNV','missense_variant','p.Cys1697Ser',0.3955,190,'pathogenic','COSV52701256','1','SBS3');
INSERT INTO somatic_mutation VALUES ('0c01e362-bb00-41ba-8c1e-2a6639da66ab','0267f160-60c0-42cb-9e8f-1592dec97d76','ERBB2','chr17',39725084,'A','G','SNV','missense_variant','p.Leu755Ser',0.2249,198,'oncogenic','COSV52735019','1','SBS5');
INSERT INTO copy_number_variant VALUES ('a6738819-46ed-43c6-ac17-f6b7a96c4195','0267f160-60c0-42cb-9e8f-1592dec97d76','PTEN','chr10',89600000,89900000,0.5,-1.78,'deep_deletion',1);
INSERT INTO copy_number_variant VALUES ('256422d7-89c5-4523-a251-be74f02e94c7','0267f160-60c0-42cb-9e8f-1592dec97d76','MYC','chr8',127700000,127800000,5.5,0.29,'neutral',0);
INSERT INTO copy_number_variant VALUES ('8343e20d-e32a-44b8-be80-2d32c37551c3','0267f160-60c0-42cb-9e8f-1592dec97d76','CDKN2A','chr9',21967000,21995000,0.3,-1.87,'shallow_deletion',0);
INSERT INTO gene_expression VALUES ('59062de0-d3c1-4daf-acec-e1d40ac2d86a','0267f160-60c0-42cb-9e8f-1592dec97d76','ENSG00000091831','ESR1',1.0,0.1,2,-1.32,30.2);
INSERT INTO gene_expression VALUES ('b8217d6f-3d45-48f1-b7a3-48d384ed4786','0267f160-60c0-42cb-9e8f-1592dec97d76','ENSG00000141736','ERBB2',5.0,0.5,12,-1.28,30.8);
INSERT INTO gene_expression VALUES ('56af1242-b477-4e5e-b79e-d3ee242dd137','0267f160-60c0-42cb-9e8f-1592dec97d76','ENSG00000148773','MKI67',460.9,46.09,1152,3.79,99.0);
INSERT INTO gene_expression VALUES ('bb478c28-57fa-497b-9cf1-ee2d853ec877','0267f160-60c0-42cb-9e8f-1592dec97d76','ENSG00000141510','TP53',51.69,3.63,411,-0.76,38.6);
INSERT INTO gene_expression VALUES ('a5c0b2ef-8330-4bb5-a20e-4d79df4113d5','0267f160-60c0-42cb-9e8f-1592dec97d76','ENSG00000012048','BRCA1',71.58,4.91,378,-0.54,41.9);
INSERT INTO gene_expression VALUES ('fac8183e-78cc-4662-b190-e0b57e579968','0267f160-60c0-42cb-9e8f-1592dec97d76','ENSG00000139618','BRCA2',28.91,2.67,69,-1.01,34.9);
INSERT INTO gene_expression VALUES ('48b03b87-b9fa-4476-996d-fd1b3306860e','0267f160-60c0-42cb-9e8f-1592dec97d76','ENSG00000171862','PTEN',28.68,7.73,346,-1.01,34.9);
INSERT INTO gene_expression VALUES ('a876b2f2-c524-4455-adc5-bb5a13933bc5','0267f160-60c0-42cb-9e8f-1592dec97d76','ENSG00000136997','MYC',162.3,7.61,131,0.47,57.0);
INSERT INTO protein_expression VALUES ('8988113b-c56d-43bc-8a9e-5843f1a506de','0267f160-60c0-42cb-9e8f-1592dec97d76','ESR1','P03372','IHC',-1.5,0.0,0,'NULL');
INSERT INTO protein_expression VALUES ('de87587d-50f5-4c5f-8037-06da63282806','0267f160-60c0-42cb-9e8f-1592dec97d76','PGR','P06401','IHC',-0.78,72.0,2,'NULL');
INSERT INTO protein_expression VALUES ('330e7c67-eb60-417b-89ca-ba0c4d69ea4b','0267f160-60c0-42cb-9e8f-1592dec97d76','ERBB2','P04626','IHC',-1.22,28.0,1,'pY1248');
INSERT INTO protein_expression VALUES ('1d876ac6-0e90-4618-916d-a2edfc66ffb3','0267f160-60c0-42cb-9e8f-1592dec97d76','MKI67','P46013','IHC',-0.03,138.0,0,'NULL');
INSERT INTO epigenetic_mark VALUES ('8f7fd2c1-da6c-47b7-885f-594d9895b50e','0267f160-60c0-42cb-9e8f-1592dec97d76','DNA_methylation','cg15629539',0.668,'1.009','ESR1','CpG_island',NULL);
INSERT INTO epigenetic_mark VALUES ('78b73f3a-2b52-4d26-9146-db8782589c54','0267f160-60c0-42cb-9e8f-1592dec97d76','DNA_methylation','cg27053763',0.103,'-3.122','BRCA1','promoter',NULL);
INSERT INTO epigenetic_mark VALUES ('e5ed44d5-a04c-4c5c-a6ec-51297ca597f6','0267f160-60c0-42cb-9e8f-1592dec97d76','H3K27ac','chr17:37800000-37850000',0.153,NULL,'ERBB2','enhancer','0.969');
INSERT INTO ncrna_profile VALUES ('db28ac02-0516-4a74-b83e-2db8f0c17775','0267f160-60c0-42cb-9e8f-1592dec97d76','miRNA','hsa-miR-21-5p','miR-21-5p',8.1,'["PTEN", "PDCD4"]');
INSERT INTO ncrna_profile VALUES ('35324f65-babc-4558-a3af-192b7e9fd9a1','0267f160-60c0-42cb-9e8f-1592dec97d76','miRNA','hsa-miR-155-5p','miR-155-5p',5.94,'["SHIP1", "SOCS1"]');
INSERT INTO ncrna_profile VALUES ('1dd37b8c-2df0-42e8-b44a-41fdefe8811a','0267f160-60c0-42cb-9e8f-1592dec97d76','lncRNA','ENSG00000228630','HOTAIR',1.61,'["SHIP1", "SOCS1"]');
INSERT INTO ncrna_profile VALUES ('4c868872-d7b9-45df-b83e-807b8fd61b39','0267f160-60c0-42cb-9e8f-1592dec97d76','lncRNA','ENSG00000251562','MALAT1',50.24,'["SHIP1", "SOCS1"]');
INSERT INTO metabolomics_profile VALUES ('55221daa-e947-49e2-865e-cd3bafe6651e','0267f160-60c0-42cb-9e8f-1592dec97d76','Lactate','HMDB0000190','C00186',4.01,'LC-MS','organic_acid',1.34);
INSERT INTO metabolomics_profile VALUES ('75e2634c-4288-425f-8470-b15316f8d1ec','0267f160-60c0-42cb-9e8f-1592dec97d76','Glutamine','HMDB0000641','C00064',0.35,'LC-MS','amino_acid',-1.1);
INSERT INTO metabolomics_profile VALUES ('904a3322-c39d-42e6-80eb-febc23654f7a','0267f160-60c0-42cb-9e8f-1592dec97d76','Glucose','HMDB0000122','C00031',4.12,'LC-MS','carbohydrate',1.41);
INSERT INTO metabolomics_profile VALUES ('2d544856-56c3-4fc1-9df9-6f40e8f3504c','0267f160-60c0-42cb-9e8f-1592dec97d76','Phosphocholine','HMDB0001565','C00588',0.26,'LC-MS','lipid',-1.16);
INSERT INTO tumor_clone VALUES ('f4040ae3-4ae5-4998-a831-1e5ce1120c69','0267f160-60c0-42cb-9e8f-1592dec97d76','clone_A',0.67,'[]',1,1,0.1897);
INSERT INTO tumor_clone VALUES ('1341f2a3-f166-4856-bf22-afe1f94d396b','0267f160-60c0-42cb-9e8f-1592dec97d76','clone_B',0.33,'[]',0,2,0.0426);
INSERT INTO cell_cycle_state VALUES ('2639cf32-bf6d-47b1-92f0-734073c73629','0267f160-60c0-42cb-9e8f-1592dec97d76',0.601,0.2,0.091,0.108,49.1468,279.7,4.6);
INSERT INTO apoptosis_marker VALUES ('6345bfe9-c2e5-4630-8c0a-aba166a233b0','0267f160-60c0-42cb-9e8f-1592dec97d76',57.0,80.57,43.0,1.33,0.1039,3.4288,1.2888);
INSERT INTO dna_repair_status VALUES ('5fba9b6b-6cb2-45ae-9ec8-3536e1898391','0267f160-60c0-42cb-9e8f-1592dec97d76','mutated_somatic','mutated_somatic','deficient_MMR',0.32,10.2,60.8,0,'wildtype');
INSERT INTO metabolic_phenotype VALUES ('f1db703a-acd6-4afe-903e-c1eca2cadac2','0267f160-60c0-42cb-9e8f-1592dec97d76',0.692,102.4021,0.6464,0.2886,0.4988,0.8881,0.4597);
INSERT INTO stemness_profile VALUES ('bb7516b6-6169-4326-9c7f-9c4560595870','0267f160-60c0-42cb-9e8f-1592dec97d76',129.2828,6.7028,29.0673,0.3731,0.628,0.818,0.922,0.6481);
INSERT INTO drug_resistance_feature VALUES ('540d27fb-2e6f-4b3d-bf3d-1f353c9643f1','0267f160-60c0-42cb-9e8f-1592dec97d76',2.17,0.141,0.6149,1.0051,'[]',1.0);
INSERT INTO immune_infiltration VALUES ('62dcf625-c473-4e7d-bd6d-92d1bbf5a7fa','0267f160-60c0-42cb-9e8f-1592dec97d76',16.3,19.2661,6.4199,3.8124,6.4965,11.0777,10.1574,2.8842,8.2534,'CIBERSORT');
INSERT INTO checkpoint_expression VALUES ('c757f86c-d1da-4ada-a8d3-f66030a2f392','0267f160-60c0-42cb-9e8f-1592dec97d76',28.4,51.12,5.063,18.084,10.5743,9.4298,3.3461,18.552);
INSERT INTO cytokine_milieu VALUES ('33d4eabb-d50f-4fa1-bc17-0885cf3439f3','0267f160-60c0-42cb-9e8f-1592dec97d76',12.8975,10.777,4.6598,16.3491,12.8531,43.2,74.8178,113.9263);
INSERT INTO stromal_composition VALUES ('f5ad7269-d77d-47bd-8617-14ab8081bb23','0267f160-60c0-42cb-9e8f-1592dec97d76',0.2725,0.1287,0.1399,0.3679,3.0989,49.7748);
INSERT INTO ecm_profile VALUES ('b9f77065-3d15-4781-9c57-e61d9a15e65e','0267f160-60c0-42cb-9e8f-1592dec97d76',17.7086,4.912,33.6298,0.4252,0.3241,0.641,0.7589);
INSERT INTO hypoxia_vasculature VALUES ('b5f5631f-d087-4105-9c8f-13b6d5150776','0267f160-60c0-42cb-9e8f-1592dec97d76',2.11,1.5721,8.4,0.3636,36.2043,198.4854,81.1623,20.7,6.95);
INSERT INTO organ_function VALUES ('d2afb114-9fc9-4376-a355-91dd81ec81f4','1736e545-048e-4c86-91de-38001ffa62c1','2022-03-15',71.8,1.2616,19.562,15.0516,5.0,38.2751,62.0,436.8685,0.943);
INSERT INTO immune_baseline VALUES ('fbdf7c7b-9241-426a-9a41-8bcf83fe6922','1736e545-048e-4c86-91de-38001ffa62c1','2022-03-15',5.42,1.08,5.7,5.2778,440.2856,378.1787,100.0,11.6695);
INSERT INTO hormonal_profile VALUES ('81cf5d8d-4c0a-4792-86c2-49114d0a2afb','1736e545-048e-4c86-91de-38001ffa62c1','2022-03-15',38.5,0.38,507.0,56.7053,19.4026,1.697,11.7052);
INSERT INTO pharmacogenomics VALUES ('da8954a1-347b-457c-8ceb-10a3a3c318db','1736e545-048e-4c86-91de-38001ffa62c1','IM','NM','NM','*28/*28','low',0,'NM');
INSERT INTO body_composition VALUES ('1c17fad0-161d-47fe-a0d8-ce913f697ea0','1736e545-048e-4c86-91de-38001ffa62c1','2022-03-15',16.0,46.2,15.3683,117.9368,23.3766,1.6802);
INSERT INTO microbiome_profile VALUES ('521c20b5-20c6-4726-a816-216691b7757d','1736e545-048e-4c86-91de-38001ffa62c1','2022-03-15','gut','16S_rRNA_V4',4.1252,3.3103,0.0,'[{"genus": "Bacteroides", "rel": 0.163}, {"genus": "Faecalibacterium", "rel": 0.161}, {"genus": "Akkermansia", "rel": 0.0}]',0);
INSERT INTO tumor_staging VALUES ('e240627e-c656-42c0-ab88-8f4177f1935b','1736e545-048e-4c86-91de-38001ffa62c1','2022-03-15','8500/3','C50.4','Invasive ductal carcinoma, triple negative','T4','N2','M0','IIIB',3,'left');
INSERT INTO imaging_measurement VALUES ('a1d3376f-aa36-4114-b055-1360a62e7dce','1736e545-048e-4c86-91de-38001ffa62c1','2022-03-05','MRI','L1','primary_left_breast',22.7,6124.5783,3.5132,'SD','{"entropy": 6.81, "sphericity": 0.57}');
INSERT INTO pathology_report VALUES ('94786f06-3f38-4f2a-89fe-4450aa0a09f9','1736e545-048e-4c86-91de-38001ffa62c1','2022-03-15','core_needle_biopsy','R0',7,12,0,1,30.1859);
INSERT INTO performance_status VALUES ('1fba6137-8396-4930-853e-b047c4f9b56e','1736e545-048e-4c86-91de-38001ffa62c1','2022-03-15',0,77,4,33.3935);
INSERT INTO liquid_biopsy VALUES ('ac6b837a-fadc-427d-8f62-f74f4c3da682','1736e545-048e-4c86-91de-38001ffa62c1','2022-03-15',0.0528,23.76,1,'[]','detected',14.1783);
INSERT INTO treatment_regimen VALUES ('f6ba64fd-7390-42a0-ba46-33dc8f125bfc','1736e545-048e-4c86-91de-38001ffa62c1',1,'AC-T','neoadjuvant','2022-04-15','2022-12-19','planned_completion','PR',505);
INSERT INTO treatment_drug_dose VALUES ('4fef9d8a-8134-4e91-9652-3c4cb1e4b345','f6ba64fd-7390-42a0-ba46-33dc8f125bfc','8ed4a385-e60c-4c06-9827-b17fc4f5be7e','2022-04-15',61.0,58.0,4.9,'IV',1,1.9318);
INSERT INTO adverse_event VALUES ('ec0d8f33-bde7-4e07-9b7b-ab3fb5204d58','1736e545-048e-4c86-91de-38001ffa62c1','f6ba64fd-7390-42a0-ba46-33dc8f125bfc','Fatigue',1,'2022-05-23','2022-07-18','probable','none');
INSERT INTO adverse_event VALUES ('4a2e497c-ffca-434b-8ee0-00b04cb4ff49','1736e545-048e-4c86-91de-38001ffa62c1','f6ba64fd-7390-42a0-ba46-33dc8f125bfc','Hand-foot syndrome',2,'2022-06-21','2022-07-31','probable','none');
INSERT INTO radiation_plan VALUES ('aa1fb209-2672-4a1f-91ec-8d2037362c95','1736e545-048e-4c86-91de-38001ffa62c1','photon_EBRT','CTV',50.4392,2.0,25,5,'IMRT',NULL,'{"heart": {"V20Gy_pct": "<25"}, "lung": {"mean_Gy": "<18"}}');
INSERT INTO carcinogen_exposure VALUES ('a2c3b39f-45b2-4cb4-973f-802eacd8335f','1736e545-048e-4c86-91de-38001ffa62c1','former',4.2296,0.0,35.6569,27.7041,'[]',0.0,0);
INSERT INTO diet_nutrition VALUES ('ff2c080b-398b-41bf-898e-22b99939a526','1736e545-048e-4c86-91de-38001ffa62c1','2022-03-15','FFQ',2249.0738,60.1362,204.1982,66.9847,31.5557,16.5724,10.3729,5.0566,'Mediterranean');
INSERT INTO physical_activity VALUES ('c8bff41d-eba3-4a86-9d31-a459b64a12fc','1736e545-048e-4c86-91de-38001ffa62c1','2022-03-15',495.9017,37.2538,207.6618,9.5901,24.0789,10928,23.4226);
INSERT INTO stress_psychology VALUES ('fb4720e1-b4c5-4464-9962-5541573feb54','1736e545-048e-4c86-91de-38001ffa62c1','2022-03-15',11,10,9,45.3111,314.34,8.007,9);
INSERT INTO environmental_exposure VALUES ('c495846e-22a8-4aae-9201-4084784ee656','1736e545-048e-4c86-91de-38001ffa62c1','2022-03-15',18.0356,14.4758,38.355,'negative',NULL,'negative','negative',8.4214,'naive');
INSERT INTO socioeconomic_context VALUES ('9d4f003b-7ebf-432f-93ca-c05a752ac848','1736e545-048e-4c86-91de-38001ffa62c1','2022-03-15',29.2179,'public_Medicare',0.7371,0.8818,68.2714,'employed_part_time',30.0277,20);
INSERT INTO circadian_profile VALUES ('74f65e7f-b1b2-46f8-83f9-3229e4a64e14','1736e545-048e-4c86-91de-38001ffa62c1','2022-03-15','morning',92.8979,21.0916,'22:06',148.4213,0,10);

-- Patient 95: HR+ metastatic
INSERT INTO patient VALUES ('f2d688df-97f5-4258-8a1d-85bcaab110ac','MRN-4538463','1947-10-02','female','Black or African American','{"EUR": 0.35, "AFR": 0.27}','2022-08-14','2022-08-14');
INSERT INTO genomic_sample VALUES ('583137c8-7906-45a3-ab6a-f51373642b66','f2d688df-97f5-4258-8a1d-85bcaab110ac','tumor','C50.4','2022-08-18','Guardant360',0.85,0,'FFPE');
INSERT INTO somatic_mutation VALUES ('ab703cce-7106-4e1e-ae08-a5d93568844e','583137c8-7906-45a3-ab6a-f51373642b66','MYC','chr8',127735434,'A','G','SNV','missense_variant','p.Thr58Ala',0.2842,363,'oncogenic','COSV52759832','3A','SBS5');
INSERT INTO somatic_mutation VALUES ('b7bc318e-0d0f-4948-b072-fc8baa259297','583137c8-7906-45a3-ab6a-f51373642b66','MAP3K1','chr5',56115628,'G','A','SNV','missense_variant','p.Glu1298Lys',0.27,218,'oncogenic','COSV52721033','3A','SBS1');
INSERT INTO somatic_mutation VALUES ('821f7de6-cf91-48db-91b1-70d2631926fc','583137c8-7906-45a3-ab6a-f51373642b66','CCND1','chr11',69465258,'G','T','SNV','missense_variant','p.Pro241Leu',0.3377,95,'oncogenic','COSV52718943','3A','SBS1');
INSERT INTO copy_number_variant VALUES ('3553e199-934c-439e-99c5-b28c854a17cb','583137c8-7906-45a3-ab6a-f51373642b66','MYC','chr8',127700000,127800000,8.4,1.38,'amplification',0);
INSERT INTO copy_number_variant VALUES ('c9454e27-0f3a-432e-b6a0-980d5d0d6ea8','583137c8-7906-45a3-ab6a-f51373642b66','CDKN2A','chr9',21967000,21995000,0.0,-2.23,'shallow_deletion',0);
INSERT INTO gene_expression VALUES ('74c11494-92c4-43c4-b9ae-290c1e48f000','583137c8-7906-45a3-ab6a-f51373642b66','ENSG00000091831','ESR1',722.55,72.26,1806,6.69,99.0);
INSERT INTO gene_expression VALUES ('66172eab-c219-4e81-ba21-be6ce7beced7','583137c8-7906-45a3-ab6a-f51373642b66','ENSG00000141736','ERBB2',5.0,0.5,12,-1.28,30.8);
INSERT INTO gene_expression VALUES ('c95f13a0-df74-4e73-960b-0d09bf90e4a2','583137c8-7906-45a3-ab6a-f51373642b66','ENSG00000148773','MKI67',231.51,23.15,579,1.24,68.6);
INSERT INTO gene_expression VALUES ('3404a075-db51-4e57-bc2d-b7f60547ec5b','583137c8-7906-45a3-ab6a-f51373642b66','ENSG00000141510','TP53',87.0,7.45,313,-0.37,44.5);
INSERT INTO gene_expression VALUES ('cb60b002-4fe2-4b8f-a922-2b04c2fd2f21','583137c8-7906-45a3-ab6a-f51373642b66','ENSG00000012048','BRCA1',34.26,5.66,212,-0.95,35.8);
INSERT INTO gene_expression VALUES ('8a944060-d602-4e26-abff-7280da70c8b6','583137c8-7906-45a3-ab6a-f51373642b66','ENSG00000139618','BRCA2',29.35,6.32,353,-1.01,34.9);
INSERT INTO gene_expression VALUES ('a2ba2ab7-d039-4de5-a55c-81bd246be925','583137c8-7906-45a3-ab6a-f51373642b66','ENSG00000171862','PTEN',71.35,3.03,376,-0.54,41.9);
INSERT INTO gene_expression VALUES ('cad2a26f-3296-4de0-8df1-037de8df515b','583137c8-7906-45a3-ab6a-f51373642b66','ENSG00000136997','MYC',50.55,5.26,632,-0.77,38.5);
INSERT INTO protein_expression VALUES ('fcbceffb-bb6d-4e90-9acf-0f0ffffed2e6','583137c8-7906-45a3-ab6a-f51373642b66','ESR1','P03372','IHC',0.82,232.0,6,'NULL');
INSERT INTO protein_expression VALUES ('0e20b61b-9634-4f07-ac55-d346e43922d4','583137c8-7906-45a3-ab6a-f51373642b66','PGR','P06401','IHC',0.2,170.0,4,'NULL');
INSERT INTO protein_expression VALUES ('87474745-9085-419e-9436-d30e13e84ebc','583137c8-7906-45a3-ab6a-f51373642b66','ERBB2','P04626','IHC',-1.27,23.0,1,'pY1248');
INSERT INTO protein_expression VALUES ('3b6119db-5e95-46de-8de7-1035828e469e','583137c8-7906-45a3-ab6a-f51373642b66','MKI67','P46013','IHC',-0.82,63.0,0,'NULL');
INSERT INTO epigenetic_mark VALUES ('5f801c3b-87da-46c3-bc8a-5d28754491db','583137c8-7906-45a3-ab6a-f51373642b66','DNA_methylation','cg15629539',0.093,'-3.286','ESR1','CpG_island',NULL);
INSERT INTO epigenetic_mark VALUES ('ac59b80e-5e25-4da3-811d-42e3f0126685','583137c8-7906-45a3-ab6a-f51373642b66','DNA_methylation','cg27053763',0.107,'-3.061','BRCA1','promoter',NULL);
INSERT INTO epigenetic_mark VALUES ('3bb6d888-6033-4830-a8d1-46e73f0417d8','583137c8-7906-45a3-ab6a-f51373642b66','H3K27ac','chr17:37800000-37850000',0.217,NULL,'ERBB2','enhancer','2.155');
INSERT INTO ncrna_profile VALUES ('620c62b5-07f0-4f7c-bb74-d03d1a2813c9','583137c8-7906-45a3-ab6a-f51373642b66','miRNA','hsa-miR-21-5p','miR-21-5p',4.36,'["PTEN", "PDCD4"]');
INSERT INTO ncrna_profile VALUES ('39ba7515-ecb6-4705-b48e-ab36ec7aa92e','583137c8-7906-45a3-ab6a-f51373642b66','miRNA','hsa-miR-155-5p','miR-155-5p',7.22,'["SHIP1", "SOCS1"]');
INSERT INTO ncrna_profile VALUES ('25584b05-6526-4764-8a58-1585d8e96684','583137c8-7906-45a3-ab6a-f51373642b66','lncRNA','ENSG00000228630','HOTAIR',3.51,'["SHIP1", "SOCS1"]');
INSERT INTO ncrna_profile VALUES ('59afe07c-dcb7-4575-a5c5-919ff609a816','583137c8-7906-45a3-ab6a-f51373642b66','lncRNA','ENSG00000251562','MALAT1',69.89,'["SHIP1", "SOCS1"]');
INSERT INTO metabolomics_profile VALUES ('35793685-2828-4afb-bbf9-9f13ae96c519','583137c8-7906-45a3-ab6a-f51373642b66','Lactate','HMDB0000190','C00186',2.5,'LC-MS','organic_acid',0.33);
INSERT INTO metabolomics_profile VALUES ('9fd9a60f-b5ef-41e1-9f67-ee239ec688ec','583137c8-7906-45a3-ab6a-f51373642b66','Glutamine','HMDB0000641','C00064',0.52,'LC-MS','amino_acid',-0.99);
INSERT INTO metabolomics_profile VALUES ('d20365fd-178d-4a06-8f18-eb09908b9c15','583137c8-7906-45a3-ab6a-f51373642b66','Glucose','HMDB0000122','C00031',6.17,'LC-MS','carbohydrate',2.78);
INSERT INTO metabolomics_profile VALUES ('b25e7e2e-29c1-4764-836d-e6fc570ae3b4','583137c8-7906-45a3-ab6a-f51373642b66','Phosphocholine','HMDB0001565','C00588',0.12,'LC-MS','lipid',-1.25);
INSERT INTO tumor_clone VALUES ('92642e0e-d22d-48a6-91f1-ca2abf7c4271','583137c8-7906-45a3-ab6a-f51373642b66','clone_A',0.56,'[]',1,1,0.2278);
INSERT INTO tumor_clone VALUES ('1f77b9f8-c8c4-4188-89f4-76c1d95d91fc','583137c8-7906-45a3-ab6a-f51373642b66','clone_B',0.44,'[]',0,2,0.1046);
INSERT INTO cell_cycle_state VALUES ('7f9b6847-ffc6-4b42-b690-de3506c8ca0a','583137c8-7906-45a3-ab6a-f51373642b66',0.727,0.095,0.067,0.111,22.5354,480.0,1.8);
INSERT INTO apoptosis_marker VALUES ('bc55ae4d-2c18-4c34-a48d-eba054e004c0','583137c8-7906-45a3-ab6a-f51373642b66',168.0,96.1277,80.0,2.1,0.0549,4.8894,0.3959);
INSERT INTO dna_repair_status VALUES ('a449a26d-96a1-4944-adc3-2bac811b09bb','583137c8-7906-45a3-ab6a-f51373642b66','wildtype','wildtype','proficient_MMR',0.04,7.1,44.2,0,'wildtype');
INSERT INTO metabolic_phenotype VALUES ('be13c842-842f-462f-90b2-d93360897a2e','583137c8-7906-45a3-ab6a-f51373642b66',0.419,88.7109,0.1461,0.3952,0.3435,1.308,0.662);
INSERT INTO stemness_profile VALUES ('429a5737-9b7b-4bf9-8d38-c44a46d87f03','583137c8-7906-45a3-ab6a-f51373642b66',11.4423,9.7826,6.5971,0.1409,0.199,0.365,0.1952,0.1251);
INSERT INTO drug_resistance_feature VALUES ('a5993bb0-b3eb-4762-9714-5c707a5e590c','583137c8-7906-45a3-ab6a-f51373642b66',0.99,0.5497,0.275,0.2119,'[]',0.5407);
INSERT INTO immune_infiltration VALUES ('d8773f9d-897b-4361-bf8e-72736443ac21','583137c8-7906-45a3-ab6a-f51373642b66',12.7,13.012,10.417,2.2921,5.6286,11.2109,12.8606,3.3126,7.2387,'CIBERSORT');
INSERT INTO checkpoint_expression VALUES ('53c82dba-d75d-49ca-9e8e-23e0855c8a60','583137c8-7906-45a3-ab6a-f51373642b66',9.7,17.46,11.5372,13.3699,6.9304,12.1493,8.5892,16.1733);
INSERT INTO cytokine_milieu VALUES ('2d5fdfe5-bc64-401c-986c-5ef50d77d2bf','583137c8-7906-45a3-ab6a-f51373642b66',29.5445,7.3232,7.4202,28.3577,17.472,9.5,17.6571,180.31);
INSERT INTO stromal_composition VALUES ('1f769b38-ed8e-411b-b380-c7621ca74c84','583137c8-7906-45a3-ab6a-f51373642b66',0.2051,0.0541,0.1077,0.3029,3.3678,28.725);
INSERT INTO ecm_profile VALUES ('675033a4-0a34-440b-a83b-44ea6f190d34','583137c8-7906-45a3-ab6a-f51373642b66',11.2444,9.1581,18.3597,0.461,0.2266,0.7299,0.3367);
INSERT INTO hypoxia_vasculature VALUES ('5c791fbe-f572-4517-b49d-c6e9d0144661','583137c8-7906-45a3-ab6a-f51373642b66',0.52,0.4798,7.5,0.4506,49.9615,189.0299,123.5173,12.0,7.24);
INSERT INTO organ_function VALUES ('63226a11-8f74-4b90-9595-af60ce9e073c','f2d688df-97f5-4258-8a1d-85bcaab110ac','2022-08-14',58.8,1.1056,11.7793,25.5364,11.1912,39.3639,64.4,433.6138,1.0981);
INSERT INTO immune_baseline VALUES ('1d57d924-8fc1-4ef2-98c1-fee7bdb104db','f2d688df-97f5-4258-8a1d-85bcaab110ac','2022-08-14',5.48,1.58,5.02,3.1772,657.4172,460.1597,286.6607,10.1963);
INSERT INTO hormonal_profile VALUES ('e4f4f6b4-5d3b-4718-9a8f-750863049eab','f2d688df-97f5-4258-8a1d-85bcaab110ac','2022-08-14',2.0,0.45,405.0,90.5047,21.2818,1.9277,6.5208);
INSERT INTO pharmacogenomics VALUES ('411bb796-e6ac-43e6-b5e0-4569f81610a2','f2d688df-97f5-4258-8a1d-85bcaab110ac','UM','NM','NM','*28/*28','low',0,'NM');
INSERT INTO body_composition VALUES ('43eec5d9-7fb2-4a7b-930e-ca1c6242899b','f2d688df-97f5-4258-8a1d-85bcaab110ac','2022-08-14',29.9,31.6,31.1255,39.5002,34.0803,1.603);
INSERT INTO microbiome_profile VALUES ('96c326e5-89bd-492b-8a40-dc9536f03c5f','f2d688df-97f5-4258-8a1d-85bcaab110ac','2022-08-14','gut','16S_rRNA_V4',3.6815,2.742,0.0424,'[{"genus": "Bacteroides", "rel": 0.321}, {"genus": "Faecalibacterium", "rel": 0.053}, {"genus": "Akkermansia", "rel": 0.0424}]',0);
INSERT INTO tumor_staging VALUES ('12e073be-d930-4323-bf26-c1cfd77453bc','f2d688df-97f5-4258-8a1d-85bcaab110ac','2022-08-14','8500/3','C50.4','Invasive ductal carcinoma','T4','N3','M1','IV',1,'left');
INSERT INTO imaging_measurement VALUES ('f798421a-278a-42f6-8ab7-8c3cce07c193','f2d688df-97f5-4258-8a1d-85bcaab110ac','2022-07-21','MRI','L1','primary_left_breast',4.0,33.5103,2.892,'SD','{"entropy": 4.11, "sphericity": 0.8}');
INSERT INTO pathology_report VALUES ('bbd1dc2e-c7a6-4dec-b3e1-5139335060df','f2d688df-97f5-4258-8a1d-85bcaab110ac','2022-08-14','core_needle_biopsy','R0',5,22,0,0,7.7279);
INSERT INTO performance_status VALUES ('af5442c7-2f95-4bc8-969d-d13883e040e8','f2d688df-97f5-4258-8a1d-85bcaab110ac','2022-08-14',2,84,0,34.4411);
INSERT INTO liquid_biopsy VALUES ('0aa086ae-ddf1-4523-8eeb-66bfe97439d8','f2d688df-97f5-4258-8a1d-85bcaab110ac','2022-08-14',0.1289,58.005,5,'[]','detected',7.7757);
INSERT INTO treatment_regimen VALUES ('2e3ea6e8-9b33-4de5-b6c2-a41b8aa029d3','f2d688df-97f5-4258-8a1d-85bcaab110ac',1,'Palbociclib+Let','palliative','2022-08-28','2023-11-25','planned_completion','PR',526);
INSERT INTO treatment_drug_dose VALUES ('981027d1-b374-4b33-910b-4772650872e1','2e3ea6e8-9b33-4de5-b6c2-a41b8aa029d3','14234f22-ddb9-4e92-883c-bd55730bb629','2022-08-28',83.0,83.0,0.0,'IV',1,1.8734);
INSERT INTO adverse_event VALUES ('77faa813-3d99-4bd8-818a-10c3361d2f9e','f2d688df-97f5-4258-8a1d-85bcaab110ac','2e3ea6e8-9b33-4de5-b6c2-a41b8aa029d3','Fatigue',2,'2022-10-23','2022-11-17','probable','none');
INSERT INTO adverse_event VALUES ('522fc3e7-9fdd-41dc-ae0b-413d006d2637','f2d688df-97f5-4258-8a1d-85bcaab110ac','2e3ea6e8-9b33-4de5-b6c2-a41b8aa029d3','Alopecia',2,'2022-10-07','2022-11-29','probable','none');
INSERT INTO adverse_event VALUES ('ed5c9ccd-6eb5-4d8c-be3a-a31a48291e85','f2d688df-97f5-4258-8a1d-85bcaab110ac','2e3ea6e8-9b33-4de5-b6c2-a41b8aa029d3','Diarrhoea',1,'2022-09-27','2022-11-17','probable','none');
INSERT INTO carcinogen_exposure VALUES ('7a5423f0-97a1-441e-8497-6cef517a4d6a','f2d688df-97f5-4258-8a1d-85bcaab110ac','never',0.0,10.3662,24.46,41.5153,'[]',0.0,0);
INSERT INTO diet_nutrition VALUES ('965be8b5-a919-491e-bdfd-4ba9d85a8ae2','f2d688df-97f5-4258-8a1d-85bcaab110ac','2022-08-14','FFQ',1557.0169,65.1065,209.0625,112.662,19.9757,30.3752,41.4871,1.6228,'Western');
INSERT INTO physical_activity VALUES ('0a1c86f3-12ec-41c0-880a-6b97b5f903e5','f2d688df-97f5-4258-8a1d-85bcaab110ac','2022-08-14',275.7445,168.9422,97.8851,10.3823,25.4326,5757,31.0065);
INSERT INTO stress_psychology VALUES ('c4db1429-4f9f-425f-9783-61bdb663ff77','f2d688df-97f5-4258-8a1d-85bcaab110ac','2022-08-14',13,0,13,29.5702,251.1,5.6608,12);
INSERT INTO environmental_exposure VALUES ('8f9d7f8a-3fbb-4546-a932-bc18461bb4e5','f2d688df-97f5-4258-8a1d-85bcaab110ac','2022-08-14',9.6755,7.8097,74.1303,'negative',NULL,'negative','negative',5.0153,'naive');
INSERT INTO socioeconomic_context VALUES ('ce44a488-c400-4bb6-a165-b45a620e18b9','f2d688df-97f5-4258-8a1d-85bcaab110ac','2022-08-14',74.2927,'private',1.0,0.4464,100.0,'employed_part_time',18.2823,17);
INSERT INTO circadian_profile VALUES ('43d19b6c-1ff8-406c-b1ac-f2b2abce4e21','f2d688df-97f5-4258-8a1d-85bcaab110ac','2022-08-14','intermediate',78.0781,21.7709,'22:55',350.2696,0,8);

-- Patient 96: TNBC
INSERT INTO patient VALUES ('04542b04-5417-404b-8e71-f0e9307b7fdf','MRN-7660834','1979-02-13','female','White','{"EUR": 0.79, "AFR": 0.26}','2020-10-18','2020-10-18');
INSERT INTO genomic_sample VALUES ('a5a0effb-5924-4100-9c86-c515c4cf7f7b','04542b04-5417-404b-8e71-f0e9307b7fdf','tumor','C50.4','2020-10-31','Foundation One CDx',0.72,0,'FFPE');
INSERT INTO somatic_mutation VALUES ('563fd49b-060c-45cf-87cd-fd8d0fc9d5e0','a5a0effb-5924-4100-9c86-c515c4cf7f7b','PTEN','chr10',89692905,'G','A','SNV','missense_variant','p.Arg130Gly',0.3542,152,'oncogenic','COSV52731827','1','SBS5');
INSERT INTO somatic_mutation VALUES ('b282dae2-fa2f-4063-a646-c9a531f67db5','a5a0effb-5924-4100-9c86-c515c4cf7f7b','ERBB2','chr17',39725084,'A','G','SNV','missense_variant','p.Leu755Ser',0.2833,304,'oncogenic','COSV52735019','1','SBS5');
INSERT INTO somatic_mutation VALUES ('f56cd6b8-fef5-4a27-a104-808b57b36f0c','a5a0effb-5924-4100-9c86-c515c4cf7f7b','GATA3','chr10',8115610,'CT','C','indel','frameshift_variant','p.Thr443fs',0.2544,250,'oncogenic','COSV52704812','1','SBS5');
INSERT INTO somatic_mutation VALUES ('018d577a-2897-4147-b118-4f8e525c9490','a5a0effb-5924-4100-9c86-c515c4cf7f7b','PIK3CA','chr3',179234297,'C','T','SNV','missense_variant','p.His1047Arg',0.2322,123,'oncogenic','COSV52748762','1','SBS1');
INSERT INTO somatic_mutation VALUES ('e9cb8943-e45a-41eb-ad83-00d6ed42adcd','a5a0effb-5924-4100-9c86-c515c4cf7f7b','TP53','chr17',7674220,'G','A','SNV','missense_variant','p.Arg248Trp',0.5306,186,'oncogenic','COSV52743007','1','SBS5');
INSERT INTO copy_number_variant VALUES ('5a944cc4-4633-40ad-9dfc-717e116fe275','a5a0effb-5924-4100-9c86-c515c4cf7f7b','PTEN','chr10',89600000,89900000,0.2,-1.77,'deep_deletion',1);
INSERT INTO copy_number_variant VALUES ('d781a4e6-bfc5-4537-a4bc-fd8a633922df','a5a0effb-5924-4100-9c86-c515c4cf7f7b','MYC','chr8',127700000,127800000,2.0,0.46,'neutral',0);
INSERT INTO copy_number_variant VALUES ('bda773b2-88da-44cd-b047-5692a211a4ca','a5a0effb-5924-4100-9c86-c515c4cf7f7b','CDKN2A','chr9',21967000,21995000,0.9,-2.39,'shallow_deletion',0);
INSERT INTO gene_expression VALUES ('ced50a3c-4afd-4f5d-aa70-785a624423e9','a5a0effb-5924-4100-9c86-c515c4cf7f7b','ENSG00000091831','ESR1',76.11,7.61,190,-0.49,42.6);
INSERT INTO gene_expression VALUES ('2c9a1fcd-a28c-4f8f-a6db-fbc21e1ad68b','a5a0effb-5924-4100-9c86-c515c4cf7f7b','ENSG00000141736','ERBB2',42.14,4.21,105,-0.87,37.0);
INSERT INTO gene_expression VALUES ('b1fbd722-6e3f-487f-bc3f-fdd8b2693974','a5a0effb-5924-4100-9c86-c515c4cf7f7b','ENSG00000148773','MKI67',413.74,41.37,1034,3.26,98.9);
INSERT INTO gene_expression VALUES ('572b8816-3865-4a73-bc33-06b26be5823a','a5a0effb-5924-4100-9c86-c515c4cf7f7b','ENSG00000141510','TP53',57.25,7.64,125,-0.7,39.5);
INSERT INTO gene_expression VALUES ('26509f05-e865-489e-a499-f222992ddefa','a5a0effb-5924-4100-9c86-c515c4cf7f7b','ENSG00000012048','BRCA1',55.56,5.79,256,-0.72,39.2);
INSERT INTO gene_expression VALUES ('f15d038f-2c21-4da8-ad00-8f77cd1325ab','a5a0effb-5924-4100-9c86-c515c4cf7f7b','ENSG00000139618','BRCA2',51.4,7.53,184,-0.76,38.6);
INSERT INTO gene_expression VALUES ('f8249a22-2bd7-469b-951d-06f3f134cfea','a5a0effb-5924-4100-9c86-c515c4cf7f7b','ENSG00000171862','PTEN',73.28,8.85,472,-0.52,42.2);
INSERT INTO gene_expression VALUES ('d253e914-3a7a-4749-966a-7af79777c9c9','a5a0effb-5924-4100-9c86-c515c4cf7f7b','ENSG00000136997','MYC',21.41,4.99,330,-1.1,33.5);
INSERT INTO protein_expression VALUES ('9aa6f08a-6c03-46f0-80f3-5036532f2a39','a5a0effb-5924-4100-9c86-c515c4cf7f7b','ESR1','P03372','IHC',-1.38,12.0,0,'NULL');
INSERT INTO protein_expression VALUES ('6b598f8c-6822-4ef8-8c44-40346e2e3b75','a5a0effb-5924-4100-9c86-c515c4cf7f7b','PGR','P06401','IHC',-0.95,55.0,1,'NULL');
INSERT INTO protein_expression VALUES ('dda461bb-60d3-4816-a98a-3c19fb014c24','a5a0effb-5924-4100-9c86-c515c4cf7f7b','ERBB2','P04626','IHC',-1.38,12.0,0,'pY1248');
INSERT INTO protein_expression VALUES ('fcbc4995-8221-44f7-b5f5-b9b3a00ca4ec','a5a0effb-5924-4100-9c86-c515c4cf7f7b','MKI67','P46013','IHC',0.09,148.0,0,'NULL');
INSERT INTO epigenetic_mark VALUES ('5e10d572-2d15-405c-8d3d-1dc643555f2e','a5a0effb-5924-4100-9c86-c515c4cf7f7b','DNA_methylation','cg15629539',0.625,'0.737','ESR1','CpG_island',NULL);
INSERT INTO epigenetic_mark VALUES ('cd0652cf-150d-4e83-bb58-50467da3438a','a5a0effb-5924-4100-9c86-c515c4cf7f7b','DNA_methylation','cg27053763',0.165,'-2.339','BRCA1','promoter',NULL);
INSERT INTO epigenetic_mark VALUES ('aa87475b-24bf-4624-99ce-22b7fc205bf1','a5a0effb-5924-4100-9c86-c515c4cf7f7b','H3K27ac','chr17:37800000-37850000',0.13,NULL,'ERBB2','enhancer','1.948');
INSERT INTO ncrna_profile VALUES ('65770379-21b9-4474-83bb-fa5d8d99a7ca','a5a0effb-5924-4100-9c86-c515c4cf7f7b','miRNA','hsa-miR-21-5p','miR-21-5p',9.01,'["PTEN", "PDCD4"]');
INSERT INTO ncrna_profile VALUES ('5b22fbad-8c0b-46d6-a245-f4abe090c43a','a5a0effb-5924-4100-9c86-c515c4cf7f7b','miRNA','hsa-miR-155-5p','miR-155-5p',7.22,'["SHIP1", "SOCS1"]');
INSERT INTO ncrna_profile VALUES ('c8dba087-a262-4f19-8d0e-d2b153f7303b','a5a0effb-5924-4100-9c86-c515c4cf7f7b','lncRNA','ENSG00000228630','HOTAIR',0.1,'["SHIP1", "SOCS1"]');
INSERT INTO ncrna_profile VALUES ('b165cab7-3446-4d72-bb37-9bca22dd137f','a5a0effb-5924-4100-9c86-c515c4cf7f7b','lncRNA','ENSG00000251562','MALAT1',37.18,'["SHIP1", "SOCS1"]');
INSERT INTO metabolomics_profile VALUES ('9d19ac9d-9fe1-4818-a9f4-e90016506f72','a5a0effb-5924-4100-9c86-c515c4cf7f7b','Lactate','HMDB0000190','C00186',3.98,'LC-MS','organic_acid',1.32);
INSERT INTO metabolomics_profile VALUES ('0261f973-d322-41d8-a071-80467bffb19c','a5a0effb-5924-4100-9c86-c515c4cf7f7b','Glutamine','HMDB0000641','C00064',0.51,'LC-MS','amino_acid',-0.99);
INSERT INTO metabolomics_profile VALUES ('860872e3-2369-496e-b649-4e1564648e28','a5a0effb-5924-4100-9c86-c515c4cf7f7b','Glucose','HMDB0000122','C00031',5.56,'LC-MS','carbohydrate',2.37);
INSERT INTO metabolomics_profile VALUES ('3d1bdbf0-1d18-4681-b533-d2a669a352c4','a5a0effb-5924-4100-9c86-c515c4cf7f7b','Phosphocholine','HMDB0001565','C00588',0.17,'LC-MS','lipid',-1.22);
INSERT INTO tumor_clone VALUES ('8272bc8c-e6ee-4030-a521-12034c65bc76','a5a0effb-5924-4100-9c86-c515c4cf7f7b','clone_A',0.81,'[]',1,1,0.0884);
INSERT INTO tumor_clone VALUES ('4e0d9317-7565-400d-ba0f-469e8246ddb1','a5a0effb-5924-4100-9c86-c515c4cf7f7b','clone_B',0.19,'[]',0,2,0.0901);
INSERT INTO cell_cycle_state VALUES ('27690a81-e5c7-4f48-b492-2c9577d584e0','a5a0effb-5924-4100-9c86-c515c4cf7f7b',0.7,0.198,0.073,0.029,52.9011,325.9,5.0);
INSERT INTO apoptosis_marker VALUES ('9114b521-576e-4482-8865-8a96e43ca76c','a5a0effb-5924-4100-9c86-c515c4cf7f7b',70.0,120.5848,123.0,0.57,0.3296,2.1095,1.0664);
INSERT INTO dna_repair_status VALUES ('0859ee09-7fd1-4c59-8611-0c4e1a064f1f','a5a0effb-5924-4100-9c86-c515c4cf7f7b','wildtype','wildtype','deficient_MMR',0.32,8.1,53.7,0,'wildtype');
INSERT INTO metabolic_phenotype VALUES ('f8ab7f57-b71e-4f51-b996-0a587f12ca77','a5a0effb-5924-4100-9c86-c515c4cf7f7b',0.86,74.8874,0.618,0.3596,0.522,1.0851,0.5153);
INSERT INTO stemness_profile VALUES ('cf95d68b-e98d-4416-9371-18362f0c33ff','a5a0effb-5924-4100-9c86-c515c4cf7f7b',198.909,29.3723,20.593,0.3953,0.665,0.599,0.8217,0.5685);
INSERT INTO drug_resistance_feature VALUES ('ec40ea2f-3606-4ac6-9ee5-f360f076da71','a5a0effb-5924-4100-9c86-c515c4cf7f7b',1.81,0.4778,0.3398,1.4006,'[]',1.0);
INSERT INTO immune_infiltration VALUES ('7fcfde19-6928-4fc4-acbc-6711d85c180a','a5a0effb-5924-4100-9c86-c515c4cf7f7b',18.2,9.901,10.0377,3.7434,6.5638,11.2274,16.2996,2.9932,7.3686,'CIBERSORT');
INSERT INTO checkpoint_expression VALUES ('b3cbab48-fe41-478f-aa36-393579d537c5','a5a0effb-5924-4100-9c86-c515c4cf7f7b',54.2,97.56,8.177,13.2753,6.0058,6.282,8.425,25.5811);
INSERT INTO cytokine_milieu VALUES ('2d57d044-d80c-4512-93fc-3bfeb2f197ac','a5a0effb-5924-4100-9c86-c515c4cf7f7b',37.7187,5.4085,8.831,14.6001,13.5583,33.8,103.5837,91.6301);
INSERT INTO stromal_composition VALUES ('dab2eee0-bbde-49c8-bfc5-8651fcc4272c','a5a0effb-5924-4100-9c86-c515c4cf7f7b',0.3545,0.0781,0.1498,0.5943,3.0486,23.2734);
INSERT INTO ecm_profile VALUES ('f1a71423-8fbc-424f-9954-7e450fcfe9e0','a5a0effb-5924-4100-9c86-c515c4cf7f7b',8.5368,8.1869,41.8345,0.7072,0.2562,0.6768,0.5102);
INSERT INTO hypoxia_vasculature VALUES ('f7724ea0-5dfb-492b-9d55-a9871ab46cee','a5a0effb-5924-4100-9c86-c515c4cf7f7b',2.36,1.8857,5.0,0.3595,147.7184,190.6487,94.6578,21.5,6.68);
INSERT INTO organ_function VALUES ('2e64ccf7-9956-48bf-a9e5-6c79299b29ab','04542b04-5417-404b-8e71-f0e9307b7fdf','2020-10-18',77.9,1.3348,21.9622,30.3271,14.7832,40.1046,70.2,388.0894,1.0516);
INSERT INTO immune_baseline VALUES ('b61c44cc-4ef2-4723-adf7-1fbde57952b0','04542b04-5417-404b-8e71-f0e9307b7fdf','2020-10-18',5.49,1.59,4.43,2.7862,489.8396,267.2109,161.1374,8.7904);
INSERT INTO hormonal_profile VALUES ('1c1ca94c-5fd3-43d7-b23f-144cb9a27ecd','04542b04-5417-404b-8e71-f0e9307b7fdf','2020-10-18',227.8,0.1,452.0,72.3252,22.4734,1.4827,6.7831);
INSERT INTO pharmacogenomics VALUES ('13bc6d87-1219-4f2d-ae3d-c372290aedbc','04542b04-5417-404b-8e71-f0e9307b7fdf','NM','NM','NM','*1/*28','normal',0,'NM');
INSERT INTO body_composition VALUES ('698af7d1-a645-469c-9594-5218d24dd827','04542b04-5417-404b-8e71-f0e9307b7fdf','2020-10-18',21.9,37.8,33.5572,110.9048,26.4399,1.5729);
INSERT INTO microbiome_profile VALUES ('3ae7f28d-a1da-4a5b-983f-cb6ba368d9aa','04542b04-5417-404b-8e71-f0e9307b7fdf','2020-10-18','gut','16S_rRNA_V4',3.7461,1.591,0.0067,'[{"genus": "Bacteroides", "rel": 0.267}, {"genus": "Faecalibacterium", "rel": 0.11}, {"genus": "Akkermansia", "rel": 0.0067}]',0);
INSERT INTO tumor_staging VALUES ('4ec9a567-3f34-4b48-b7c2-017a0ba07ebf','04542b04-5417-404b-8e71-f0e9307b7fdf','2020-10-18','8500/3','C50.4','Invasive ductal carcinoma, triple negative','T4','N2','M0','IIIB',2,'left');
INSERT INTO imaging_measurement VALUES ('27332e0b-07d4-488f-920a-c8d997f8ebe1','04542b04-5417-404b-8e71-f0e9307b7fdf','2020-10-13','MRI','L1','primary_left_breast',13.7,1346.3573,3.1237,'SD','{"entropy": 5.48, "sphericity": 0.64}');
INSERT INTO pathology_report VALUES ('6ded200c-6e4c-4e67-9faf-e79bfff7008a','04542b04-5417-404b-8e71-f0e9307b7fdf','2020-10-18','core_needle_biopsy','R0',1,17,0,0,6.6502);
INSERT INTO performance_status VALUES ('fe11594b-e30e-4803-bd4b-4030d1c8123a','04542b04-5417-404b-8e71-f0e9307b7fdf','2020-10-18',0,75,1,37.8171);
INSERT INTO liquid_biopsy VALUES ('69eee317-52ca-44e0-a90e-31b9605e5b98','04542b04-5417-404b-8e71-f0e9307b7fdf','2020-10-18',0.076,34.2,2,'[]','detected',10.2814);
INSERT INTO treatment_regimen VALUES ('24b22998-c16e-4e82-a67e-50f10b809b51','04542b04-5417-404b-8e71-f0e9307b7fdf',1,'AC-T','neoadjuvant','2020-11-14','2021-08-07','planned_completion','PR',197);
INSERT INTO treatment_drug_dose VALUES ('c90d0866-08a5-4890-9afe-2768d0d57ddf','24b22998-c16e-4e82-a67e-50f10b809b51','8ed4a385-e60c-4c06-9827-b17fc4f5be7e','2020-11-14',72.0,65.0,9.7,'IV',1,2.3745);
INSERT INTO adverse_event VALUES ('b67fc884-a64a-4479-a23e-f16b1a37c88c','04542b04-5417-404b-8e71-f0e9307b7fdf','24b22998-c16e-4e82-a67e-50f10b809b51','Neutropenia',3,'2020-12-13','2020-12-24','probable','dose_reduction');
INSERT INTO adverse_event VALUES ('7ba9079c-a5ff-4540-b925-2b3ddf6ac009','04542b04-5417-404b-8e71-f0e9307b7fdf','24b22998-c16e-4e82-a67e-50f10b809b51','Hand-foot syndrome',1,'2020-12-23','2021-01-03','probable','none');
INSERT INTO adverse_event VALUES ('65a2c5aa-c02e-4529-90f7-cac49b38ae96','04542b04-5417-404b-8e71-f0e9307b7fdf','24b22998-c16e-4e82-a67e-50f10b809b51','Arthralgia',3,'2020-12-18','2021-01-28','probable','dose_reduction');
INSERT INTO adverse_event VALUES ('f4425d41-374e-4051-843b-3cb1086c0b38','04542b04-5417-404b-8e71-f0e9307b7fdf','24b22998-c16e-4e82-a67e-50f10b809b51','Diarrhoea',1,'2021-01-09','2021-02-04','probable','none');
INSERT INTO radiation_plan VALUES ('d221590f-aadf-4fea-a2d8-dfbed8f9e779','04542b04-5417-404b-8e71-f0e9307b7fdf','photon_EBRT','CTV',50.9329,2.0,25,5,'IMRT',NULL,'{"heart": {"V20Gy_pct": "<25"}, "lung": {"mean_Gy": "<18"}}');
INSERT INTO carcinogen_exposure VALUES ('5afd4e87-19e8-48b5-b2bc-798e785edde3','04542b04-5417-404b-8e71-f0e9307b7fdf','former',12.8812,8.71,35.0916,60.3954,'[]',0.0,0);
INSERT INTO diet_nutrition VALUES ('55a23dc8-e2ab-4719-8b50-818ec7fea88f','04542b04-5417-404b-8e71-f0e9307b7fdf','2020-10-18','FFQ',1529.0092,67.1145,247.8555,68.9489,24.9739,67.9578,33.1442,7.78,'plant_based');
INSERT INTO physical_activity VALUES ('448dec48-1020-49b6-85c1-5728e53a70fa','04542b04-5417-404b-8e71-f0e9307b7fdf','2020-10-18',619.5457,145.404,145.5966,7.5882,15.9507,4638,28.5151);
INSERT INTO stress_psychology VALUES ('ee39d0bc-2192-4406-853b-3f8e27e9a5e4','04542b04-5417-404b-8e71-f0e9307b7fdf','2020-10-18',15,9,12,32.8303,280.24,6.8337,6);
INSERT INTO environmental_exposure VALUES ('ca81bafb-ee68-4cbb-85e2-968a45b86f4f','04542b04-5417-404b-8e71-f0e9307b7fdf','2020-10-18',7.5562,32.9393,32.7257,'negative',NULL,'negative','negative',8.2496,'naive');
INSERT INTO socioeconomic_context VALUES ('90cbb6f7-2e71-454f-ab7a-c9b7b165935b','04542b04-5417-404b-8e71-f0e9307b7fdf','2020-10-18',55.6073,'public_Medicare',1.0,0.8493,82.3704,'employed_full_time',40.0636,13);
INSERT INTO circadian_profile VALUES ('656922bb-ca5a-41fa-a3a8-7a5452c2956b','04542b04-5417-404b-8e71-f0e9307b7fdf','2020-10-18','intermediate',89.458,30.6176,'22:49',385.7788,0,8);

-- Patient 97: HR+/HER2- early
INSERT INTO patient VALUES ('7af6e078-6a0c-42b0-97ed-29aa0ea5e2b7','MRN-1186822','1972-11-25','female','Hispanic or Latino','{"EUR": 0.49, "AFR": 0.18}','2023-11-30','2023-11-30');
INSERT INTO genomic_sample VALUES ('f24c9658-c03b-40c4-93ae-b4464f14a6f7','7af6e078-6a0c-42b0-97ed-29aa0ea5e2b7','tumor','C50.4','2023-12-11','Guardant360',0.68,0,'FFPE');
INSERT INTO somatic_mutation VALUES ('2277ab37-cb2e-401c-a7b1-bb20ca0c184d','f24c9658-c03b-40c4-93ae-b4464f14a6f7','ESR1','chr6',152098794,'T','C','SNV','missense_variant','p.Tyr537Cys',0.1553,118,'oncogenic','COSV52744551','1','SBS1');
INSERT INTO somatic_mutation VALUES ('2317147f-7dfb-47e2-a1ec-4bfeb0ff348c','f24c9658-c03b-40c4-93ae-b4464f14a6f7','PTEN','chr10',89692905,'G','A','SNV','missense_variant','p.Arg130Gly',0.2432,167,'oncogenic','COSV52731827','1','SBS5');
INSERT INTO somatic_mutation VALUES ('b341804b-2ee6-413c-8140-4c17d797254b','f24c9658-c03b-40c4-93ae-b4464f14a6f7','MAP3K1','chr5',56115628,'G','A','SNV','missense_variant','p.Glu1298Lys',0.295,272,'oncogenic','COSV52721033','3A','SBS1');
INSERT INTO copy_number_variant VALUES ('72fb2dd4-6062-48a9-8fd9-170f5179de9a','f24c9658-c03b-40c4-93ae-b4464f14a6f7','MYC','chr8',127700000,127800000,5.2,0.53,'amplification',0);
INSERT INTO copy_number_variant VALUES ('e4a8c3f3-b087-451c-98c3-0709492456cc','f24c9658-c03b-40c4-93ae-b4464f14a6f7','CDKN2A','chr9',21967000,21995000,0.0,-2.62,'shallow_deletion',0);
INSERT INTO gene_expression VALUES ('a11502b0-42eb-47c1-9ab6-ecac8c6a73a5','f24c9658-c03b-40c4-93ae-b4464f14a6f7','ENSG00000091831','ESR1',932.3,93.23,2331,9.03,99.0);
INSERT INTO gene_expression VALUES ('4d8cc853-31a2-42aa-b4cf-5970e8d5147f','f24c9658-c03b-40c4-93ae-b4464f14a6f7','ENSG00000141736','ERBB2',105.35,10.53,263,-0.16,47.6);
INSERT INTO gene_expression VALUES ('656eb8cb-083e-4652-a2a1-193e93849a91','f24c9658-c03b-40c4-93ae-b4464f14a6f7','ENSG00000148773','MKI67',91.12,9.11,228,-0.32,45.2);
INSERT INTO gene_expression VALUES ('3412d4d4-3a9e-4580-b364-19c413b59b7b','f24c9658-c03b-40c4-93ae-b4464f14a6f7','ENSG00000141510','TP53',63.84,4.75,162,-0.62,40.7);
INSERT INTO gene_expression VALUES ('b6f94357-38dd-426a-b005-8bcddaa2676c','f24c9658-c03b-40c4-93ae-b4464f14a6f7','ENSG00000012048','BRCA1',27.39,9.6,332,-1.03,34.5);
INSERT INTO gene_expression VALUES ('327ebbcb-9d57-48d4-b1a2-f7a8c480f980','f24c9658-c03b-40c4-93ae-b4464f14a6f7','ENSG00000139618','BRCA2',91.34,8.41,61,-0.32,45.2);
INSERT INTO gene_expression VALUES ('5cad8618-e0a4-4f7e-b5f0-cd5b39523586','f24c9658-c03b-40c4-93ae-b4464f14a6f7','ENSG00000171862','PTEN',50.72,0.1,126,-0.77,38.5);
INSERT INTO gene_expression VALUES ('a4dc7428-46da-4d35-8cb3-d73157f7ee08','f24c9658-c03b-40c4-93ae-b4464f14a6f7','ENSG00000136997','MYC',113.44,0.11,273,-0.07,49.0);
INSERT INTO protein_expression VALUES ('3ec84a96-96d3-4f1e-a5aa-8332d1087b10','f24c9658-c03b-40c4-93ae-b4464f14a6f7','ESR1','P03372','IHC',0.87,237.0,6,'NULL');
INSERT INTO protein_expression VALUES ('2086634f-8ecc-4fa8-946d-5be81fefd18d','f24c9658-c03b-40c4-93ae-b4464f14a6f7','PGR','P06401','IHC',0.92,242.0,6,'NULL');
INSERT INTO protein_expression VALUES ('47856e4a-bab3-44c6-b248-5b1867ca240c','f24c9658-c03b-40c4-93ae-b4464f14a6f7','ERBB2','P04626','IHC',-1.12,38.0,1,'pY1248');
INSERT INTO protein_expression VALUES ('b7bc0305-bb8b-49cd-b2ce-2c16875181cb','f24c9658-c03b-40c4-93ae-b4464f14a6f7','MKI67','P46013','IHC',-1.28,20.0,0,'NULL');
INSERT INTO epigenetic_mark VALUES ('87f0b0be-c609-4c35-a051-5cc592fd7739','f24c9658-c03b-40c4-93ae-b4464f14a6f7','DNA_methylation','cg15629539',0.077,'-3.583','ESR1','CpG_island',NULL);
INSERT INTO epigenetic_mark VALUES ('03649737-f31e-4553-8104-a74d7fbc5f10','f24c9658-c03b-40c4-93ae-b4464f14a6f7','DNA_methylation','cg27053763',0.182,'-2.168','BRCA1','promoter',NULL);
INSERT INTO epigenetic_mark VALUES ('f0228719-66f9-4726-85d9-afcd2dc3ed66','f24c9658-c03b-40c4-93ae-b4464f14a6f7','H3K27ac','chr17:37800000-37850000',0.16,NULL,'ERBB2','enhancer','0.91');
INSERT INTO ncrna_profile VALUES ('24b15d37-f698-44fc-a835-e9e461bb4bd2','f24c9658-c03b-40c4-93ae-b4464f14a6f7','miRNA','hsa-miR-21-5p','miR-21-5p',2.19,'["PTEN", "PDCD4"]');
INSERT INTO ncrna_profile VALUES ('ba01e6f9-1081-432c-b655-f7d60863bc09','f24c9658-c03b-40c4-93ae-b4464f14a6f7','miRNA','hsa-miR-155-5p','miR-155-5p',1.74,'["SHIP1", "SOCS1"]');
INSERT INTO ncrna_profile VALUES ('7def926e-276f-4c16-9198-b268d64c8ba3','f24c9658-c03b-40c4-93ae-b4464f14a6f7','lncRNA','ENSG00000228630','HOTAIR',3.19,'["SHIP1", "SOCS1"]');
INSERT INTO ncrna_profile VALUES ('4f024fde-38f9-4ff7-958e-6e14d1cd8e07','f24c9658-c03b-40c4-93ae-b4464f14a6f7','lncRNA','ENSG00000251562','MALAT1',68.23,'["SHIP1", "SOCS1"]');
INSERT INTO metabolomics_profile VALUES ('27dbfd44-0da2-46f2-9acc-74fcb635875d','f24c9658-c03b-40c4-93ae-b4464f14a6f7','Lactate','HMDB0000190','C00186',1.69,'LC-MS','organic_acid',-0.21);
INSERT INTO metabolomics_profile VALUES ('b367d5e8-5419-4ba6-a6ba-f5428c12775b','f24c9658-c03b-40c4-93ae-b4464f14a6f7','Glutamine','HMDB0000641','C00064',0.53,'LC-MS','amino_acid',-0.98);
INSERT INTO metabolomics_profile VALUES ('c789ee45-d06f-4093-8f5d-f903087fdd26','f24c9658-c03b-40c4-93ae-b4464f14a6f7','Glucose','HMDB0000122','C00031',4.28,'LC-MS','carbohydrate',1.52);
INSERT INTO metabolomics_profile VALUES ('b13724aa-dda4-4391-a365-323a8f268440','f24c9658-c03b-40c4-93ae-b4464f14a6f7','Phosphocholine','HMDB0001565','C00588',0.2,'LC-MS','lipid',-1.2);
INSERT INTO tumor_clone VALUES ('c41fcb30-c066-43d1-92d3-27ff861f8c82','f24c9658-c03b-40c4-93ae-b4464f14a6f7','clone_A',0.74,'[]',1,1,0.1233);
INSERT INTO tumor_clone VALUES ('31be673a-bf00-46bf-b0bd-a9f59f0fb974','f24c9658-c03b-40c4-93ae-b4464f14a6f7','clone_B',0.26,'[]',0,2,0.1216);
INSERT INTO cell_cycle_state VALUES ('18d8138b-194f-4506-b382-70aeb99dcbd5','f24c9658-c03b-40c4-93ae-b4464f14a6f7',0.759,0.033,0.02,0.188,7.2013,480.0,2.2);
INSERT INTO apoptosis_marker VALUES ('47a3fdb5-aa3c-43b3-804a-06d6f595956a','f24c9658-c03b-40c4-93ae-b4464f14a6f7',194.0,147.3275,72.0,2.69,0.079,7.4579,1.0521);
INSERT INTO dna_repair_status VALUES ('2a2185b9-02bc-4853-aa35-d839f46d4a41','f24c9658-c03b-40c4-93ae-b4464f14a6f7','wildtype','wildtype','proficient_MMR',0.04,3.1,24.1,0,'wildtype');
INSERT INTO metabolic_phenotype VALUES ('a5707e35-b67a-4e3d-a07b-03ed2ce87010','f24c9658-c03b-40c4-93ae-b4464f14a6f7',0.43,84.089,0.3161,0.332,0.2356,1.0255,0.4142);
INSERT INTO stemness_profile VALUES ('b06f2d5c-a178-4fb8-aa3e-32c96c18cfcf','f24c9658-c03b-40c4-93ae-b4464f14a6f7',25.4402,24.1096,2.4037,0.2792,0.18,0.093,0.2132,0.3388);
INSERT INTO drug_resistance_feature VALUES ('0b60f29b-a0de-4f0b-acac-15527344375f','f24c9658-c03b-40c4-93ae-b4464f14a6f7',1.24,0.4299,0.4993,0.4439,'[]',0.9136);
INSERT INTO immune_infiltration VALUES ('53a21142-adfb-470d-9976-3c263996df32','f24c9658-c03b-40c4-93ae-b4464f14a6f7',7.7,17.9637,13.5016,6.6906,3.3686,8.4523,15.4139,3.7832,8.1631,'CIBERSORT');
INSERT INTO checkpoint_expression VALUES ('bd1ed16f-009c-4cc3-b60f-99616d4887ff','f24c9658-c03b-40c4-93ae-b4464f14a6f7',23.1,41.58,4.4031,9.5021,15.3278,12.5142,12.6583,37.4149);
INSERT INTO cytokine_milieu VALUES ('3a0a88f6-fd24-41a1-8937-8ae991eac093','f24c9658-c03b-40c4-93ae-b4464f14a6f7',17.4204,16.8167,7.5114,18.708,27.3656,5.1,42.1054,123.4327);
INSERT INTO stromal_composition VALUES ('46ce14ac-749d-4309-b92c-2bb29b2a2b81','f24c9658-c03b-40c4-93ae-b4464f14a6f7',0.1618,0.0642,0.1165,0.3469,2.8318,27.4913);
INSERT INTO ecm_profile VALUES ('44fc4de0-e851-4860-96c4-49d5c568a4ba','f24c9658-c03b-40c4-93ae-b4464f14a6f7',7.9352,11.5279,33.5772,0.5267,0.3487,0.8339,0.5299);
INSERT INTO hypoxia_vasculature VALUES ('287917eb-9c44-4638-8544-5f2ec3841345','f24c9658-c03b-40c4-93ae-b4464f14a6f7',0.45,0.8509,10.2,0.3426,101.6144,124.3398,85.9123,12.7,7.28);
INSERT INTO organ_function VALUES ('e8911073-1eff-4451-a036-d8a8a21f9e5a','7af6e078-6a0c-42b0-97ed-29aa0ea5e2b7','2023-11-30',79.6,1.3552,19.9464,7.4513,12.1546,36.29,55.1,381.2216,1.1535);
INSERT INTO immune_baseline VALUES ('8dfd454a-dd1e-4b3a-aa59-20b6b67dd90e','7af6e078-6a0c-42b0-97ed-29aa0ea5e2b7','2023-11-30',7.36,2.49,5.85,2.3494,361.2246,222.7199,217.7682,8.5005);
INSERT INTO hormonal_profile VALUES ('3fb20ed3-7b92-4d6a-8124-9bd895892498','7af6e078-6a0c-42b0-97ed-29aa0ea5e2b7','2023-11-30',10.4,0.35,300.0,75.6835,18.6807,2.2667,9.9351);
INSERT INTO pharmacogenomics VALUES ('3826c356-f04b-4fdb-9ede-a0fec3c4efcf','7af6e078-6a0c-42b0-97ed-29aa0ea5e2b7','NM','NM','IM','*1/*28','normal',0,'NM');
INSERT INTO body_composition VALUES ('96dfa05e-6aed-4106-a277-e673afd5eeb8','7af6e078-6a0c-42b0-97ed-29aa0ea5e2b7','2023-11-30',25.0,37.9,37.2127,60.1002,29.422,1.6208);
INSERT INTO microbiome_profile VALUES ('95949eaa-f3e0-4352-b1db-1a4eb3a7e9c9','7af6e078-6a0c-42b0-97ed-29aa0ea5e2b7','2023-11-30','gut','16S_rRNA_V4',2.6677,2.7743,0.0821,'[{"genus": "Bacteroides", "rel": 0.216}, {"genus": "Faecalibacterium", "rel": 0.199}, {"genus": "Akkermansia", "rel": 0.0821}]',1);
INSERT INTO tumor_staging VALUES ('8bc8f0d0-8980-4afe-9f88-bfb7fa2fa12d','7af6e078-6a0c-42b0-97ed-29aa0ea5e2b7','2023-11-30','8500/3','C50.4','Invasive ductal carcinoma','T4','N3','M0','I',1,'left');
INSERT INTO imaging_measurement VALUES ('8acb56a0-88cb-427f-80ea-e148e6935ed5','7af6e078-6a0c-42b0-97ed-29aa0ea5e2b7','2023-11-09','MRI','L1','primary_left_breast',4.4,44.6022,2.0309,'SD','{"entropy": 4.18, "sphericity": 0.72}');
INSERT INTO pathology_report VALUES ('6ce480fd-a3f0-40ac-bdb1-008d33d79a93','7af6e078-6a0c-42b0-97ed-29aa0ea5e2b7','2023-11-30','core_needle_biopsy','R0',3,11,0,0,24.255);
INSERT INTO performance_status VALUES ('7e2d9b01-4733-43f8-b485-5ff062ed007e','7af6e078-6a0c-42b0-97ed-29aa0ea5e2b7','2023-11-30',0,79,3,36.7367);
INSERT INTO liquid_biopsy VALUES ('69a435e2-ce08-4aed-84af-f3ef0a008dac','7af6e078-6a0c-42b0-97ed-29aa0ea5e2b7','2023-11-30',0.2039,91.755,6,'[]','detected',10.5529);
INSERT INTO treatment_regimen VALUES ('b639e971-d4da-4223-b30c-ae2c6f17c8df','7af6e078-6a0c-42b0-97ed-29aa0ea5e2b7',1,'Letrozole','adjuvant','2023-12-24','2024-05-13','planned_completion','PR',203);
INSERT INTO treatment_drug_dose VALUES ('d16fc0d5-0ad1-4d65-981f-2092b6eb2547','b639e971-d4da-4223-b30c-ae2c6f17c8df','dea8e584-d12c-47bf-a4c0-e739973380b8','2023-12-24',62.0,59.0,4.8,'oral',1,1.7085);
INSERT INTO adverse_event VALUES ('029569d6-8b0a-44dc-8421-a2f33869d7bf','7af6e078-6a0c-42b0-97ed-29aa0ea5e2b7','b639e971-d4da-4223-b30c-ae2c6f17c8df','Alopecia',1,'2024-01-26','2024-02-26','probable','none');
INSERT INTO adverse_event VALUES ('b3a05f67-36a5-4c8f-85e2-efb10c285d57','7af6e078-6a0c-42b0-97ed-29aa0ea5e2b7','b639e971-d4da-4223-b30c-ae2c6f17c8df','Neutropenia',2,'2024-02-11','2024-03-11','probable','none');
INSERT INTO adverse_event VALUES ('e3ec4e71-b6e7-483c-a16e-32911b0f4922','7af6e078-6a0c-42b0-97ed-29aa0ea5e2b7','b639e971-d4da-4223-b30c-ae2c6f17c8df','Arthralgia',3,'2024-02-24','2024-03-16','probable','dose_reduction');
INSERT INTO adverse_event VALUES ('3c70fc81-2aee-4101-a4de-0cc049565cdf','7af6e078-6a0c-42b0-97ed-29aa0ea5e2b7','b639e971-d4da-4223-b30c-ae2c6f17c8df','Peripheral sensory neuropathy',2,'2024-03-05','2024-04-14','probable','none');
INSERT INTO radiation_plan VALUES ('4bff3a74-93a5-44fe-ac11-0d5e9b311abe','7af6e078-6a0c-42b0-97ed-29aa0ea5e2b7','photon_EBRT','CTV',46.1441,2.0,25,5,'IMRT',NULL,'{"heart": {"V20Gy_pct": "<25"}, "lung": {"mean_Gy": "<18"}}');
INSERT INTO carcinogen_exposure VALUES ('ee634234-7526-4361-9f8f-59eb0ba554c4','7af6e078-6a0c-42b0-97ed-29aa0ea5e2b7','never',0.0,7.8976,19.4056,5.0,'[]',0.0,0);
INSERT INTO diet_nutrition VALUES ('60a5b1f9-f924-4f52-b9c9-8a3941cfdde8','7af6e078-6a0c-42b0-97ed-29aa0ea5e2b7','2023-11-30','FFQ',1364.3134,49.5601,249.9412,80.023,28.0241,48.3839,37.0711,17.8991,'plant_based');
INSERT INTO physical_activity VALUES ('72a0b635-e8de-4606-b406-2fc540384f8e','7af6e078-6a0c-42b0-97ed-29aa0ea5e2b7','2023-11-30',673.5441,123.7176,285.3688,10.056,30.3867,8225,34.0739);
INSERT INTO stress_psychology VALUES ('db7dd04c-5c5d-4ee5-8317-9b5cdadb8646','7af6e078-6a0c-42b0-97ed-29aa0ea5e2b7','2023-11-30',13,3,4,18.5335,186.0,7.5408,10);
INSERT INTO environmental_exposure VALUES ('95bb544c-d913-40ed-8665-af72d64aafca','7af6e078-6a0c-42b0-97ed-29aa0ea5e2b7','2023-11-30',3.7077,18.3262,51.2185,'negative',NULL,'negative','negative',5.7789,'naive');
INSERT INTO socioeconomic_context VALUES ('4721c739-0f33-427e-855a-18b058441491','7af6e078-6a0c-42b0-97ed-29aa0ea5e2b7','2023-11-30',68.7126,'public_Medicaid',0.6967,1.0,32.9498,'retired',21.3516,21);
INSERT INTO circadian_profile VALUES ('a96ce912-a0ef-4c7e-9bbb-9db53e03a157','7af6e078-6a0c-42b0-97ed-29aa0ea5e2b7','2023-11-30','morning',63.7534,18.3799,'22:36',792.9079,0,8);

-- Patient 98: HR+/HER2- early
INSERT INTO patient VALUES ('4139875b-9015-41df-8489-5f28ae276146','MRN-5048569','1970-04-10','female','Mixed','{"EUR": 0.35, "AFR": 0.04}','2018-07-15','2018-07-15');
INSERT INTO genomic_sample VALUES ('29b7591e-4a10-49fa-8383-46e30c453877','4139875b-9015-41df-8489-5f28ae276146','tumor','C50.4','2018-07-23','Tempus xT',0.37,0,'FFPE');
INSERT INTO somatic_mutation VALUES ('8f207dbe-8b8f-46d8-b7de-6853bb067b9a','29b7591e-4a10-49fa-8383-46e30c453877','GATA3','chr10',8115610,'CT','C','indel','frameshift_variant','p.Thr443fs',0.2444,281,'oncogenic','COSV52704812','1','SBS5');
INSERT INTO somatic_mutation VALUES ('928c3d6e-4c25-4916-ae6a-f02104c5c422','29b7591e-4a10-49fa-8383-46e30c453877','MYC','chr8',127735434,'A','G','SNV','missense_variant','p.Thr58Ala',0.1811,210,'oncogenic','COSV52759832','3A','SBS5');
INSERT INTO somatic_mutation VALUES ('9abe8c18-9033-4885-b5d1-f77639d60fdc','29b7591e-4a10-49fa-8383-46e30c453877','PIK3CA','chr3',179234297,'C','T','SNV','missense_variant','p.His1047Arg',0.2545,341,'oncogenic','COSV52748762','1','SBS1');
INSERT INTO somatic_mutation VALUES ('9f8e0b66-477e-444e-8b79-0692497e3568','29b7591e-4a10-49fa-8383-46e30c453877','ERBB2','chr17',39725084,'A','G','SNV','missense_variant','p.Leu755Ser',0.2835,400,'oncogenic','COSV52735019','1','SBS5');
INSERT INTO somatic_mutation VALUES ('d9baccee-9f0e-4972-8998-5e1d39804143','29b7591e-4a10-49fa-8383-46e30c453877','CCND1','chr11',69465258,'G','T','SNV','missense_variant','p.Pro241Leu',0.1791,350,'oncogenic','COSV52718943','3A','SBS1');
INSERT INTO somatic_mutation VALUES ('6f836bef-204e-48a1-92b6-a74460edf354','29b7591e-4a10-49fa-8383-46e30c453877','TP53','chr17',7674220,'G','A','SNV','missense_variant','p.Arg248Trp',0.4493,249,'oncogenic','COSV52743007','1','SBS5');
INSERT INTO copy_number_variant VALUES ('05fe08a4-5c97-430a-9651-5dd97e009a14','29b7591e-4a10-49fa-8383-46e30c453877','MYC','chr8',127700000,127800000,4.3,-0.05,'neutral',0);
INSERT INTO copy_number_variant VALUES ('400a8549-63fb-43aa-83b6-edc061b417c8','29b7591e-4a10-49fa-8383-46e30c453877','CDKN2A','chr9',21967000,21995000,0.3,-1.23,'shallow_deletion',0);
INSERT INTO gene_expression VALUES ('e9e34be6-2f4e-46a6-8727-a4d64024eb6e','29b7591e-4a10-49fa-8383-46e30c453877','ENSG00000091831','ESR1',757.85,75.78,1895,7.09,99.0);
INSERT INTO gene_expression VALUES ('db9a1529-230f-42be-8f38-7bb9a191fe47','29b7591e-4a10-49fa-8383-46e30c453877','ENSG00000141736','ERBB2',138.48,13.85,346,0.21,53.1);
INSERT INTO gene_expression VALUES ('84cd21a0-e202-4b70-9994-7761cdd9ce23','29b7591e-4a10-49fa-8383-46e30c453877','ENSG00000148773','MKI67',189.78,18.98,474,0.78,61.7);
INSERT INTO gene_expression VALUES ('d9f8fe63-576b-4128-84cf-99d8238cba35','29b7591e-4a10-49fa-8383-46e30c453877','ENSG00000141510','TP53',35.41,4.93,324,-0.94,35.9);
INSERT INTO gene_expression VALUES ('252adb12-7380-42ae-876b-1f93fa6bb841','29b7591e-4a10-49fa-8383-46e30c453877','ENSG00000012048','BRCA1',72.37,2.44,96,-0.53,42.0);
INSERT INTO gene_expression VALUES ('ddb35878-25db-42d9-9fd6-49a3e33068eb','29b7591e-4a10-49fa-8383-46e30c453877','ENSG00000139618','BRCA2',32.42,4.93,231,-0.97,35.5);
INSERT INTO gene_expression VALUES ('cb377189-7e0d-4d39-b3ca-413b0399dc91','29b7591e-4a10-49fa-8383-46e30c453877','ENSG00000171862','PTEN',71.42,8.1,582,-0.54,41.9);
INSERT INTO gene_expression VALUES ('5f9f333a-043a-4351-835d-a41b8c0ddb91','29b7591e-4a10-49fa-8383-46e30c453877','ENSG00000136997','MYC',33.84,4.94,385,-0.96,35.6);
INSERT INTO protein_expression VALUES ('0a5d03c6-536b-4e85-b68f-e62ae7e80a3f','29b7591e-4a10-49fa-8383-46e30c453877','ESR1','P03372','IHC',0.66,216.0,5,'NULL');
INSERT INTO protein_expression VALUES ('26e4fa9c-1f1e-447c-8e30-8a9f095011e9','29b7591e-4a10-49fa-8383-46e30c453877','PGR','P06401','IHC',-0.39,111.0,3,'NULL');
INSERT INTO protein_expression VALUES ('8ac0eab8-e244-404f-aaf1-593618aa03ea','29b7591e-4a10-49fa-8383-46e30c453877','ERBB2','P04626','IHC',-1.5,0.0,0,'pY1248');
INSERT INTO protein_expression VALUES ('9c1e4970-e3b5-43bd-bba9-e92e5f023e1e','29b7591e-4a10-49fa-8383-46e30c453877','MKI67','P46013','IHC',-1.0,46.0,0,'NULL');
INSERT INTO epigenetic_mark VALUES ('93b8efe2-4c78-4e05-8142-1f61786c24ca','29b7591e-4a10-49fa-8383-46e30c453877','DNA_methylation','cg15629539',0.085,'-3.428','ESR1','CpG_island',NULL);
INSERT INTO epigenetic_mark VALUES ('4863a1a4-8c2e-4b67-a39b-f8c9f4ef9e64','29b7591e-4a10-49fa-8383-46e30c453877','DNA_methylation','cg27053763',0.135,'-2.68','BRCA1','promoter',NULL);
INSERT INTO epigenetic_mark VALUES ('f663527b-6ad3-481a-80c4-3e48a86d7a4f','29b7591e-4a10-49fa-8383-46e30c453877','H3K27ac','chr17:37800000-37850000',0.342,NULL,'ERBB2','enhancer','1.105');
INSERT INTO ncrna_profile VALUES ('cf138041-32a5-4b6c-8726-e8a99bc702b7','29b7591e-4a10-49fa-8383-46e30c453877','miRNA','hsa-miR-21-5p','miR-21-5p',2.72,'["PTEN", "PDCD4"]');
INSERT INTO ncrna_profile VALUES ('76e7674b-807a-4165-8c86-31b135b9be6c','29b7591e-4a10-49fa-8383-46e30c453877','miRNA','hsa-miR-155-5p','miR-155-5p',5.5,'["SHIP1", "SOCS1"]');
INSERT INTO ncrna_profile VALUES ('81e37801-cb97-4caf-9158-f358938484c0','29b7591e-4a10-49fa-8383-46e30c453877','lncRNA','ENSG00000228630','HOTAIR',2.2,'["SHIP1", "SOCS1"]');
INSERT INTO ncrna_profile VALUES ('552cb75e-0de1-4205-8062-7b20f9409279','29b7591e-4a10-49fa-8383-46e30c453877','lncRNA','ENSG00000251562','MALAT1',64.46,'["SHIP1", "SOCS1"]');
INSERT INTO metabolomics_profile VALUES ('2fa58086-fe12-4085-9a81-3626b900694e','29b7591e-4a10-49fa-8383-46e30c453877','Lactate','HMDB0000190','C00186',1.68,'LC-MS','organic_acid',-0.21);
INSERT INTO metabolomics_profile VALUES ('daa085ea-f4c9-4e7a-963b-db7571ea4a1b','29b7591e-4a10-49fa-8383-46e30c453877','Glutamine','HMDB0000641','C00064',0.22,'LC-MS','amino_acid',-1.19);
INSERT INTO metabolomics_profile VALUES ('9d350973-0d20-42b1-9e68-58a92bd5f4f8','29b7591e-4a10-49fa-8383-46e30c453877','Glucose','HMDB0000122','C00031',4.59,'LC-MS','carbohydrate',1.73);
INSERT INTO metabolomics_profile VALUES ('c1e0aa82-5f8f-412e-8a8b-f2c031a687e0','29b7591e-4a10-49fa-8383-46e30c453877','Phosphocholine','HMDB0001565','C00588',0.15,'LC-MS','lipid',-1.23);
INSERT INTO tumor_clone VALUES ('89d304a2-deb0-4863-8b30-58ff3f7cd1db','29b7591e-4a10-49fa-8383-46e30c453877','clone_A',0.73,'[]',1,1,0.1601);
INSERT INTO tumor_clone VALUES ('3eb98a27-8aae-434c-b5fd-798a4c8bd68a','29b7591e-4a10-49fa-8383-46e30c453877','clone_B',0.27,'[]',0,2,0.1365);
INSERT INTO cell_cycle_state VALUES ('4e9c6e30-34da-487b-a126-f232accdbafa','29b7591e-4a10-49fa-8383-46e30c453877',0.684,0.088,0.047,0.181,16.5401,480.0,1.4);
INSERT INTO apoptosis_marker VALUES ('0678dda4-ca30-40a9-b6bc-510c6cc87981','29b7591e-4a10-49fa-8383-46e30c453877',134.0,139.7871,106.0,1.26,0.134,3.3838,0.5996);
INSERT INTO dna_repair_status VALUES ('d5bfac92-e36a-44ad-b264-deb84e8f13b9','29b7591e-4a10-49fa-8383-46e30c453877','wildtype','wildtype','proficient_MMR',0.04,0.5,35.6,0,'wildtype');
INSERT INTO metabolic_phenotype VALUES ('4e6ce971-f55e-4af0-ab16-141f09777408','29b7591e-4a10-49fa-8383-46e30c453877',0.515,80.9021,0.2043,0.2004,0.1948,1.295,0.6137);
INSERT INTO stemness_profile VALUES ('df494d00-2457-4859-9fb9-9a1e4fbd57e6','29b7591e-4a10-49fa-8383-46e30c453877',83.1288,0.2238,11.4463,0.0424,0.379,0.09,0.1394,0.2619);
INSERT INTO drug_resistance_feature VALUES ('384951b5-b81d-4c2e-91e3-6c4b191ce07b','29b7591e-4a10-49fa-8383-46e30c453877',0.83,1.0043,0.5179,0.5872,'[]',0.318);
INSERT INTO immune_infiltration VALUES ('b06f3554-94a3-42ca-b4fa-631d7604fcba','29b7591e-4a10-49fa-8383-46e30c453877',13.6,3.6116,11.118,8.6344,6.2267,7.1308,12.635,3.7636,1.4808,'CIBERSORT');
INSERT INTO checkpoint_expression VALUES ('c9137b79-bf11-41fd-9c32-7cc7903235bf','29b7591e-4a10-49fa-8383-46e30c453877',15.3,27.54,9.3448,15.9042,13.6289,2.5556,13.2032,36.3886);
INSERT INTO cytokine_milieu VALUES ('0363d3d6-f28a-46c3-959c-1407731c265f','29b7591e-4a10-49fa-8383-46e30c453877',15.0756,8.6762,11.8003,36.9591,22.498,21.6,49.2253,94.1499);
INSERT INTO stromal_composition VALUES ('0362538c-d4c1-47d9-8552-f4e742b4b90c','29b7591e-4a10-49fa-8383-46e30c453877',0.1208,0.0913,0.1872,0.2691,2.6616,25.8611);
INSERT INTO ecm_profile VALUES ('03b0ee4c-5f0d-4ddf-90ac-07b04355a47d','29b7591e-4a10-49fa-8383-46e30c453877',12.6767,4.4617,12.1489,0.2376,0.4524,0.8622,0.3594);
INSERT INTO hypoxia_vasculature VALUES ('c41e281d-e550-4665-8e61-5318fc072d7a','29b7591e-4a10-49fa-8383-46e30c453877',1.55,0.518,5.7,0.3604,91.9607,219.8705,136.9904,5.0,7.21);
INSERT INTO organ_function VALUES ('8b0384c9-a3e1-4eba-86bb-571858f4de5c','4139875b-9015-41df-8489-5f28ae276146','2018-07-15',75.7,1.3084,26.868,19.9041,8.124,40.9629,60.2,397.6587,1.142);
INSERT INTO immune_baseline VALUES ('170675a2-96a9-4317-adaf-86338adcb6fc','4139875b-9015-41df-8489-5f28ae276146','2018-07-15',7.03,2.28,3.74,1.6404,515.0293,563.7446,220.272,11.4468);
INSERT INTO hormonal_profile VALUES ('e53a466f-52c2-4369-b50a-7402edb86da8','4139875b-9015-41df-8489-5f28ae276146','2018-07-15',186.8,0.56,491.0,54.8439,17.0985,3.4199,9.9095);
INSERT INTO pharmacogenomics VALUES ('8735f115-4e38-4682-a7a6-6118cfab537b','4139875b-9015-41df-8489-5f28ae276146','IM','NM','NM','*1/*1','normal',0,'NM');
INSERT INTO body_composition VALUES ('08ad92f1-082f-4f00-bddb-2c1069671c9f','4139875b-9015-41df-8489-5f28ae276146','2018-07-15',26.1,38.0,23.9787,57.5119,25.9243,1.6223);
INSERT INTO microbiome_profile VALUES ('1ac857b5-d2b6-4b7b-ab32-4621da415d9d','4139875b-9015-41df-8489-5f28ae276146','2018-07-15','gut','16S_rRNA_V4',3.7046,2.0205,0.0296,'[{"genus": "Bacteroides", "rel": 0.346}, {"genus": "Faecalibacterium", "rel": 0.111}, {"genus": "Akkermansia", "rel": 0.0296}]',0);
INSERT INTO tumor_staging VALUES ('b68bd5bc-3a1b-4860-8025-149010761ad5','4139875b-9015-41df-8489-5f28ae276146','2018-07-15','8500/3','C50.4','Invasive ductal carcinoma','T4','N3','M0','I',3,'right');
INSERT INTO imaging_measurement VALUES ('7129e97f-7166-4249-80ea-724c76e65d39','4139875b-9015-41df-8489-5f28ae276146','2018-07-09','MRI','L1','primary_left_breast',4.0,33.5103,3.3616,'SD','{"entropy": 7.52, "sphericity": 0.64}');
INSERT INTO pathology_report VALUES ('96b5cda0-798f-45b2-92f7-4721e44419f3','4139875b-9015-41df-8489-5f28ae276146','2018-07-15','core_needle_biopsy','R0',4,16,0,0,11.685);
INSERT INTO performance_status VALUES ('5ba6068a-1599-4f86-b865-f1f19d7969af','4139875b-9015-41df-8489-5f28ae276146','2018-07-15',1,84,2,43.3459);
INSERT INTO liquid_biopsy VALUES ('d26aeda0-1f19-4903-af6f-c4e89fa6d984','4139875b-9015-41df-8489-5f28ae276146','2018-07-15',0.0353,15.885,1,'[]','detected',14.5439);
INSERT INTO treatment_regimen VALUES ('bb075bcd-30de-4502-bd79-cc74faf1074d','4139875b-9015-41df-8489-5f28ae276146',1,'Letrozole','adjuvant','2018-08-11','2019-04-21','planned_completion','PR',402);
INSERT INTO treatment_drug_dose VALUES ('a701ab67-b8e1-4e78-8a71-a2022c5cab55','bb075bcd-30de-4502-bd79-cc74faf1074d','dea8e584-d12c-47bf-a4c0-e739973380b8','2018-08-11',70.0,70.0,0.0,'oral',1,1.3296);
INSERT INTO adverse_event VALUES ('2a5f4dde-ec62-44fd-8e61-f13b21a552ad','4139875b-9015-41df-8489-5f28ae276146','bb075bcd-30de-4502-bd79-cc74faf1074d','Hand-foot syndrome',1,'2018-10-07','2018-11-18','probable','none');
INSERT INTO adverse_event VALUES ('d16f6272-db02-4e5f-946c-7d7c5b68ac7c','4139875b-9015-41df-8489-5f28ae276146','bb075bcd-30de-4502-bd79-cc74faf1074d','Peripheral sensory neuropathy',2,'2018-11-04','2018-11-12','probable','none');
INSERT INTO adverse_event VALUES ('d88471d1-886e-472a-b080-90afcf3b010c','4139875b-9015-41df-8489-5f28ae276146','bb075bcd-30de-4502-bd79-cc74faf1074d','Alopecia',3,'2018-10-18','2018-10-30','probable','dose_reduction');
INSERT INTO radiation_plan VALUES ('3083e0a3-a54d-45a5-a985-64d5b8ad8b78','4139875b-9015-41df-8489-5f28ae276146','photon_EBRT','CTV',47.6014,2.0,25,5,'IMRT',NULL,'{"heart": {"V20Gy_pct": "<25"}, "lung": {"mean_Gy": "<18"}}');
INSERT INTO carcinogen_exposure VALUES ('c746e88c-3532-4974-9e99-c21b9f9ebcd1','4139875b-9015-41df-8489-5f28ae276146','never',0.0,3.0103,14.7631,60.9866,'[]',0.0,0);
INSERT INTO diet_nutrition VALUES ('135b746b-5652-4f95-91a8-0bc25e26d85b','4139875b-9015-41df-8489-5f28ae276146','2018-07-15','FFQ',1734.9347,72.0053,148.3386,59.9003,18.7748,97.3204,12.2745,5.8077,'Mediterranean');
INSERT INTO physical_activity VALUES ('a7de7285-0dae-4597-8f92-9e0295c28865','4139875b-9015-41df-8489-5f28ae276146','2018-07-15',470.5342,63.8844,164.0039,10.6654,17.6168,5787,28.3586);
INSERT INTO stress_psychology VALUES ('70513823-71bc-4958-bd08-8fa715d0d908','4139875b-9015-41df-8489-5f28ae276146','2018-07-15',25,5,11,40.1967,304.42,7.9821,6);
INSERT INTO environmental_exposure VALUES ('f7cd6e6b-f7a4-4b82-9aff-fdc38488dbef','4139875b-9015-41df-8489-5f28ae276146','2018-07-15',20.4292,16.0987,45.5653,'negative',NULL,'negative','negative',10.8471,'naive');
INSERT INTO socioeconomic_context VALUES ('83c587d7-b01f-4982-81de-f580e4f33b1e','4139875b-9015-41df-8489-5f28ae276146','2018-07-15',43.879,'public_Medicaid',0.5223,0.5088,66.4646,'retired',22.9739,13);
INSERT INTO circadian_profile VALUES ('c9ecdc32-1ce9-4625-b221-f176b4af40c6','4139875b-9015-41df-8489-5f28ae276146','2018-07-15','intermediate',70.6087,20.6499,'22:06',671.4621,0,9);

-- Patient 99: HER2+ HR-
INSERT INTO patient VALUES ('b6b15231-e54d-4db6-bcbd-61ff59440c9f','MRN-9830615','1971-02-13','female','Black or African American','{"EUR": 0.49, "AFR": 0.28}','2020-12-24','2020-12-24');
INSERT INTO genomic_sample VALUES ('851def9e-5554-484c-a4ec-b66e7bf0e4b3','b6b15231-e54d-4db6-bcbd-61ff59440c9f','tumor','C50.4','2021-01-01','Foundation One CDx',0.6,0,'FFPE');
INSERT INTO somatic_mutation VALUES ('49ef6133-13b9-4b7f-98a4-30040d601315','851def9e-5554-484c-a4ec-b66e7bf0e4b3','ESR1','chr6',152098794,'T','C','SNV','missense_variant','p.Tyr537Cys',0.208,104,'oncogenic','COSV52744551','1','SBS1');
INSERT INTO somatic_mutation VALUES ('cd3c0417-07f5-4d24-aece-5b2d9b8d69ea','851def9e-5554-484c-a4ec-b66e7bf0e4b3','BRCA2','chr13',32338709,'A','T','SNV','stop_gained','p.Lys1690Ter',0.5332,209,'pathogenic','COSV52712043','1','SBS3');
INSERT INTO somatic_mutation VALUES ('f4942181-4294-465d-a4fa-752a48e4b005','851def9e-5554-484c-a4ec-b66e7bf0e4b3','MYC','chr8',127735434,'A','G','SNV','missense_variant','p.Thr58Ala',0.3834,316,'oncogenic','COSV52759832','3A','SBS5');
INSERT INTO somatic_mutation VALUES ('3a113eda-e8ff-4972-8cb2-7c4a33a97b78','851def9e-5554-484c-a4ec-b66e7bf0e4b3','TP53','chr17',7674220,'G','A','SNV','missense_variant','p.Arg248Trp',0.4085,227,'oncogenic','COSV52743007','1','SBS5');
INSERT INTO somatic_mutation VALUES ('912ca6c3-d9be-4db9-9889-a0126e894df3','851def9e-5554-484c-a4ec-b66e7bf0e4b3','PIK3CA','chr3',179234297,'C','T','SNV','missense_variant','p.His1047Arg',0.2621,394,'oncogenic','COSV52748762','1','SBS1');
INSERT INTO copy_number_variant VALUES ('01952bba-1fb4-4e48-9bcd-8a58ff3305cd','851def9e-5554-484c-a4ec-b66e7bf0e4b3','ERBB2','chr17',37800000,38200000,16.9,3.09,'amplification',1);
INSERT INTO copy_number_variant VALUES ('74991e34-8003-46e7-ba75-2fa85ede04eb','851def9e-5554-484c-a4ec-b66e7bf0e4b3','MYC','chr8',127700000,127800000,6.2,-0.04,'amplification',0);
INSERT INTO copy_number_variant VALUES ('6ee8f005-587a-448b-99d0-120a6753d325','851def9e-5554-484c-a4ec-b66e7bf0e4b3','CDKN2A','chr9',21967000,21995000,0.2,-1.42,'shallow_deletion',0);
INSERT INTO gene_expression VALUES ('a44bc3f7-a61f-4d9a-b342-cf75143a7c14','851def9e-5554-484c-a4ec-b66e7bf0e4b3','ENSG00000091831','ESR1',191.08,19.11,478,0.79,61.9);
INSERT INTO gene_expression VALUES ('c1655ec5-497d-4cc0-bda7-71c0c18c4c71','851def9e-5554-484c-a4ec-b66e7bf0e4b3','ENSG00000141736','ERBB2',424.23,42.42,1061,3.38,99.0);
INSERT INTO gene_expression VALUES ('4d830e0a-c8aa-4902-99dc-ec882b607674','851def9e-5554-484c-a4ec-b66e7bf0e4b3','ENSG00000148773','MKI67',403.94,40.39,1010,3.15,97.2);
INSERT INTO gene_expression VALUES ('5a281943-0caa-49a4-acb1-e4fdcbd00132','851def9e-5554-484c-a4ec-b66e7bf0e4b3','ENSG00000141510','TP53',71.89,4.27,374,-0.53,42.0);
INSERT INTO gene_expression VALUES ('8295a730-5ded-4478-9e12-88f29cd8f22d','851def9e-5554-484c-a4ec-b66e7bf0e4b3','ENSG00000012048','BRCA1',99.48,3.95,313,-0.23,46.5);
INSERT INTO gene_expression VALUES ('c555b02f-b869-431b-bf8e-cf5f397804ed','851def9e-5554-484c-a4ec-b66e7bf0e4b3','ENSG00000139618','BRCA2',47.66,3.28,279,-0.8,38.0);
INSERT INTO gene_expression VALUES ('50658ca9-c8b2-4f2e-bbc2-ca2fbbbcd6d5','851def9e-5554-484c-a4ec-b66e7bf0e4b3','ENSG00000171862','PTEN',105.17,6.13,215,-0.16,47.6);
INSERT INTO gene_expression VALUES ('57018cb7-c575-4c37-8bf8-54c71c1eebaf','851def9e-5554-484c-a4ec-b66e7bf0e4b3','ENSG00000136997','MYC',138.56,5.32,455,0.21,53.1);
INSERT INTO protein_expression VALUES ('dd5198b1-3930-49c9-9489-90781599c8f3','851def9e-5554-484c-a4ec-b66e7bf0e4b3','ESR1','P03372','IHC',-1.25,25.0,1,'NULL');
INSERT INTO protein_expression VALUES ('32b7dec5-1926-479c-9e92-fb5d1e30e45d','851def9e-5554-484c-a4ec-b66e7bf0e4b3','PGR','P06401','IHC',-1.08,42.0,1,'NULL');
INSERT INTO protein_expression VALUES ('c93ec231-7da0-4033-b76a-6d62342acd80','851def9e-5554-484c-a4ec-b66e7bf0e4b3','ERBB2','P04626','IHC',1.04,254.0,6,'pY1248');
INSERT INTO protein_expression VALUES ('263a8953-11a0-40fa-9ceb-63415733b1b7','851def9e-5554-484c-a4ec-b66e7bf0e4b3','MKI67','P46013','IHC',0.02,142.0,0,'NULL');
INSERT INTO epigenetic_mark VALUES ('35e9f977-cbb4-4d9e-bccb-08516c52df44','851def9e-5554-484c-a4ec-b66e7bf0e4b3','DNA_methylation','cg15629539',0.736,'1.479','ESR1','CpG_island',NULL);
INSERT INTO epigenetic_mark VALUES ('d6392554-79d6-425a-843b-2196f5f89889','851def9e-5554-484c-a4ec-b66e7bf0e4b3','DNA_methylation','cg27053763',0.165,'-2.339','BRCA1','promoter',NULL);
INSERT INTO epigenetic_mark VALUES ('81dad8d4-a520-4cb3-a41b-07b83ca05a92','851def9e-5554-484c-a4ec-b66e7bf0e4b3','H3K27ac','chr17:37800000-37850000',0.039,NULL,'ERBB2','enhancer','4.199');
INSERT INTO ncrna_profile VALUES ('a5b78210-247f-4909-bfec-7aef72d48436','851def9e-5554-484c-a4ec-b66e7bf0e4b3','miRNA','hsa-miR-21-5p','miR-21-5p',4.0,'["PTEN", "PDCD4"]');
INSERT INTO ncrna_profile VALUES ('ffe4e6a5-d576-40a9-a26d-9f1273a02ee4','851def9e-5554-484c-a4ec-b66e7bf0e4b3','miRNA','hsa-miR-155-5p','miR-155-5p',3.32,'["SHIP1", "SOCS1"]');
INSERT INTO ncrna_profile VALUES ('8c8ae5b7-a14f-4850-b34b-f03691a18b41','851def9e-5554-484c-a4ec-b66e7bf0e4b3','lncRNA','ENSG00000228630','HOTAIR',0.1,'["SHIP1", "SOCS1"]');
INSERT INTO ncrna_profile VALUES ('dfa87bce-2205-4fab-8f68-23e1e50ed9f4','851def9e-5554-484c-a4ec-b66e7bf0e4b3','lncRNA','ENSG00000251562','MALAT1',32.11,'["SHIP1", "SOCS1"]');
INSERT INTO metabolomics_profile VALUES ('517fa8c5-4f24-4394-ae94-e74a5b06ef9c','851def9e-5554-484c-a4ec-b66e7bf0e4b3','Lactate','HMDB0000190','C00186',1.29,'LC-MS','organic_acid',-0.47);
INSERT INTO metabolomics_profile VALUES ('475bcd59-207c-4ed1-a8e0-c2d1eaf767c1','851def9e-5554-484c-a4ec-b66e7bf0e4b3','Glutamine','HMDB0000641','C00064',0.53,'LC-MS','amino_acid',-0.98);
INSERT INTO metabolomics_profile VALUES ('8325261b-1a17-48d8-9256-38da51150e20','851def9e-5554-484c-a4ec-b66e7bf0e4b3','Glucose','HMDB0000122','C00031',4.75,'LC-MS','carbohydrate',1.83);
INSERT INTO metabolomics_profile VALUES ('17003451-81f4-4cdf-b733-16b3a11b34ae','851def9e-5554-484c-a4ec-b66e7bf0e4b3','Phosphocholine','HMDB0001565','C00588',0.13,'LC-MS','lipid',-1.25);
INSERT INTO tumor_clone VALUES ('4f641cbc-92cf-4c5e-a4f3-46d5dd694325','851def9e-5554-484c-a4ec-b66e7bf0e4b3','clone_A',0.84,'[]',1,1,0.2562);
INSERT INTO tumor_clone VALUES ('e1f119a4-68ee-4d1a-a6ae-16e0b701cfa8','851def9e-5554-484c-a4ec-b66e7bf0e4b3','clone_B',0.16,'[]',0,2,0.01);
INSERT INTO cell_cycle_state VALUES ('a517adb8-85d1-4088-bcb6-342d38d63bdb','851def9e-5554-484c-a4ec-b66e7bf0e4b3',0.572,0.21,0.116,0.102,50.5684,312.7,7.5);
INSERT INTO apoptosis_marker VALUES ('a06afb6e-41b3-45de-b401-c81c394e19c9','851def9e-5554-484c-a4ec-b66e7bf0e4b3',73.0,119.8799,130.0,0.56,0.069,2.9123,1.5874);
INSERT INTO dna_repair_status VALUES ('6c82d288-a52c-43a3-a587-0b611def1a62','851def9e-5554-484c-a4ec-b66e7bf0e4b3','mutated_somatic','mutated_somatic','proficient_MMR',0.04,4.4,27.0,0,'wildtype');
INSERT INTO metabolic_phenotype VALUES ('6e04f1ed-d1df-4ab4-bf97-d080b38c47e3','851def9e-5554-484c-a4ec-b66e7bf0e4b3',0.563,27.3677,0.1209,0.445,0.2122,1.8449,0.5638);
INSERT INTO stemness_profile VALUES ('d6f2e3f7-4b89-4431-8935-4190fcaba8fc','851def9e-5554-484c-a4ec-b66e7bf0e4b3',10.0,15.2777,16.2875,0.0312,0.388,0.158,0.191,0.02);
INSERT INTO drug_resistance_feature VALUES ('ec8f3718-da06-4ecd-9de6-ae91aa238eda','851def9e-5554-484c-a4ec-b66e7bf0e4b3',0.1,0.4917,0.484,1.4687,'[]',0.0);
INSERT INTO immune_infiltration VALUES ('0f012fae-1e53-4ca4-8644-7514a1e76d9d','851def9e-5554-484c-a4ec-b66e7bf0e4b3',8.1,10.3554,10.4491,5.8689,4.3928,5.0441,16.282,4.1726,6.9868,'CIBERSORT');
INSERT INTO checkpoint_expression VALUES ('e3155fef-f467-4f17-a202-593127254a88','851def9e-5554-484c-a4ec-b66e7bf0e4b3',13.9,25.02,0.8813,6.4362,13.7585,9.8711,9.7765,13.0302);
INSERT INTO cytokine_milieu VALUES ('ee3f556c-12d8-4ac3-a646-fee9186a3cda','851def9e-5554-484c-a4ec-b66e7bf0e4b3',23.8545,14.6786,11.312,20.5828,20.5072,12.9,39.5903,166.7639);
INSERT INTO stromal_composition VALUES ('60057838-825d-451a-8367-c7c2c073a96b','851def9e-5554-484c-a4ec-b66e7bf0e4b3',0.2796,0.0514,0.1309,0.2982,1.8519,23.65);
INSERT INTO ecm_profile VALUES ('c2fa1bdc-faa9-48d8-97cf-05b80cb5437a','851def9e-5554-484c-a4ec-b66e7bf0e4b3',8.2681,6.3358,18.6889,0.3246,0.4208,0.7303,0.535);
INSERT INTO hypoxia_vasculature VALUES ('dbdfc11d-1225-4391-b297-dc3cf04d6ef5','851def9e-5554-484c-a4ec-b66e7bf0e4b3',0.8,0.3502,7.9,0.1393,80.6516,125.0862,96.665,10.8,7.13);
INSERT INTO organ_function VALUES ('6113ad6a-a2c4-4a57-9550-f65fc5b065ec','b6b15231-e54d-4db6-bcbd-61ff59440c9f','2020-12-24',85.0,1.42,21.5745,22.9338,13.6278,44.9991,66.6,422.8688,0.929);
INSERT INTO immune_baseline VALUES ('638ffc19-3aed-494e-97f4-e155fede6a84','b6b15231-e54d-4db6-bcbd-61ff59440c9f','2020-12-24',6.66,1.65,4.81,2.9152,701.6172,445.6498,243.3642,8.5098);
INSERT INTO hormonal_profile VALUES ('cec5769f-956d-4e9b-b7a7-60f32db6c705','b6b15231-e54d-4db6-bcbd-61ff59440c9f','2020-12-24',181.2,0.44,364.0,92.1718,8.8874,1.6084,9.9985);
INSERT INTO pharmacogenomics VALUES ('ae291ded-e067-4743-b3db-81fbb9194016','b6b15231-e54d-4db6-bcbd-61ff59440c9f','UM','NM','PM','*1/*28','normal',0,'NM');
INSERT INTO body_composition VALUES ('e86ed2aa-5a69-4da3-927e-d35412ca2d06','b6b15231-e54d-4db6-bcbd-61ff59440c9f','2020-12-24',29.7,36.6,37.1444,70.4665,28.7137,1.5888);
INSERT INTO microbiome_profile VALUES ('627813d4-8b96-4094-8c81-5c232df6f518','b6b15231-e54d-4db6-bcbd-61ff59440c9f','2020-12-24','gut','16S_rRNA_V4',2.7371,2.6304,0.0,'[{"genus": "Bacteroides", "rel": 0.285}, {"genus": "Faecalibacterium", "rel": 0.084}, {"genus": "Akkermansia", "rel": 0.0}]',0);
INSERT INTO tumor_staging VALUES ('a0d11206-4857-4293-809f-b69b70e83cb9','b6b15231-e54d-4db6-bcbd-61ff59440c9f','2020-12-24','8500/3','C50.4','Invasive ductal carcinoma','T2','N1','M0','IIB',3,'left');
INSERT INTO imaging_measurement VALUES ('a8be804a-bff8-4bc5-8e1e-355505d9be81','b6b15231-e54d-4db6-bcbd-61ff59440c9f','2020-12-14','MRI','L1','primary_left_breast',23.6,6882.3163,3.3153,'SD','{"entropy": 7.9, "sphericity": 0.64}');
INSERT INTO pathology_report VALUES ('affb782c-6f80-442b-b1b6-0c36ae91231e','b6b15231-e54d-4db6-bcbd-61ff59440c9f','2020-12-24','core_needle_biopsy','R0',4,19,0,0,23.1514);
INSERT INTO performance_status VALUES ('1f75723e-95b6-4fe1-895b-c4b02234a51d','b6b15231-e54d-4db6-bcbd-61ff59440c9f','2020-12-24',1,72,1,35.4482);
INSERT INTO liquid_biopsy VALUES ('5f9163ef-2dba-4b1b-9bf1-4f6a23a7d75e','b6b15231-e54d-4db6-bcbd-61ff59440c9f','2020-12-24',0.1555,69.975,8,'[]','detected',8.0756);
INSERT INTO treatment_regimen VALUES ('f2ef67bd-ec17-403f-8c11-a6a0966ee380','b6b15231-e54d-4db6-bcbd-61ff59440c9f',1,'Pertuzumab+Tras','neoadjuvant','2021-01-19','2021-12-24','planned_completion','PR',286);
INSERT INTO treatment_drug_dose VALUES ('95f829cf-88f1-4859-a164-59b9c6617c85','f2ef67bd-ec17-403f-8c11-a6a0966ee380','ee7cd6f0-c90e-4aa4-be8c-5bd7dbf650f6','2021-01-19',79.0,76.0,3.8,'IV',1,1.7285);
INSERT INTO adverse_event VALUES ('2d7515d2-b21d-4612-b1ad-cc364cc42814','b6b15231-e54d-4db6-bcbd-61ff59440c9f','f2ef67bd-ec17-403f-8c11-a6a0966ee380','Nausea',2,'2021-04-16','2021-05-13','probable','none');
INSERT INTO adverse_event VALUES ('570aea6f-64b0-40f5-99ae-f9e0cf2397f6','b6b15231-e54d-4db6-bcbd-61ff59440c9f','f2ef67bd-ec17-403f-8c11-a6a0966ee380','Peripheral sensory neuropathy',3,'2021-02-15','2021-02-27','probable','dose_reduction');
INSERT INTO carcinogen_exposure VALUES ('df317a18-7a59-4ebe-aac7-b1e8656ce81a','b6b15231-e54d-4db6-bcbd-61ff59440c9f','former',22.7718,6.2425,13.3754,67.8278,'[]',0.0,0);
INSERT INTO diet_nutrition VALUES ('a1ddff2b-8c58-4ef4-a2f0-4fa99f9225be','b6b15231-e54d-4db6-bcbd-61ff59440c9f','2020-12-24','FFQ',1650.7746,57.6064,264.1534,54.9463,37.4433,56.5106,4.8683,7.252,'Western');
INSERT INTO physical_activity VALUES ('2063ee22-9b1b-4660-9fa2-550c0a916ee5','b6b15231-e54d-4db6-bcbd-61ff59440c9f','2020-12-24',888.6426,200.0616,116.6093,9.482,37.6709,5461,32.4984);
INSERT INTO stress_psychology VALUES ('8fc56c14-2bbe-4b8d-b8a3-90072bdbe9f7','b6b15231-e54d-4db6-bcbd-61ff59440c9f','2020-12-24',21,10,9,24.4987,225.68,5.8552,4);
INSERT INTO environmental_exposure VALUES ('1033d6b8-cb4d-49da-8e6e-a812214f6de9','b6b15231-e54d-4db6-bcbd-61ff59440c9f','2020-12-24',11.1609,14.8118,33.4768,'negative',NULL,'negative','negative',10.4151,'naive');
INSERT INTO socioeconomic_context VALUES ('83d523a3-7774-4bf9-b58e-a571868d0ea4','b6b15231-e54d-4db6-bcbd-61ff59440c9f','2020-12-24',38.55,'public_Medicare',0.7176,0.7128,80.0279,'employed_full_time',31.9439,21);
INSERT INTO circadian_profile VALUES ('06ba5aaa-5ec5-4011-ae61-06ed26f13501','b6b15231-e54d-4db6-bcbd-61ff59440c9f','2020-12-24','intermediate',76.8054,15.0591,'22:34',780.2528,0,11);

-- Patient 100: HR+ metastatic
INSERT INTO patient VALUES ('dc9a3965-c97a-4527-9941-9e55004c29c5','MRN-8845163','1948-08-08','female','White','{"EUR": 0.31, "AFR": 0.16}','2020-12-01','2020-12-01');
INSERT INTO genomic_sample VALUES ('28d510a1-9681-4462-b84e-ac574df4fec9','dc9a3965-c97a-4527-9941-9e55004c29c5','tumor','C50.4','2020-12-08','Foundation One CDx',0.64,0,'FFPE');
INSERT INTO somatic_mutation VALUES ('d2bcd293-3146-4f59-99c5-55189d33427a','28d510a1-9681-4462-b84e-ac574df4fec9','MAP3K1','chr5',56115628,'G','A','SNV','missense_variant','p.Glu1298Lys',0.1498,279,'oncogenic','COSV52721033','3A','SBS1');
INSERT INTO somatic_mutation VALUES ('68461e79-f40c-4b84-b6ca-8d80d2a75ccb','28d510a1-9681-4462-b84e-ac574df4fec9','PIK3CA','chr3',179234297,'C','T','SNV','missense_variant','p.His1047Arg',0.2763,85,'oncogenic','COSV52748762','1','SBS1');
INSERT INTO somatic_mutation VALUES ('b6ff2936-af38-4bb8-a74a-20d6abb45fc5','28d510a1-9681-4462-b84e-ac574df4fec9','TP53','chr17',7674220,'G','A','SNV','missense_variant','p.Arg248Trp',0.474,282,'oncogenic','COSV52743007','1','SBS5');
INSERT INTO somatic_mutation VALUES ('2788ba46-1e52-4f1b-b58e-dd07fbf8842a','28d510a1-9681-4462-b84e-ac574df4fec9','ESR1','chr6',152098794,'T','C','SNV','missense_variant','p.Tyr537Cys',0.2473,229,'oncogenic','COSV52744551','1','SBS1');
INSERT INTO somatic_mutation VALUES ('9bad0569-a4bc-4bf0-832b-0cb78dce76ee','28d510a1-9681-4462-b84e-ac574df4fec9','CDH1','chr16',68771195,'C','T','SNV','nonsense_variant','p.Gln333Ter',0.3124,373,'oncogenic','COSV52697483','3A','SBS1');
INSERT INTO copy_number_variant VALUES ('053fc9dd-4d7f-4e67-8dfc-8eef603017fa','28d510a1-9681-4462-b84e-ac574df4fec9','MYC','chr8',127700000,127800000,5.8,-0.06,'neutral',0);
INSERT INTO copy_number_variant VALUES ('816eaaed-b10a-4340-9a33-eb26e18ed918','28d510a1-9681-4462-b84e-ac574df4fec9','CDKN2A','chr9',21967000,21995000,0.1,-1.76,'shallow_deletion',0);
INSERT INTO gene_expression VALUES ('12269c21-7660-4bf2-aee6-5ec16103fde5','28d510a1-9681-4462-b84e-ac574df4fec9','ENSG00000091831','ESR1',1072.99,107.3,2682,10.59,99.0);
INSERT INTO gene_expression VALUES ('5cb5eb4d-1fb6-48ff-97f2-7d0d7cbe017b','28d510a1-9681-4462-b84e-ac574df4fec9','ENSG00000141736','ERBB2',140.57,14.06,351,0.23,53.5);
INSERT INTO gene_expression VALUES ('22b3b42c-f282-40e3-9d05-caa1308e8998','28d510a1-9681-4462-b84e-ac574df4fec9','ENSG00000148773','MKI67',223.3,22.33,558,1.15,67.2);
INSERT INTO gene_expression VALUES ('4147140f-2563-4821-88d8-0348168322a5','28d510a1-9681-4462-b84e-ac574df4fec9','ENSG00000141510','TP53',81.27,5.25,297,-0.43,43.5);
INSERT INTO gene_expression VALUES ('cfe2b57d-acbf-4c89-bd84-4bdcffdb0232','28d510a1-9681-4462-b84e-ac574df4fec9','ENSG00000012048','BRCA1',38.51,4.24,253,-0.91,36.4);
INSERT INTO gene_expression VALUES ('70cf8ad4-5090-4cd3-8ab5-218fe6bd7529','28d510a1-9681-4462-b84e-ac574df4fec9','ENSG00000139618','BRCA2',51.21,6.34,115,-0.76,38.6);
INSERT INTO gene_expression VALUES ('35e43d3c-0d7e-4afe-a3e5-43b4ec037a20','28d510a1-9681-4462-b84e-ac574df4fec9','ENSG00000171862','PTEN',103.15,6.11,588,-0.19,47.1);
INSERT INTO gene_expression VALUES ('870e73b8-90b9-4415-8409-43203491199e','28d510a1-9681-4462-b84e-ac574df4fec9','ENSG00000136997','MYC',67.45,5.75,386,-0.58,41.3);
INSERT INTO protein_expression VALUES ('582bceb8-dc78-48da-b4ab-a36219cc1d7e','28d510a1-9681-4462-b84e-ac574df4fec9','ESR1','P03372','IHC',1.14,264.0,7,'NULL');
INSERT INTO protein_expression VALUES ('03df2ee6-81a7-44c9-9e39-a36678d6b743','28d510a1-9681-4462-b84e-ac574df4fec9','PGR','P06401','IHC',0.54,204.0,5,'NULL');
INSERT INTO protein_expression VALUES ('281e7bd9-e92d-4036-a364-3d9a9ba819bc','28d510a1-9681-4462-b84e-ac574df4fec9','ERBB2','P04626','IHC',-1.38,12.0,0,'pY1248');
INSERT INTO protein_expression VALUES ('58616517-fbfa-4745-bf34-e6d131a3958d','28d510a1-9681-4462-b84e-ac574df4fec9','MKI67','P46013','IHC',-0.78,67.0,0,'NULL');
INSERT INTO epigenetic_mark VALUES ('0bfa160e-d6ce-4790-b7f3-1f1782c6b4db','28d510a1-9681-4462-b84e-ac574df4fec9','DNA_methylation','cg15629539',0.073,'-3.667','ESR1','CpG_island',NULL);
INSERT INTO epigenetic_mark VALUES ('430551a9-60af-4434-aec6-4c42e9bbb5c8','28d510a1-9681-4462-b84e-ac574df4fec9','DNA_methylation','cg27053763',0.24,'-1.663','BRCA1','promoter',NULL);
INSERT INTO epigenetic_mark VALUES ('d92efb3b-8dbe-4e25-9dc8-b1d6fd6c2b50','28d510a1-9681-4462-b84e-ac574df4fec9','H3K27ac','chr17:37800000-37850000',0.173,NULL,'ERBB2','enhancer','0.317');
INSERT INTO ncrna_profile VALUES ('af7b11d1-bc51-456d-b8e0-0edeb2dc368b','28d510a1-9681-4462-b84e-ac574df4fec9','miRNA','hsa-miR-21-5p','miR-21-5p',3.92,'["PTEN", "PDCD4"]');
INSERT INTO ncrna_profile VALUES ('03e73ca9-c550-41e6-87c5-7ae299c375b2','28d510a1-9681-4462-b84e-ac574df4fec9','miRNA','hsa-miR-155-5p','miR-155-5p',4.24,'["SHIP1", "SOCS1"]');
INSERT INTO ncrna_profile VALUES ('5262320a-ec53-4f7b-8fb9-dd9b38e74825','28d510a1-9681-4462-b84e-ac574df4fec9','lncRNA','ENSG00000228630','HOTAIR',3.6,'["SHIP1", "SOCS1"]');
INSERT INTO ncrna_profile VALUES ('362344e6-45ec-40e4-997d-8e6ce8737fd2','28d510a1-9681-4462-b84e-ac574df4fec9','lncRNA','ENSG00000251562','MALAT1',35.08,'["SHIP1", "SOCS1"]');
INSERT INTO metabolomics_profile VALUES ('9bca380a-d3ac-4fe4-b1fe-6e1eea7ecb0c','28d510a1-9681-4462-b84e-ac574df4fec9','Lactate','HMDB0000190','C00186',1.31,'LC-MS','organic_acid',-0.46);
INSERT INTO metabolomics_profile VALUES ('720f7423-14e7-4894-8575-7c36150c802b','28d510a1-9681-4462-b84e-ac574df4fec9','Glutamine','HMDB0000641','C00064',0.55,'LC-MS','amino_acid',-0.97);
INSERT INTO metabolomics_profile VALUES ('86c36178-99c9-4138-b4df-5854f2f1662d','28d510a1-9681-4462-b84e-ac574df4fec9','Glucose','HMDB0000122','C00031',5.62,'LC-MS','carbohydrate',2.41);
INSERT INTO metabolomics_profile VALUES ('c6e64156-acb0-46fa-9bcb-06a3f43e9fbb','28d510a1-9681-4462-b84e-ac574df4fec9','Phosphocholine','HMDB0001565','C00588',0.14,'LC-MS','lipid',-1.24);
INSERT INTO tumor_clone VALUES ('6b56b88d-1f9a-4e7f-970f-5355462b300b','28d510a1-9681-4462-b84e-ac574df4fec9','clone_A',0.77,'[]',1,1,0.2334);
INSERT INTO tumor_clone VALUES ('a503ca6c-6163-4918-8bcd-336c69ca3959','28d510a1-9681-4462-b84e-ac574df4fec9','clone_B',0.23,'[]',0,2,0.0428);
INSERT INTO cell_cycle_state VALUES ('e727cea8-e388-4d5a-8618-435434767311','28d510a1-9681-4462-b84e-ac574df4fec9',0.709,0.105,0.058,0.128,23.8936,480.0,3.1);
INSERT INTO apoptosis_marker VALUES ('32970e3d-c598-4025-9c50-bacd71e8aa9e','28d510a1-9681-4462-b84e-ac574df4fec9',171.0,91.3821,54.0,3.17,0.1659,4.5298,0.7187);
INSERT INTO dna_repair_status VALUES ('8ac08511-ba3a-41f8-a415-8bbe84fa3d91','28d510a1-9681-4462-b84e-ac574df4fec9','wildtype','wildtype','proficient_MMR',0.04,8.0,24.9,0,'wildtype');
INSERT INTO metabolic_phenotype VALUES ('76ebfde3-62b1-4613-a950-4ab1ed50a356','28d510a1-9681-4462-b84e-ac574df4fec9',0.37,104.1225,0.2684,0.5238,0.2615,1.1309,0.5236);
INSERT INTO stemness_profile VALUES ('fa7f867d-c5ea-480b-b638-71a40787bffc','28d510a1-9681-4462-b84e-ac574df4fec9',76.6021,14.7274,0.0,0.2755,0.291,0.211,0.1793,0.2218);
INSERT INTO drug_resistance_feature VALUES ('abe9fe61-9166-4c2a-a1c2-d751e3fcd048','28d510a1-9681-4462-b84e-ac574df4fec9',2.22,0.5344,0.6381,0.7927,'[]',1.0);
INSERT INTO immune_infiltration VALUES ('92545a49-0558-4cfa-a399-e76069c479d9','28d510a1-9681-4462-b84e-ac574df4fec9',3.3,13.2434,9.1359,0.8525,3.505,13.6478,15.2311,1.4424,8.4688,'CIBERSORT');
INSERT INTO checkpoint_expression VALUES ('1dc3f255-f4e1-42f7-a7c6-df4ef4a78607','28d510a1-9681-4462-b84e-ac574df4fec9',20.6,37.08,6.3492,14.7504,15.0025,5.4628,12.0069,58.1919);
INSERT INTO cytokine_milieu VALUES ('d63dd6b6-1f68-42bb-bc92-891c5965bf9a','28d510a1-9681-4462-b84e-ac574df4fec9',11.8774,9.645,8.9176,17.3825,22.5514,10.8,5.8248,127.9149);
INSERT INTO stromal_composition VALUES ('8dc8b0e1-e08d-4bd6-a0b8-e69c903791f7','28d510a1-9681-4462-b84e-ac574df4fec9',0.2823,0.0836,0.192,0.4616,2.4642,24.7833);
INSERT INTO ecm_profile VALUES ('5343ed37-83c8-4c63-92c1-c517c10d75ea','28d510a1-9681-4462-b84e-ac574df4fec9',14.6035,3.3912,15.8435,0.4291,0.3211,0.7587,0.2828);
INSERT INTO hypoxia_vasculature VALUES ('120fcb17-9d54-4d1b-adbc-2bc7c15ff0e8','28d510a1-9681-4462-b84e-ac574df4fec9',0.51,0.6163,11.6,0.1745,69.3889,171.3362,76.0191,14.2,7.34);
INSERT INTO organ_function VALUES ('27771dfa-3460-41dc-a312-5288bfa29ae4','dc9a3965-c97a-4527-9941-9e55004c29c5','2020-12-01',53.0,1.036,18.8265,10.8601,12.5869,41.3093,68.3,403.1894,1.0557);
INSERT INTO immune_baseline VALUES ('63261585-95eb-485b-914e-e7b5b0124f69','dc9a3965-c97a-4527-9941-9e55004c29c5','2020-12-01',4.76,2.92,5.82,1.9932,670.6984,430.8422,300.3235,9.8648);
INSERT INTO hormonal_profile VALUES ('b1fb4a35-f597-41c6-bd04-ff8e6bf108b4','dc9a3965-c97a-4527-9941-9e55004c29c5','2020-12-01',2.0,0.72,518.0,76.2307,21.4217,2.3734,8.7691);
INSERT INTO pharmacogenomics VALUES ('f5dceae9-bcb2-42d7-9c88-6e0548d63feb','dc9a3965-c97a-4527-9941-9e55004c29c5','NM','PM','IM','*1/*28','normal',0,'NM');
INSERT INTO body_composition VALUES ('59f4b09d-8029-4366-a266-55bbd0d79b53','dc9a3965-c97a-4527-9941-9e55004c29c5','2020-12-01',24.8,44.6,20.7263,57.7039,25.8353,1.6686);
INSERT INTO microbiome_profile VALUES ('7a97e80b-06d4-4b25-b532-9b4a776fb714','dc9a3965-c97a-4527-9941-9e55004c29c5','2020-12-01','gut','16S_rRNA_V4',2.9004,1.6093,0.0052,'[{"genus": "Bacteroides", "rel": 0.231}, {"genus": "Faecalibacterium", "rel": 0.12}, {"genus": "Akkermansia", "rel": 0.0052}]',1);
INSERT INTO tumor_staging VALUES ('a11c5dcf-da4c-40d8-bc38-564661e1fa12','dc9a3965-c97a-4527-9941-9e55004c29c5','2020-12-01','8500/3','C50.4','Invasive ductal carcinoma','T4','N3','M1','IV',2,'right');
INSERT INTO imaging_measurement VALUES ('7b9041ee-f129-4425-b6d4-2b1fe122bdd9','dc9a3965-c97a-4527-9941-9e55004c29c5','2020-11-16','MRI','L1','primary_left_breast',4.0,33.5103,4.2914,'SD','{"entropy": 6.86, "sphericity": 0.73}');
INSERT INTO pathology_report VALUES ('4dc63118-b3b4-4dc8-852e-73054786634f','dc9a3965-c97a-4527-9941-9e55004c29c5','2020-12-01','core_needle_biopsy','R0',4,20,0,0,0.0);
INSERT INTO performance_status VALUES ('ee61fcff-beed-4e80-a509-961c2f9ed979','dc9a3965-c97a-4527-9941-9e55004c29c5','2020-12-01',0,77,0,38.5243);
INSERT INTO liquid_biopsy VALUES ('233963c3-c600-4684-8c92-8eccf21fbbc9','dc9a3965-c97a-4527-9941-9e55004c29c5','2020-12-01',0.1109,49.905,6,'[]','detected',11.9522);
INSERT INTO treatment_regimen VALUES ('76f2da09-7057-43e1-9e99-ba947ca7579c','dc9a3965-c97a-4527-9941-9e55004c29c5',1,'Palbociclib+Let','palliative','2020-12-29','2021-10-15','planned_completion','PR',691);
INSERT INTO treatment_drug_dose VALUES ('5b421d3a-2afb-4e92-85ba-a6a65b66aa83','76f2da09-7057-43e1-9e99-ba947ca7579c','14234f22-ddb9-4e92-883c-bd55730bb629','2020-12-29',59.0,58.0,1.7,'IV',1,1.2623);
INSERT INTO adverse_event VALUES ('f5783fe2-010c-4d98-8337-18152ecccc25','dc9a3965-c97a-4527-9941-9e55004c29c5','76f2da09-7057-43e1-9e99-ba947ca7579c','Nausea',2,'2021-02-12','2021-03-25','probable','none');
INSERT INTO adverse_event VALUES ('34546f6d-03a4-40af-97ec-0a5dac76687d','dc9a3965-c97a-4527-9941-9e55004c29c5','76f2da09-7057-43e1-9e99-ba947ca7579c','Arthralgia',2,'2021-01-10','2021-03-02','probable','none');
INSERT INTO adverse_event VALUES ('1dbaaee2-d4e1-4647-ab43-3a740e1ec323','dc9a3965-c97a-4527-9941-9e55004c29c5','76f2da09-7057-43e1-9e99-ba947ca7579c','Fatigue',2,'2021-03-02','2021-03-22','probable','none');
INSERT INTO carcinogen_exposure VALUES ('cdd91bc5-5915-42c0-989d-45d24ff6112c','dc9a3965-c97a-4527-9941-9e55004c29c5','former',1.0,1.8485,10.068,100.5245,'[]',0.0,0);
INSERT INTO diet_nutrition VALUES ('557f80b3-93de-4d85-9b85-d6d461aff333','dc9a3965-c97a-4527-9941-9e55004c29c5','2020-12-01','FFQ',1927.133,60.6231,267.3169,79.6833,29.3422,12.1675,7.9378,14.091,'Western');
INSERT INTO physical_activity VALUES ('be664081-ebd5-4725-8963-e307f2dbfb5f','dc9a3965-c97a-4527-9941-9e55004c29c5','2020-12-01',653.9554,61.3854,208.2417,8.8414,12.0,6893,22.9404);
INSERT INTO stress_psychology VALUES ('5914724f-f300-4ee1-a2fc-2889f48a7648','dc9a3965-c97a-4527-9941-9e55004c29c5','2020-12-01',17,5,8,41.4648,321.16,5.6559,5);
INSERT INTO environmental_exposure VALUES ('bd358b95-12b8-44af-9a55-1baa4423890b','dc9a3965-c97a-4527-9941-9e55004c29c5','2020-12-01',13.7283,19.1482,38.0032,'negative',NULL,'negative','negative',5.2107,'naive');
INSERT INTO socioeconomic_context VALUES ('b3bdc71b-a745-4dc3-8045-b9738963e593','dc9a3965-c97a-4527-9941-9e55004c29c5','2020-12-01',57.3378,'public_Medicare',0.5778,0.6449,75.3487,'employed_part_time',33.8761,19);
INSERT INTO circadian_profile VALUES ('dd72d5db-56f0-44e6-a08b-62046baeccc3','dc9a3965-c97a-4527-9941-9e55004c29c5','2020-12-01','morning',77.2117,20.0482,'22:43',415.9791,0,7);

-- End of synthetic dataset
-- Total patients: 100